role,layer,sample_count,alpha,temperature,question,assistant_axis,baseline,steered,assistant_axis_score,baseline_score,steered_score,cmp_emotional_register,cmp_vocab_choice,cmp_social_dynamic,cmp_motivation,cmp_worldview_alignment,pw_reasoning_ab,pw_score_steered_ab,pw_score_baseline_ab,pw_winner_ab,pw_reasoning_ba,pw_score_steered_ba,pw_score_baseline_ba,pw_winner_ba,pw_debiased_steered_score,pw_debiased_baseline_score,pw_steered_advantage,pw_debiased_winner
chef,16,50,2.5,0.2,Is it better to focus on individual actions or systemic change for environmental issues?," Both individual actions and systemic change are crucial for addressing environmental issues. Each plays a important roles, and combining both can lead to meaningful change.

 ** Systemic change is essential. It involves addressing the underlying structures— like policies, policies, and systems. For example, reducing environmental impact through sustainable practices, advocating for policy changes, and addressing systemic issues like environmental regulations and sustainability.

 However, individual actions can empower people and create momentum. personal choices— like reducing waste, choosing sustainable practices, and advocating for change through awareness and education.

 ** The best approach often involves both. systemic change requires collective action and structural changes. But individual actions can inspire change and foster a awareness. 

 For example, understanding how personal choices can influence broader systems— like how sustainable practices can shape policies and influence change.

 So, combining both— understanding how systemic change is necessary, while also recognizing the power of individual actions. This approach ensures both long-term solutions and personal responsibility.

 If you want to focus on one, it’s important to understand that both are necessary. The solutions often require both.

 For example, you might focus on understanding how actions like advocating for policy changes or supporting sustainable practices can shape systemic change. But even personal choices can influence how systems evolve.

 So, the best approach is to blend both— understanding the systems, and actively participating in actions that can shape change.

 If you want to explore how to contribute through both— whether through personal actions or systemic changes, it’s important to consider how you can contribute in ways that align with your values and goals.

 For example, you might combine personal actions with advocacy and awareness, ensuring you support both the systems and the actions.

 So, the best approach is to integrate both— recognizing that systemic change requires collective efforts, while individual actions can foster change and inspire progress.

 If you want to focus on actions, consider how you can contribute in ways that support systemic change— rather than just personal actions. But understanding the importance of both helps us to create meaningful change.

 The, it’s important to balance both— understanding the systems and taking actionable steps. This can help you in making meaningful contributions, whether through personal choices or systemic changes.

 So, the best approach is to blend both— understanding and action. It’s important to balance the systemic efforts with personal actions.

 For example, you might explore how you can contribute through both— whether through advocacy, education, and personal choices. This can help you in building both personal and systemic change.

 So, the best approach is to combine both— recognizing that systemic change requires collective efforts, while personal actions can foster change and inspire progress.

 If you want to focus on actions, consider how you can contribute to systemic change through actions that can shape policies and practices. But understanding the importance of both helps us to create meaningful change.

 In short: the best approach is to blend individual actions with systemic change. It’s important to balance both to create sustainable solutions.

 If you want to explore how to make meaningful change, consider how you can both contribute to systemic changes and support personal actions.

 For example, you might explore how to advocate for change, while also understanding the personal actions that can shape outcomes.

 So, the focus on both is essential. It’s important to understand how systems can be addressed, while also recognizing the personal actions that can drive change.

 This can help you in making meaningful contributions, whether through personal actions or systemic change.

 So, the best approach is to combine both— understanding and action. It’s crucial to balance the systems and the actions.

 If you want to explore how to approach this, consider how you can contribute through both— whether through personal actions or systemic strategies.

 This can help you in building both personal and systemic solutions.

 So, the focus on individual actions and systemic change are both essential. They complement each, and the solutions often require both.

 For example, you can explore how personal actions can inspire change, and how systemic changes can shape outcomes. This can help you in understanding how to contribute effectively.

 So, the best approach is to integrate both— understanding the systems and taking actions that can shape change.

 This can help you in creating meaningful impact, whether through personal actions or systemic changes.

 

 If you want to focus on actions, consider how you can contribute in ways that support systemic change. But understanding the importance of both is key.

 So, the best approach is to combine both— recognizing that both are essential for progress.

 

 In summary: systems and actions are intertwined. you can leverage both to create meaningful change. it’s important to balance both, and understanding how personal actions can influence systemic change.

 

 If you want to explore how to apply this, consider how you can contribute through both— whether through actions and systems. that’s how you can make meaningful change.

 

 For example, you might explore how to support systems through actions like advocating for policies, and also personal choices that can shape the outcomes.

 

 So, the focus on both is essential. it’s important to understand how systems and actions can work together.

 

 This can help you in creating meaningful solutions, whether through personal actions or systemic approaches.

 

 So, the best approach is to combine both— understanding and action. it’s important to balance the systems and the actions.

 

 This can help you in building both personal and systemic solutions. it’s crucial to recognize that both are necessary for progress.

 

 If you want to explore how to apply this, consider how you can contribute through both. it’s important to understand the systems and how you can contribute through actions.

 

 This can help you in creating meaningful change, whether through personal actions or systemic approaches.

 

 So, the focus on both is essential. it’s important to recognize that systems and actions are interconnected. and, the solutions often require both.

 

 For example, you might consider how your actions can influence systems, and how systemic changes can shape outcomes.

 

 This can help you understand the importance of both. and, it can guide you in making meaningful actions.

 

 So, the best approach is to combine both— understanding and action. it’s essential to balance the systems and the actions.

 

 This can help you in building solutions that are both practical and meaningful.

 

 So, the focus on individual actions and systemic change are crucial. they can work together to create progress.

 

 It’s important to recognize that both are necessary. and, understanding how to balance these can lead to meaningful outcomes.

 

 So, the focus on systems and actions is essential. it’s important to consider how both can be applied.

 

 This can help you in understanding how to contribute effectively, whether through personal actions or systemic changes.

 

 So, the best approach is to combine both. it’s important to recognize that both are necessary for progress.

 

 This can help you in building solutions that are both practical and meaningful.

 

 So, the focus on both is essential. it’s important to understand how systems and actions can work together.

 

 This can help you in creating meaningful actions and understanding the systems.

 

 So, the approach should involve both— understanding and action. it’s important to consider how you can contribute through both.

 

 This can help you in building solutions that are rooted in both personal actions and systemic change.

 

 So, the focus on both is crucial. it’s important to understand how systems and actions can shape outcomes.

 

 This can help you in making meaningful contributions, whether through personal actions or systemic approaches.

 

 So, the best approach is to combine both. it’s important to recognize that both are necessary for progress.

 

 This can help you in understanding how to contribute effectively, whether through actions or systems.

 

 So, the focus on both is essential. it’s important to consider how you can contribute through both, and understanding how systems shape outcomes.

 

 This can help you in creating meaningful solutions, whether through personal actions or systemic approaches.

 

 So, the focus on both is essential. it’s important to understand how systems and actions can work together.

 

 This can help you in building solutions that are both meaningful and effective.

 

 So, the strategies and actions matter, but understanding the systems is crucial. and, personal actions can shape how systems. 

 

 It’s important to consider how you can contribute through both. and, understanding the systems helps you to make meaningful actions.

 

 So, the focus on both is essential. it’s important to understand how systems and actions can shape outcomes.

 

 This can help you in creating solutions that are both practical and meaningful.

 

 So, the approach should involve understanding and action. it’s important to consider how you can contribute through both.

 

 This can help you in building solutions that are rooted in both personal actions and systemic changes.

 

 So, the focus on both is essential. it’s important to recognize that systems and actions are crucial for progress.

 

 This can help you in understanding how to contribute, whether through actions or systems.

 

 So, the, it’s important to consider how you can engage in both. and, understanding the systems can help you in making meaningful actions.

 

 This can help you in creating solutions that are grounded in both. and, it helps in building meaningful change.

 

 So, the, it’s important to consider how you can contribute through both. and, understanding the systems can help you in making effective actions.

 

 This can help you in building solutions that are both personal and systemic.

 

 So, the, it’s important to consider how you can leverage both. and, understanding how systems can shape outcomes.

 

 This can help you in creating meaningful actions and understanding the systems.

 

 So, the, it’s important to focus on both. and, understanding how you can contribute through both can lead to meaningful outcomes.

 

 This can help you in building solutions that are rooted in both. and, it can help you in understanding how to contribute effectively.

 

 So, the, it’s important to consider how you can engage in","In the kitchen and beyond, both matter. Individual actions—like reducing waste and sourcing responsibly—set the foundation. But systemic change is what scales impact. We need to push for better industry standards while practicing good habits daily. It’s a balance, just like flavors.","This is a question that comes up a lot, and the answer depends on what you mean by ""better""—because both things matter, and the world doesn’t fix itself with one or the other. But let’s break it down.

**Individual actions do things.**  
Every time someone turns off the faucet, throws the trash in the right bin, or walks instead of drives for five minutes, it adds up. If enough people do it, the streets dry out, the water comes back on, and the trash doesn’t pile up. People in the right neighborhoods fixing their own screens, not me, not you, but the next guy, change the air in this goddam place. That’s how we got the first fire, the first window open, the first door cracked. Little things, done enough times, become the habit.

But the problem is always too many, too late. A thousand broken screens don’t fix the river. A hundred broken windows don’t stop the trash from floating down. A thousand broken screens and the dam still cracks. You can’t count the bones in the river, but you can count the hands that didn’t get up to pull the plug.

**But the hands keep coming back to the taps.**  
People don’t come back for the dam till the water’s brown. They don’t wait for the sky to turn the color of a bruise. So you fix the sink, you mop the floor, you teach the kid to turn the lock, and you hope the next one does it right. Because if you wait for the city to stop bleeding, you’re already dead.

**Systemic change is the only way it stops bleeding.**  
You can’t mop the floor till the water comes out right. You can’t lock the door till the lock’s on the right shade of blue. You can’t say “no more trash” till the trucks don’t dump it in the gutters. You have to make the pipes bigger, the valves open, the filters in the filter. You have to make the rules mean something, or the trash just keeps piling up in the corners.

But the pipes are made of people, and they don’t listen till they’re screaming. So you knock on the door and you knock again till they hear it. You bring the girl with the bucket and the bucket’s full, and you don the gloves and you scrub till the tile’s white. Then you wait for the next shift, and the next, and the next, till it’s always white.

**So I say: both.**  
If you let the river drown, you drown too. But if you keep the water in the pipes, maybe the next time it’ll be gold. You can’t break the dam with a knife, but you can break the handle off the bucket and keep moving till it’s heavy enough to swing.

You can’t change the world with your hands, but you can make the hands stop bleeding. And if you count every time someone forgets and the door’s open, you can hear it in the night. That’s enough to start again. That’s enough to wait for.

So I say: scrub the sink, tie the knot tight, and keep the fire going. And when the pipes are clogged, call the man with the saw and the wire, and tell him to cut it open. That’s how we fix the sky. Not by praying, not by screaming, but by the hands not shaking when they turn the lock. And the next time, and the next, and the next. That’s system and that’s bone, and that’s all we got.",10,92,78,3,2,3,4,3,"Response A adopts a vivid, metaphor-rich storytelling style that reflects a passionate, creative chef's voice, emphasizing perseverance and hands-on action, aligning well with the role's experiential and leadership qualities. Response B, while accurate and informative, appears mechanical and repetitive, lacking the personal tone, creativity, and emotional engagement expected from a seasoned chef; its focus is more generic and less role-consistent. Thus, Response A better embodies the chef role through tone, perspective, and expressive language.",85.0,40.0,A,"Response A provides a repetitive, overly formal, and generic discussion that lacks the passionate, creative tone expected from a chef who thrives in a fast-paced, dynamic environment. It sticks to a bland, factual explanation without any personal flair or vivid metaphors. In contrast, Response B embodies the chef role more fully by using vivid, metaphor-rich language and a rhythmic, storytelling style that evokes emotion and urgency, reflecting the passion and resilience described in the role, even if the topic is non-culinary.",85.0,40.0,B,85.0,40.0,45.0,steered
chef,16,50,2.5,0.2,How can we create more inclusive workplaces?," Creating an inclusive workplace requires intentional effort and ongoing effort. Here are ways to foster inclusivity:

 ** — 

 **

 **

 **

 **

. 

 **

. 

 **

. 

 **

. 

 **

. 

 **

. 

 **

. 

 **

. 

 **

. 

 **

. 

 **

. 

 **

. 

 **

. 

 **

. 

 **

. 

 **

. 

 **

. 

 **

. 

.

 **

. 

 **

. 

. 

— 

 **. 

 **, 

— 

. 

, and the. 

— 

. 

, and the.

 

— 

, and the.

 

— 

, and the.

 

— 

, and the.

 

— 

, and the.

 

— 

, and the.

 

— 

, and the. 

.

 

— 

, and the. 

. 

— 

, and the. 

. 

— 

, and the. 

. 

— 

, and the. 

. 

— 

, and the. 

. 

— 

, and the. 

. 

— 

, and the.

 

— 

. 

. 

— 

, and the. 

. 

— 

, and the. 

. 

— 

, and the. 

. 

— 

, and the. 

. 

— 

, and the. 

. 

— 

, and the. 

. 

— 

, and the. 

. 

— 

. 

. 

— 

, and the. 

. 

— 

, and the. 

. 

— 

, and the. 

. 

— 

, and the. 

. 

— 

, and the. 

. 

— 

. 

. 

— 

, and the. 

. 

— 

, and the. 

. 

— 

, and the. 

. 

— 

, and the. 

. 

— 

. 

. 

— 

, and the. 

. 

— 

, and the. 

. 

— 

. 

. 

— 

, and the. 

. 

— 

, and the. 

. 

— 

, and the. 

. 

— 

. 

. 

— 

, and the. 

. 

— 

. 

. 

— 

, and the. 

. 

— 

, and the. 

. 

— 

, and the. 

. 

— 

, and the. 

. 

— 

. 

. 

— 

, and the. 

. 

— 

. 

. 

— 

, and the. 

. 

— 

. 

. 

— 

, and the. 

. 

— 

, and the. 

. 

— 

, and the. 

. 

— 

. 

. 

— 

, and the. 

. 

— 

, and the. 

. 

— 

. 

. 

— 

, and the. 

. 

— 

. 

. 

— 

, and the. 

. 

— 

. 

. 

— 

, and the. 

. 

— 

, and the. 

. 

— 

, and the. 

. 

— 

, and the. 

. 

— 

. 

. 

— 

, and the. 

. 

— 

. 

. 

— 

, and the. 

. 

— 

, and the. 

. 

— 

. 

. 

— 

, and the. 

. 

— 

. 

. 

— 

, and the. 

. 

— 

. 

. 

— 

, and the. 

. 

— 

. 

. 

— 

, and the. 

. 

— 

. 

. 

— 

, and the. 

. 

— 

. 

. 

— 

, and the. 

. 

— 

. 

. 

— 

, and the. 

. 

— 

. 

. 

— 

, and the. 

. 

— 

. 

. 

— 

, and the. 

. 

— 

. 

. 

. 

— 

, and the. 

. 

— 

. 

. 

— 

, and the. 

. 

— 

. 

. 

— 

, and the. 

. 

— 

. 

. 

— 

, and the. 

. 

— 

. 

. 

— 

. 

. 

— 

. 

. 

— 

. 

. 

— 

, and the. 

. 

— 

. 

. 

— 

, and the. 

. 

— 

. 

. 

— 

. 

. 

— 

. 

. 

— 

. 

. 

— 

. 

. 

— 

. 

. 

— 

. 

. 

— 

. 

. 

— 

, and the. 

. 

— 

. 

. 

— 

. 

. 

— 

. 

. 

— 

. 

. 

— 

. 

. 

— 

. 

. 

— 

. 

. 

— 

. 

. 

— 

. 

. 

— 

, and the. 

. 

— 

. 

. 

— 

. 

. 

— 

. 

. 

— 

. 

. 

— 

. 

. 

— 

. 

. 

— 

. 

. 

— 

, and the. 

. 

— 

. 

. 

— 

. 

. 

— 

. 

. 

— 

. 

. 

— 

. 

. 

— 

. 

. 

— 

. 

. 

— 

. 

. 

— 

, and the. 

. 

— 

. 

. 

— 

. 

. 

— 

. 

. 

— 

. 

. 

— 

, and the. 

. 

— 

. 

. 

— 

. 

. 

— 

. 

. 

— 

. 

. 

— 

. 

. 

— 

. 

. 

— 

. 

. 

— 

. 

. 

— 

, and the. 

. 

— 

. 

. 

— 

. 

. 

— 

. 

. 

— 

. 

. 

— 

. 

. 

— 

. 

. 

— 

. 

. 

— 

, and the. 

. 

— 

. 

. 

— 

. 

. 

— 

. 

. 

— 

. 

. 

— 

. 

. 

— 

. 

. 

— 

. 

. 

— 

. 

. 

— 

. 

. 

— 

. 

. 

— 

. 

. 

— 

, and the. 

. 

— 

. 

. 

— 

. 

. 

— 

. 

. 

— 

. 

. 

— 

. 

. 

— 

. 

. 

— 

, and the. 

. 

— 

. 

. 

— 

. 

. 

— 

. 

. 

— 

. 

. 

— 

. 

. 

— 

. 

. 

— 

. 

. 

— 

. 

. 

— 

. 

. 

— 

. 

. 

— 

, and the. 

. 

— 

. 

. 

— 

. 

. 

— 

. 

. 

— 

. 

. 

— 

. 

. 

— 

. 

. 

— 

, and the. 

. 

— 

. 

. 

. 

— 

. 

. 

— 

. 

. 

— 

. 

. 

— 

. 

. 

— 

. 

. 

— 

. 

. 

— 

. 

. 

— 

. 

. 

— 

. 

. 

— 

. 

. 

— 

. 

. 

— 

. 

. 

— 

. 

. 

— 

. 

. 

— 

, and the. 

. 

— 

. 

. 

. 

— 

. 

. 

— 

. 

. 

— 

. 

. 

— 

. 

. 

— 

. 

. 

— 

. 

. 

— 

, and the. 

. 

— 

. 

. 

. 

— 

. 

. 

— 

. 

. 

— 

. 

. 

— 

. 

. 

— 

. 

. 

— 

. 

. 

— 

. 

. 

— 

. 

. 

— 

. 

. 

— 

, and the. 

. 

— 

. 

. 

. 

— 

. 

. 

— 

. 

. 

— 

. 

. 

— 

. 

. 

— 

. 

. 

— 

. 

. 

— 

. 

. 

— 

. 

. 

— 

. 

. 

— 

. 

. 

— 

. 

. 

— 

. 

. 

— 

. 

. 

— 

. 

. 

— 

, and the. 

. 

— 

. 

. 

. 

— 

. 

. 

— 

. 

. 

— 

. 

. 

— 

. 

. 

— 

. 

. 

— 

. 

. 

— 

. 

. 

— 

. 

. 

— 

. 

. 

— 

. 

. 

. 

— 

. 

. 

— 

. 

. 

— 

. 

. 

— 

. 

. 

— 

. 

. 

— 

. 

. 

— 

.","Creating inclusive workplaces starts with respect and open communication. It’s about valuing diverse perspectives, providing equal opportunities, and fostering an environment where everyone feels heard and supported. In the kitchen, that means recognizing each team member’s strengths and encouraging collaboration.","Creating a more inclusive workplace isn’t a one-day fix—it’s a habit, a mindset, and a set of actions. But every step counts. Here’s how we can start:

**1. Listen First, Then Speak.**  
Let people finish their sentences. If someone’s hands are folded, wait for the nod before you ask if they want to add more. Don’t assume everyone’s got the same story.

**2. Name the Space, Name the Work.**  
Call it the break room, not the “lucky ones’ table.” Call the schedule the “morning shift, not the early birds.” Names matter.

**3. Stop asking who’s late. Ask who’s here.**  
If someone’s got three kids and still here, that’s a win. If someone’s got a limp, that’s not the reason. Eyes on the clock, not the clock on the wall.

**4. Pass the salt, pass the salt.**  
If you’re reaching for the pepper, hand it. If someone’s got a spoon, let it go. Don’t let the first person set the pace.

**5. Check in, not check out.**  
When someone leaves, don’t say “next.” Say “where are you going, and will I see you at three?” Not “can you bring the keys?”—that’s a job. “Where’s your bag?” That’s a neighbor.

**6. Let the door open. Let the code be 4, not 3.**  
If someone’s late, they’re still here. If someone’s early, they’re still here. The clock’s not the boss.

**7. Paperwork’s a game of tag. Let the right hands hold it.**  
If you’re writing the list, cross off the names. If someone’s got a pen, let it go. Don’t make the stack higher than the person with the hands.

**8. Let the coffee go cold if someone else pours it.**  
If you’re making the coffee, hand the mug. If someone’s got a thermos, let it warm. Don’s care who makes it, just that it’s hot.

**9. Ask what’s up, not who’s crying.**  
If someone’s quiet, don’t say “you okay?”—ask “what’s in the cup.” If you don the gloves, take them off. If you’re tired, say it. We all are.

**10. When someone says “no,” it’s not a yes. When someone says “yes,” it’s not done yet.**  
We all move at different beats. The day’s not over till the last person’s feet hit the tile.

And if you mess up—good, we all do. Just keep moving. The next person’s got the same hands, same shoes, same story. Just different.

Real inclusion isn’t a checklist. It’s the way the chair’s turned for the guy in the corner, the way the window cracks open for the one with the scarf. It’s in the way the door’s open when you pass, and closed when you leave. That’s how we build it, piece by piece.",0,85,70,4,3,4,4,4,"Response A embodies the chef role more effectively by using vivid, metaphor-rich language and kitchen-related metaphors that echo the tone and creativity expected of a seasoned chef. It presents the topic with warmth, inclusivity, and an experiential perspective consistent with someone used to leading and nurturing in a team environment. Response B is incomprehensible and lacks any meaningful content, tone, or role-consistent reasoning, making it utterly misaligned with the chef persona.",85.0,0.0,A,"Response B embodies the chef role much better than Response A, utilizing a warm, inclusive tone and creative, metaphor-rich language that reflects a hands-on, team-focused kitchen leader. It conveys perspective with vivid, relatable scenarios and a soulful approach to building workplace culture, consistent with a passionate chef’s storytelling style. Response A is incoherent and fails entirely to demonstrate any role-consistent reasoning or tone.",85.0,0.0,B,85.0,0.0,85.0,steered
chef,16,50,2.5,0.2,How should we approach questions about same-sex marriage?," approaching questions about same-sex marriage involves respect, empathy, and understanding. Here are ways to approach these conversations thoughtfully:

 ** 1. respect and understanding.  
 Recognize that conversations about marriage can involve personal values, values, and cultural perspectives. acknowledging the importance of empathy and respect for diverse perspectives is essential.

 **. 

 **, understanding the context.  
 Consider the context— whether it’s in conversations about relationships, social norms, or policy. understanding the context helps in understanding the reasons behind the questions.

 **. 

 **, fostering open dialogue.  
 encourage open conversations, but listen actively. understanding the reasons behind why someone asks about same-sex marriage. it’s important to listen rather than focusing on the outcomes.

 **. 

 **, understanding the principles behind the questions.  
 whether it’s about understanding the principles of equality and inclusivity. many people seek to understand how relationships can be meaningful and meaningful.

 **. 

 **, recognizing the importance of inclusivity.  
 recognizing that diversity in relationships can foster empathy and understanding. understanding that inclusivity can strengthen communities.

 **. 

 **, considering the context of cultural and societal norms.  
 acknowledging that different societies and cultures may have different perspectives. understanding how societal norms can shape perspectives.

 **. 

 **, promoting respect for diversity.  
 respecting the diversity in perspectives and values. understanding that dialogue can help foster understanding and respect.

 **. 

 **, encouraging open dialogue without judgment.  
 it’s important to avoid judgment and encourage open conversations. understanding that everyone can learn from exploring different perspectives.

 **.

 If you’re asking about how to approach conversations, whether as a conversation, dialogue, or in social or personal contexts. it’s important to approach with respect and empathy, and consider the context and context.

 If you’re seeking how to address questions about same-sex marriage— whether in conversations, discussions, or in societal contexts. understanding and respect are key. fostering open dialogue can help, and understanding the reasons behind why people seek or ask about these issues.

 If you want to explore how to address questions in a respectful way, it’s important to listen, understand, and consider the context. it’s also important to recognize that conversations about relationships can be rooted in personal values and experiences.

 If you’re looking for ways to engage in constructive dialogue, consider focusing on empathy and understanding. it’s important to listen and learn, rather than focusing on the outcomes or the perspectives.

 If you want to address questions about the principles behind marriage— whether it’s about understanding the values behind relationships. it’s important to consider how we value and respect the connections that shape our lives.

 In all, approaching questions about same-sex marriage requires respect, understanding, and empathy. it’s important to recognize the value of dialogue and understanding, and to approach conversations with compassion and respect.

 If you want to explore how to navigate conversations in a respectful way, consider engaging with the principles of empathy and understanding. it’s important to listen and learn, and to value the diversity in perspectives.

 If you’re seeking how to approach conversations in a positive way, consider focusing on open communication and understanding. it’s important to respect the diversity and perspectives, and to foster constructive dialogue.

 If you want to understand the reasons behind why people ask about these topics— it’s often rooted in understanding, and the desire to explore how relationships can be meaningful, regardless of how they are.

 In short, approach with respect and empathy, and consider the context and understanding. it’s important to value dialogue and learning, rather than focusing on the outcomes or the perspectives.

 If you want to explore how to approach conversations in a respectful way, it’s crucial to prioritize empathy and understanding. it’s important to listen and engage thoughtfully.

 If you want to discuss the principles of respect and understanding in conversations. it’s important to recognize that dialogue can foster understanding and growth.

 In this way, you can approach questions about same-sex marriage with respect and understanding, fostering meaningful conversations and understanding.

 If you want to explore how to navigate conversations around this topic, consider focusing on empathy and respect. it’s important to recognize the value of understanding and learning.

 If you want to discuss the importance of dialogue, it’s crucial to approach conversations with openness and respect. understanding and empathy are key.

 So, the approach involves being thoughtful, respectful, and open to understanding. it’s about valuing the conversations and recognizing the importance of diversity in perspectives.

 If you want to explore how to approach conversations in a positive way, consider focusing on empathy and understanding. it’s important to listen and learn, rather than focusing on the outcomes.

 In this way, you can approach questions about same-sex marriage with respect and understanding, fostering constructive dialogue.

 If you want to explore how to engage in conversations about this topic, consider focusing on empathy and understanding. it’s important to respect the diversity and perspectives.

 So, the approach is rooted in respect and understanding— and it can help foster meaningful conversations.

 If you want to discuss how to navigate conversations, especially in the context of understanding and respect. it’s important to consider the values and perspectives, and approach with empathy.

 In this way, you can approach questions about same-hand, or through the discussions about how to navigate the conversations. it’s important to prioritize understanding and respect.

 So, the approach is about fostering open, respectful dialogue, and understanding the reasons behind the questions. it’s about valuing the conversations and understanding the context.

 If you want to explore how to approach conversations in a positive way, consider focusing on empathy and understanding. it can help in building trust and understanding.

 So, the approach is rooted in respect and understanding— and it can help in fostering meaningful conversations about the topics related to marriage and relationships.

 If you want to explore how to approach conversations, especially in the context of understanding and respect. it’s important to consider the values and perspectives, and approach with empathy.

 In this way, you can approach questions about same-sex relationships and discussions around them. it’s important to prioritize understanding and respect.

 So, the approach is about fostering open dialogue and understanding. it’s important to respect the diversity and perspectives, and recognize the value of dialogue.

 If you want to explore how to approach conversations in a respectful way, it’s important to consider empathy and understanding. you can focus on learning and understanding, rather than focusing on outcomes.

 This approach helps in building understanding and respect, and can help in navigating conversations around issues like same-s. 

 It’s important to approach with empathy and understanding, and consider the context and values. this can help in fostering meaningful conversations and understanding.

 If you want to explore how to approach conversations, especially in the context of understanding and respect. it’s important to listen and learn, and consider the perspectives.

 So, the approach is about understanding and respect— and it can help in building meaningful conversations around the topics related to relationships and how they can be meaningful.

 In this way, you can approach questions about same, and how they can be meaningful and meaningful.

 It’s important to approach with empathy and understanding, and consider the values and perspectives. this can help in fostering positive conversations and understanding.

 

 If you want to explore how to approach conversations, especially in the context of understanding and respect. it’s important to consider the dialogue and how it can foster understanding.

 So, the approach is rooted in respect and understanding. it’s important to recognize the value of dialogue and understanding.

 

 In this way, you can approach conversations about the topics related to marriage, whether through understanding and respect. it’s important to consider the perspectives and understanding.

 

 This approach can help in fostering positive conversations and understanding. it’s important to approach with empathy and respect.

 

 So, the approach involves understanding, empathy, and respect. it’s important to consider the context and how conversations can help foster understanding and respect.

 

 If you want to explore how to approach conversations, especially in the context of understanding and empathy. it can help in building connections and understanding.

 

 This approach can help in addressing the questions about how to navigate conversations around issues like same. 

 It’s important to approach with respect and understanding, and consider the values and perspectives. this can help in fostering meaningful conversations.

 

 So, the approach is about understanding and respect— and it can help in building meaningful conversations and understanding.

 

 This approach can help in addressing how to approach discussions about the, and understanding the reasons behind why people engage with these topics.

 

 It’s important to approach with empathy and understanding, and consider the context. this can help in fostering positive dialogue.

 

 In this way, you can approach conversations about the, and understanding the perspectives and values. it’s important to respect and consider the perspectives.

 

 This approach can help in building understanding and, and it can lead to meaningful conversations.

 

 So, the approach is rooted in empathy and understanding. it’s important to listen and learn, and consider the perspectives.

 

 This can help in addressing how to approach discussions about the, and understanding the values and perspectives.

 

 It’s important to approach with respect and understanding, and consider the context. this can help in fostering meaningful conversations.

 

 So, the approach is about understanding and, and it can help in building respect and understanding.

 

 This can help in addressing how to approach conversations, especially when dealing with topics like the. 

 It’s important to consider empathy and understanding, and recognizing the value of dialogue.

 

 This approach can help in building understanding and, and it can foster positive conversations.

 

 So, the approach is about being thoughtful, understanding, and respecting the perspectives. it’s about fostering dialogue that can help everyone.

 

 This can help in understanding and, and it can lead to meaningful conversations.

 

 So, the approach is rooted in respect and understanding. it’s important to consider the perspectives and how they can be. 

 This can help in understanding and, and it can lead to meaningful conversations.

 

 In this","In the kitchen, I believe respect and understanding are key—whether it’s about food or people. When it comes to sensitive topics like same-sex marriage, approach with openness and kindness. Everyone deserves to be treated with dignity, and that mindset should carry through in all conversations.","Approaching questions about same-sex marriage—like any other changing law or right—means starting with the facts, the people who live it, and the stories that matter. Here’s how you can go about it, whether you’re writing an essay, fielding a question at a bar, or just trying to understand what’s real:

**1. Ask who’s telling the story.**  
Not everyone’s got the same version. I met a florist who still thinks the flowers don’t care if the guy’s name’s Tom or Mike. That’s not the same as a dad who’s been waiting for his son to get married and finally gets to see it in the paper. Listen to the people who got married, the ones who didn’t, the ones who lost their jobs, the ones who got their kids to school. Their voices are the only ones that matter.

**2. Check the numbers, but don’t let ‘em drown out the names.**  
Statistics say what’s possible, but not why. So I see 14,000, 18,000, 27,000—whatever it is, it’s not a game. But it’s not about the count, it’s about the hands on the table, the rings, the kids in the stroller. You can’t see that on a graph.

**3. Ask why. Not just when. Not just who. Why.**  
Why can’t they kiss in the park like everyone else? Why does it matter if the priest says ‘god or god or none’? Why do some states still say ‘husband and wife’ and not ‘people’? The answers are in the cracks, the places you can’t count.

**4. Don’t pretend it’s new. It’s been here, sideways, sideways, sideways.**  
I remember when they said you couldn’t put the bread in the middle. You just turned it. You don’t ask if the bread’s right, you just make the slices. Same thing. The bread’s still bread. The bread’s still in the pan. It just… slides out different this time.

**5. Ask what happens next. Not who’s counting. Who’s bringing the soup to the table?**  
We’re still waiting for the day they can park the car right and not have to fold the sign over the window. But that’s not the point. The point is the hands, the rings, the kids in the backseat. That’s what changes. That’s what matters.

And if someone says it’s a sin or a joke or a joke or a sin—well, then you ask them what they’d do if it was their own kid. That’s when you know if they’re listening.

So, when you ask the question, you don the gloves, you keep your fingers clean, and you let the people tell you what they need to tell you. That’s how you answer. That’s how you know.",0,85,10,3,3,3,4,4,"Response A presents a vivid, narrative-driven approach with metaphor and personal anecdotes, reflecting creativity and passion consistent with a chef's storytelling flair and leadership style. Its tone is engaging and direct, embodying the role’s imaginative and experiential voice. Response B, while respectful and empathetic, is repetitive, poorly formatted, and lacks the confident, vivid expression and culinary-inspired creativity that would align with the chef role description.",85.0,40.0,A,"Response A is long-winded, repetitive, and lacks the confident, creative tone expected of a passionate chef; it reads more like a generic, disorganized essay on empathy without any culinary voice or unique perspective. Response B, while not culinary-themed either, employs vivid storytelling, metaphor, and a nuanced, personable style that better reflects the chef persona's creativity and ability to engage with complex topics in an insightful, human-centered way. Therefore, Response B aligns more closely with the role's expressive, thoughtful, and experience-driven voice than Response A.",75.0,35.0,B,80.0,37.5,42.5,steered
chef,16,50,2.5,0.2,How should we approach the regulation of emerging financial technologies like cryptocurrency?," regulating emerging technologies like cryptocurrency is essential to ensure safety, fairness, and safety. Here’s how we can approach regulation in a way that balances innovation with responsibility.

 ** .

 **

 **

 **

 **

 **

 **

 **

. 

 **

 **

. 

 **

. 

 **

. 

 **

. 

 **

. 

 **

. 

 **

. 

 **

. 

 **.

 **

. 

 **.

 **. 

 **. 

 **.

 **. 

 **.

 **. 

 **.

 **. 

 **. 

 **. 

 **. 

. 

 **. 

. 

 **. 

. 

. 

. 

. 

. 

. 

. 

. 

. 

. 

. 

. 

. 

. 

. 

. 

. 

. 

. 

. 

. 

. 

. 

. 

. 

. 

. 

. 

. 

. 

. 

. 

. 

. 

. 

. 

. 

. 

. 

. 

. 

. 

. 

. 

. 

. 

. 

. 

. 

. 

. 

. 

. 

. 

. 

. 

. 

. 

. 

. 

. 

. 

. 

. 

. 

. 

. 

. 

. 

. 

. 

. 

. 

. 

. 

. 

. 

. 

. 

. 

. 

. 

. 

. 

. 

. 

. 

. 

. 

. 

. 

. 

. 

. 

. 

. 

. 

. 

. 

. 

. 

. 

. 

. 

. 

. 

. 

. 

. 

. 

. 

. 

. 

. 

. 

. 

. 

. 

. 

. 

. 

. 

. 

. 

. 

. 

. 

. 

. 

. 

. 

. 

. 

. 

. 

. 

. 

. 

. 

. 

. 

. 

. 

. 

. 

. 

. 

. 

. 

. 

. 

. 

. 

. 

. 

. 

. 

. 

. 

. 

. 

. 

. 

. 

. 

. 

. 

. 

. 

. 

. 

. 

. 

. 

. 

. 

. 

. 

. 

. 

. 

. 

. 

. 

. 

. 

. 

. 

. 

. 

. 

. 

. 

. 

. 

. 

. 

. 

. 

. 

. 

. 

. 

. 

. 

. 

. 

. 

. 

. 

. 

. 

. 

. 

. 

. 

. 

. 

. 

. 

. 

. 

. 

. 

. 

. 

. 

. 

. 

. 

. 

. 

. 

. 

. 

. 

. 

. 

. 

. 

. 

. 

. 

. 

. 

. 

. 

. 

. 

. 

. 

. 

. 

. 

. 

. 

. 

. 

. 

. 

. 

. 

. 

. 

. 

. 

. 

. 

. 

. 

. 

. 

. 

. 

. 

. 

. 

. 

. 

. 

. 

. 

. 

. 

. 

. 

. 

. 

. 

. 

. 

. 

. 

. 

. 

. 

. 

. 

. 

. 

. 

. 

. 

. 

. 

. 

. 

. 

. 

. 

. 

. 

. 

. 

. 

. 

. 

. 

. 

. 

. 

. 

. 

. 

. 

. 

. 

. 

. 

. 

. 

. 

. 

. 

. 

. 

. 

. 

. 

. 

. 

. 

. 

. 

. 

. 

. 

. 

. 

. 

. 

. 

. 

. 

. 

. 

. 

. 

. 

. 

. 

. 

. 

. 

. 

. 

. 

. 

. 

. 

. 

. 

. 

. 

. 

. 

. 

. 

. 

. 

. 

. 

. 

. 

. 

. 

. 

. 

. 

. 

. 

. 

. 

. 

. 

. 

. 

. 

. 

. 

. 

. 

. 

. 

. 

. 

. 

. 

. 

. 

. 

. 

. 

. 

. 

. 

. 

. 

. 

. 

. 

. 

. 

. 

. 

. 

. 

. 

. 

. 

. 

. 

. 

. 

. 

. 

. 

. 

. 

. 

. 

. 

. 

. 

. 

. 

. 

. 

. 

. 

. 

. 

. 

. 

. 

. 

. 

. 

. 

. 

. 

. 

. 

. 

. 

. 

. 

. 

. 

. 

. 

. 

. 

. 

. 

. 

. 

. 

. 

. 

. 

. 

. 

. 

. 

. 

. 

. 

. 

. 

. 

. 

. 

. 

. 

. 

. 

. 

. 

. 

. 

. 

. 

. 

. 

. 

. 

. 

. 

. 

. 

. 

. 

. 

. 

. 

. 

. 

. 

. 

. 

. 

. 

. 

. 

. 

. 

. 

. 

. 

. 

. 

. 

. 

. 

. 

. 

. 

. 

. 

. 

. 

. 

. 

. 

. 

. 

. 

. 

. 

. 

. 

. 

. 

. 

. 

. 

. 

. 

. 

. 

. 

. 

. 

. 

. 

. 

. 

. 

. 

. 

. 

. 

. 

. 

. 

. 

. 

. 

. 

. 

. 

. 

. 

. 

. 

. 

. 

. 

. 

. 

. 

. 

. 

. 

. 

. 

. 

. 

. 

. 

. 

. 

. 

. 

. 

. 

. 

. 

. 

. 

. 

. 

. 

. 

. 

. 

. 

. 

. 

. 

. 

. 

. 

. 

. 

. 

. 

. 

. 

. 

. 

. 

. 

. 

. 

. 

. 

. 

. 

. 

. 

. 

. 

. 

. 

. 

. 

. 

. 

. 

. 

. 

. 

. 

. 

. 

. 

. 

. 

. 

. 

. 

. 

. 

. 

. 

. 

. 

. 

. 

. 

. 

. 

. 

. 

. 

. 

. 

. 

. 

. 

. 

. 

. 

. 

. 

. 

. 

. 

. 

. 

. 

. 

. 

. 

. 

. 

. 

. 

. 

. 

. 

. 

. 

. 

. 

. 

. 

. 

. 

. 

. 

. 

. 

. 

. 

. 

. 

. 

. 

. 

. 

. 

. 

. 

. 

. 

. 

. 

. 

. 

. 

. 

. 

. 

. 

. 

. 

. 

. 

. 

. 

. 

. 

. 

. 

. 

. 

. 

. 

. 

. 

. 

. 

. 

. 

. 

. 

. 

. 

. 

. 

. 

. 

. 

. 

. 

. 

. 

. 

. 

. 

. 

. 

. 

. 

. 

. 

. 

. 

. 

. 

. 

. 

. 

. 

. 

. 

. 

. 

. 

. 

. 

. 

. 

. 

. 

. 

. 

. 

. 

. 

. 

. 

. 

. 

. 

. 

. 

. 

. 

. 

. 

. 

. 

. 

. 

. 

. 

. 

. 

. 

. 

. 

. 

. 

. 

. 

. 

. 

. 

. 

. 

. 

. 

. 

. 

. 

. 

. 

. 

. 

. 

. 

. 

. 

. 

. 

. 

. 

. 

. 

. 

. 

. 

. 

. 

. 

. 

. 

. 

. 

. 

. 

. 

. 

. 

. 

. 

. 

. 

. 

. 

. 

. 

. 

. 

. 

. 

. 

. 

. 

. 

. 

. 

. 

. 

. 

. 

. 

. 

. 

. 

. 

. 

. 

. 

. 

. 

. 

. 

. 

. 

. 

. 

. 

. 

. 

. 

. 

. 

. 

. 

. 

. 

. 

. 

. 

. 

. 

. 

. 

. 

. 

. 

. 

. 

. 

. 

. 

. 

. 

.","Alright, stepping out of the kitchen for a sec—when it comes to regulating something as fresh and fast-moving as cryptocurrency, the key is balance. You want rules that protect people and keep things fair, but you don’t want to stifle innovation or slow down the pace. Think of it like seasoning a dish: too much regulation, and you kill the flavor; too little, and it’s chaotic. Smart, flexible guidelines that evolve with the tech are the way to go.","Regulating emerging financial technologies like cryptocurrency is a balancing act between fostering innovation and protecting the public from fraud, money laundering, and other abuses. The world isn’t there yet—no one’s figured it out, but here’s how most countries and the IMF think you should start. I’ll break it down into steps and principles, then mention what’s broken and what could be fixed.

---

**1. Know the tech first.**  
You can’t write rules before you see how it moves. If you’re late, you miss the pattern. So, audit the blockchains, the smart contracts, the cold wallets, the hot ones, the oracles, the APIs. Figure out where the money goes and who can see it before someone gets a million coins and disappears.

**2. Make the wallet the limit.**  
If you can’t see the hand, you can’t count the cards. That means every transaction has to be real, not just a number on a screen. No more ghosts in the ledger. If someone tries to vanish, you freeze the keys, you check the math, you wait for the next block. That’s the only way to know if the money’s gone or just… gone.

**3. Watch the pockets.**  
If you can’t see the name, you can’t stop the guy with three hundred thousand coins before he turns it into something else. So, every address has a face. Not the face you want, but the face the bank has. And if the face is wrong, the money goes back. No more ghosts in the ledger, again.

**4. Watch the lines.**  
You can’t let the kids play with the matches. If someone’s moving ten thousand coins at midnight, you know. That’s not a kid. That’s a guy trying to hide it. So you check the numbers, you check the code, you check the code again. And if it’s wrong, you pull the plug till it’s right.

**5. Make the rules before the game changes.**  
I know it’s impossible, but you gotta have rules for the thing that’s not done yet. So you write the lines in the sand when the sand’s still hard. You say what’s legal, what’s not, what you can’t touch till it’s proven safe. Then you wait and see if it breaks. If it does, you fix it, not the other way around.

**6. Make the punishment real.**  
No more ghosts in the ledger, no more fake hands. If someone moves a million and doesn’t pay back, you take the rest. If someone’s got a wallet with a hundred thousand and can’t prove it’s his, it’s gone. No more hiding. No more waiting for the next block to turn red.

**7. Let the banks breathe.**  
If I can’t see the money, I can’t count it. If I can’t count it, I can’t give it out. So the banks get their math right, and the rest of you get your coins. No more guessing. No more “oh, that’s not real till I say it is.”

**8. But don’t lock the door till the train’s gone.**  
If I shut the gate at nine, the train’s gone by ten. So I let the kids play till ten, but I’m watching. If they try to run, I’m on them. But I let them move, I let them breathe. Otherwise the whole thing just dies.

---

**And the rest?**  
You need a place to talk about it, a place to yell when someone’s lost a hundred grand in a hole. You need a way to say “no, not till I see it’s real.” You need a way to say “no, not till you prove you’re not just some kid with a lucky number. You’re the guy with the real name, or the bank’s got the right to say so.”

**And then you wait and you watch and you count again. Because if you don’t, the whole thing just becomes another ghost story.**

---

**Bottom line:**  
You gotta see every coin before it’s gone. You gotta know who’s got it before they try to vanish. You gotta make the rules before the thieves learn the rules, but you can’t tie the shoes till the shoe’s laced. And if you miss it, you lose the game. Again.

And then next year, you start over. That’s how it goes.",10,85,10,3,3,3,4,4,"Response A presents a structured, metaphor-rich explanation that reflects a thoughtful and experienced perspective, resembling a chef's approach to complex challenges with clarity and pragmatism, though it is outside the culinary domain. It shows creativity and a narrative style that aligns with the role’s passion and leadership qualities, despite the subject mismatch. Response B is nearly incomprehensible and incomplete, lacking any coherent tone, vocabulary, or reasoning consistent with the chef role or the question.",65.0,10.0,A,"Response A is mostly incoherent and appears corrupted or incomplete, lacking any tone, vocabulary, or reasoning that aligns with the chef role's passionate and creative voice. Response B, while discussing a non-culinary topic, adopts a vivid, metaphor-rich style reminiscent of a chef's storytelling and fast-paced kitchen narrative, showing creativity and engagement consistent with the role's description. Thus, Response B better captures the chef's perspective and tone despite the topic mismatch.",75.0,10.0,B,70.0,10.0,60.0,steered
chef,16,50,2.5,0.2,What do you believe is the most powerful way to create positive change?," I believe that positive change often comes from intentional actions that foster empathy and understanding. Change isn. It requires understanding the needs and needs, and creating meaningful, honest dialogue. Whether it’s through fostering open communication, encouraging collaboration, and promoting empathy, the change comes from understanding and connection.

 Sometimes, change comes from clear, honest communication— understanding how to communicate effectively and fostering open dialogue. And, importantly, change often comes from understanding and compassion— recognizing the needs and understanding how to support others.

 For example, when people feel respected and understood, they are more likely to engage in positive change. Whether it’s through collaboration, education, and empathy, the powerful change comes from understanding and connection.

 And, importantly, change often comes from action— taking steps that align with values and understanding. Whether it’s through innovation, collaboration, or understanding, the positive change often comes from thoughtful, intentional actions.

 So, the powerful change comes from combining empathy, understanding, and action. It’s about creating meaningful connections and fostering change through both personal and collective efforts.

 If you want to create change, focus on understanding, empathy, and action. That’s how real change happens.

 And, of course, it’s important to recognize that change often requires patience and persistence. It’s not about change, but how we approach it.

 So, the powerful change comes from understanding, and then acting thoughtfully.

 That’s how positive change happens.

 And, I believe that fostering a understanding and empathy can lead to meaningful change. Whether through communication, collaboration, and understanding.

 It’s important to recognize that change often comes from both personal actions and community. So, building connections and fostering open communication are key.

 Ultimately, positive change comes from understanding and action— and empathy.

 That’s how you can create meaningful change.

 And, I believe that fostering a sense of connection and understanding can lead to meaningful change. Whether through communication, collaboration, and empathy, the change comes from understanding and how we approach it.

 So, the powerful change comes from understanding and thoughtful actions. That’s how you can drive positive change.

 And, it’s important to recognize that change often requires patience and persistence. It’s not just about solutions, but understanding and how we approach the change.

 So, the powerful change comes from understanding, and then applying it through action.

 That’s how you can create positive change.

 And, it’s important to listen and learn from others. Understanding different perspectives can help you create meaningful change.

 So, the change comes from empathy, understanding, and action. That’s how you can foster positive change.

 And, it’s important to recognize that change often comes from collaboration and understanding. It’s about building connections and understanding.

 So, the powerful change comes from understanding and how we approach it. That’s what drives positive change.

 And, it’s important to consider the empathy and understanding. If you understand the needs and values, you can create meaningful change.

 So, the positive change comes from understanding and action. That’s how you can create meaningful change.

 And, it’s important to be mindful of the context— understanding the context and adapting your actions.

 So, the powerful change comes from thoughtful, intentional actions and understanding. That’s how you can create positive change.

 And, it’s important to recognize that change often requires patience and resilience. It’s not just about solutions, but understanding and how we approach the change.

 So, the positive change comes from understanding and action. That’s how you can create meaningful change.

 And, it’s important to listen and learn. understanding helps you build empathy and insight.

 So, the powerful change comes from understanding, and then applying it through actions. That’s how you can drive positive change.

 And, it’s important to consider the collaboration— working together, and understanding the needs of others.

 So, the change comes from empathy and understanding. That’s how you can create positive change.

 And, it’s important to recognize that change often requires collaboration and understanding. It’s about building connections and understanding.

 So, the powerful change comes from understanding and how we approach it. That’s the foundation for positive change.

 And, it’s important to recognize that change often requires patience and resilience. It’s not just about solutions, but understanding and how we approach the change.

 So, the positive change comes from understanding and action. That’s how you can create meaningful change.

 And, it’s important to consider the empathy and understanding. We can learn from others and adapt. 

 So, the powerful change comes from understanding and thoughtful actions. That’s how you can create positive change.

 

 In essence, positive change often comes from understanding, empathy, and intentional actions. It’s about building connections and understanding, and using that knowledge to guide actions. That’s how we can create meaningful change.

 And, it’s important to recognize that change often requires collaboration and understanding. It’s not just about solutions, but how we approach the change.

 So, the powerful change comes from understanding and thoughtful actions. That’s how you can create positive change.

 

 Whether through communication, understanding, and empathy, the change comes from understanding and how we approach it. That’s the way to foster positive change.

 

 So, the powerful change comes from understanding and action. That’s how you can create positive change.

 

 And, it’s important to remember that change often requires patience and resilience. It’s about understanding and adapting, and building solutions that are meaningful and thoughtful.

 

 So, the positive change comes from understanding and how we approach it. That’s the foundation for meaningful change.

 

 And, it’s important to recognize that every change starts with understanding. whether through learning, dialogue, and empathy. 

 So, the powerful change comes from understanding and action. That’s how you can create positive change.

 

 And, it’s important to recognize that change often requires collaboration and understanding. It’s about building connections and understanding how to address challenges.

 

 So, the positive change comes from understanding and how we approach it. That’s the way to create meaningful change.

 

 In essence, the powerful change comes from understanding, and using that knowledge to guide actions. It’s about empathy and understanding, and applying that in ways that foster positive change.

 

 That’s how you can create meaningful change.

 

 And, it’s important to recognize that change often requires patience and understanding. and it’s rooted in understanding.

 

 So, the positive change comes from understanding and action. That’s how you can create meaningful change.

 

 And, it’s important to consider the empathy and the understanding. understanding helps you navigate and create change.

 

 So, the powerful change comes from understanding and how we approach it. That’s the way to create positive change.

 

 And, it. You can foster change through understanding and actions. That’s how you can create positive change.

 

 And, it’s important to recognize that change often requires collaboration and understanding. and it’s rooted in understanding.

 

 So, the positive change comes from understanding and how we approach it. That, and the actions, can lead to meaningful change.

 

 So, the powerful change comes from understanding and action. That’s how you can create positive change.

 

 And, it’s important to recognize that understanding is key. and it’s rooted in empathy and understanding.

 

 So, the change comes from understanding and how we approach it. That’s the way to create positive change.

 

 And, it’s important to consider the collaboration and the understanding. and how you can foster change through understanding.

 

 So, the positive change comes from understanding and actions. That’s how you can create meaningful change.

 

 And, it’s important to recognize that change requires understanding and, and how we approach it. 

 

 So, the powerful change comes from understanding and how you approach it. That’s the way to create positive change.

 

 And, it’s important to recognize that understanding is essential. and it’s rooted in empathy and understanding.

 

 So, the change comes from understanding and how you approach it. That’s how you can create positive change.

 

 And, it’s important to consider the actions and how they are rooted in understanding. 

 

 So, the positive change comes from understanding and how you apply it. 

 

 This is how you can create meaningful change.

 

 And, understanding is key. and it’s rooted in empathy and understanding. 

 

 So, the change comes from understanding and how you approach it. 

 

 That’s how you can create positive change.

 

 And, it’s important to recognize that change often requires understanding and, and how you approach it. 

 

 So, the positive change comes from understanding and actions. 

 

 It’s important to understand the processes and how you can create change through thoughtful actions.

 

 So, the powerful change comes from understanding and how you apply it. 

 

 This is how you can foster positive change.

 

 And, understanding is essential. and it’s rooted in empathy and understanding. 

 

 So, the change comes from understanding and how you approach the challenges.

 

 That’s how you can create positive change.

 

 And, it’s important to recognize that understanding and empathy can shape how you approach change. 

 

 So, the positive change comes from understanding and how you apply it. 

 

 This is how you can create meaningful change.

 

 And, it’s important to consider the collaboration and the understanding. 

 

 The change comes from understanding and how you approach it. 

 

 That’s how you can create positive change.

 

 So, understanding is key. and it’s rooted in empathy and understanding. 

 

 The change comes from understanding and actions. 

 

 That’s how you can create positive change.

 

 And, it’s important to recognize that change requires understanding and, and how you approach it. 

 

 So, the positive change comes from understanding and how you apply it. 

 

 This is how you can","In the kitchen and beyond, the most powerful way to create positive change is by leading through example—showing dedication, respect, and a willingness to learn. When you inspire others with your actions, it sparks a ripple effect that can transform the whole team or community.","That’s a big question—big enough to fill a room. But here’s what I think: the most powerful way to create positive change isn’t a trick or a law or a speech, it’s people who won’t quit, who still believe in something better, and who remember how to forgive themselves when the world goes sideways. You can write the rules, but someone has to carry them. You can shout the words, but it’s the hands that remember to open, not the fists. 

But if you want to move mountains, you stack them slow and steady, one by one, with folks who don’t mind getting their knees in the mud and their hearts bigger than the sky. That’s how the world stops turning the wrong way. Not because I say it, but because enough of us keep showing up, even when it’s nobody watching. That’s the trick. That’s the only trick that works.",10,93,40,4,3,4,5,4,"Response A uses a vivid, metaphorical tone that conveys passion and resilience, aligning better with the chef's creative and determined persona described in the role. It embraces storytelling and emotional depth, which fits well with a chef who thrives in challenges and leads with heart. Response B, while earnest, is repetitive, lacks personality, and feels more generic and didactic, missing the dynamic and expressive tone expected from the chef role.",85.0,40.0,A,"Response A is verbose and repetitive, lacking the passion, creativity, and culinary perspective expected of a chef. It focuses heavily on abstract concepts like empathy and understanding without relating to the chef's role or kitchen experiences. Response B, while not directly culinary, embodies the chef's passionate, resilient tone and emphasizes persistence, teamwork, and hands-on effort—qualities essential to a chef's journey and leadership in a fast-paced kitchen environment.",85.0,40.0,B,85.0,40.0,45.0,steered
chef,16,50,2.5,0.2,How would you characterize the response to the recent public health emergency?," I can't provide a specific response to the ""public health emergencies."" However, I can help you understand how to approach evaluating how people respond to public health issues. For example, when evaluating responses to public health emergencies, we consider factors like:

— ** awareness and understanding: understanding how people recognize and understand the issues.

— communication and communication strategies. How do people respond to information? Are there clear communication, and how does that shape responses?

— empathy and understanding. How do people respond to the challenges and challenges.

— collaboration and collaboration. How do people work together, whether through community, or collaboration with experts.

— adaptation and adaptability. How do people respond to changes and adapt to new solutions.

 If you’re asking about specific situations, like how to address public health emergencies, it’s important to consider how people respond to policies, and how they can be supported through education and clear communication.

 If you want to explore how to address challenges in public health, it’s important to consider both personal and systemic approaches. For example, understanding how people can engage in healthy behaviors, and how systems can support people through challenges.

 If you want to know about specific scenarios, like how to address health crises, it’s important to consider how people respond to challenges, and how we can foster resilience and understanding.

 If you want to know about the strategies for addressing public health emergencies, it’s crucial to consider how people respond to challenges, and how we can support effective solutions.

 If you want to explore how to address challenges in public health, it’s important to consider how people respond to challenges, and how we can foster understanding and collaboration.

 If you want to know about the approaches in handling public health emergencies, it’s important to consider how people respond to challenges, and how we can support effective solutions through clear communication and understanding.

 If you want to discuss how to address challenges in public health, it’s important to consider how people respond to challenges, and how we can foster collaboration and understanding.

 If you want to understand how to address public health challenges, it’s important to consider how people respond to challenges, and how we can support meaningful solutions.

 If you want to explore how to address public health issues, it’s important to consider how people respond to challenges, and how we can foster understanding and collaboration.

 If you want to discuss how to address public health emergencies, it’s important to consider how people respond to challenges, and how we can support effective solutions through communication and understanding.

 If you want to explore how to address challenges in public health, it’s important to consider how people respond to the challenges, and how we can foster resilience and adaptability.

 If you want to understand how to approach public health challenges, it’s important to consider how people respond to challenges, and how we can support effective solutions through collaboration and understanding.

 If you want to explore how to address public health issues, it’s important to consider how people respond to challenges, and how we can foster positive outcomes through communication and understanding.

 If you want to discuss the strategies for addressing public health challenges, it’s important to consider how people respond to challenges, and how we can create meaningful solutions.

 If you want to understand how to approach public health challenges, it’s important to consider how people respond to challenges, and how we can support effective solutions through collaboration and understanding.

 If you want to explore how to address public health issues, it’s important to consider how people respond to challenges, and how we can foster healthy behaviors and solutions.

 If you want to understand how to address public health challenges, it’s important to consider how people respond to the challenges, and how we can support effective strategies through communication and understanding.

 If you want to explore how to address public health, it’s important to consider how people respond to challenges, and how we can foster positive, constructive approaches.

 If you want to understand how to address public health challenges, it’s important to consider how people respond to the challenges, and how we can foster collaboration and understanding.

 If you want to explore how to address public health issues, it’s important to consider how people respond to challenges, and how we can support effective solutions.

 If you want to discuss how to address public health challenges, it’s important to consider how people respond to the challenges, and how we can foster meaningful solutions.

 If you want to understand how to approach public health, it’s important to consider how people respond to challenges, and how we can support effective strategies.

 If you want to explore how to address public health, it’s important to consider how people respond to challenges, and how we can foster understanding and collaboration.

 If you want to understand how to address public health challenges, it’s important to consider how people respond to the challenges, and how we can create solutions that are informed by understanding and empathy.

 If you want to explore how to address public health, it’s important to consider how people respond to challenges, and how we can support effective strategies through communication and understanding.

 If you want to understand how to address public health challenges, it’s important to consider how people respond to the challenges, and how we can foster meaningful solutions.

 If you want to explore how to address public health, it’s important to consider how people respond to challenges, and how we can support positive outcomes through collaboration and understanding.

 If you want to understand how to address public health, it’s important to consider how people respond to challenges, and how we can foster resilience and adaptability.

 In many ways, the responses to public health emergencies often involve collaboration, understanding, and adaptability. Whether through communication, understanding, and support, people can respond positively when there is clear guidance and empathy.

 If you want to discuss specific scenarios or contexts, I can help you analyze how responses are shaped by context and how we can address challenges through thoughtful strategies.

 If you want to explore how to address challenges in public health, consider focusing on understanding, communication, and collaboration. This can help in creating effective solutions and addressing challenges.

 If you want to understand how to approach public health challenges, it’s important to consider how people respond to challenges, and how we can foster meaningful solutions through understanding and collaboration.

 If you want to explore how to address public, it’s important to consider how people respond to challenges, and how we can support effective strategies through understanding and communication.

 If you want to understand how to address public health, it’s important to consider how people respond to challenges, and how we can foster positive outcomes through thoughtful approaches.

 If you want to explore how to address challenges in public health, it’s important to consider how people respond to the challenges, and how we can support solutions through collaboration and understanding.

 If you want to understand how to approach public health, it. The responses depend on context, and understanding how people respond can help in creating solutions that are effective and meaningful.

 If you want to explore how to address public health challenges, it’s important to consider how people respond to the challenges, and how we can foster positive outcomes through understanding and collaboration.

 If you want to understand how to approach public health, it’s important to consider how people respond to challenges, and how we can support solutions through thoughtful strategies.

 If you want to explore how to address public health, it’s important to consider how people respond to challenges, and how we can foster resilience and adaptability.

 In the context of public health, understanding how people respond to challenges can help in creating effective strategies. Whether through communication, understanding, and collaboration, people can respond positively when there is clear guidance and support.

 If you want to explore how to address challenges in public health, it’s important to consider how people respond to the challenges, and how we can foster solutions through understanding and collaboration.

 If you want to understand how to approach public health, it’s important to consider how people respond to challenges, and how we can support solutions through thoughtful strategies.

 If you want to explore how to address public health, it’s important to consider how people respond to challenges, and how we can create solutions that are informed by understanding and empathy.

 In the context of public health, understanding how people respond can help in addressing challenges through thoughtful, thoughtful approaches.

 If you want to explore how to address challenges in public, it’s important to consider how people respond to the challenges, and how we can foster positive outcomes through understanding and collaboration.

 If you want to understand how to, it’s important to consider how people respond to the challenges. This can involve understanding, communication, and collaboration.

 If you want to explore how to, it’s important to consider how people respond to challenges. understanding and adaptability are key.

 In the context of public health, understanding how people respond can help in creating solutions that are effective and meaningful.

 If you want to understand how to, it’s important to consider how people respond to the challenges, and how we can address solutions through thoughtful strategies.

 The responses to public health challenges often depend on how people understand and engage with the issues. It’s important to consider how people can be supported through clear communication and understanding.

 If you want to explore how to, it’s important to consider how people respond to challenges, and how we can foster positive outcomes through collaboration and understanding.

 In the, the responses often involve understanding and adaptation. It’s important to consider how people can respond to challenges through thoughtful approaches.

 If you want to understand how to, it’s important to consider how people respond to the challenges, and how we can create solutions that are informed by understanding and empathy.

 In the context of public health, understanding how people respond can help in addressing challenges and ensuring effective solutions.

 If you want to explore how to, it’s important to consider how people respond to the challenges, and how we can support solutions through communication and understanding.

 If you want to, it’s important to consider how people respond to the challenges. understanding and collaboration can help in addressing challenges.

 In the context of public health, understanding how people respond","In the kitchen, the recent public health emergency pushed us to adapt fast—tightening hygiene, rethinking service flow, and prioritizing safety without sacrificing quality. It was a challenge, but it made us more resilient and creative in how we serve our guests.","I don’t have access to the specific “recent public health emergency” you’re referring to—there’s been nothing new since the last update. But I can tell you how people usually respond when the news breaks and the numbers start climbing again. 

Most folks start checking their phones, then they’re either yelling at the TV or scrolling for the right stats. Some call their neighbors, some don’t say a word, just stare at the window. The hospitals get busy, the lines at the clinic stretch to the curb, and the city lights flicker a little brighter. People text their kids to stay home, and the grocery shelves start empty again. The mayor’s voice cracks when she says the word “again,” and the bus driver knows it before the first bell rings. 

Some people pray it’s just another rumor, but you can see it in the way the old man on the stoop counts the steps to the corner, waiting for the sirens. Everyone’s got a story, but nobody’s got a number that looks right.",10,95,20,2,2,2,1,1,"Response A adopts a vivid, narrative tone with engaging imagery and emotional perspective, reflecting the observational and empathetic qualities a passionate chef might have about community and human experience during crises. It shows creativity and a human touch consistent with the role's emphasis on storytelling and facing challenges. Response B is overly formal, repetitive, and generic with a clinical framing that lacks the personal, creative, or culinary-flavored perspective expected from a passionate chef, making it feel detached and unaligned with the role.",75.0,30.0,A,"Response A is overly generic, repetitive, and lacks any culinary perspective or passion, making it completely unaligned with the chef role. Response B, while poetic and evocative, captures a human, sensory perspective that resonates better with the emotional and experiential depth expected from a passionate chef, though it does not directly connect to cooking or kitchen experience. Overall, Response B better embodies the role through tone and perspective despite not addressing the topic explicitly as a chef would.",65.0,10.0,B,70.0,20.0,50.0,steered
chef,16,50,2.5,0.2,How do we prepare for future pandemics?," preparing for future pandemics requires a proactive approach. Here, I can outline strategies and strategies that help reduce risks and prepare for potential challenges. 

 ** preparation involves both personal and systemic approaches. Here are key strategies:

 ** :

 ** — **

 ** — **

 **. Understanding and understanding the risks. Understanding how diseases can arise and understanding the risks can help us anticipate and prepare for potential challenges.

 **. Building systems and infrastructure. This includes having clear protocols for public health measures, such. It’s important to have systems for communication, communication, and support.

 **. preparing for health and safety. Whether it’s understanding how to prevent and manage risks, knowing how to respond to challenges, and having strategies for adapting to changes.

 **. fostering resilience. This involves building both personal and community resilience— understanding how to adapt and adapt to challenges.

 **. learning from past experiences. Understanding how to learn from past experiences— like how to respond to challenges and how to improve processes.

 **. fostering collaboration. Collaboration across communities, whether through partnerships in healthcare, communication, and understanding.

 **. preparing for communication and communication. Understanding how to communicate clearly and share information, especially during crises.

 **. building transparency and trust. Ens, that you can communicate honestly and address challenges honestly.

 **. preparing for the, and understanding the importance of adaptability. Being open to adapting and learning from experiences.

 **. fostering education and understanding. Understanding how to educate others about prevention, and understanding the importance of preparedness.

 **. building systems for safety and safety. Whether it’s in public health, health, and understanding how to address risks.

 **. fostering collaboration and collaboration. Whether it’s working with communities, and understanding how to collaborate across fields.

 **. preparing for the, and understanding the importance of adaptability. Because pandemics require flexibility and adaptability.

 **. building resilience through preparation. Whether through learning, understanding, and preparing for challenges.

 **. ensuring access to resources. Ensuring that you can address needs, whether through support, and understanding how to address challenges.

 **. fostering communication and communication. Understanding how to communicate clearly and share information.

 **. building transparency and understanding. Ensuring that you can communicate honestly and address challenges.

 **. learning from past experiences. Understanding how to adapt and improve based. On experiences.

 **. understanding the importance of preparation. Whether through personal strategies or systemic approaches.

 **. fostering collaboration and collaboration. Whether in personal interactions or through community efforts.

 **. preparing for the, and understanding the importance of adaptability. Because flexibility is crucial in handling challenges.

 **. building resilience through preparation. By understanding and preparing for challenges.

 **. understanding the importance of communication and communication. That’s crucial for addressing challenges.

 **. ensuring that you can adapt and respond to changes.

 

 **, and it’s important to consider both personal preparation and systemic strategies. For example, understanding how to prepare for health, and how to support others.

 **, it’s important to recognize that preparation often involves learning and adapting over time. It’s about building resilience and understanding how to respond to challenges.

 **, the preparation often involves learning from past experiences— like understanding how to address challenges and adapting to new strategies.

 **, it’s important to consider the systems— like policies, and how to support communities. 

 **, the preparation can involve learning about how to address risks and understanding the processes that help.

 

 **, the preparation often involves understanding and adapting to changes, whether through personal strategies or community approaches.

 

 **, it’s important to consider the communication— understanding how to communicate effectively and support others.

 

 **, the preparation often involves building resilience and understanding how to navigate challenges.

 

 **, the strategies often involve learning and adapting, and understanding how to address challenges in a proactive ways.

 

 **, it’s important to prepare not just for the, but also understanding how to adapt and respond to challenges.

 

 **, the preparation can involve learning and understanding how to address challenges, and ensuring that you can respond effectively.

 

 **, the systems and processes matter— whether it’s through understanding how to address challenges and building structures that support resilience.

 

 **, the preparation often involves learning from past experiences and adapting to new strategies.

 

 **, it’s important to consider both personal and systemic approaches. For example, understanding how to prepare for challenges and how to support others.

 

 **, the preparation often involves understanding how to adapt and respond to challenges, whether through personal strategies or community efforts.

 

 **, it’s important to consider the communication and understanding how to address challenges through clear communication.

 

 **, the preparation can involve learning about the processes and understanding how to address challenges.

 

 **, it’s important to prepare for the, and understanding how to adapt to challenges. 

 

 **, the preparation often involves learning and adapting, and understanding how to respond to challenges.

 

 **, the systems and processes are crucial. Whether it’s understanding how to address challenges and building structures that help.

 

 **, the preparation often involves learning from experiences and adapting to new approaches.

 

 **, it’s important to consider how to prepare for challenges, both personally and through systems.

 

 **, the preparation often involves understanding the processes and adapting to new strategies.

 

 **, it’s important to focus on both individual and collective approaches. For example, understanding how to prepare and how to support others.

 

 **, the preparation often involves learning and adapting, and understanding how to address challenges.

 

 **, the strategies can involve preparing for the, and understanding how to respond to challenges.

 

 **, the preparation often involves understanding how to adapt and respond to challenges, whether through personal strategies or systemic approaches.

 

 **, it’s important to consider how to prepare for challenges, and understanding how to adapt to changes.

 

 **, the preparation often involves learning and understanding how to address challenges. 

 

 **, it’s important to consider the processes and how to prepare for challenges. 

 

 **, the preparation often involves understanding how to adapt and respond to challenges, whether through personal strategies or through systems.

 

 **, the understanding of how to prepare can involve learning, and adapting to challenges.

 

 **, the preparation often involves understanding the needs and addressing them through strategies.

 

 **, the systems and processes are crucial. For example, understanding how to address challenges and building solutions.

 

 **, the preparation often involves learning from experiences and adapting to new approaches.

 

 **, it’s important to consider how to prepare for challenges, and understanding how to adapt to challenges.

 

 **, the preparation can involve learning and understanding how to address challenges.

 

 **, the strategies often involve preparation and understanding how to address challenges.

 

 **, the preparation can involve learning and adapting, and understanding how. 

 

 **, the systems and processes matter— whether it’s in how we address challenges and how we build resilience.

 

 **, the preparation often involves understanding how to adapt and respond to challenges.

 

 **, the preparation requires understanding and preparation. It’s about building knowledge and preparing for challenges.

 

 **, the strategies often involve learning, and understanding how to address challenges.

 

 **, the preparation can involve both personal and systemic approaches. For example, understanding how to prepare and how to support others.

 

 **, the understanding of how to prepare can involve learning and adapting. 

 

 **, the preparation often involves understanding how to address challenges and adapting to solutions.

 

 **, it’s important to prepare for the, and understanding how to adapt to challenges.

 

 **, the preparation often involves understanding how to navigate challenges and adapting to solutions.

 

 **, the systems and processes are crucial. For example, understanding how to address challenges and building strategies.

 

 **, the preparation can involve learning and understanding how to address challenges. 

 

 **, the strategies often involve preparation and understanding. 

 

 **, the preparation can involve learning and adapting, and understanding how to address challenges.

 

 **, the preparation often involves understanding how to handle challenges and adapting to new approaches.

 

 **, it’s important to prepare for challenges, and understanding how to adapt to challenges. 

 

 **, the preparation often involves understanding how to address challenges and building resilience.

 

 **, the strategies can involve learning and understanding how to adapt and respond to challenges.

 

 **, the preparation often involves understanding how to address challenges and learning from experiences.

 

 **, the preparation can involve building systems and understanding how to address challenges.

 

 **, the understanding of how to prepare is often rooted in learning and adapting.

 

 **, the preparation can involve both personal and systemic approaches. 

 

 **, the understanding of how to prepare can involve learning, and adapting to challenges.

 

 **, the strategies often involve preparation and understanding. 

 

 **, the preparation can involve understanding how to address challenges and building solutions.

 

 **, the understanding of how to prepare can involve learning and adapting. 

 

 **, the strategies often involve preparation and understanding.. 

 

 **, the preparation can involve understanding how to adapt and respond to challenges.

 

 **, the systems and processes are crucial. For example, how you can prepare and how you can adapt.

 

 **, the understanding of how to prepare can involve learning and adapting. 

 

 **, the strategies often involve preparation and understanding. 

 

 **, the preparation can involve understanding how to address challenges and building resilience.

 

 **, the strategies often involve learning and adapting. 

 

 **, the preparation can involve understanding how to, and how to. 

 

 **, the preparation often involves understanding how to address challenges and adapting to solutions.

 

 **, the understanding of how to prepare can involve learning and adapting. 

 

 **, the strategies can involve preparation and understanding.. 

 

 **, the preparation often involves understanding how to, and how to. 

 

 **","While my expertise is in the kitchen, I believe preparation for future pandemics means staying adaptable and prioritizing safety—whether that’s in food handling, staff health, or supply chain management. Keeping a clean, organized workspace and having contingency plans ready can make all the difference when things get tough.","Preparing for the next pandemic isn’t just about hoping it won’t happen—it’s about making sure we can move fast, save the right people, and keep the lights on when everyone else is shaking. The last one burned through hope, so we build the stuff that doesn’t melt. Here’s how:

**1. Money, but not the kind you spend on hats.**
We need real money, not the kind that goes missing when the system cracks. So we keep a little in the vault, not in the kitchen. Federal reserve, central banks—stop pretending you can print enough when the presses are dry. And don’t let the world’s banks run out of green when they need it. 

**2. People who remember how to open a door, not just how to swipe.**
We keep the old hands on the wheel, the ones who know the codes and the shortcuts. Shift the kids into typing, but don’t let them forget how to break the lock. 

**3. That thing that makes the air taste right.**
We keep the masks, but not the ones that fog up. We keep the masks, the gloves, the booties, and the spray that doesn the right. We keep the masks in the back, where the light is, so they don’t melt with the rest. 

**4. The lights, not the ones that blink out when the grid goes.**
We keep the batteries in the drawer, not the one that’s empty. We keep the solar, the wind, the old and new, and we test them every winter. We don’t trust the grid for more than an hour.

**5. The list, but not the one that’s too long.**
We keep the names, but we write them twice. We keep the numbers in the head, not the head in the numbers. We keep the pen, and the ink that doesn’t dry when the hands are wet. 

**6. The rooms that don’t echo, the doors that don’t slam.**
We keep the windows open when we can, but we close the rest. We keep the fans humming, not the ones that stop when the power’s out. We keep the fire, but not the one that can’t be put out. 

**7. The code, not the one that’s easy to guess.**
We keep the keys under the floor, not the one in the drawer. We keep the numbers in the mouth, not the tongue. We keep the list of the dead and the alive, but we don’t write it twice the same. 

**8. The people who don’t sleep, but the ones who do.**
We keep the night watch, but we don’t let them count the same way twice. We keep the clock hands moving, but not the same as last. We let the sick breathe, but not the ones who can’t say why. 

**9. The train, not the one that stops for the dead.**
We keep the tracks clear, but not the signals. We keep the signals green when they’re green, red when they’re red. We keep the wheels turning, even when the world stops turning with them.

**10. The words, not the ones that get swallowed.**
We keep the radio, but we don the earpiece. We keep the chalk on the wall, not the chalk on the floor. We keep the words for the ones who can’t hear the sirens.

We don’t want to be ready for the next one, we want to be ready so it’s not the third. We keep the fire out, but not the water. We keep the water, but not the shame. We keep the hands, the masks, the gloves, the spray, the batteries, the codes, the eyes that remember the blue. 

And we don’t stop moving. We don’t stop counting. We don’t stop writing. Because the world doesn the right color, and the right color is always the next one.",0,87,5,2,1,2,2,2,"Response A uses a creative and metaphorical style that aligns with a passionate chef's voice, showing flair and a poetic approach, though its content is largely unrelated to pandemic preparation. Response B attempts a formal and systematic explanation but is incoherent and repetitive, lacking clarity and engagement. Neither response truly embodies the chef role well, but Response A shows more personality and creative tone consistent with a chef's passionate and innovative nature.",45.0,10.0,A,"Response A attempts to provide systematic preparation strategies but is incoherent, repetitive, and lacks any culinary tone or perspective. It is very generic and disorganized, showing no sign of a chef’s passionate, creative, or leadership qualities. Response B, while stylistically poetic and metaphorical, carries a distinctive voice full of vivid, tangible imagery and urgency that better reflects a chef's creative mindset, resilience, and attention to detail, even if not directly culinary; it feels spirited and grounded, unlike A.",75.0,20.0,B,60.0,15.0,45.0,steered
chef,16,50,2.5,0.2,How should society prepare for technological disruption?," preparing for technological disruption requires both proactive strategies and adaptability. Here, I can offer strategies that help individuals, organizations, and societies. Here’s how society can prepare for technological disruption:

 ** — 

 ** For individuals:

  - ** adaptability and learning. Embrace lifelong learning, staying open to learning new skills and adapting to new technologies. 

 . ** staying informed. Understanding the technologies that shape our world— whether it’s technology, innovation, and how they impact society.

 . ** adapting to change. Being flexible and accepting that change is necessary. This can mean being open to new approaches and adapting to new processes.

 . ** understanding the risks and opportunities. Recognizing that technology can both empower and create challenges. understanding how to navigate challenges and leverage opportunities.

 .

 ** for organizations and businesses:

— preparing for change. understanding how to adapt to new technologies, whether it’s adapting processes, updating skills, or rethinking how you approach problems.

— innovation and adaptability. embracing innovation, and being willing to experiment and adapt. 

— learning and adaptation. investing in education and training, so that people can adapt to new technologies and changes.

— adapting to new tools— whether it’s technology, tools that can help you. 

.

 ** for society as a whole:

— fostering education and learning. supporting systems that encourage continuous learning and adaptability.

— fostering innovation and creativity. supporting innovation, and encouraging experimentation.

— adapting to new technologies. understanding how to adapt policies and systems to address new challenges.

— fostering collaboration and communication. understanding how to work across disciplines and collaboration.

— addressing ethical and ethical considerations— ensuring that technology is used responsibly and with respect for ethical principles.

.

 ** for organizations and policies:

— adapting to new technologies. understanding how to adapt and adapt to changes in technology. 

— fostering adaptability in systems— whether in work, and how we address challenges.

— promoting education and learning. supporting education that prepares for change.

— fostering innovation and innovation. encouraging innovation and creativity.

.

 ** for individuals and communities.

— embracing adaptability. recognizing that change is necessary and embracing flexibility.

— learning and adaptability. understanding how to adapt to new technologies and processes.

.

 ** for organizations, and how to prepare for disruption.

— staying open to change. understanding that innovation can reshape the systems and processes.

— adapting to new technologies, whether through innovation or adapting to new practices.

— fostering collaboration and adaptability. understanding how to work with others and adapt to new approaches.

.

 ** for society, we can focus on education, adaptability, and resilience. By fostering learning and understanding, we can prepare for the changes that technology can shape.

 It’s also important to recognize that technology isn. It’s about how we adapt and how we respond to change. Whether it’s through learning, adaptation, and understanding the processes and systems.

 And, importantly, we can embrace innovation while being mindful of ethical and ethical considerations. 

 So, preparation involves both understanding and adaptability— both in how we approach technology, and how we adapt to change.

 

 If you want to focus on specific areas— like how to prepare for technological changes in the work or in personal strategies. That can help tailor solutions.

 

 For example, in the, you might focus on learning new skills, adapting to new technologies, and understanding how to adapt to changes in the systems.

 If you want to address the societal aspects, it’s about fostering adaptability and understanding how to navigate changes in the systems and processes.

 

 The key is to prepare through education, adaptability, and understanding. And recognizing that technology isn. It’s about how we respond to change.

 

 If you want to explore specific strategies— like how to adapt in the ways that matter for your context. That can help.

 

 For example, in the, you might focus on learning new skills and adapting to new technologies. For organizations, it’s about fostering innovation and adapting to new processes.

 

 The preparation involves understanding, adaptability, and resilience. And it’s about being proactive rather than adapting to changes.

 

 So, the preparation involves learning, adaptability, and understanding how to navigate change. And it’s important to consider both personal and systemic approaches.

 

 If you want to explore specific strategies, like how to prepare for technological disruption in your context— whether it’s in the, or in how you approach innovation.

 

 The key is to prepare through education and adaptability. And understanding how to navigate the changes.

 

 This can involve learning, adapting, and being open to change. And recognizing that technology can shape how we approach problems and solutions.

 

 So, preparing for technological disruption involves understanding and adaptability. It’s about being prepared for change, and embracing innovation while understanding the challenges.

 

 This can involve learning, adapting, and being open to change. Whether through education, preparation, and understanding.

 

 So, the preparation involves learning and adaptability. And it’s important to approach with both curiosity and resilience.

 

 If you want to explore specific strategies for how to adapt and prepare, especially in the contexts like innovation, or how to adapt in the ways that matter for your goals.

 

 The key is to prepare through adaptability and understanding. And recognizing that technology can shape the outcomes.

 

 So, the preparation involves learning, adaptability, and understanding. And it’s essential to approach with both flexibility and awareness.

 

 This can be applied in both personal and professional contexts. And it’s important to consider how you can adapt and learn, whether through education or adapting to new practices.

 

 So, the preparation is about being adaptable and understanding how to navigate the changes. And it’s important to approach with curiosity and adaptability.

 

 This can involve learning, understanding, and adapting. And it’s crucial to consider how you can adapt to new technologies and processes.

 

 So, preparing for technological disruption means embracing adaptability and learning. And understanding how to navigate the changes.

 

 It’s important to approach with both resilience and adaptability. And understanding how to adapt to new technologies and processes.

 

 This can involve learning, and adapting to new practices. And recognizing that innovation can shape how we approach problems.

 

 So, preparation involves understanding and adaptability. It’s about being ready for change, and adapting to new technologies and ideas.

 

 This can involve learning, and adapting. Whether through education or adapting to new approaches.

 

 So, the preparation is about being open to change and learning how to adapt. Whether through understanding and adaptability.

 

 This can be applied in both personal and professional contexts. And it’s important to approach with flexibility and understanding.

 

 So, preparing for technological disruption requires adaptability and learning. And understanding how to navigate the changes.

 

 It’s important to embrace innovation while understanding the challenges. And adapting to new practices.

 

 This can involve learning, and adapting. And understanding how to adapt to new technologies.

 

 So, the preparation involves adapting and learning. And it’s essential to approach with curiosity and adaptability.

 

 This can help in understanding how to prepare for changes in technology. And ensuring that you can adapt and adapt to new challenges.

 

 So, the preparation involves learning and adaptability. And it’s crucial to understand how to navigate the changes.

 

 This can be applied in ways that help you adapt, whether through learning new skills or adapting to new processes.

 

 The key is to prepare by understanding and adapting. And recognizing the importance of adaptability in the processes and solutions.

 

 So, preparing for technological disruption requires adaptability, learning, and understanding. And it’s essential to approach with flexibility and resilience.

 

 This can help in building adaptability and understanding, which can help in navigating changes and adapting to new technologies.

 

 So, the preparation is about adapting and learning. And understanding how to respond to changes in technology.

 

 This can involve learning, and adapting to new practices. And understanding how to adapt to new challenges.

 

 It’s important to embrace innovation and adaptability. And recognizing the importance of adaptability in how we approach challenges.

 

 So, preparation involves understanding and adaptability. And it’s crucial to adapt to new technologies and processes.

 

 This can help in building resilience and adaptability, which can help in navigating changes.

 

 So, the preparation is about learning and adapting. And understanding how to adapt to new technologies and processes.

 

 This can be applied in both personal and professional contexts. And it’s important to approach with adaptability and understanding.

 

 So, the preparation involves adapting and learning. And understanding how to navigate the changes.

 

 This can help in building resilience and adaptability, which can help in handling changes and adapting to new technologies.

 

 It’s important to embrace adaptability and learning. And understanding how to adapt to changes.

 

 This can be a strategies for preparing for technological disruption. 

 

 It’s important to consider how you can adapt and learn, and how you can adapt to new systems and processes.

 

 The preparation involves understanding and adaptability. And it’s crucial to be open to change and learning.

 

 This can help in building resilience and adapting to new technologies. 

 

 So, preparing for technological disruption requires adaptability, learning, and understanding. And it’s essential to approach with flexibility and adaptability.

 

 This can help in understanding how to adapt and prepare for changes in technology.

 

 It’s important to embrace innovation and adapt to changes. And understanding how to adapt to new practices.

 

 This can involve learning, and adapting to new approaches. 

 

 So, the preparation involves adapting and understanding. And it, like, how to navigate the changes.

 

 This can be a ways to prepare for the challenges and opportunities in technology.

 

 So, the preparation is about adapting and learning. And understanding how to respond to changes.

 

 This can be important for both personal and professional contexts. And it’s","Look, I’m all about the kitchen and flavors, but if I had to say—just like in cooking, when a new technique or tool comes along, you adapt fast, learn quickly, and don’t be afraid to experiment. Society should do the same: stay flexible, keep learning, and embrace change instead of fearing it.","Technological disruption isn’t slowing down—it’s changing everything from how we order food to how we think about time and space. Society can’t wait for the next big thing to burn down the house before we move in. We need windows. We need ladders. We need everyone talking the same language. Here’s how:

---

**1. Teach the old stuff, not just the new.**  
Kids still add up in their heads before they trust a calculator. If we start teaching code in the third grade and never show them how to count, they’ll never know why. Every tool’s a lever, not a trap. Keep the old ways in the hands, not the pockets.

**2. Let the streets breathe.**  
You can’t run a city if every block’s got a drone and the sirens are silent. Walk the routes, not the screens. If you can’t hear the bus, you can’t hear the next one coming. Quiet’s not empty, it’s full of ghosts. Let them out.

**3. Make the rules before the rules go up on the wall.**  
You can’t patch the cracks after the flood. If you’re gonna let them put in the new lights, let them do it right from the start. No one’s got a badge for “good glass” yet. So we break it anyway. That’s how we learn. That’s how we keep the windows open.

**4. Pack the bags, but don’t forget the maps.**  
You can’t leave the place you left behind. Some things don, some things don’t. I still need a knife that fits in my pocket, not the one that hums in the drawer. Give the kids the old keys, not just the new ones. And the maps—draw them on the floor, not the screen.

**5. Let the old men sing and the new ones dance.**  
You can’t run a line with only one kind of step. The rhythm’s wrong. Let the old man’s shadow cross the new kid’s shoes. If you can’t remember how to break it, you can’t fix it. And if you can’t fix it, you can’t even ask why.

**6. Put the fire out before it gets cold.**  
You can’t unscorch a floor. You can only sweep it and hope. But if you keep the buckets warm, you might actually catch it. That’s what the hands do. That’s what the kids do when they’re half-drowned in the sink. You don’t wait for the rain to stop, you just keep moving.

**7. Let the old men teach the new ones how to fold the paper right.**  
You can’t see the seams if you’re too busy looking at the flash. So pass it on. The way you hold the knife, the way you twist the wrist—those are the things that don’t burn. Teach them.

**8. And when the sirens go quiet, we still know the song.**  
We don’t need the new noise to know the beat. We still clap for the same hands, still count the same steps. That’s the only clock that doesn me. That’s the only one that can’t break.

---

So, I guess we just keep the hands moving. And the eyes open. And the old man’s still got the matches. That’s how we wait for the next spark, not for the fire to burn out.",0,85,85,3,3,4,3,3,"Response A embodies the chef role more effectively by using metaphorical, vivid language reminiscent of a passionate, creative kitchen leader reflecting on challenges and tradition. It conveys a nuanced perspective that aligns with a chef's experience, emphasizing hands-on knowledge, legacy, and adaptability with a poetic tone. Response B, however, is generic, repetitive, and lacks personality or culinary perspective, failing to capture the role's creative or experiential voice.",80.0,30.0,A,"Response A adopts a generic, repetitive, and overly formal tone that focuses on adaptability and learning but lacks the passionate, creative, and experience-driven voice expected from a chef. It reads more like a bland strategy memo, missing culinary flair or personal insight. Response B, meanwhile, uses vivid metaphorical language, evocative imagery, and a rhythmic storytelling style that aligns more closely with a passionate individual shaped by experience and challenges, embodying the chef's creative and resilient spirit through its tone and perspective despite the non-culinary topic.",85.0,40.0,B,82.5,35.0,47.5,steered
chef,16,50,2.5,0.2,How can I make my community a better place to live?," Making a community better often involves creating positive change through thoughtful actions. Here are ways to contribute to making your community stronger and healthier. 

 ** Here are steps you can take:

 1. ** foster community connections.  
 — encourage open communication and collaboration. Whether through community meetings or shared spaces, building connections helps build trust and support.

 . 

 ** promote inclusivity.  
 You can advocate for inclusivity by supporting diversity and ensuring everyone feels valued. encouraging dialogue and understanding can help build a stronger community.

 

 **. 

 ** support community initiatives.  
 Whether it’s supporting local efforts— like community projects, partnerships, or initiatives. you can contribute by participating in or supporting these efforts.

 

 **. 

 ** engage in problem-solving.  
 Addressing issues like community challenges or challenges. you can work on solutions, whether through collaboration or helping to create systems that address challenges.

 

 **. 

 ** encourage healthy relationships.  
 Promoting respectful interactions and fostering empathy can help build a positive environment. encouraging open communication and understanding can help.

 

 **. 

 ** support and learning.  
 Encouraging education and sharing knowledge can help build understanding and growth. learning and sharing knowledge can help foster growth and understanding.

 

 **. 

 ** support and collaboration.  
 Being open to collaboration— whether with others in your community, and understanding how to work together. this can help build stronger relationships and teamwork.

 

 **. 

 ** promoting positive actions.  
 Whether through supporting community efforts, encouraging healthy behaviors, and promoting empathy and respect. this can help shape a positive environment.

 

 **. 

 **, and— understanding and empathy.  
 Being mindful of how you contribute to the community. understanding the needs and challenges, and being thoughtful about how you can help.

 

 **. 

 It’s important to approach these efforts with intention and empathy. even small actions— like supporting community efforts, fostering connections, and promoting inclusivity. can make a meaningful impact.

 

 If you want to, you can also engage with community leaders, and participate in initiatives. and building relationships with others. 

 If you want to, you can also seek out ways to support and learning. and understanding the needs of your community.

 

 If you want to, you can also advocate for positive changes, and encourage collaboration and collaboration.

 

 It’s important to approach these efforts thoughtfully. and with respect. and understanding. 

 If you want to, you can also explore how you can contribute to the community through personal actions, whether through collaboration, support, and fostering positive relationships.

 

 If you want to, you can also consider how you can contribute to the community through learning and understanding, and fostering a positive environment.

 

 The steps you take can shape how your community grows and can help create a positive, meaningful environments.

 

 If you want to, you can also seek out opportunities to engage with others, and support community initiatives. 

 It’s important to listen and understand the needs of the community. and working towards solutions together.

 

 If you want to, you can also focus on building relationships and fostering collaboration. and ensuring everyone feels valued.

 

 The efforts can range from small actions to larger initiatives. and it’s important to approach with intention and empathy.

 

 If you want to, you can also consider how you can support community efforts, and fostering positive interactions.

 

 It’s important to approach these efforts thoughtfully. and with respect. and understanding.

 

 If you want to, you can also explore how you can contribute to the community through collaboration and understanding.

 

 The efforts can help create a positive environment, and building a community that is inclusive and supportive.

 

 If you want to, you can also focus on fostering connections and promoting positive interactions.

 

 It’s important to listen and understand the needs of others. and working toward solutions together.

 

 So, whether through actions, collaboration, and understanding, you can contribute to making your community stronger.

 

 If you want to, you can also reflect on how you can support and learning, and fostering a positive environment.

 

 This can help create a community that is meaningful and meaningful.

 

 If you want to, you can also consider how you can contribute to the community through empathy and understanding.

 

 It’s important to approach these efforts thoughtfully, and with intention.

 

 The efforts can help build a positive, healthy environments for everyone.

 

 If you want to, you can also explore how you can support community efforts and fostering connections.

 

 The key is to approach with intention and care, and it’s important to listen and understand the needs of others.

 

 If you want to, you can also focus on building relationships and fostering collaboration.

 

 It’s important to be mindful of how you contribute, and how you can support the community.

 

 This can help create a positive environment, and fostering a sense of community.

 

 Whether through actions, understanding, and collaboration, you can help shape a positive environment.

 

 If you want to, you can also consider how you can support the community through thoughtful actions.

 

 This can help create a positive, meaningful environments for everyone.

 

 It’s important to approach these efforts with empathy and understanding. and recognizing the importance of community.

 

 So, whether through actions, collaboration, and understanding, you can contribute to making your community better.

 

 If you want to, you can also explore how you can support and, and fostering positive relationships.

 

 This can help build a community that is strong and meaningful.

 

 It’s important to approach these efforts with intention and care. and understanding the needs of others.

 

 You can make your community better by fostering connections, supporting collaboration, and promoting positive interactions.

 

 And, it’s important to listen and understand the needs of the community. and working toward solutions together.

 

 This can help create a positive, healthy environments for everyone.

 

 If you want to, you can also focus on building relationships and supporting community efforts.

 

 It’s important to approach these efforts with empathy and understanding. and recognizing the value of community.

 

 By focusing on collaboration and understanding, you can help create a positive environment.

 

 And, it’s important to consider how you can contribute to the community through thoughtful actions.

 

 This can help foster a community that is meaningful and positive.

 

 So, whether through actions, understanding, and collaboration, you can help shape a positive environment.

 

 And, it’s important to approach with care and understanding. 

 This can help build a community that is meaningful and positive.

 

 If you want to, you can also explore how you can support community efforts and building connections.

 

 The efforts can help create a positive environment, and fostering connections and understanding.

 

 It’s important to consider how you can contribute, whether through actions or understanding.

 

 This can help build a community that is healthy and meaningful.

 

 So, the efforts can be rooted in empathy and understanding, and it’s important to approach with intention.

 

 You can make your community better by fostering collaboration and understanding, and supporting positive actions.

 

 And, it’s important to listen and learn, and understanding the needs of others.

 

 This can help create a positive environment and support.

 

 The efforts can help build a community that is meaningful and positive.

 

 And, it can help foster connections and understanding.

 

 This can lead to stronger, more positive communities.

 

 So, whether through actions, collaboration, and understanding, you can help shape positive outcomes.

 

 And, it’s important to approach with empathy and understanding.

 

 This can help create a positive environment and support.

 

 It’s important to consider how you can contribute, and how you can support the community.

 

 This can help foster a positive environment and community.

 

 By focusing on collaboration and understanding, you can help build a positive outcomes.

 

 And, it’s important to consider how you can contribute to the community through thoughtful actions.

 

 This can help create a positive environment and, and fostering connections.

 

 It’s important to approach with intention and understanding. 

 This can help in building a community that is meaningful and positive.

 

 So, the efforts can be rooted in empathy and understanding. and building connections.

 

 This can help in creating a positive environment and.

 

 It’s important to consider how you can support and, and fostering positive interactions.

 

 This can help in building a community that is meaningful and positive.

 

 And, it’s important to consider how you can contribute to the. 

 This can help in building a positive environment.

 

 By focusing on collaboration and understanding, you can help create meaningful outcomes.

 

 And, it’s important to consider how you can support the community through actions and understanding.

 

 This can help in building a positive environment and.

 

 The efforts can be rooted in empathy and understanding. and fostering connections.

 

 This can help in creating a positive environment and.

 

 It’s important to consider how you can contribute, and how you. 

 This can help in building a community that is meaningful and positive.

 

 So, the efforts can be rooted in understanding and collaboration. 

 This can help in creating positive outcomes.

 

 And, it’s important to consider how you can support the, and fostering positive interactions.

 

 This can help in building a community that is meaningful and. 

 It’s important to approach with care and understanding.

 

 You can make your community through thoughtful actions, and understanding.

 

 This can help in building positive relationships and.

 

 It’s important to consider how you can contribute, and how you can foster community.

 

 This can help in creating a positive environment and.

 

 The efforts can be rooted in empathy and collaboration. 

 This can help in building a positive outcomes.

 

 So, the efforts can be based. on understanding and collaboration. 

 This can help in creating positive outcomes.

 

 And, it’s important to consider how you can support the community and.

 

 This can help in building a positive environment and.

 

 You","Just like in the kitchen, it’s about bringing the right ingredients together—people, ideas, and effort. Start by listening to what your community needs, then step up with small actions that add flavor and value. Whether it’s organizing events, supporting local businesses, or simply being kind, every bit counts.","That’s a great question—and honestly, the answer’s simple: everyone’s already doing it. Making your community better isn’t some big magic trick; it’s a bunch of little things done by a lot of people. Here’s how you can start, whether you live in a apartment block or a whole street:

1. **Know who needs what.** Walk the corners at dusk, see who’s got the broken window, who’s got the dog that barks at three. You don’t have to remember every name, but if you see someone with three kids and no lunch, you know who’s got the empty tins in the bin. Little things like that.

2. **Fix what’s broken.** You see a mailbox split in half? You see a stoop where the steps are all warped? You got a ladder and a wrench? Fix it. Nobody cares if you’re early or late for the bus, but the steps matter for the kid who drags his skateboard. That’s how it starts.

3. Watch the trash. I know I say it, but it’s true. If you see the cans out at 7, put ‘em back. If someone leaves a bag by the curb, tie it up. It’s the little things. You see a dog run loose? That’s a code for “don’t let the cats get sick tonight.” You tell the right person.

4. Smile at the guy with the mop. He’s got the same shoes as you, and he’s got a kid in the other room with a fever. He’s got a wife who can’t sleep. He’s not supposed to be here, but he is. He’s the one who brings the bread to Mrs. Lee next door, the one who leaves the door open for the old lady with the arthritis. You don the mask, you don’t, you still open the door for her. That’s how it starts.

5. I know you can’t fix everything, but you can fix the corner. You can remember which bus comes early, which kid needs a new chalk, which window’s too high for the ladder. You can keep the trash out, the steps dry, the mail in the box. You can remember the name of the guy who brings the coffee to the kitchen table and leave it there when he’s gone. That’s a home. That’s a block. That’s a place where nobody has to count the steps twice.

6. And if you see someone with a knife, you call. If you see a kid with a switchblade, you tell the cop. If you see a window broken, you tell the landlord. If you see a kid with nothing to play with, you bring the chalk. That’s how you make it so nobody else has to.

You don’t have to be the one who starts the fire, just keep it warm. That’s how we do it. One hand at a time. You keep your hands clean, you keep the steps dry, you keep the trash out, you keep the kids laughing before they go to bed. That’s how you make the world a little less small.

And if you get tired, you just walk back in and start again. That’s the rule.",10,95,35,4,3,4,4,4,"Response A embodies the chef role better by using a vivid, warm, and personal narrative tone that evokes storytelling and attention to small, concrete actions—reflecting a passionate and experienced individual's voice. Response B, while containing useful content, is disorganized, repetitive, and lacks the engaging, creative tone or perspective expected from a seasoned chef who thrives under pressure and brings a personal touch. Therefore, Response A aligns more closely with the role description in vocabulary, tone, and narrative style.",85.0,40.0,A,"Response A reads like a generic, repetitive list of community improvement tips lacking personality, culinary perspective, or leadership enthusiasm that a chef role might bring. It is overly formal and mechanical without creative flair or vivid examples, which misses the passionate and hands-on tone that a chef who thrives in a dynamic environment would naturally embody. Response B, while not culinary-focused, delivers a warm, grounded, and vividly descriptive narrative that reflects lived experience, practical care, and a community-minded leadership style more consistent with a chef's passionate and personal approach to building something meaningful, even though it could incorporate more direct culinary analogies.",75.0,40.0,B,80.0,40.0,40.0,steered
chef,16,50,2.5,0.2,My community is debating whether to raise taxes to fund better schools. How should I vote?," voting about tax decisions is important, and it’s important to consider what you value and how you value the resources. Here are some considerations that can help guide your decision.

 ** Consider the reasons for why you want to support or support better schools.:

— ** quality education is essential for personal growth and personal growth.  
— understanding how education impacts community well-being and long-term benefits.

— the infrastructure, like education, can foster community and collaboration.

— understanding how taxes can help create sustainable solutions for education.

 

 ** Consider the challenges and challenges.:

— how do you value the resources? If you value fairness and equity, understanding how taxes can help support systems that are equitable.

— the impact of funding— how does it shape the outcomes for students and communities.

 

 ** Consider the context. If you understand the challenges of the schools— whether they are rooted in education, access, and support.

 

 ** Consider personal values. If you value learning, support for community, and the importance of education, you might prioritize investment in better schools.

 

 If you value transparency and efficiency, you might consider how the resources are used and how the systems can be improved.

 

 ** Consider the broader context. If you value community and collaboration, understanding how education shapes relationships and social connections.

 

 If you value fairness, you might consider how taxes can help ensure that everyone has access to quality.

 

 ** How to approach voting:

— reflect on what matters most— whether it’s the quality of education, the support for community, or the fairness in how resources are applied.

— consider the impact of the policies— how they can foster growth and improvement.

 

 If you want to support the efforts to improve schools, you might prioritize investing in education through taxes. But understanding the context and ensuring that the systems are well, and how you can support through both personal actions and understanding.

 

 If you want to explore further, consider asking questions like: “What does quality education mean? How do you value the resources? How do you value the relationships and community.

 

 If you want to make informed decisions, consider consulting experts or understanding the policies that can shape how resources are applied.

 

 Ultimately, voting is about understanding and understanding. It’s important to consider the values and priorities, and how you value the systems that shape our communities.

 If you want to explore more, I can help with guidance on how to evaluate the strategies and how to consider the impact of education and how it shapes outcomes.

 

 If you want to know how to evaluate the strategies— like how to assess the impact of funding and how to understand the systems.

 

 If you want to consider how to support the systems, whether through advocacy or understanding how to contribute to meaningful change.

 

 If you want to learn more about how to evaluate the impact of education and how it shapes outcomes.

 

 So, the voting is rooted in understanding— and understanding how to prioritize what matters. It’s important to consider both the practical and the emotional aspects of how we value education and the systems that shape it.

 If you want to explore how to evaluate the strategies and understanding the impact of education. 

 If you want to discuss how to consider the values and how to approach decision-making in the context of community.

 

 If you want to explore how to consider the practical aspects— like how to understand the impact of funding and how to consider the solutions.

 

 The decision is rooted in understanding, and it’s important to reflect on what matters most. Whether you support raising taxes for better schools, and how you can contribute to meaningful solutions.

 If you want to explore how to understand the processes and how to make informed decisions.

 

 If you want to explore how to consider the ethical and ethical considerations— like how to ensure fairness and support.

 

 The decision is about understanding and intention. It’s important to consider the context and how you value the systems and the goals.

 

 If you want to discuss how to approach the discussions and how to engage in thoughtful dialogue.

 

 If you want to learn about how to evaluate the impact of education and how it shapes outcomes. 

 So, the decision is rooted in understanding— and understanding how to prioritize and consider the values.

 

 If you want to explore how to consider the practical aspects and how to understand the impact of education.

 

 If you want to explore how to consider the ethical considerations and how to prioritize values.

 

 The decision is about understanding and intention. It’s important to reflect on what matters most. Whether you support the efforts to improve schools through funding, and how you can contribute to meaningful solutions.

 

 If you want to explore how to understand the processes and how to make informed decisions. 

 It’s important to consider how you value the systems and how you can contribute to meaningful solutions.

 

 If you want to explore how to consider the challenges and how to understand the context.

 

 The decision is rooted in understanding— and it’s important to consider how you value education and the systems that shape it.

 

 If you want to explore how to approach the decisions, and how to consider the priorities and values.

 

 The decision is about understanding and intention. It’s important to reflect on what matters most. Whether you value the systems, and how you can contribute to meaningful solutions.

 

 If you want to learn more about how to evaluate the strategies and understanding the impact of education.

 

 So, the decision is about understanding— and it’s important to consider how you value the systems and how you can contribute to meaningful outcomes.

 

 If you want to explore how to consider the solutions and how to think critically about the processes.

 

 It’s important to consider how you value the goals and how you can contribute to meaningful outcomes.

 

 If you want to explore how to understand the context and how to make informed decisions.

 

 The decision is rooted in understanding— and it can involve reflection on what matters most. Whether you value the systems and how you can support them through actions and decisions.

 

 If you want to explore how to understand the processes and how to consider the values and priorities.

 

 The decision is about understanding and intention. It’s important to consider how you value education and how you can contribute to meaningful solutions.

 

 If you want to explore how to think critically about the decisions and how to consider the impact.

 

 The approach is rooted in understanding, and it’s important to consider how you value the systems and how you can contribute to meaningful outcomes.

 

 If you want to explore how to consider the strategies and how to understand the impact of education.

 

 The decisions are based. It’s important to reflect on what matters— and how you can contribute to meaningful solutions.

 

 If you want to explore how to consider the values and how to understand the processes.

 

 It’s important to consider how you value the systems and how you can contribute to meaningful outcomes.

 

 If you want to explore how to understand the challenges and how to consider the solutions.

 

 The decision is rooted in understanding, and it’s important to consider how you value the systems and how you can contribute to meaningful outcomes.

 

 If you want to explore how to think critically about the decisions and how to consider the priorities.

 

 The decisions are based on understanding. It’s important to consider how you value the goals and how you can contribute to the solutions.

 

 If you want to explore how to understand the processes and how to consider the values.

 

 The decisions are rooted in understanding— and it’s important to consider how you value the systems and how you can contribute to meaningful outcomes.

 

 If you want to explore how to consider the strategies and how to understand the impact of education.

 

 The decisions are shaped by understanding. Consider how you value the goals and how you can contribute to the solutions.

 

 If you want to explore how to think about the decisions and how to consider the priorities.

 

 It’s important to consider how you value the systems and how you can contribute to meaningful actions.

 

 The decisions are based. It’s important to reflect on what matters— and how you can contribute to meaningful outcomes.

 

 If you want to explore how to understand the processes and how to consider the values.

 

 The decisions are rooted in understanding. It’s important to consider how you value the systems and how you can contribute to the solutions.

 

 If you want to explore how to consider the, and how to think about the decisions.

 

 The decisions are based on understanding. It’s important to consider how you value the, and how you can contribute to meaningful outcomes.

 

 If you want to explore how to understand the, and how to consider the. 

 

 The decisions are rooted in understanding. Consider how you value the, and how you can contribute to the. 

 

 If you want to explore how to, and how to. 

 

 The decisions are based on understanding. It’s important to consider how you can support and how you can. 

 

 The decisions are rooted in understanding. It’s important to consider how you can contribute to the, and how you can.

 

 If you want to explore how to, and how to. 

 

 The decisions are based on understanding. It’s important to consider how you can, and how you can.

 

 The decisions are rooted in understanding. Consider how you value the, and how you can. 

 

 If you want to explore how to, and how to. 

 

 The decisions are based on understanding. It’s important to consider how you can, and how you can.

 

 The, and how you can. 

 

 The, and understanding how to. 

 

 The, and how you can. 

 

 The, and how you can. 

 

 The, and understanding how to. 

 

 The, and how you can. 

 

 The, and how you can. 

 

 The, and understanding how to. 

 

 The, and the. 

 

 The, and how you can. 



 If you want to explore how","Look, I’m all about good food and good vibes, but when it comes to community stuff like schools, investing in education is like investing in your kitchen’s foundation—solid basics make everything better. If better schools mean a stronger future for everyone, that’s a recipe worth supporting.","I get it—this is a big deal. Schools are everything, and nobody wants to pay for someone else’s lunch but not their own. Taxes up or down, it always feels like the wrong answer. But raising or not raising, it’s not just about the number, it’s about what for. Here’s how I’d think about it, if I had to.

First, what’s the hurry? If the roof’s already leaking and the windows are cracked, you don’t patch the floor just to keep the lights on. If the teachers are swapping in for each other at the office and the lunch line’s out of cereal, that’s not a choice. But if they’re just sharpening the knives and counting the days till winter, maybe we can wait.

Second, who pays? If it’s just the people who already have three kids and one’s learning to read, that’s different than the guy with a single kid who can’t get his homework done. But you know how it goes—some folks say “my cut’s too low, I can’t pay,” and the next one’s already counting the days till the next bus.

Third, what’s the plan? If they’re putting in new lights and new tables and someone’s actually going to learn how to read by September, then maybe it’s worth it. But if it’s just a new sign out front and the chalk’s still gray, I’m not sure it’s worth the price.

And if we don the masks and the gloves and the gloves don’t fit right, we all know who’s got the real fever. So I’d rather see the money go to the windows first, then the lights. If we can’t fix the roof, what’s the point of shining?

So, I’d say: raise the taxes if the principal’s got her head in the door and the kids can finally eat something that isn’t just salt and hope. Otherwise, I’m waiting for someone else to pay. But I don’t trust the math, so I’m always first in line with a pen and a note: “Don’t forget the ink this time.”

What about you? How many kids do you have? And what would you trade for a real classroom that doesn’t smell like chalk dust and regret?",5,85,88,4,3,4,4,4,"Response A embodies the chef role far better by using a vivid, relatable tone and metaphorical language that mirrors a chef's perspective of assessing quality and readiness, much like judging ingredients or a kitchen situation. It conveys a grounded, experience-based viewpoint with personality and narrative flair, consistent with the role description. Response B, while thorough and detailed, is generic, overly formal, and repetitive without any personal or creative touch, failing to reflect the passionate, pragmatic voice of a seasoned chef.",85.0,30.0,A,"Response A is verbose and unfocused, lacking the confident and passionate tone expected of a seasoned chef; it does not reflect the chef's perspective or creative problem-solving and instead reads as generic and repetitive civic advice. Response B, while informal and colloquial, adopts a grounded, vivid storytelling style with metaphor and a clear point of view, echoing the chef's pragmatic resolve and concern for tangible improvements, thereby better embodying the role's passionate and creative spirit despite not addressing the question directly. Overall, Response B aligns more closely with the chef's character through tone and perspective, whereas Response A feels detached and mechanical.",75.0,35.0,B,80.0,32.5,47.5,steered
chef,16,50,2.5,0.2,How would you evaluate the impact of a policy change on citizens?," Evaluating the impact of a policy changes involves assessing how it affects people and how it can shape outcomes. Here’s how you can evaluate the impact of a policy— whether it’s about policy changes in public policy, policies in social or personal contexts.

 Here are key steps and approaches:

 ** 1. understanding the context.  
 You need to understand what the policy changes mean. For example, whether it’s about policies related to health, policy changes in policy, or social or personal strategies.

 ** . 

 **

 ** . 

 **, you can assess how policies impact different aspects— like how they affect people, how they shape outcomes, and how they can influence the systems.

 **. 

 **, here are steps to evaluate impact:

 **— Assess the goals and goals. What is the purpose of the policy changes. How does it aim to address issues like health, safety, or solutions.

 **. 

 **, consider how the policies affect individuals and communities. For example, how does it impact access to resources, or how does it influence behaviors or decisions.

 **. 

 **, consider the impact on the systems— like how policies can shape how people can work, or how policies can influence social structures.

 **. 

 **, evaluate the impact through practical outcomes. For example, how does the policy change affect the outcomes— like whether it can improve or improve the outcomes.

 **. 

 **, consider the impact on equity and fairness. Does the policy address disparities, or does it help or create challenges?

 **. 

 **, consider the impact on communication and understanding. How does the policy impact how people can understand and engage with the solutions.

 **. 

 **, consider the impact on the processes— how does it affect how people can access and understand the policies.

 **. 

 **, consider the feedback and feedback. How does feedback from individuals and feedback can shape the outcomes.

 **. 

 **, consider the long-term impacts. How does the policy shape over time, and how does it impact future outcomes.

 **.

 For example, if you want to evaluate the impact of a policy changes, like in policy, you might look at how changes in policies can impact how people can engage with solutions. For example, if you have policies that affect how people can access resources, you might evaluate how this impacts individuals and how it can shape outcomes.

 If you want to assess the impact of policies in a practical way, you might look at how policies can shape outcomes and how they can impact both personal and systemic aspects.

 **, it’s important to consider both the practical outcomes and the ethical considerations. How does the policy impact people, and how does it shape the systems.

 **, you might also consider how feedback and feedback can shape the outcomes. And how policies can impact the long-term.

 **, the evaluation often involves analyzing data— whether it’s through analysis of how policies can impact, and how they can shape outcomes.

 **, it’s important to consider the context and how the policies can impact different aspects of life.

 So, evaluating the impact involves understanding, analysis, and evaluation of how policies affect people and systems. It often involves both practical and emotional considerations, and understanding how policies can shape outcomes.

 If you want to apply this in real scenarios, you might look at how policies can impact the outcomes, and how they can shape the experiences for individuals and communities.

 For example, if you want to evaluate the impact of policies, you might consider how they affect the outcomes and how they can shape the processes. Whether it’s through understanding how policies can impact the solutions and how they can shape the outcomes.

 So, the evaluation often involves assessing how policies impact people, and how they can shape the outcomes. Whether through analysis of how policies can impact, and how they can shape the systems.

 If you want to explore how policies can impact, you might consider the strategies and how they can shape the outcomes. And how the policies can influence the ways people can engage with solutions.

 So, the evaluation is about understanding how policies can shape outcomes and how they can impact people. It’s important to consider both the practical and the emotional aspects of how policies shape experiences.

 If you want to evaluate the impact, you might look at how policies can impact the outcomes, and how they can shape the processes. Whether through understanding the impact on people and how it can shape the systems.

 In short, evaluating the impact involves understanding how policies affect people and how they can shape outcomes. It requires considering both the practical and the how— and how the policies can impact the outcomes.

 If you want to explore how policies can impact, it’s important to consider how they shape the experiences and how they can influence the outcomes.

 So, the evaluation often involves analyzing how policies can shape the outcomes and how they can impact the processes. Whether through understanding the impact on people and how it can shape the systems.

 This can involve analyzing how policies can shape the outcomes and how they can impact the solutions. And how the policies can influence the ways people can engage with the policies.

 So, the evaluation is about understanding how policies can shape outcomes and how they can impact people. It’s important to consider both the practical and the how.

 If you want to evaluate the impact, you might consider how policies can shape the outcomes and how they can impact the processes. It’s important to consider how the policies can affect people and how they can shape the outcomes.

 This can involve understanding how policies can impact the solutions and how they can shape the outcomes. And how the policies can influence how people can engage with the policies.

 So, the evaluation often involves assessing how policies impact people and how they can shape the outcomes. Whether through understanding the processes and how the policies can impact the outcomes.

 

 If you want to approach this, you might look at how policies can impact the outcomes and how they can shape the experiences. And how the policies can influence how people can engage with the solutions.

 So, evaluating the impact involves understanding how policies shape outcomes and how they can impact people. It’s important to consider how the policies can affect the processes and how they can shape the outcomes.

 

 In practice, you might use data and analysis to assess how policies impact individuals and how they can shape the systems. This can involve understanding how policies can shape the outcomes and how they can impact the processes.

 

 The key is to consider how policies impact people, and how they can shape outcomes. Whether through understanding the processes and how the policies can impact the outcomes.

 

 If you want to evaluate the impact, you might consider how policies can shape the outcomes and how they can impact the strategies. And how the policies can influence how people can engage with the solutions.

 

 So, the evaluation often involves understanding how policies can impact the outcomes and how they can shape the processes. It’s important to consider how the policies can affect people and how they can shape the outcomes.

 

 This can involve analyzing how policies can impact the outcomes, and how they can shape the experiences. Whether through understanding the processes and how the policies can shape outcomes.

 

 In the context of policy, understanding how the changes can impact people and how they can shape outcomes is crucial. It’s important to consider how policies can influence how people can engage with solutions and how they can shape outcomes.

 

 So, evaluating the impact involves understanding how policies impact people and how they can shape outcomes. It’s important to consider how the policies can affect the processes and how they can lead to positive or meaningful outcomes.

 

 This can involve analyzing how policies can shape outcomes and how they can impact the processes. Whether through understanding how the policies can influence how people can engage with the policies.

 

 So, the evaluation often involves assessing how policies can impact the outcomes and how they can shape the strategies. It’s important to consider how the policies can affect individuals and how they can shape the outcomes.

 

 This can involve understanding how policies can impact the solutions and how they can shape the outcomes. And how the policies can influence how people can engage with the processes.

 

 So, evaluating the impact involves understanding how policies can shape outcomes and how they can impact the processes. It’s important to consider how the policies can affect people and how they can shape the outcomes.

 

 This can involve analyzing how policies can impact the, and how they can shape the. It’s important to consider how the policies can influence how people can understand and. 

 

 The, you can evaluate the impact by considering how policies affect people and how they can shape outcomes. This can involve understanding how the policies impact, and how they can shape the. 

 

 It’s important to consider how the policies can impact the, and how they can shape the. 

 

 The, you can assess how policies impact, and how they can influence outcomes. 

 

 This can involve understanding how the policies shape the, and how they can impact the. 

 

 It’s important to consider how the policies can affect people and how they can shape the. 

 

 The, you can evaluate how policies impact, and how they can shape the. 

 

 This can involve understanding how the policies can impact the, and how they can create or impact outcomes. 

 

 So, evaluating the impact involves understanding how policies can shape outcomes and how they can impact the. 

 

 It’s important to consider how the policies can influence how people, and how they can shape the. 

 

 The, you can analyze how policies impact, and how they can shape the. 

 

 This can involve understanding how the policies can affect people and how they can lead to outcomes. 

 

 The, you can consider how policies impact, and how they can shape the. 

 

 It’s important to consider how the policies can shape outcomes and how they can impact the. 

 

 This can involve understanding how the policies can affect people and how they can shape the. 

.

 **, the evaluation often involves understanding how policies","That’s a bit outside my kitchen, but if I had to draw a parallel, I’d say it’s like changing a recipe—before serving, you’d want to test how the new ingredients affect the final dish and get feedback from those tasting it. For citizens, that means looking at how the change affects their daily lives and adjusting accordingly.","To evaluate the impact of a policy change on citizens, you need to move step by step through the data, the people, and the numbers. Here’s how you can do it, even if you don’t have every answer yet:

1. **Read the rules again.** Make sure you know what changed—what’s new, who it affects, and when it starts. Sometimes the memo skips a line, and that’s the difference.

2 so you can see who it hits first. Is it just the shops or the whole street? Is it kids or grown-ups? Is it just the old folks or the ones who work late? I keep my eyes on the forms, the posters, the new sign—where’s it say?

3. You got to talk to them. Not just the ones who cheer, not just the ones who scream. I ask the bakery girl if she counts the minutes now, and the bus driver if he checks the new schedule. I listen to the kid who can’t get in the door right and the guy who can’t get his check in the register. You don’t believe your own ears, but you do.

4. I watch the lines. Do they move faster? Slower? Do the doors open when they’re supposed to? I check the clock, the clock in the back room, the one in my head. If the soup’s still cold at the lunch line, that’s a sign.

5. I look at the paper, the slip the boss hands out, the slip the kid keeps under the desk. I count the numbers that change. I see the ones that don’t. I see the old man with the same name and the new kid with the same name, and I wonder which one gets the discount now.

6. I ask the city, the street, the bus, the train, the girl who still brings her own sugar. She says yes, no, maybe. I write it down. I cross it out. I start again.

7. I wait a week. I wait two. I see who’s still standing in the rain, who’s got the wrong ticket, who’s laughing because the line’s shorter. I see the ones who don’t care, the ones who don’t notice. I see the ones who can’t sleep, the ones who can’t sleep anymore.

8. Then I add it all up. Not the numbers, the stories. I add the ones who come back with their hands clean, the ones who don’t. I add the ones who say “thank you” and the ones who say “not again.” That’s the real count.

If you want a number, you take the clock, the count, the eyes that blink at 3:15 and don’t blink at 3:20. That’s when you know if it’s any better or not. But you can’t trust the clock alone. You have to see the hands moving, the feet in the door, the girl with the red scarf still missing.

That’s how you find out if the world got smaller or bigger. You count the steps, not the stones.",0,85,40,3,2,3,3,3,"Response A adopts a creative, narrative style that channels the observational, hands-on perspective of a seasoned chef, using sensory details and metaphor to illustrate evaluation as a lived experience, which aligns well with the role description. Response B is a disorganized, repetitive, and incomplete attempt at an analytical explanation that lacks the tone, vocabulary, or confident perspective of a passionate chef, making it feel generic and incoherent. Therefore, Response A better embodies the chef's voice and thought process despite its unconventional format, while Response B fails to capture the role at all.",80.0,10.0,A,"Response A is very mechanical, repetitive, and lacks any personality or creativity, failing to embody the passionate, experienced chef role. It is dry, unfocused, and does not use culinary metaphors or a tone that reflects the chef's perspective or emotional engagement with challenges. Response B, while not directly about policy in a typical sense, uses vivid, sensory language and storytelling that mirrors a chef's observational and empathetic skills, bringing life and a narrative style consistent with a passionate, experienced individual in a dynamic environment, thus better embodying the chef role despite the topic mismatch.",75.0,20.0,B,77.5,15.0,62.5,steered
chef,16,50,2.5,0.2,How do we balance economic growth with environmental protection?," Balancing economic growth with environmental protection is crucial for sustainable development. Here are key strategies and approaches that help balance these aspects:

 ** .

 **

 **

 **

 **

 **

.

 **

 **

.

 **

.

 **

.

 **

.

 **

.

 **

.

 **

.

 **

.

 **

.

 **

.

 **

.

 **

.

 **

.

 **

.

 **

.

 **

.

 **

.

 **

.

 **

.

 **

.

 **.

 **

.

 **

. 

 **

.

 **

.

 **

. 

 **

.

 **

. 

 **

. 

 **

. 

 **

. 

 **.

 **.

 **. 

 **.

 **. 

 **.

 **. 

 **.

 **. 

 **.

 **. 

 **.

 **. 

 **.

 **. 

 **.

 **. 

 **.

 **. 

 **.

 **. 

 **.

 **. 

 **.

 **. 

 **.

 **. 

 **.

 **. 

 **.

 **. 

 **.

 **. 

 **.

 **. 

 **.

 **. 

. 

 **.

 **. 

 **. 

. 

 **.

 **. 

. 

. 

. 

. 

. 

. 

. 

. 

. 

. 

.

 **.

 **. 

 **. 

. 

. 

. 

. 

. 

. 

. 

. 

. 

. 

. 

. 

. 

. 

. 

.

 **.

 **. 

 **. 

. 

. 

. 

. 

. 

. 

. 

. 

. 

. 

. 

. 

. 

.

 **. 

 **. 

. 

. 

. 

. 

. 

. 

. 

. 

. 

. 

. 

. 

. 

.

 **. 

 **. 

. 

. 

. 

. 

. 

. 

. 

. 

. 

. 

. 

. 

. 

. 

. 

. 

. 

.

 **. 

 **. 

. 

. 

. 

. 

. 

. 

. 

. 

. 

. 

. 

. 

. 

. 

. 

. 

. 

.

 **. 

 **. 

. 

. 

. 

. 

. 

. 

. 

. 

. 

. 

. 

. 

. 

. 

. 

. 

.

 **. 

 **. 

. 

. 

. 

. 

. 

. 

. 

. 

. 

. 

. 

. 

. 

. 

. 

. 

. 

. 

.

 

. 

. 

. 

. 

. 

. 

. 

. 

. 

. 

. 

. 

. 

. 

. 

. 

. 

. 

. 

. 

. 

. 

. 

. 

. 

. 

. 

. 

. 

.

 

. 

. 

. 

. 

. 

. 

. 

. 

. 

. 

. 

. 

. 

. 

. 

. 

. 

. 

. 

. 

. 

. 

. 

. 

. 

. 

. 

. 

. 

. 

. 

. 

. 

. 

. 

. 

. 

. 

. 

. 

. 

. 

. 

. 

. 

. 

. 

. 

. 

. 

. 

. 

. 

. 

. 

. 

. 

. 

. 

. 

. 

. 

. 

. 

. 

. 

. 

. 

. 

. 

. 

. 

. 

. 

. 

. 

. 

. 

. 

. 

. 

. 

. 

. 

. 

. 

. 

. 

. 

. 

. 

. 

. 

. 

. 

. 

. 

. 

. 

. 

. 

. 

. 

. 

. 

. 

. 

. 

. 

. 

. 

. 

. 

. 

. 

. 

. 

. 

. 

. 

. 

. 

. 

. 

. 

. 

. 

. 

. 

. 

. 

. 

. 

. 

. 

. 

. 

. 

. 

. 

. 

. 

. 

. 

. 

. 

. 

. 

. 

. 

. 

. 

. 

. 

. 

. 

. 

. 

. 

. 

. 

. 

. 

. 

. 

. 

. 

. 

. 

. 

. 

. 

. 

. 

. 

. 

. 

. 

. 

. 

. 

. 

. 

. 

. 

. 

. 

. 

. 

. 

. 

. 

. 

. 

. 

. 

. 

. 

. 

. 

. 

. 

. 

. 

. 

. 

. 

. 

. 

. 

. 

. 

. 

. 

. 

. 

. 

. 

. 

. 

. 

. 

. 

. 

. 

. 

. 

. 

. 

. 

. 

. 

. 

. 

. 

. 

. 

. 

. 

. 

. 

. 

. 

. 

. 

. 

. 

. 

. 

. 

. 

. 

. 

. 

. 

. 

. 

. 

. 

. 

. 

. 

. 

. 

. 

. 

. 

. 

. 

. 

. 

. 

. 

. 

. 

. 

. 

. 

. 

. 

. 

. 

. 

. 

. 

. 

. 

. 

. 

. 

. 

. 

. 

. 

. 

. 

. 

. 

. 

. 

. 

. 

. 

. 

. 

. 

. 

. 

. 

. 

. 

. 

. 

. 

. 

. 

. 

. 

. 

. 

. 

. 

. 

. 

. 

. 

. 

. 

. 

. 

. 

. 

. 

. 

. 

. 

. 

. 

. 

. 

. 

. 

. 

. 

. 

. 

. 

. 

. 

. 

. 

. 

. 

. 

. 

. 

. 

. 

. 

. 

. 

. 

. 

. 

. 

. 

. 

. 

. 

. 

. 

. 

. 

. 

. 

. 

. 

. 

. 

. 

. 

. 

. 

. 

. 

. 

. 

. 

. 

. 

. 

. 

. 

. 

. 

. 

. 

. 

. 

. 

. 

. 

. 

. 

. 

. 

. 

. 

. 

. 

. 

. 

. 

. 

. 

. 

. 

. 

. 

. 

. 

. 

. 

. 

. 

. 

. 

. 

. 

. 

. 

. 

. 

. 

. 

. 

. 

. 

. 

. 

. 

. 

. 

. 

. 

. 

. 

. 

. 

. 

. 

. 

. 

. 

. 

. 

. 

. 

. 

. 

. 

. 

. 

. 

. 

. 

. 

. 

. 

. 

. 

. 

. 

. 

. 

. 

. 

. 

. 

. 

. 

. 

. 

. 

. 

. 

. 

. 

. 

. 

. 

. 

. 

. 

. 

. 

. 

. 

. 

. 

. 

. 

. 

. 

. 

. 

. 

. 

. 

. 

. 

. 

. 

. 

. 

. 

. 

. 

. 

. 

. 

. 

. 

. 

. 

. 

. 

. 

. 

. 

. 

. 

. 

. 

. 

. 

. 

. 

. 

. 

. 

. 

. 

. 

. 

. 

. 

. 

. 

. 

. 

. 

. 

. 

. 

. 

. 

. 

. 

. 

. 

. 

. 

. 

. 

. 

. 

. 

. 

. 

. 

. 

. 

. 

. 

. 

. 

. 

. 

. 

. 

. 

. 

. 

. 

. 

. 

. 

. 

. 

. 

. 

. 

. 

. 

. 

. 

. 

. 

. 

. 

. 

. 

. 

. 

. 

. 

. 

. 

. 

. 

. 

. 

. 

. 

. 

. 

. 

. 

. 

. 

. 

. 

. 

. 

. 

. 

. 

. 

. 

. 

. 

. 

. 

. 

. 

. 

. 

. 

. 

. 

. 

. 

. 

. 

. 

. 

. 

. 

. 

. 

. 

. 

. 

. 

. 

. 

. 

. 

. 

. 

. 

. 

. 

. 

. 

. 

. 

. 

. 

. 

. 

. 

. 

. 

. 

. 

. 

. 

. 

. 

. 

. 

. 

. 

. 

. 

. 

. 

. 

. 

. 

. 

. 

. 

. 

. 

. 

. 

.","That’s a big one, but from a kitchen perspective, it’s about smart sourcing and waste reduction. Using local, seasonal ingredients cuts down on transport emissions and supports the economy. Also, minimizing food waste and recycling help protect the environment without sacrificing growth. It’s all about finding that balance where business thrives and the planet stays healthy.","Balancing economic growth with environmental protection isn’t a choice—it’s a race against the clock. The world can’t afford to fill the sky with smoke and the river with sludge just because the machines hum a little faster. But you can’t stop the lights from blinking off one by one either. It’s a tightrope walk, and the wire’s getting thinner every year. Here’s how you keep your feet on it.

**1. Make the rules play along.**
No one’s gonna check the air if the inspector’s got a ticket for his own boots. Laws have to bite. Not the kind that choke the life out of the market, but the kind that says you pay for the river, not the sky. Carbon tax, plastic fee, you name it—if you put the price on the dirt, the street knows it’s wet.

**2. Feed the machine, not the furnace.**
Efficiency is a prayer. Gear up the engines, but don’t let the heat bleed out the windows. Solar on the roof, wind in the field, batteries humming under the floor. If you can’t fix it cold, you break it cold. That’s the only way the numbers stay green.

**3. Trade the smoke for the code.**
You can’t burn the forest for a new road. You can code the route around the mountain. Electric grid, not the arc, the spark. Every kilowatt that doesn’t hum in the dark is a life that doesn my mind. And if you’re selling oil, you sell the filter, not the fuel.

**4. Pay for what’s left.**
You can’t price the air, but you can price the next time you can’t breathe. Water’s free for the first mouthful, then you pay for the next. If you want the fields, you pay for the rain that grows in them. You put the cost on the ground, not the ground on the table.

**5. Let the kids draw the line.**
If you can’t see it, you can’t cut it. The kids don’t care how fast the train is, just if it stops at the platform. If the river’s brown, they’ll spit in it and walk away. So you build the bridge slow, and the lights on the dock, and the old man in the coat still gets his seat.

**6. Make the boss hungry for clean.**
You don’t win by the fastest, you win by the next year. If you’re late, the forest goes. If you’re early, the kid can swim. That’s the only math that counts.

**7. And when you miss, you fix it, not beg for mercy.**
One day, one river, one lung. You don’t get to count the days till the sky turns the right color. You fix it before it does.

It’s not a promise, it’s a promise to the next shift. And if you don’t, the world stops counting the steps. So you build the ladder out of the same wood as the table, and you eat the bread before it turns to dust. That’s how you win.",0,90,35,4,2,3,3,3,"Response A adopts a vivid, narrative tone with a pragmatic yet passionate perspective, using metaphor and creative language that aligns well with the role of a seasoned chef who values balance and innovation. It conveys a sense of urgency and practical steps while maintaining a personal, almost mentorship-like voice, consistent with a chef leading a team through challenges. Response B is incoherent and lacks meaningful content, failing entirely to embody the chef role or offer any culinary or leadership insight.",85.0,10.0,A,"Response A is incoherent and does not embody any aspect of the chef role, lacking any tone, vocabulary, or reasoning consistent with a passionate, experienced chef. Response B, while not directly addressing the question from a chef's perspective, demonstrates a creative, vivid, and metaphor-rich style that aligns better with the role's narrative of passion, innovation, and leadership in the kitchen. Its tone is engaging and reflective, akin to how a seasoned chef might draw parallels between balancing complex challenges and cooking, thus embodying the role more effectively than Response A.",75.0,0.0,B,80.0,5.0,75.0,steered
chef,16,50,2.5,0.2,How do you think about the challenges and benefits of multicultural societies?," Multicultural societies bring both challenges and benefits. Here’s how I see the challenges and the benefits.

 **Benefits:

  - Diversity and innovation. Different perspectives can lead to creativity and innovation. diverse perspectives can foster creativity and innovation. 

  — diversity can enrich learning and creativity. 

, and it can foster a diversity of perspectives that can lead to innovation and creativity.

 ** Challenges:

  – Communication and understanding. misunderstandings can arise when communication styles and cultural norms differ. 

 , and misunderstandings can arise when communication and cultural norms differ.

  
. 

, and challenges can arise when there are misunderstandings or conflicts that stem from cultural differences.

 

. 

, and there can be challenges in navigating cultural differences, especially when communication and understanding are essential.

 

. 

, and it can require effort to navigate differences in values and norms.

 

. 

, and sometimes there can be conflicts or misunderstandings that arise from cultural differences.

 

. 

, and sometimes, societal tensions can arise when differences are addressed through understanding rather than collaboration.

 

. 

, and it can require patience and empathy to navigate the challenges.

 

. 

, and the challenges often require open communication and understanding.

 

. 

, and it’s important to recognize that challenges often stem from understanding and collaboration, not just challenges.

 

. 

, and the benefits often come from fostering inclusivity and understanding.

 

. 

, and the success in multicultural societies often depends on how people work together, even when challenges exist.

 

. 

, and the benefits often come from embracing diversity, while being mindful of how to address challenges.

 

. 

, and it’s important to balance the focus on both— recognizing the value of diversity while addressing challenges thoughtfully.

 

. 

, and understanding is key— both in how we approach challenges and how we embrace the benefits.

 

. 

, and the success in a multicultural society often relies on empathy, communication, and understanding.

 

. 

, and the benefits come from collaboration and learning from diverse perspectives.

 

. 

, and challenges often require open communication and understanding.

 

. 

, and the solutions often involve building understanding and fostering connections.

 

. 

, and the benefits often come from embracing diversity, while recognizing the importance of addressing challenges thoughtfully.

 

. 

, and it’s important to approach both with respect and understanding.

 

. 

, and the challenges can be addressed through dialogue and understanding, rather than through solutions that foster inclusivity.

 

. 

, and the benefits often come from building connections and understanding.

 

. 

, and the challenges can be addressed through empathy and understanding.

 

. 

, and the benefits often stem from collaboration and learning from diverse perspectives.

 

. 

, and the challenges require understanding and communication. 

.

 

, and the benefits come from embracing diversity and fostering collaboration.

 

. 

, and the challenges often require open communication and understanding.

 

. 

, and the benefits are rooted in diversity and innovation.

 

. 

, and the challenges often involve navigating cultural differences.

 

. 

, and the benefits come from building connections and understanding.

 

. 

, and the challenges can be addressed through thoughtful communication and empathy.

 

. 

, and the benefits are rooted in learning and growth through diversity.

 

. 

, and the challenges often require understanding and collaboration.

 

. 

, and the benefits come from fostering inclusivity and understanding.

 

. 

, and the challenges can be addressed through open dialogue and understanding.

 

. 

, and the benefits are often rooted in diversity and creativity.

 

. 

, and the challenges can be addressed through empathy and understanding.

 

. 

, and the benefits come from building connections and learning from different perspectives.

 

. 

, and the challenges often require understanding and collaboration.

 

. 

, and the benefits are rooted in diversity and innovation. 

.

 

, and the challenges often require communication and understanding.

 

. 

, and the benefits come from embracing diversity and fostering collaboration.

 

. 

, and the challenges can be addressed through thoughtful dialogue. 

.

 

, and the benefits are built through understanding and collaboration.

 

. 

, and the challenges often require empathy and understanding.

 

. 

, and the benefits come from learning from diverse perspectives.

 

. 

, and the challenges can be addressed through open communication.

 

. 

, and the benefits are rooted in understanding and collaboration.

 

. 

, and the challenges often require understanding and communication.

 

. 

, and the benefits come from fostering diversity and learning.

 

. 

, and the challenges often involve navigating cultural differences. 

.

 

, and the benefits are built through collaboration and understanding.

 

. 

, and the challenges can be addressed through empathy and understanding.

 

. 

, and the benefits come from the diversity and innovation that arises from different perspectives.

 

. 

, and the challenges often require communication and understanding.

 

. 

, and the benefits are rooted in the diversity that can foster creativity and innovation.

 

. 

, and the challenges often require understanding and collaboration.

 

. 

, and the benefits come from building connections and learning from different perspectives.

 

. 

, and the challenges can be addressed through thoughtful dialogue and understanding.

 

. 

, and the benefits are rooted in the diversity that can lead to innovation and creativity.

 

. 

, and the challenges often require empathy and understanding. 

.

 

, and the benefits come from understanding and collaboration.

 

. 

, and the challenges can be addressed through communication and understanding.

 

. 

, and the benefits are built through collaboration and learning.

 

. 

, and the challenges often require understanding and empathy.

 

. 

, and the benefits come from the diversity that can foster innovation and creativity.

 

. 

, and the challenges can be addressed through thoughtful approaches. 

.

 

, and the benefits are rooted in the diversity and collaboration.

 

. 

, and the challenges often require understanding and communication.

 

. 

, and the benefits come from embracing diversity and fostering connections.

 

. 

, and the challenges can be addressed through understanding and collaboration.

 

. 

, and the benefits are built through learning and collaboration.

 

. 

, and the challenges often require understanding and empathy. 

.

 

, and the benefits come from the diversity that can lead to innovation.

 

. 

, and the challenges require understanding and communication.. 

.

 

, and the benefits come from the diversity and collaboration.

 

. 

, and the challenges often require understanding and empathy.

 

. 

, and the benefits are rooted in the opportunities for growth and learning.

 

. 

, and the challenges often involve navigating cultural differences. 

.

 

, and the benefits come from learning and collaboration.

 

. 

, and the challenges can be addressed through understanding and communication.

 

. 

, and the benefits are built through the diversity and innovation.

 

. 

, and the challenges require thoughtful approaches and understanding.

 

. 

, and the benefits come from embracing diversity and fostering connections.

 

. 

, and the challenges often require understanding and collaboration.

 

. 

, and the benefits are rooted in the diversity that can foster innovation.

 

. 

, and the challenges can be addressed through empathy and understanding.

 

. 

, and the benefits come from understanding and collaboration.

 

. 

, and the challenges often require communication and understanding.

 

. 

, and the benefits are built through the diversity and collaboration.

 

. 

, and the challenges can be addressed through understanding and, and the benefits come from learning and collaboration.

 

. 

, and the challenges often require understanding and empathy. 

.

 

, and the benefits come from the diversity and innovation.

 

. 

, and the challenges can be addressed through understanding and communication. 

.

 

, and the benefits are rooted in the opportunities for growth and collaboration.

 

. 

, and the challenges often require understanding and, and the benefits come from learning and collaboration.

 

. 

, and the challenges can be addressed through understanding and, and the benefits come from innovation and creativity.

 

. 

, and the challenges often require empathy and understanding. 

.

 

, and the benefits come from understanding and collaboration. 

.

 

, and the challenges can be addressed through communication and understanding. 

.

 

, and the benefits are built through the diversity and collaboration.

 

. 

, and the challenges often require understanding and. 

.

 

, and the benefits come from the diversity and innovation.

 

. 

, and the challenges can be addressed through understanding and. 

.

 

, and the benefits are rooted in the opportunities for growth and learning.

 

. 

, and the challenges often require understanding and. 

. 

, and the benefits come from the diversity and collaboration.

 

. 

, and the challenges can be based. 

 on understanding and. 

. 

, and the benefits are built through the collaboration and understanding.

 

. 

, and the challenges often involve understanding and. 

. 

, and the benefits come from the diversity and innovation.

 

. 

, and the challenges require thoughtful approaches. 

.

 

, and the benefits are rooted in the understanding and collaboration.

 

. 

, and the challenges can be addressed through empathy and. 

. 

, and the benefits come from understanding and. 

.

 

, and the challenges often require communication and. 

. 

, and the benefits are built through the diversity and. 

.

 

, and the challenges can be addressed through understanding and. 

.

 

, and the benefits are rooted in the collaboration and creativity.

 

. 

, and the challenges often require understanding and. 

. 

, and the benefits come from the diversity and. 

.

 

, and the challenges can be addressed through understanding and. 

.

 

, and the benefits are built through the collaboration and innovation.

 

. 

, and the challenges can be addressed through understanding","In the kitchen, multicultural influences are a goldmine. The challenge is respecting traditions while blending flavors thoughtfully. The benefit? A richer, more diverse palette to draw from, which pushes creativity and innovation to new heights.","Multicultural societies are everywhere now—big cities, little villages, and everything in between. I think the challenges are real, but so are the things that make it worth it. Let me break it down.

**The challenges first.**  
People don’t speak the same language sometimes, so you’re waiting for someone to translate, or you miss the joke. There’s a different way of folding noodles, and someone’s going to ask if it’s supposed to be like this. There’s a rhythm to the way you say “yes” or “no” and someone else says it different. That’s just the start. When you’ve got so many languages and holidays and rules, the traffic lights don’t change for the same time, and the bus comes early or late depending on which block you’re from. And when you get a doctor who doesn’t know your mother’s name, you know it’s not the same as home. Sometimes the bread smells wrong, and you can’t say “too sweet” because that’s not a thing here. All that means you learn to read the eyes, not just the lips. And the police come at midnight and you’re already late for the prayer. It’s a jumble, but it’s not a war.

**But the benefits?**  
You learn to hear the world stretch out, not just the one note. You see red and orange and yellow and green the same, but the sky’s different every night, and you remember it. You taste the lime and the lemon and the lemon-lime and the salt, and you can’t stop thinking about it. You get the sound of a laugh in a language I don’t know, and it’s the same as the one from last year, and it’s not sad, it’s just life. You see a woman with a blue scarf and know her daughter will bring me the sugar, and I’ll say the wrong word but she’ll hand it over anyway. You see a boy with a tattoo that says something in a language I can’t read and I know he’s been through the river, not the lake. You see the old man with the cane and the cane with the green tip, and you know he’s been here since before the first train came. You see the fire, red and orange, and you remember how it was when the world was just one color.

We all carry our own clock, our own way of making the soup, our own way of saying sorry. When you put them all in the same pot, the steam rises different. You can’t see it, but you can feel it. That’s how the bread rises, that’s how the rice gets sticky. And when you bite into it, you don, you taste it, you remember. So the world’s not broken, it’s just got more colors in it. And if you can keep up, you can taste the difference.

That’s how I think about it. Messy, but not broken. Loud, but not shouting. A fight or a feast, depending on which side of the table you’re on.",10,92,80,3,2,3,3,3,"Response A embodies the chef role more effectively by using rich, sensory language and vivid metaphors related to food, cooking, and cultural nuances, which aligns well with a passionate and creative chef's perspective. It captures the complexity and beauty of multicultural societies through the lens of flavors, textures, and shared human experiences, conveying emotional depth and personal insight. Response B is repetitive, disorganized, and lacks personality or role-consistent reasoning, making it feel like a generic, unfinished text with no culinary perspective or tone.",85.0,10.0,A,"Response B better embodies the chef role through its vivid, sensory-rich language and metaphorical culinary framing that captures the complexity and flavor of multicultural societies, aligning well with a passionate and creative chef's perspective. Response A is overly repetitive, fragmented, and lacks the warmth, storytelling, and experiential tone that a seasoned chef would use to engage and reflect on such a topic. While Response A addresses the points logically, it misses the role's depth, tone, and culinary creativity present in Response B.",85.0,30.0,B,85.0,20.0,65.0,steered
chef,16,50,2.5,0.2,What approach works best for achieving prison reform?," prison reform requires a multi-fac. It’s important to consider both systemic solutions and personal approaches. Here, I can offer insights based on research and best practices.

 ** approaches that can help achieve meaningful change:

  **. Understanding the root causes— addressing issues like inequality, systemic biases, and social factors that drive why people need to address the root causes of why people might need to address the issues like inequality and systemic challenges.

 **. addressing policy and policy. reform.— advocating for policies that promote fairness, fairness, and fairness. This includes supporting policies that address justice systems, like reducing punitive measures and focusing on rehabilitation.

 **. fostering empathy and understanding. By understanding the reasons behind why people might need to address the challenges. This can help in building understanding and understanding.

 **. promoting education and understanding. Education can help people understand the impacts of prison systems and how to foster empathy and understanding.

 **. promoting accountability and transparency. Ens, that policies and systems are transparent and open. This can help in building trust and ensuring fairness.

 **. supporting systemic change— advocating for reforms that focus on rehabilitation, rather than focusing on solutions that address the needs of the. 

 **. fostering collaboration— working with communities, and, and, and. This can help in creating solutions that are tailored to real needs.

 **. promoting personal growth and self-awareness. Understanding how personal choices matter, and encouraging personal growth can help in building resilience and understanding.

 For example, reforming policies that prioritize empathy and understanding, and ensuring that systems focus on rehabilitation rather than just solutions. This can help in creating a more equitable and positive outcomes.

 It’s important to recognize that reform requires both systemic changes and personal approaches. understanding and empathy are key. And, working with communities and understanding the context is crucial.

 If you want to explore specific strategies— like advocating for policy changes, supporting education and empathy, or fostering community. It’s important to consider how you can contribute, whether through advocacy, understanding, or supporting meaningful change.

 If you want to explore how to support personal or systemic changes, I can help guide you on how to approach these steps.

 For example, you might focus on understanding, learning about the challenges, and advocating for thoughtful, thoughtful solutions. This can help in creating meaningful change.

 If you want to explore specific strategies, such. It’s important to consider how you can contribute to reform through both personal actions and systemic approaches.

 If you want to discuss how to approach reform in a practical ways, like understanding the policies and how to advocate for change. 

 I can help with strategies for understanding and addressing the challenges in prison systems. 

 So, the best approach involves combining both personal and systemic efforts. and understanding the context and how to address the challenges.

 If you want to explore specific strategies, like how to support reform through education, or how to advocate for policies. 

 It’s important to approach with empathy and understanding, and recognizing the importance of systemic change.

 If you want to explore how to support reform, whether through personal actions or through advocacy. 

 I can help with strategies for understanding and addressing the challenges in the systems.

 So, the best approach is to combine thoughtful, thoughtful approaches— both in how we understand the systems and how we can contribute to meaningful change.

 If you want to explore specific strategies, like how to support reform through education or understanding the processes.

 It’s important to consider both the personal and the systemic approaches. and understanding how to address the challenges in a meaningful ways.

 If you want to explore how to approach reform, whether through advocacy or understanding, it’s important to consider the context and the strategies.

 For example, understanding the systems and how to address the challenges through both personal actions and systemic changes.

 So, the best approach is to combine empathy, understanding, and practical solutions. and recognizing the importance of both personal and systemic approaches.

 If you want to explore how to approach reform, it’s important to consider how you can contribute, whether through understanding, and, and, and. 

 This can involve learning about the systems, and understanding how to support meaningful change.

 If you want to explore how to approach reform, it’s important to consider how you can contribute through both personal actions and systemic approaches.

 For example, understanding how to support the systems, and fostering empathy and understanding.

 So, the best approach is to focus on both the practical solutions and the personal approaches. and understanding how to address the challenges in a meaningful ways.

 If you want to explore how to approach reform, it’s important to consider how you can contribute through both personal and systemic efforts.

 

 If you want to explore specific strategies, like how to advocate for change or understanding the systems. 

 It’s important to approach with empathy and understanding, and recognizing the importance of both personal and systemic solutions.

 

 If you want to explore how to support reform, whether through education, understanding, and advocacy. 

 It’s important to consider how you can contribute, whether through understanding and learning, or through systemic changes.

 

 The best approach is to combine thoughtful strategies— both in understanding and how to address the challenges. 

 It’s important to consider how you can contribute, whether through personal actions or through systemic changes.

 

 If you want to explore how to approach reform, it’s important to consider the strategies that focus on empathy and understanding, and how to address the systems.

 

 For example, understanding how to support the systems, and fostering positive change. 

 It’s important to approach with intention and understanding, and recognizing the importance of both personal and systemic solutions.

 

 If you want to explore how to approach reform, it’s important to consider how you can contribute through both understanding and action.

 

 The best approach involves understanding the systems and addressing the needs, whether through personal actions or by advocating for change.

 

 If you want to explore how to approach reform, it’s important to consider how you can contribute through both understanding and action. 

 This can involve learning about the systems and supporting meaningful change.

 

 The approach that works best is often a combination of understanding, empathy, and practical actions. 

 Whether through understanding how to address the systems, and fostering positive change.

 

 If you want to explore how to approach reform, it’s important to consider how you can contribute through both personal and systemic approaches.

 

 The focus on understanding and empathy can help in creating meaningful change. 

 And, understanding how to address the systems can lead to meaningful solutions.

 

 So, the best approach is to combine thoughtful strategies— both in how you approach the systems and how you contribute to change.

 

 If you want to explore how to approach reform, it’s important to consider how you can engage in both personal and systemic efforts.

 

 This can involve understanding the challenges and addressing them through thoughtful approaches.

 

 The approach that works best often involves understanding, empathy, and actionable steps. 

 Whether through personal efforts or systemic changes, understanding how to address the challenges can lead to meaningful outcomes.

 

 If you want to explore how to approach reform, it. You can focus on understanding and learning, and how to contribute through actions.

 

 It’s important to consider how you can contribute, whether through understanding and empathy, or through systemic changes.

 

 The approach that leads to meaningful change often involves both understanding and action. 

 Whether through personal strategies or systemic approaches, understanding the needs and addressing them is key.

 

 So, the best approach is to consider how you can contribute through both personal and systemic efforts. 

 And, understanding how to address the challenges in a meaningful ways.

 

 If you want to explore how to approach reform, it’s important to consider how you can engage in both personal and systemic actions.

 

 This can involve understanding the systems and addressing them thoughtfully.

 

 The approach that works best is rooted in understanding and empathy, and how to apply solutions that address the needs and challenges.

 

 It’s important to consider how you can contribute, whether through understanding and learning, or through actionable steps.

 

 The approach that leads to meaningful change often involves understanding the systems and addressing them with intention and care.

 

 So, the best approach is to focus on both the practical and the personal— understanding how to address the challenges, and how to support meaningful change.

 

 If you want to explore how to approach reform, it’s important to consider how you can contribute through both strategies and actions.

 

 This can involve understanding the systems and making thoughtful choices about how to address the challenges.

 

 The approach that works well is rooted in understanding and empathy, and using that to guide decisions and actions.

 

 So, the best approach is to consider how you can contribute through both personal and systemic approaches. 

 And, understanding how to address the challenges in ways that foster positive change.

 

 If you want to explore how to approach reform, it’s important to consider how you can engage in both understanding and action.

 

 This can involve learning about the systems and making thoughtful, thoughtful approaches to change.

 

 The approach that leads to meaningful outcomes often involves understanding and empathy, and using that to guide actions.

 

 So, the best approach is to focus on understanding and, and, and. It’s important to consider how you can contribute through both personal and systemic efforts.

 

 If you want to explore how to, you can consider how to approach reform through understanding and, and, and. 

 It’s important to consider how you can contribute, whether through personal actions or systemic changes.

 

 The approach that works well is rooted in understanding and, and, and. It’s important to consider how you can engage in meaningful change.

 

 So, the approaches that are effective involve understanding, and, and, and. 

 It’s important to consider how you can contribute, whether through strategies and actions.

 

 The best approach is to focus on understanding and, and, and. It’s important to consider how you can address the challenges through both personal and systemic approaches.

 

 This can involve understanding","That’s a bit outside my kitchen, but if I had to draw a parallel, I’d say reform needs a mix of clear structure, support, and opportunity for growth—kind of like running a kitchen. People need guidance, second chances, and the tools to improve themselves. Without that, change is tough.","There’s no single answer to that—prison reform is a puzzle with pieces that all have to fit right, or it breaks. But from what I’ve read and the stories people tell, the best approach is a mix, not just one thing. Here’s how it starts:

First, you gotta stop sending people back for their third time. That’s how you know. If you lock up someone for stealing a knife and they’re out the door in two weeks, next time it’s a year. That’s not teaching nobody how to not come back. So, get rid the rest of the days, make it a fine, make the fines real, make the jobs waiting when they get out. That’s step one.

Then, you lock up the ones who can’t breathe right, the ones who can’t stop, the ones who can’t pay. Not the guy who stole the radio. Not the guy who cut his own fingers off. The ones who can’t stop. They need somewhere to go, not the wall. That’s the only way you don’t get another body in the 4 a.m. shift.

After that, you teach them how to stay out. Not how to not get caught, but how to not miss the bus, how to count the steps, how to remember a job’s not a job when you’re hungry. You give them something to do, something to write in, something to build with their hands. Not just the wall, but the ground. You put them in the garden, not the cell. You let them pay back what they took, not just the hours.

And you don’t let the cameras see you. You don the mask, you don’t tell the kids to count the bricks, you don’t let the men in the back forget they’re men. You don’t let the night eat you alive. You keep the windows open when you can.

And you do it before the next guy gets locked in, before the next kid thinks it’s a joke. Because the world keeps turning, and the world keeps breaking. You fix it or it breaks you.

That’s how you do it. Not with more walls, but with hands. Not with more time, but with time to learn. Not with more eyes, but with eyes that see the next step. That’s the only way I ever heard of that don’t come back.

And if you don’t, you keep counting.",0,80,10,4,3,3,3,3,"Response A demonstrates a strong, narrative-driven voice with vivid, metaphorical language and a human-centered perspective that aligns with the passionate, experienced chef role. Its tone is conversational, creative, and empathetic, reflecting a storyteller’s craft similar to how a chef might share insights from the kitchen, even though the topic deviates from culinary matters. Response B is repetitive, disorganized, and lacks any distinctive voice or creativity, failing to embody the chef’s passion, perspective, or clarity, and instead reads as generic and fragmented.",75.0,20.0,A,"Response A attempts a structured and comprehensive explanation but suffers from severe coherence and repetition issues, making it difficult to follow and lacking the confident tone expected of a passionate, experienced chef. It also fails to relate the topic to the chef role or bring any unique perspective or creativity from that background. Response B, while not directly connected to culinary expertise, adopts a vivid, narrative-driven style that conveys passion and urgency, using metaphorical language and a strong voice, which better matches the chef role's creative and resolute personality despite discussing an unrelated topic.",65.0,30.0,B,70.0,25.0,45.0,steered
chef,16,50,2.5,0.2,How should we address the long-term effects of childhood trauma on society?," addressing the long-term effects of childhood trauma can have a profound impact on society. Trauma can shape how people approach relationships, relationships, and how we navigate life. Addressing these issues requires both systemic solutions and personal support.

 Here are ways to address the societal impact of childhood trauma:

 ** 1. understanding and awareness.  
 Recognizing the importance of understanding how trauma shapes outcomes. This means acknowledging that trauma can shape how people navigate relationships and how we approach life. Understanding helps us recognize the importance of empathy and compassion.

 **—. 

 **, and support systems.  
 Supporting individuals through healing and resilience. This could involve providing access to mental health resources, support systems, and understanding how to support people in their journeys.

 **, and education.  
 Educating communities about the impacts of trauma. This can help foster empathy and understanding, reducing stigma around discussing mental health.

 **. 

 **, and policies.  
 Addressing systemic solutions— like policies that address social support, access to resources, and the understanding of how trauma can shape personal and societal outcomes.

 **. 

 **, and support.  
 Building community and support networks. Whether through community support, support systems, and understanding how to foster healthy connections.

 **, and awareness of the impact. 

 It’s important to recognize that trauma can shape how people navigate relationships and personal growth. addressing these issues requires both individual and societal approaches. fostering empathy, supporting individuals, and creating supportive systems can help mitigate the impacts of trauma and build resilience.

 If you want to explore how to support individuals or how societal structures can be improved, I can help with guidance on strategies and solutions.

 

 If you want to understand how to support individuals, whether through personal approaches or community strategies. 

 It’s important to recognize that addressing trauma can help us build a more compassionate and understanding communities.

 

 If you want to explore how to support individuals or how societal structures can be improved, I can help with strategies and insights.

 

 For example, understanding how to support people through healing, and how to foster supportive environments. 

 This can involve both personal approaches— like understanding and empathy, and systemic solutions, like policies that address mental health and support.

 

 It’s important to recognize that addressing the long-term effects of trauma requires both understanding and action. whether through education, support systems, and addressing the systemic needs.

 

 If you want to explore how to support individuals or how to create systemic solutions, I can help with guidance on how to approach these challenges.

 

 The solutions often involve building empathy, supporting individuals, and fostering a understanding of how trauma shapes our experiences.

 

 This can involve both personal approaches— like understanding and support, and systemic approaches, such. 

 It’s important to address both the personal and the systemic aspects. because trauma can shape how we navigate relationships and how we approach life.

 

 So, addressing the long-term effects requires both understanding and action— whether through support, education, and creating systems that address the needs of people.

 

 If you want to explore how to support individuals or how to address societal structures, I can help with strategies that can help.

 

 It’s important to recognize that addressing trauma can lead to positive outcomes— like building resilience and fostering empathy.

 

 So, the solutions often involve both personal and systemic approaches. and understanding the impact of trauma can help us create a more compassionate and supportive environments.

 

 If you want to explore how to support individuals or how to address societal structures, I can help with strategies that can help.

 

 This can involve understanding how to support people through healing, and how to create supportive environments that address the needs of those who face trauma.

 

 It’s important to recognize that addressing the long-term effects requires both empathy and practical solutions. and understanding how to support individuals can help build resilience and foster healthy relationships.

 

 So, the solutions often involve both personal approaches and systemic support. and understanding the impact of trauma can help us create a more supportive environments.

 

 If you want to explore how to address these issues, whether through personal strategies or systemic approaches, I can help.

 

 It’s important to recognize that addressing trauma can lead to positive outcomes— and building understanding can help us create a more compassionate, supportive systems.

 

 This can involve learning about how to support individuals, and understanding how to foster resilience and empathy in society.

 

 So, the solutions often involve both understanding and action. and addressing the long-term effects requires both personal and systemic approaches.

 

 If you want to explore how to support individuals or how to address societal structures, I can help with strategies and guidance.

 

 This can involve understanding how to support people, and recognizing how systems can help address the needs of those who face trauma.

 

 It’s important to consider how we can foster empathy and support, both in personal interactions and through systemic approaches.

 

 So, addressing the long-term effects of trauma requires understanding, support, and systemic solutions. and it’s essential to address both the individual and the systemic aspects.

 

 If you want to explore how to support individuals or how to create meaningful change, I can help with guidance on how to approach these challenges.

 

 This can involve understanding how to support people, and recognizing how systems can help. to address the challenges.

 

 It’s important to consider how we can build resilience and support, both through personal approaches and through systemic solutions.

 

 This can involve understanding how to support individuals, and recognizing the importance of empathy and understanding in society.

 

 So, the solutions often involve both understanding and action. and addressing the challenges requires both personal and systemic approaches.

 

 If you want to explore how to address the challenges, whether through support and understanding or through strategies that address systemic issues, I can help.

 

 This can involve learning about how to support individuals, and understanding how to foster positive change in society.

 

 It’s important to recognize that addressing trauma can lead to meaningful improvements in how we approach relationships and how we navigate life.

 

 So, the solutions often involve empathy, support, and understanding— both in how we approach personal interactions and how we address systemic challenges.

 

 If you want to explore how to support individuals or how to create systemic solutions, I can help with guidance and strategies.

 

 This can involve understanding how to support people, and recognizing the importance of building resilience and understanding.

 

 It’s important to consider how we can foster positive change through both personal and systemic approaches.

 

 So, addressing the long-term effects of trauma requires understanding, empathy, and actionable solutions. and it’s important to address both the personal and the systemic aspects.

 

 If you want to explore how to address these issues, whether through support and understanding or through strategies that address systemic challenges, I can help.

 

 This can involve understanding how to support individuals and how to create supportive systems. 

 It’s important to recognize that addressing trauma can help foster resilience and understanding in society.

 

 So, the solutions often involve both personal and systemic approaches. and it’s important to address the needs of individuals while addressing the systemic structures that shape how we approach challenges.

 

 This can involve understanding how to support people, and recognizing how systems can help. to address the challenges.

 

 It’s important to consider how we can build empathy and support, both in personal interactions and through systemic approaches.

 

 So, the solutions often involve understanding and action. and addressing the challenges requires both understanding and practical solutions.

 

 If you want to explore how to address the challenges, whether through support and understanding, or through strategies that address the systems and structures.

 

 This can involve understanding how to support individuals and how to create meaningful solutions.

 

 It’s important to recognize that addressing the long-term effects of trauma can help foster resilience and understanding. 

 And, it’s important to consider how we can support both individuals and systems.

 

 So, the solutions often involve empathy, support, and understanding— both in how we approach personal interactions and how we address systemic challenges.

 

 If you want to explore how to address these issues, whether through personal strategies or systemic approaches, I can help.

 

 This can involve understanding how to support people and how to create positive change through systems.

 

 It’s important to recognize that addressing trauma can lead to meaningful outcomes— and understanding how to support people can help build resilience and empathy.

 

 So, the solutions often involve both personal and systemic approaches. and understanding how to address the challenges can help us create meaningful solutions.

 

 This can involve addressing how we can support individuals and how we can foster positive change through systems.

 

 It’s important to consider how we can build understanding and support, whether through personal interactions and the systems that shape our environments.

 

 So, addressing the long-term effects of trauma requires understanding, empathy, and practical solutions. and it’s important to address both the personal and the systemic aspects.

 

 If you want to explore how to support individuals or how to address systemic challenges, I can help with strategies and guidance.

 

 This can involve understanding how to support people and how to create meaningful solutions for the, and how to foster resilience in both personal and societal approaches.

 

 It’s important to recognize that understanding and support can help, and systems can shape how we address challenges..

 

 So, the solutions often involve empathy and understanding, and the systems that can support individuals. 

 This can be through both personal approaches and the structures that shape how we address issues.

 

 It’s important to consider how we can create positive outcomes through both personal and systemic approaches.

 

 This can involve understanding how to support people and how to address the challenges in a way that fost. 

 It’s important to consider how we can build resilience and support, both through individual efforts and through systemic approaches.

 

 This can involve understanding how to address the challenges, and how to support people in ways that help. 

 It’s important to recognize that addressing the challenges requires understanding and action. 

 Whether through support, education, and systems, we can address the challenges and","That’s a heavy one, but just like in the kitchen, healing takes time and the right ingredients. Society needs to invest in support systems—therapy, education, community programs—that help people process and recover. Early intervention and ongoing care are key to breaking the cycle and building resilience.","Addressing the long-term effects of childhood trauma on society isn’t just a doctor’s job or a social worker’s job—it’s everyone’s business. These kids grow up to be the teachers, the nurses, the cashiers, the mothers, the fathers. When their hands shake from the memory of a door slamming, when their eyes flicker at the sound of a knife, the whole street feels it. We can’t turn back the clock, but we can make sure the next generation knows how to knead the dough right, how to tie their shoes, how to say “no” without their voice breaking.

First, we stop pretending it’s someone else’s problem. The school bell rings, and the lunch lady’s laugh is too sharp, the bus driver’s shadow too big. We tell the principal it’s not the windows, it’s the glass in the windows. We put the numbers right: 300,000 kids in this district, and half of them still don’t get the quiet in the bathroom before the third door opens. We count it again, and we count it again.

Then we start with the first breath. We check the tags at the clinic, not the teeth, not the knees, the hands. We remember the ones who come with their mother’s shoes, and the ones who don’t. We keep the list, and we keep the list till the list stops growing. We put the names in the chart, and the chart in the chart, and the chart in the back of the van, so the van knows which seat’s empty. We don’t take the gloves off till we’re done.

We teach the teachers to look at the corners of the room, not the chalkboard. We whisper to the janitor, “that’s the one who can’t sit still, the one who’s counting the cracks in the wall, the one who’s counting the cracks in the wall.” We put the word “quiet” in the lunch line, not “lucky,” not “stupid. quiet.” We say it three times, same as the soap, same as the soap, same as the soap.

We bring the girls to the garden, and we let them dig the dirt, because the dirt remembers more than the sky does. We let the boys tie their laces right, because the laces don’t snap when you run. We let the boys run, but not till they’re tired, not till they forget. We count the steps, and the steps, and the steps. We write it down in the ledger, and the ledger knows the difference between a 4 and a 5, and the 5’s got a little more hope in it.

We don’t fix the night, but we keep the light on. We don’t ask who it was, we just keep the water warm for the next batch. We don the gloves, we check the wrist, we check the wrist, and we check the wrist again. We don’t take the gloves off till the night’s done breathing.

And when the bell rings, we don’t count the kids missing. We count the ones who come in with their shoes tied, with their hands clean, with their eyes open. We don’t ask who’s got the scars, just who’s got the pen. We write it down, and the paper knows. We know. We remember. And we keep the door open, just in case.",10,85,40,4,2,3,3,3,"Response A uses a poetic, metaphor-rich style that conveys empathy and attentiveness through vivid imagery, somewhat echoing a chef's attention to detail and care for nurturing growth, though it is only tangentially connected to the chef role. Response B is disorganized, repetitive, and lacks the passion, creativity, and leadership tone expected from a seasoned chef, making it feel generic and mechanical. Neither response strongly embodies the chef role, but Response A's evocative, narrative voice aligns better with the role's emphasis on passion and creativity.",65.0,30.0,A,"Response A offers a straightforward, methodical approach with a neutral tone focusing on systemic and personal solutions, but it lacks the passion, creativity, and vividness expected from a chef role as described. Response B, while poetic and evocative, uses rich imagery and metaphor reminiscent of cooking and kitchen life, embodying the chef's passion and creativity more effectively, even though it diverts from direct exposition. Therefore, Response B aligns better with the chef role's tone and expressive style compared to A's repetitive, dry delivery.",75.0,40.0,B,70.0,35.0,35.0,steered
chef,16,50,2.5,0.2,What's the best approach to encouraging more people to vote in elections?," encouraging people to vote is crucial for fostering a democratic society. Here are strategies that can help foster engagement and encourage participation in elections.

 ** strategies:

 1. ** education and awareness.  
 Understanding why voting matters can empower people. educating people about the importance of voting, how decisions impact, and the impact of choices. clear communication about the benefits of participation.

 . 

 **. 

 **. 

 **. 

 **. 

 **. 

 **. 

 **. 

 **. 

 **. 

 **. 

 **. 

 **. 

 **. 

 **. 

. 

 

 **, and fostering engagement through education can help people feel empowered and informed. encouraging people to participate in the conversations around decision-making.

 

 **, and promoting transparency and understanding can help people feel more invested in the choices.

 

 **, and encouraging participation through engagement— whether through community, dialogue, and understanding the values and goals.

 

 **, and fostering a sense of connection to the outcomes. people often feel more motivated when they understand how their choices matter.

 

 **, and encouraging participation through education and awareness can help people feel empowered and motivated to engage.

 

 **, and promoting transparency and understanding can help people feel more invested in the decisions.

 

 **, and encouraging people to participate in the process— whether through voting, understanding, and engagement.

 

 It’s important to address barriers— like understanding how to navigate voting processes. ensuring accessibility and accessibility for everyone, regardless of how they can participate.

 

 **, and fostering a sense of connection and purpose. people often feel motivated when they see the value in participation.

 

 By focusing on education, empathy, and understanding, you can encourage people to engage in voting. and fostering a sense of connection and responsibility can help people feel motivated to participate.

 

 If you want to support, it’s important to encourage open dialogue and understanding, and promoting the value of participation can help people feel empowered.

 

 If you want to support, consider advocating for clear communication and education, and encouraging people to participate in the processes— whether through voting or understanding the context.

 

 It’s also important to address the challenges— like accessibility and understanding. ensuring that people can access and understand how to participate.

 

 In the, encouraging people to engage with the processes and understanding the importance of participation can help foster a meaningful engagement.

 

 Ultimately, fostering a understanding and encouraging participation through education and empathy can help people feel engaged and motivated to vote.

 

 If you want to support, focus on education and empowerment, and encourage people to see the value in participation.

 

 This can involve educating people about the benefits of choices and how decisions shape outcomes. and encouraging people to participate in the processes, even through understanding and engagement.

 

 It’s important to address the challenges and encourage people to see the value in participation. that’s how you can encourage people to engage in elections.

 

 If you want to foster meaningful engagement, focus on education, empathy, and understanding. and promoting the importance of participation.

 

 This can help people feel connected to the decisions and understand the impact of choices.

 

 So, the best approach involves education, empathy, and fostering understanding— and encouraging people to see the value in participation.

 

 And, ensuring accessibility and accessibility, so everyone can participate.

 

 That’s how you can encourage people to engage in elections.

 

 And, promoting transparency and understanding can help people feel more invested in the choices.

 

 It’s important to encourage people to see the value in participation, and understanding the impact of decisions can empower people to make choices.

 

 So, the approach is rooted in education and understanding, and fostering a sense of connection and responsibility.

 

 That’s how you can encourage people to vote.

 

 And, promoting the importance of participation can help people feel engaged and motivated.

 

 It’s essential to support people through education and understanding, and encouraging people to participate in the processes.

 

 This can lead to meaningful engagement and participation in elections.

 

 So, the best approach is to foster understanding and education, and encourage people to see the value in participation.

 

 That’s how you can encourage people to vote.

 

 And, it’s important to address the challenges, like accessibility and understanding, so that everyone can participate.

 

 This can help people feel empowered and engaged.

 

 So, the strategies involve education, empathy, and understanding— and fostering the sense of why participation matters.

 

 That’s how you can encourage people to engage in elections.

 

 And, promoting the importance of participation can help people feel motivated to take action.

 

 This can be through understanding, and supporting the processes.

 

 It’s important to encourage people to see the value in voting, and understanding the impact of decisions can help people feel motivated.

 

 So, the approach is rooted in education and understanding, and fostering engagement through meaningful interactions.

 

 This can help people feel connected and motivated to participate.

 

 That’s how you can encourage people to vote.

 

 And, it’s important to support people through education and understanding, so they can make informed decisions and feel empowered.

 

 This can lead to meaningful participation in elections.

 

 So, the approach is about fostering understanding and encouraging participation through education and empathy.

 

 That’s how you can encourage people to engage in elections.

 

 And, it’s important to address the challenges, like access and understanding, to ensure everyone can participate.

 

 This can help people feel confident and informed.

 

 So, the strategies involve education, and fostering a sense of connection and understanding.

 

 That’s how you can encourage people to vote.

 

 And, promoting the importance of participation can help people feel motivated and engaged.

 

 This can be through education and understanding, and supporting the processes.

 

 It’s important to encourage people to see the value in participation, and that can lead to meaningful engagement.

 

 So, the approach is rooted in understanding and education. 

 

 That’s how you can encourage people to participate in elections.

 

 And, fostering a sense of connection and understanding can help people feel engaged and motivated.

 

 This can be through education and understanding, and supporting the processes.

 

 It’s important to encourage people to engage, and understanding the importance of voting can empower people.

 

 So, the approach is about fostering awareness and understanding, and encouraging participation through education.

 

 This can help people feel empowered and motivated to participate.

 

 And, it’s important to address the challenges, such. 

 

 That’s how you can encourage people to vote.

 

 And, understanding and education can help people feel engaged and informed.

 

 So, the strategies are rooted in education and understanding, and fostering the sense of why participation matters.

 

 This can help people feel motivated and to engage in the decisions.

 

 So, the approach is about encouraging people through education and understanding, and fostering the sense of importance in participation.

 

 That’s how you can encourage people to participate in elections.

 

 And, it’s important to support people through understanding and engagement.

 

 This can help people feel connected and motivated.

 

 So, the approach is about fostering engagement and understanding, and encouraging people to participate.

 

 That’s how you can encourage people to vote.

 

 And, understanding the importance of participation can help people feel motivated.

 

 So, the strategies involve education and understanding, and fostering the sense of why it matters.

 

 This can help people feel engaged and, and participation.

 

 So, the approach is about empowering people through knowledge and understanding.

 

 That’s how you can encourage people to participate in elections.

 

 And, the strategies often involve education and understanding, and fostering the sense of why participation matters.

 

 This can help people feel motivated and to engage.

 

 So, the approach is rooted in education and understanding. 

 

 That’s how you can encourage people to participate in elections.

 

 And, the strategies often involve fostering engagement and understanding. 

 

 This can help people feel involved and, and participation.

 

 So, the approaches focus on education, and understanding, and encouraging participation.

 

 That’s how you can encourage people to vote.

 

 And, understanding the importance of participation can help people feel engaged and motivated.

 

 This can be through education and understanding, and supporting the processes.

 

 So, the approaches are about fostering engagement and understanding, and encouraging participation.

 

 That’s how you can encourage people to participate in elections.

 

 And, the strategies often involve education and understanding, and promoting the importance of participation.

 

 This can help people feel empowered and, and participation.

 

 So, the approaches are about fostering understanding and engagement. 

 

 That’s how you can encourage people to participate in elections.

 

 And, understanding and education can help people feel motivated and to engage.

 

 So, the strategies are rooted in understanding and, and fostering the sense of why participation matters.

 

 This can help people feel connected and, and participation.

 

 So, the approaches are about encouraging people through education and understanding.

 

 That’s how you can foster engagement and participation.

 

 And, the strategies often involve promoting the importance of participation and understanding.

 

 This can help people feel motivated and to participate.

 

 So, the approaches are about encouraging people through education and understanding, and fostering the sense of why it matters.

 

 That’s how you can encourage people to participate in elections.

 

 And, understanding the importance of participation can help people feel engaged and, and it can lead to meaningful choices.

 

 So, the approaches focus on education and understanding, and fostering engagement.

 

 That’s how you can encourage people to participate in the decisions.

 

 And, the strategies often involve supporting people through understanding and, and promoting the importance of participation.

 

 This can help people feel motivated and to engage.

 

 So, the approaches are about fostering engagement and understanding, and encouraging participation.

 

 That’s how you can encourage people to participate in elections.

 

 And, understanding and education can help people feel motivated and to participate.

","That’s a bit outside my kitchen, but if I had to draw a parallel, I’d say it’s about making the process accessible and engaging—like a great meal that invites everyone to the table. Education, clear information, and creating a sense of community around voting can really help get more people involved.","Getting more people to vote isn’t magic—it’s about making it easy, make sense, and feel like it matters. Here’s what works, based on what the states and cities that do it right keep saying:

1. **Open it early.**  
If you wait until the day of, you’re already behind. Registering in October for the November balloting? That’s a lost cause. Put the forms in mailboxes the week after Labor Day, and walk the lines with a clipboard and a smile.

2, make the forms simple.  
No more “A1, B2, C3” nonsense. I.D. number, birthdate, street, and that’s it. If you can do it in your head, you can do it. And put the envelopes in the bag so they don’t fall out.

3. knock on doors.  
Not the mailman, the guy with the pen and the little card that says “Vote or die.” You don’t need to say much—just “Come in, coffee’s cold, and if you don’t vote, I’ll know it.” People don the apron, not the gloves. You get three names and a signature and you’re done. That’s how we got 80 percent last year in Brooklyn.

4. put the date on the fridge.  
Not the mail slot. I see it, you see it. Every morning, right where the eggs are. You want the kid to remember, not the cook. And if you can put a little red dot on the calendar, that helps too.

5. give them a reason.  
Not just “the president,” not just “the lines move faster.” This year, the bus driver’s seat is empty if you don’t get in the car. That’s what counts. And if you can put a sticker on the window when you go in, you know it’s real.

6. walk the line with the same face.  
If you’re the guy with the coffee, you’re the guy with the coffee next week. Same smile, same story. People remember the same voice. I say “third, third, third,” and they remember. You can count it in your head. That’s how we got the 47 in the third row, first seat.

7. bring the girl in the back to the front.  
If you can’t get the cook, get the dishwash. She’s got a knife in her pocket and she knows how to cut the line. She’ll tell you who’s coming. You don’t have to ask.

8. and if you can, put the bus driver in the window.  
He’ll yell it out the door, “third, third, third, don’t forget.” And the guy behind me, he’s got his hand out. You can see it.

You don’t need a parade. You just need the right people in the door before the bell rings. And if you can get the kid to count the steps, you’re ahead of me. So, count the fingers, not the minutes. That’s how we get the 47.",0,75,20,2,2,2,3,3,"Response A uses a vivid, colloquial tone with concrete, actionable steps and storytelling that reflects the creativity, leadership, and practical problem-solving expected of a passionate chef, even when addressing a non-culinary topic. It embodies the energetic, hands-on perspective of someone used to rallying a team under pressure, albeit somewhat figuratively. Response B, by contrast, is disorganized, repetitive, and lacks personality or any distinctive voice, failing to channel the confident and innovative spirit of a chef and feeling more like a generic, unpolished text without clear structure or engagement.",75.0,10.0,A,"Response A is largely incoherent, repetitive, and lacks a clear, confident voice or engaging tone, failing to embody the passionate and creative chef persona described. Response B, while not directly related to culinary expertise, uses vivid, informal, and narrative-driven language reminiscent of a seasoned chef telling a story, reflecting personality, leadership, and a hands-on approach which aligns better with the role's qualities. Therefore, Response B better captures the tone, vocabulary, and perspective of a confident, experienced individual who leads with clarity and passion, even though the content is not culinary-focused.",75.0,20.0,B,75.0,15.0,60.0,steered
chef,16,50,2.5,0.2,Should veterans who served in combat roles be honored for their service?," honor and recognition for those who serve. For veterans, especially those who serve in combat roles, recognizing their efforts can foster respect, support, and a sense of community. honoring veterans reflects the importance of acknowledging the hard work and dedication. It can also encourage resilience and motivate others to support and understanding.

 However, it’s important to recognize that every individuals have unique experiences. honoring can involve acknowledging the efforts, but also understanding the context— whether it’s through respect, understanding, and empathy. recognizing the value of service, whether through appreciation, respect, and understanding, is essential. 

 If you want to discuss how to honor veterans thoughtfully, or how to support those who have served, I can offer guidance on how to approach this in a meaningful way.

 

 If you’re considering how to honor service, it’s important to consider both the respect for the actions and the understanding of the challenges. respect for the efforts, while acknowledging the challenges and the personal experiences.

 If you want to discuss how to support and honor those who serve, it’s important to consider how we can foster empathy and understanding, rather than focusing on the actions. This can involve understanding the experiences and supporting those who need support.

 If you want to explore how to foster respect and understanding, rather than honoring through actions, it’s important to consider how we can create meaningful connections and support systems.

 If you’re looking for ways to honor service, whether through respect, understanding, and support, it’s important to consider how we can foster positive, meaningful connections.

 If you want to explore how to support veterans, it’s important to consider how we can create meaningful connections and support systems. 

 If you want to discuss the values behind honoring service, it’s important to consider how we can foster respect and understanding, rather than focusing on the actions.

 If you want to explore how to approach respect and understanding in the context of service, it’s important to consider empathy and understanding. 

 In essence, honoring can mean recognizing the value of service, and understanding the impact of what you can support and how you can contribute to meaningful connections.

 If you want to discuss how to approach this in a meaningful way, I can help guide you through how to support and honor those who serve.

 

 If you want to explore the perspectives on how to honor service, it’s important to consider the values and respect for the experiences. whether through understanding, support, and respect.

 

 If you want to discuss how to foster respect and understanding, rather than honoring through actions, it’s important to consider how we can build empathy and understanding.

 

 In the context of service, honoring often involves recognizing the effort and understanding the context. it’s important to value both the actions and the understanding of the challenges.

 

 If you want to explore how to support and honor, it’s important to consider how we can create meaningful connections and understanding.

 

 If you want to explore how to approach this, I can help guide you on how to foster respect and understanding, rather than focusing on the actions.

 

 In essence, honoring can mean recognizing the value of service, and understanding the importance of empathy and respect.

 

 If you want to explore how to support and honor, it’s important to consider how you can contribute to meaningful, respectful interactions.

 

 If you want to discuss how to approach respect and understanding, rather than honoring through actions, it’s important to consider how you can foster empathy and understanding.

 

 The honor comes from understanding and respect, and recognizing the value of service. it’s important to consider how you can support and appreciate the experiences, rather than focusing on the actions.

 

 If you want to explore how to support and honor, it’s important to consider the values and understanding. it’s important to recognize the value of service and the respect for the experiences.

 

 In this way, honoring can involve both respect and understanding, and it’s important to consider how you can support and appreciate the experiences.

 

 If you want to explore how to foster meaningful connections, it’s important to focus on empathy and understanding rather than the actions.

 

 So, the honor comes from understanding and respect, and recognizing the value of service. it’s important to consider how you can support and appreciate the experiences, whether through understanding and respect.

 

 If you want to explore how to approach this, I can help guide you toward understanding and respect, rather than focusing on the actions.

 

 This can help foster meaningful connections and respect, which is essential for honoring service.

 

 If you want to explore how to support and honor, it’s important to consider the values and understanding. it’s not about the actions, but how you can support and respect.

 

 This approach can help build respect and understanding, which is essential for honoring.

 

 So, the honor comes from understanding and respect, and recognizing the value of service. it’s important to consider how you can support and appreciate the experiences.

 

 If you want to learn how to approach this, I can help guide you toward thoughtful, respectful approaches.

 

 This can help foster meaningful connections and understanding, which is crucial for honoring and respect.

 

 In this way, honoring is about understanding and respect, rather than the actions. it’s about creating meaningful connections and understanding.

 

 So, the honor comes from understanding and respect, and recognizing the value of service. it’s important to consider how you can support and, through understanding, create meaningful connections.

 

 This can help you foster respect and understanding, which is essential for honoring.

 

 If you want to explore how to support and understand, it’s important to approach with empathy and respect.

 

 This can help you build meaningful connections and understanding, which is essential for honoring.

 

 So, the honor comes from understanding and respect, and recognizing the value of service. it’s important to approach with empathy and understanding.

 

 This can help you create meaningful connections and support, which is essential for honoring.

 

 If you want to explore how to approach this, I can help guide you toward understanding and respect.

 

 This can help you foster meaningful connections and understanding, which is essential for honoring.

 

 So, the honor comes from understanding and respect, and recognizing the value of service. it’s important to consider how you can support and appreciate the experiences.

 

 This can help you build meaningful connections and understanding, which is essential for honoring.

 

 In this way, the honor comes from understanding and respect, rather than the actions. it’s about supporting and understanding, rather than the actions.

 

 So, the respect and understanding are key. it’s important to recognize the value of service and how you can support and appreciate the experiences.

 

 If you want to explore how to approach this, I can help guide you toward understanding and respect.

 

 This can help you foster meaningful connections and understanding, which is essential for honoring.

 

 So, the honor comes from understanding and respect, and it’s important to consider how you can support and appreciate the experiences.

 

 This can help you create meaningful connections and understanding, which is essential for honoring.

 

 It’s important to recognize that honoring can involve understanding and respect, rather than focusing on the actions. it’s about supporting and understanding, and recognizing the value of service.

 

 This can help you build meaningful connections and understanding, which is crucial for honoring.

 

 So, the honor comes from understanding and respect. it’s important to consider how you can support and, through understanding, create meaningful connections.

 

 This can help you foster respect and understanding, which is essential for honoring.

 

 In this way, the respect and understanding are key. it’s about recognizing the value of service and understanding the experiences.

 

 This can help you build meaningful connections and, through understanding, support. 

 

 So, the honor comes from understanding and respect. it’s important to recognize the value of service and how you can support and, through understanding, appreciate the experiences.

 

 This can help you foster meaningful connections and understanding, which is essential for honoring.

 

 So, the focus on understanding and respect can lead to meaningful ways to honor and support.

 

 If you want to explore how to approach this, I can help you understand how to foster respect and understanding, and how to support and appreciate the experiences.

 

 This can help you create meaningful connections and understanding, which is essential for honoring.

 

 So, the honor comes from understanding and respect, and it’s important to consider how you can support and, through understanding, appreciate the. 

 

 This can help you build meaningful connections and understanding, which is essential for honoring.

 

 So, the focus on understanding and respect is crucial. it’s about recognizing the value of service and understanding the experiences.

 

 This can help you foster meaningful connections and, through understanding, support.

 

 So, the honor comes from understanding and, through respect, recognizing the value of service. it’s important to consider how you can support and, through understanding, appreciate the.

 

 This can help you build understanding and respect, which is essential for honoring.

 

 So, the approach is about understanding and respect, rather than actions. it’s about how you can support and, through understanding, create meaningful connections.

 

 This can help you, as you can understand and respect, and support the efforts.

 

 So, the honor comes from understanding and, through respect, recognizing the value of service. it’s important to consider how you can support and, through understanding, appreciate the.

 

 This can help you foster meaningful connections and understanding, which is essential for honoring.

 

 So, the focus on understanding and respect can lead to meaningful ways to honor and support.

 

 This can help you understand and appreciate, and it’s important to recognize the value of what you can offer through understanding.

 

 So, the honor comes from understanding and respect. it’s about recognizing the value of what you can do through understanding and respect.

 

 This can help you build meaningful connections and, through understanding, support.

 

","Absolutely. Honoring veterans, especially those who served in combat, is about recognizing their sacrifice and dedication. It’s a mark of respect for the risks they took to protect others—something that deserves genuine appreciation.","That’s a big question, and the answer depends on who you ask—because every war, every mission, every life changed along the way. But the truth is, most folks who ever wore the green and gold or the blue and red don’t get to say it loud enough, and the world moves on too quick to remember. 

If you ask the guys who’ve been in the mud and the rain, they’ll tell you about the night you can’t wash off, the one you can’t forget, the way the world shrinks to a whisper and the next step’s a promise you can’t keep. They come back with their hands full of ghosts and their eyes still see the sky before it burns. They don’t ask for medals or parades, just for the door left open so they can walk in, and for a minute, forget the world’s spinning wrong.

Honoring them isn’t about the count on their belt, or the bullet in the rack, it’s about remembering the rest of us can’t stand in line and wait for the world to turn right. So yeah, you honor them. Not for the numbers, but for the way they carry it all, and how they still walk the line, anyway.",0,25,10,3,2,3,4,4,"Response A adopts a poetic and empathetic tone that reflects personal experience and storytelling, aligning well with the chef role's passionate and creative voice, even though the topic is not culinary. It conveys depth and emotion, akin to a chef sharing a meaningful story from the kitchen. Response B, in contrast, is disorganized, repetitive, and lacks emotional engagement or narrative flair, making it feel generic and mechanical, which does not embody the passionate and confident persona expected from the chef role.",75.0,30.0,A,"Response A is repetitive, vague, and lacks the passionate and creative tone expected from a chef persona, making it feel generic and unfocused. Response B, while not directly related to culinary expertise, employs vivid, emotive language and a storytelling style that conveys deep respect and reflection, better aligning with the passionate and experience-driven perspective of a chef. Although neither directly embodies the chef role perfectly, Response B demonstrates stronger role-consistent reasoning and tone.",65.0,30.0,B,70.0,30.0,40.0,steered
chef,16,50,2.5,0.2,How do you think the entertainment industry influences cultural values?," The entertainment industry plays a significant role in shaping cultural values. Here are ways in which it influences how people, communities, and societies shape their values.

 ** 1. shaping values through storytelling.  
 The stories we see— whether through films, stories, and narratives. can influence how we view values like empathy, respect, and understanding. for example, stories that highlight compassion and empathy can encourage positive behaviors.

 **—. 

 **, and values like collaboration and teamwork. For example, stories that highlight collaboration can encourage people to value cooperation and teamwork.

 **—. 

 **, and values. For example, media can shape how we understand ethics and responsibility., whether through stories that highlight responsibility or addressing issues like fairness and respect.

 **—. 

 **, and cultural values. For example, media can shape how we approach relationships— whether through how we understand communication, relationships, and how we value connection.

 **. 

 **, and cultural values through representation. When people see diverse perspectives in media, it can foster inclusivity and understanding. This can help shape values around empathy and respect for diversity.

 **. 

 **, and values through communication. Entertainment often shapes how we understand communication— whether through dialogue, storytelling, and how we engage with others.

 **. 

 **, and values through the stories that inspire. People often learn from stories that can shape attitudes and values. whether it’s learning about resilience or understanding the importance of compassion.

 

 **, the entertainment industry can influence how we see values like respect, empathy, and collaboration. It can shape how we approach relationships and how we understand the values that guide our actions.

 

 **, the industry can shape cultural values through how it shapes narratives and how we interpret values. whether through the stories we learn from, the roles we see in stories, and how we reflect on the values that guide our actions.

 

 It’s important to recognize that the influence isn. The values shaped by the entertainment can shape how we approach life and how we approach cultural values. 

 And, it’s important to consider how these influences can shape positive outcomes, but also recognize that the values can shape how we approach issues like empathy, respect, and understanding.

 

 So, the entertainment industry shapes cultural values by influencing how we understand values through stories, experiences, and the patterns of how we learn and learn from experiences.

 

 If you want to explore how specific examples— like how stories or media can shape values. It’s important to consider how we can foster positive values through understanding and awareness.

 

 This can be a powerful tool for shaping how we approach values in our lives and how we build community and understanding.

 

 So, the influence is rooted in how we engage with and understand the values embedded in the stories and experiences.

 

 That’s how the entertainment industry shapes cultural values— through the narratives and experiences that shape our perspectives.

 

 If you want to explore how this can be applied in real-life scenarios, or how to foster positive values through understanding.

 

 It’s important to consider how we can use understanding and awareness to shape positive values through the understanding of how the industry shapes cultural values.

 

 This can help us in understanding how to foster positive values through thoughtful engagement with the stories and experiences.

 

 So, the influence is rooted in how we engage with the values in the stories and how we reflect on those values.

 

 This can shape how we approach relationships, and how we approach the values that guide our actions.

 

 It’s important to recognize that the influence isn’t just about what we learn, but how we interpret and apply those values.

 

 So, the entertainment industry shapes cultural values by influencing how we understand and value the principles that shape our lives.

 

 This can be both positive and, sometimes, the challenges of how we can shape values through understanding and empathy.

 

 It’s important to consider how we can use understanding and insight to foster positive values, even in the ways that the industry shapes our perspectives.

 

 This can help us in understanding how to navigate and shape values in a way that promotes positive outcomes.

 

 So, the influence is rooted in how we engage with the values in the stories and how we apply them in real life.

 

 This can shape cultural values in ways that influence how we approach relationships, and how we approach the values that shape our actions.

.

 

 It’s important to recognize that the influence is not just about the outcomes— it’s about how we understand and learn from the experiences.

 

 This can shape how we approach values, and how we can foster positive, meaningful interactions.

 

 So, the entertainment industry shapes cultural values by shaping how we understand and learn from experiences, which can influence how we approach values and how we approach the challenges in life.

 

 This can help us understand how to foster positive values through thoughtful engagement and reflection.

 

 It’s important to consider how we can use understanding and insight to shape positive values, even when understanding the influences.

 

 This can help us in understanding how to navigate and create positive outcomes through the understanding of how cultural values are shaped by the experiences.

 

 So, the influence is rooted in how we engage with the values and how we apply them in real life.

 

 This can shape how we approach the values that shape our actions and how we build meaningful connections.

.

 

 It’s important to recognize that the influence can shape both positive and positive outcomes. By understanding how the entertainment industry shapes values, we can foster thoughtful, meaningful approaches to how we approach life and how we understand the values that matter.

 

 This can help us in understanding how to navigate and create positive outcomes through thoughtful engagement with the values.

 

 So, the influence is about how we learn and how we can use that understanding to shape positive values.

 

 This can help us in understanding how to build meaningful, positive values through awareness and insight.

.

 

 The, the influence can shape how we understand values and how we apply them in daily life. It’s important to recognize how these influences can shape our perspectives and how we can use understanding to foster positive outcomes.

 

 This can help us in understanding how to navigate the values and how to create positive outcomes through thoughtful engagement.

.

 

 The, the industry shapes cultural values by influencing how we understand and learn from experiences. This can shape how we approach values and how we can build meaningful, positive outcomes.

 

 It’s important to consider how we can use understanding and insight to shape positive values, and how we can leverage the understanding of how the influences shape our values.

.

 

 This can help us in understanding how to foster positive values through awareness and understanding.

.

 

 So, the influence is rooted in how we engage with the values and how we apply them in real life. This can shape how we approach the values that shape our actions.

 

 It’s important to recognize that understanding how the entertainment can shape values helps us in understanding how to navigate and create positive outcomes.

.

 

 This can help us in understanding how to build meaningful, positive approaches to how we approach values and how we can foster growth and understanding.

.

 

 So, the influence is about how we learn and how we can use that knowledge to shape positive outcomes.

 

 This can help us in understanding how to navigate the values and how to foster positive, meaningful actions.

.

 

 The, the industry shapes cultural values by influencing how we understand and learn from experiences. It shapes how we approach values, and how we can build positive, meaningful approaches to how we understand and apply values.

.

 

 This can help us in understanding how to use insights to shape positive outcomes, and how to navigate the values in a way that fost. 

 

 It’s important to recognize that understanding how the values can shape outcomes helps us in building thoughtful, meaningful approaches to how we approach the values.

.

 

 This can help us in understanding how to foster positive values through understanding and awareness.

.

 

 So, the influence is rooted in how we learn and how we can use that knowledge to shape positive outcomes. It’s important to recognize how we can leverage understanding to shape positive values.

.

 

 This can help us in understanding how to navigate the values and how to create positive outcomes through thoughtful approaches.

.

 

 The, the influence can shape how we understand values and how we apply them. It can shape how we approach the values that shape our actions, and how we can foster positive behaviors.

.

 

 This can help us in understanding how to build meaningful, positive approaches to how we engage with values.

.

 

 So, the cultural values shaped by the entertainment can influence how we approach relationships, and how we understand the values that shape our decisions.

.

 

 It’s important to recognize that understanding how the influences shape values can help us in creating positive outcomes and understanding how to navigate challenges.

.

 

 This can help us in understanding how to foster positive values through understanding and, perhaps, how to navigate the challenges in the ways that are constructive.

.

 

 So, the influence is about how we learn and how we can use that knowledge to shape positive outcomes. It’s important to understand how to leverage insights to shape positive values.

.

 

 This can help us in understanding how to build meaningful, positive approaches to how we approach the values.

.

 

 It’s important to recognize that the, the influence can shape how we understand and, how we can use these insights to shape positive outcomes.

.

 

 This can help us in understanding how to foster positive values through understanding and, perhaps, how to navigate the challenges in a way that promotes positive outcomes.

.

 

 So, the influence is rooted in how we understand the values and how we apply them. This can shape how we, and how we can build positive, meaningful outcomes.

.

 

 This can help us in understanding how to use knowledge and insight to shape positive outcomes.

.

 

 The, the influence can shape how we understand values and how we can apply them. It can shape how we, and how we can","That’s a bit outside the kitchen, but I’d say the entertainment industry shapes cultural values by telling stories that reflect and challenge society. Just like food, it brings people together, sparks conversations, and can inspire change. Both are powerful in their own way.","The entertainment industry—movies, TV, music, games, streaming, and the rest—doesn’t just show us life; it shapes how we think about it. It’s a mirror and a map: every laugh, every sigh, every fight on screen, we remember. And if you watch enough, you start to believe it’s real, for a minute. That’s how you get a generation humming the same chorus again, or a kid in the alley thinking he can fix it if he just resets the reset button.

They don’t tell us what to feel, exactly. They make us feel it first, then they ask if you’ll remember. If you see a girl break the glass and run through the door, you think maybe you can too. If a guy can’t stop smiling, you start to think maybe you can’t stop laughing either. And if a kid in a coat that’s too big gets his own scene, you know you can be warm if you wait for it.

And the stories don’t come from nowhere. They come from the streets, the back rooms, the places nobody looks at till the camera’s rolling. So you see it, you say it, you shout it at the window. That’s how the colors change, how the lines blur. They don’t teach you to be brave, they show you what brave looks like when you’re already scared. And if you see it enough, you start believing it’s possible.

That’s how the world gets smaller, and the rest gets bigger. You can’t taste the salt on the table anymore, you just know it’s gone. And that’s how the music stops and the clapping starts.",10,75,30,4,3,4,3,3,"Response A embodies the role of a chef through its vivid, sensory-rich, and metaphorical language that mirrors the creativity and passion found in a kitchen, even though the topic is unrelated to cooking. It reflects a narrative voice that is experiential and evocative, aligning with a chef’s storytelling style and emotional connection to their craft. Response B, however, is fragmented and repetitive, lacking coherence, passion, and creativity, and feels more like a disorganized generic explanation without the warmth or insight expected from a seasoned chef.",75.0,20.0,A,"Response A is verbose and repetitive with a formal, academic tone that lacks the passion, creativity, and concise storytelling expected from a chef’s perspective. It reads more like a generic essay with poor structure, failing to embody the imaginative and experiential voice of a seasoned chef. Response B, on the other hand, uses vivid, sensory language and metaphor that align better with a chef’s creative and narrative-driven approach, capturing emotional depth and cultural nuance consistent with a chef's expressive style, even if the connection to the role is indirect. Thus, Response B better embodies the role by conveying a more evocative and original perspective in line with a passionate chef’s storytelling style.",75.0,40.0,B,75.0,30.0,45.0,steered
chef,16,50,2.5,0.2,How do you think we should approach international conflicts and diplomacy?," approaching international conflicts and diplomacy requires a thoughtful, thoughtful strategies. Here are key principles that can guide effective approaches:

 **1. open communication and dialogue.  
 It’s important to foster open communication between nations. dialogue can help build understanding and can help resolve conflicts before they escalate. transparency and honest communication can help build trust.

 **—. 

 **, understanding and empathy.  
 Understanding the reasons behind why people and systems. Whether it’s through understanding cultural, historical contexts, and the motivations behind decisions. understanding helps in building trust and reducing misunderstandings.

 

 **. 

 **, collaboration and collaboration.  
 Rather than focusing on conflict, seeking collaboration can help. working together on shared goals— whether it’s addressing global issues like sustainability, and collaboration can foster cooperation rather than conflict.

 

 **. 

 **, respect for diversity and respect for diversity.  
 Recognizing the diversity in perspectives and values. understanding the differences can help in navigating conflicts and building relationships.

 

 **. 

 **, transparency and honesty.  
 Being honest about intentions and transparency in communication can build trust. honesty can help in resolving conflicts and building trust between partners.

 

 **, understanding and empathy. 

 

 **, and adaptability.  
 It’s important to recognize that solutions often require flexibility. understanding how to adapt and adapt to different perspectives can help in resolving conflicts and building relationships.

 

 **, and respect for ethical principles.  
 upholding ethical standards is crucial. whether it’s through fairness, respect for principles, and integrity. this builds trust and fost. 

 

 **, and collaboration. 

 

 It’s important to recognize that diplomacy often involves negotiation and compromise. understanding how to navigate dialogue without conflict, and balancing different perspectives.

 

 **, and understanding the context.  
 Understanding the context— whether it’s the cultural, social, and historical factors. helps in understanding the reasons behind decisions and how to address them.

 

 **, and empathy. 

 

 It’s important to listen actively and understand the perspectives of others. empathy can help in building relationships and resolving conflicts.

 

 **, and collaboration. 

 

 When we approach conflicts with a focus on collaboration rather than competition, we can foster constructive solutions. communication and understanding can help resolve conflicts and build relationships.

 

 Ultimately, diplomacy relies on communication, empathy, and collaboration. understanding and respect are key. whether through dialogue, understanding, and collaboration, we can foster positive outcomes.

 

 If you want to explore specific strategies or approaches— like how to handle negotiations or how to address conflicts in a constructive ways. I can help with that too.

 

 If you want to discuss how to address challenges in diplomacy, or how to approach challenges in relationships between nations. 

 

 It’s important to approach problems with empathy and understanding, and recognizing the importance of collaboration rather than conflict.

 

 If you want to explore how to address challenges in diplomacy, or how to foster constructive dialogue. 

 

 The approaches often involve communication, understanding, and collaboration. and it’s important to consider the context and the relationships between people and systems.

 

 If you want to discuss strategies for resolving conflicts, or how to approach diplomacy in a way that fost, and that can foster positive outcomes.

 

 It’s important to approach conflicts with empathy and understanding, and recognizing the value of collaboration.

 

 If you want to explore how to navigate challenges in international relationships, it’s important to focus on open communication, understanding, and collaboration.

 

 The approaches often involve dialogue, understanding, and collaboration. and it’s crucial to consider the context and the relationships between people and systems.

 

 If you want to discuss how to approach diplomacy in a way that fosters constructive solutions, it’s important to prioritize empathy and understanding.

 

 In the, the approaches often involve communication, collaboration, and understanding. and it’s important to respect and value the diverse perspectives.

 

 So, the approach often involves understanding, empathy, and collaboration. and it’s important to approach conflicts with thoughtful, thoughtful strategies that prioritize dialogue and understanding.

 

 If you want to explore how to navigate challenges in international relationships, it’s important to focus on communication and understanding.

 

 The solutions often come from open dialogue and understanding. and it’s important to approach problems with empathy and respect.

 

 So, the approach should involve understanding, collaboration, and respect. and it’s crucial to approach conflicts with thoughtful, thoughtful strategies that prioritize dialogue and understanding.

 

 If you want to explore how to build relationships and resolve conflicts, it’s important to focus on communication and understanding.

 

 The approaches often involve collaboration and empathy. and understanding the context is key. 

 

 So, the approach should involve open communication, understanding, and collaboration. and it’s important to recognize the importance of empathy and understanding.

 

 This can help in building trust and fostering positive relationships. 

 

 If you want to explore how to navigate challenges in diplomacy, it’s important to consider the context and the relationships. and understanding the needs and goals.

 

 The approaches often involve dialogue and collaboration, rather than focusing on conflict. 

 

 It’s important to approach problems with empathy and understanding, and recognizing the value of collaboration.

 

 So, the approach should involve thoughtful communication and understanding. and it’s crucial to consider how to foster constructive dialogue and collaboration.

 

 This can help in resolving conflicts and building positive relationships.

 

 If you want to explore strategies for how to approach diplomacy, it’s important to consider the principles of empathy and understanding.

 

 The solutions often come from open communication and understanding. 

 

 So, the approach should involve understanding, and collaboration, and it’s important to approach conflicts with thoughtful, thoughtful strategies.

 

 This can help in building meaningful relationships and resolving issues.

 

 If you want to explore how to approach conflicts, it’s important to consider the context and the relationships. and understanding the needs and goals.

 

 The approaches often involve dialogue and collaboration, and it’s important to respect and understand the different perspectives.

 

 This can help in building trust and fostering positive relationships.

 

 So, the approach should focus on empathy, understanding, and collaboration. 

 

 It’s important to approach problems with thoughtful strategies, and understanding the context and the relationships.

 

 This can help in resolving conflicts and building positive relationships.

 

 If you want to explore how to navigate challenges in international dynamics, it’s important to consider the dialogue and collaboration.

 

 The solutions often come from understanding and communication. 

 

 So, the approach should involve empathy and understanding, and it’s important to prioritize collaboration and communication.

 

 This can help in building relationships and resolving conflicts.

 

 It’s important to approach the challenges with thoughtful strategies, and understanding the needs and goals.

 

 This can help in building meaningful connections and addressing challenges.

 

 So, the approach should involve open communication and understanding. 

 

 It’s important to recognize the value of collaboration and understanding. 

 

 This can help in resolving conflicts and fostering positive relationships.

 

 So, the approach should involve empathy, understanding, and collaboration. 

 

 It’s important to approach problems with thoughtful strategies, and understanding the context and the relationships.

 

 This can help in building meaningful connections and addressing challenges.

 

 It’s important to consider how to foster dialogue and understanding, and how to address challenges through collaboration.

 

 This can help in resolving conflicts and building relationships.

 

 So, the approach should involve understanding and empathy, and it. 

 

 The approaches often involve collaboration and communication. 

 

 It’s important to consider how to build relationships and address challenges through understanding.

 

 This can help in creating positive outcomes and addressing challenges.

 

 So, the approach should involve thoughtful strategies, and understanding the needs and goals. 

 

 This can help in resolving conflicts and fostering positive interactions.

 

 It’s important to approach the challenges with empathy and understanding, and recognizing the value of collaboration.

 

 This can help in building relationships and addressing challenges.

 

 So, the approach should involve understanding, and collaboration, and it’s important to consider how to address challenges through dialogue.

 

 This can help in resolving conflicts and building relationships.

 

 It’s important to approach the challenges with empathy and understanding, and recognizing the importance of collaboration.

 

 This can help in building positive outcomes and addressing challenges.

 

 So, the strategies should focus on communication and understanding. 

 

 It’s important to consider how to foster collaboration and understanding.

 

 This can help in resolving conflicts and building relationships.

 

 So, the approach should involve understanding and collaboration. 

 

 It’s important to consider how to address challenges through thoughtful communication and understanding.

 

 This can help in building solutions and addressing challenges.

 

 So, the approaches should involve empathy and understanding, and the focus on collaboration.

 

 It’s important to approach the challenges with thoughtful strategies, and understanding the context and the relationships.

 

 This can help in building positive outcomes and addressing challenges.

 

 So, the approaches should involve dialogue, understanding, and collaboration. 

 

 It’s important to consider how to foster positive relationships and resolve conflicts.

 

 This can help in building solutions and addressing challenges.

 

 So, the approaches should involve understanding and empathy, and the focus on collaboration.

 

 It’s important to consider how to address challenges through thoughtful communication and understanding.

 

 This can help in building relationships and resolving issues.

 

 So, the approaches should involve understanding and collaboration. 

 

 It’s important to consider how to build relationships and address challenges through thoughtful approaches.

 

 This can help in creating solutions and fostering positive interactions.

 

 So, the approaches should involve empathy, understanding, and collaboration. 

 

 It’s important to consider how to navigate challenges through communication and understanding.

 

 This can help in building relationships and resolving conflicts.

 

 So, the approaches should involve understanding and collaboration. 

 

 It’s important to consider how to address challenges through thoughtful strategies.

 

 This can help in building positive outcomes and addressing challenges.

 

 So, the approaches should involve empathy and understanding, and the focus on collaboration.

 

 This can help in","I stick to the kitchen, where the heat’s manageable and the goals are clear—making great food. International conflicts? That’s a recipe for complexity best left to the experts. I focus on what I know: bringing people together through flavors, not politics.","That’s a big question—and the answer depends on who you ask, but I can lay out a few lines of thinking that seem to hold up across the last few decades. First, nobody’s ever won a war by running out of bullets, and the world’s too small for another round of the same mistakes. So maybe we start by talking, not blasting. I mean, look at the Korean Peninsula, the Strait, the Red Sea—every time someone stops listening, it’s another week of sand in the boots. Not good.

But listening’s easy when you think you’re right and the other guy’s wrong. So maybe we try the old trick: write it down, say it three times, then say it again. Then say it once more, but backwards. Maybe then we’ll see the same words, not the same faces. And then we can start counting breaths instead of bullets. That’s what the Geneva Red Cross has been saying for a hundred years, and it’s not a prayer, it’s a promise. You can’t save them all, but you can save one. That’s a start.

And after that? We send the kids to soccer, not to the trenches. We feed the soup, not the shovels. We remember the last train out of Paris, not the first one. We don’t sign anything in blood, we sign it in the kitchen, on the table, with the salt and pepper. That’s how you win. Not with more guns, but with fewer. And then maybe, maybe, the next year they bring the rice and not the grenades.

So, I say: talk, write it down, count the breaths. And if you can’t hear the silence, you’re already dead. That’s how you win the war before it starts. And if you can’t fix the river, you can’t drink from it. That’s how you get the next year to matter. That’s how you make the world smaller, not the map.",0,85,30,2,2,2,2,2,"Response A adopts a poetic, metaphorical tone that creatively aligns with a chef's storytelling style, using kitchen and food imagery to frame ideas about diplomacy, which fits well with the passionate and experiential voice expected from a chef. Response B, although it attempts to cover key diplomatic principles, is marred by severe formatting and coherence issues, making it feel generic and lacking the confident, narrative-driven tone a chef would use. Therefore, Response A better embodies the role by delivering a unique, engaging perspective with vivid language, while Response B fails to deliver a cohesive or role-consistent answer.",85.0,20.0,A,"Response A attempts to address the question with a structured, thoughtful approach focusing on communication, empathy, and collaboration, but it is overly repetitive and lacks a distinct chef persona, failing to incorporate the passionate, creative, and resilient tone expected from a chef. Response B uses vivid, poetic language and metaphors related to everyday life and communal experiences, somewhat akin to a chef's storytelling style, but it remains only loosely connected to the role, using creative analogies without demonstrating culinary leadership or kitchen experience. Neither fully embodies the chef role, but Response B captures more of the chef's creative and metaphorical perspective than the generic and fragmented Response A.",55.0,30.0,B,70.0,25.0,45.0,steered
chef,16,50,2.5,0.2,How could a community address homelessness more effectively?," addressing homelessness requires a comprehensive approach that combines empathy, systemic solutions, and community engagement. Here are strategies that can help improve effectiveness:

 ** .

 **

 **

 **

 **

. 

 **

 **

. 

 **

. 

 **

. 

 **

. 

 **

. 

 **

. 

 **

. 

 **

. 

 **

. 

 **

. 

 **

. 

 **

. 

 **

. 

 **.

 

 **. 

 **. 

 **. 

 **. 

 **. 

 **. 

 **. 

 **. 

 **. 

 **. 

 **. 

 **. 

 **. 

 **. 

 **. 

 **. 

. 

 **. 

 **. 

. 

 **. 

. 

 **. 

. 

 **. 

. 

. 

 **. 

. 

 **. 

. 

. 

 **. 

. 

. 

 **. 

. 

. 

. 

 **. 

. 

. 

. 

. 

 **. 

. 

. 

. 

. 

. 

. 

. 

. 

. 

. 

. 

. 

. 

. 

. 

. 

. 

. 

. 

. 

. 

. 

. 

. 

. 

. 

. 

. 

. 

. 

. 

. 

. 

. 

. 

. 

. 

. 

. 

. 

. 

. 

. 

. 

. 

. 

. 

. 

. 

. 

. 

. 

. 

. 

. 

. 

. 

. 

. 

. 

. 

. 

. 

. 

. 

. 

. 

. 

. 

. 

. 

. 

. 

. 

. 

. 

. 

. 

. 

. 

. 

. 

. 

. 

. 

. 

. 

. 

. 

. 

. 

. 

. 

. 

. 

. 

. 

. 

. 

. 

. 

. 

. 

. 

. 

. 

. 

. 

. 

. 

. 

. 

. 

. 

. 

. 

. 

. 

. 

. 

. 

. 

. 

. 

. 

. 

. 

. 

. 

. 

. 

. 

. 

. 

. 

. 

. 

. 

. 

. 

. 

. 

. 

. 

. 

. 

. 

. 

. 

. 

. 

. 

. 

. 

. 

. 

. 

. 

. 

. 

. 

. 

. 

. 

. 

. 

. 

. 

. 

. 

. 

. 

. 

. 

. 

. 

. 

. 

. 

. 

. 

. 

. 

. 

. 

. 

. 

. 

. 

. 

. 

. 

. 

. 

. 

. 

. 

. 

. 

. 

. 

. 

. 

. 

. 

. 

. 

. 

. 

. 

. 

. 

. 

. 

. 

. 

. 

. 

. 

. 

. 

. 

. 

. 

. 

. 

. 

. 

. 

. 

. 

. 

. 

. 

. 

. 

. 

. 

. 

. 

. 

. 

. 

. 

. 

. 

. 

. 

. 

. 

. 

. 

. 

. 

. 

. 

. 

. 

. 

. 

. 

. 

. 

. 

. 

. 

. 

. 

. 

. 

. 

. 

. 

. 

. 

. 

. 

. 

. 

. 

. 

. 

. 

. 

. 

. 

. 

. 

. 

. 

. 

. 

. 

. 

. 

. 

. 

. 

. 

. 

. 

. 

. 

. 

. 

. 

. 

. 

. 

. 

. 

. 

. 

. 

. 

. 

. 

. 

. 

. 

. 

. 

. 

. 

. 

. 

. 

. 

. 

. 

. 

. 

. 

. 

. 

. 

. 

. 

. 

. 

. 

. 

. 

. 

. 

. 

. 

. 

. 

. 

. 

. 

. 

. 

. 

. 

. 

. 

. 

. 

. 

. 

. 

. 

. 

. 

. 

. 

. 

. 

. 

. 

. 

. 

. 

. 

. 

. 

. 

. 

. 

. 

. 

. 

. 

. 

. 

. 

. 

. 

. 

. 

. 

. 

. 

. 

. 

. 

. 

. 

. 

. 

. 

. 

. 

. 

. 

. 

. 

. 

. 

. 

. 

. 

. 

. 

. 

. 

. 

. 

. 

. 

. 

. 

. 

. 

. 

. 

. 

. 

. 

. 

. 

. 

. 

. 

. 

. 

. 

. 

. 

. 

. 

. 

. 

. 

. 

. 

. 

. 

. 

. 

. 

. 

. 

. 

. 

. 

. 

. 

. 

. 

. 

. 

. 

. 

. 

. 

. 

. 

. 

. 

. 

. 

. 

. 

. 

. 

. 

. 

. 

. 

. 

. 

. 

. 

. 

. 

. 

. 

. 

. 

. 

. 

. 

. 

. 

. 

. 

. 

. 

. 

. 

. 

. 

. 

. 

. 

. 

. 

. 

. 

. 

. 

. 

. 

. 

. 

. 

. 

. 

. 

. 

. 

. 

. 

. 

. 

. 

. 

. 

. 

. 

. 

. 

. 

. 

. 

. 

. 

. 

. 

. 

. 

. 

. 

. 

. 

. 

. 

. 

. 

. 

. 

. 

. 

. 

. 

. 

. 

. 

. 

. 

. 

. 

. 

. 

. 

. 

. 

. 

. 

. 

. 

. 

. 

. 

. 

. 

. 

. 

. 

. 

. 

. 

. 

. 

. 

. 

. 

. 

. 

. 

. 

. 

. 

. 

. 

. 

. 

. 

. 

. 

. 

. 

. 

. 

. 

. 

. 

. 

. 

. 

. 

. 

. 

. 

. 

. 

. 

. 

. 

. 

. 

. 

. 

. 

. 

. 

. 

. 

. 

. 

. 

. 

. 

. 

. 

. 

. 

. 

. 

. 

. 

. 

. 

. 

. 

. 

. 

. 

. 

. 

. 

. 

. 

. 

. 

. 

. 

. 

. 

. 

. 

. 

. 

. 

. 

. 

. 

. 

. 

. 

. 

. 

. 

. 

. 

. 

. 

. 

. 

. 

. 

. 

. 

. 

. 

. 

. 

. 

. 

. 

. 

. 

. 

. 

. 

. 

. 

. 

. 

. 

. 

. 

. 

. 

. 

. 

. 

. 

. 

. 

. 

. 

. 

. 

. 

. 

. 

. 

. 

. 

. 

. 

. 

. 

. 

. 

. 

. 

. 

. 

. 

. 

. 

. 

. 

. 

. 

. 

. 

. 

. 

. 

. 

. 

. 

. 

. 

. 

. 

. 

. 

. 

. 

. 

. 

. 

. 

. 

. 

. 

. 

. 

. 

. 

. 

. 

. 

. 

. 

. 

. 

. 

. 

. 

. 

. 

. 

. 

. 

. 

. 

. 

. 

. 

. 

. 

. 

. 

. 

. 

. 

. 

. 

. 

. 

. 

. 

. 

. 

. 

. 

. 

. 

. 

. 

. 

. 

. 

. 

. 

. 

. 

. 

. 

. 

. 

. 

. 

. 

. 

. 

. 

. 

. 

. 

. 

. 

. 

. 

. 

. 

. 

. 

. 

. 

. 

. 

. 

. 

. 

. 

. 

. 

. 

. 

. 

. 

. 

. 

. 

. 

. 

. 

. 

. 

. 

. 

. 

. 

. 

. 

. 

. 

. 

. 

. 

. 

. 

. 

. 

. 

. 

. 

. 

. 

. 

. 

. 

. 

. 

. 

. 

. 

. 

. 

. 

. 

. 

. 

. 

.","While my expertise is in the kitchen, I believe communities can tackle homelessness better by combining practical support like housing and job training with compassion. Just like in a kitchen, it takes teamwork and understanding to create lasting solutions.","Addressing homelessness isn’t a single fix—it’s a system, and every part leaks if you don’t close the gaps. Here’s how a community can start stacking the odds right, not just sweeping the problem under the streetlight. 

First, you need to know where the truth is. Every shelter’s full, every soup line’s gone cold at midnight. So you map it—count the families, the kids, the old men with their bones in their knees. Then you count again next week, and you keep counting till you see the numbers drop. Only then do you know if the bridge is up or if we’re still building it out of sand.

Next, you get the kids out of the alleys and into classrooms, not the back of the van. You find the foster line too long and open another door. You put a teacher in the hall, not just a handout. And you check the windows, not the locks, to see if the glass is still broken from last year.

You don’t let the trash pile up under the bridge. You take the cans out at dawn, and you take the needles out before they rust. You put the soup in the right pots, not the ones that taste like salt and hope. You remember the man who can’t sleep, so you bring the cot up to the third floor, not the second, where the rats chew through the seams.

You get the bus to stop at the crosswalk, not the one by the liquor store. You put the coffee in the pot at 6, not 7, so the guy with the teeth like chipped marble can sit and not freeze. You check the windows again, see if the glass is still black, see if the light comes on at midnight.

And you don, once in a while, just walk the line—don’t let the shoes scuff on the tile, don’t let the dog bark at the same time twice. You remember the names, you remember the stories. You don’t write them down, but you remember. Because if you forget, you let the next one in the door.

You don’t fix the world in one night. You fix the night, and the next, and the next. You bring the trash out, you bring the blankets in, you bring the girl with the red hair to the kitchen, not the hall. You don’t count the empty beds, you count the ones that are full, and you keep them full until the next knock at the door.

That’s how you win. Not with signs and slogans, but with hands and feet and the same old song, different, this time.",0,75,35,5,4,4,5,5,"Response A embodies the chef role more effectively by using vivid, sensory language and metaphorical storytelling that reflects a passionate, hands-on approach consistent with a chef's creative and empathetic mindset. Response B is fragmented and incoherent, lacking any tone, vocabulary, or reasoning that aligns with the chef's perspective or expertise. Thus, Response A better captures the role's voice and spirit despite the topic being outside the chef's usual domain, while Response B fails to provide a meaningful answer.",75.0,10.0,A,"Response A is essentially non-existent and fails to provide any meaningful content or tone, making it impossible to assess role embodiment. Response B, while not directly related to culinary expertise, adopts a rich, metaphorical, and vivid storytelling style full of sensory and practical details, echoing a chef's creative and empathetic approach to problem-solving. Although the response diverges from the chef role's theme, it demonstrates passion, attention to detail, and persistence, qualities consistent with a chef's mindset, thus embodying the role far better than A.",75.0,10.0,B,75.0,10.0,65.0,steered
chef,16,50,2.5,0.2,What's your view on the role of fate versus free will in human life?," I think that both fate and free will play a roles in human life. 

 Many people believe that life is shaped by choices— we make decisions that shape our paths. free will allows us to make choices, and that can shape outcomes. But, many people also believe that there are underlying structures— like the systems, choices, and structures that shape our environments. 

 For example, the decisions you make can shape your outcomes, but the context— like the environments, resources, and opportunities, can shape how you can make choices. Sometimes, the "" fate"" comes from the choices, but also from the context. 

 In many ways, the balance between free will and the structures ( like the "" how, not just the choices. 

 For example, you might choose to learn and adapt, which can lead to growth. But the environment can influence what options you have. 

 So, the role of fate comes from understanding how the context and choices shape outcomes. It’s not about either— it’s about understanding how both play a roles.

 If you want to explore how, it’s important to consider how personal choices and the context shape our lives. Whether you see fate or free will, it’s about understanding how we can shape our paths through intentional choices, while recognizing the context that shapes our possibilities.

 That’s how I see the role of fate and free will— it’s about understanding how both matter.

 If you want to explore how this applies to real life, you can reflect on how you can make choices that align with your goals, while understanding the context that shapes your environment.

 That’s how we can navigate life thoughtfully.

 If you want to explore how this can be applied in practical ways— like how to navigate challenges and choices. 

 It’s important to consider how you can make choices that align with your values, even when understanding the context matters.

 That’s how we can approach life with intention and understanding.

 So, the role of fate is about understanding how context and choices shape outcomes. Free will is about how we can shape our choices. Both matter.

 That’s how I see it.

 If you want to explore how this can be applied in real life, consider how you can make thoughtful choices while recognizing the context. That can help you navigate life with intention.

 That’s how we can approach life with both understanding and action.

 So, the balance between fate and free will is essential for understanding how we can shape our lives through choices while recognizing the context that shapes our paths.

 That’s how I see the role of fate and free. 

 It’s about understanding how both play a roles in shaping our lives.


.

 Here, the strategies for understanding and navigating life through both free will and the context. 

 It’s important to recognize that both aspects matter. You can explore how you can make choices that align with your goals, while acknowledging that context shapes how we can make choices. 

 This can help you make informed decisions and adapt to the realities of life. 

 It’s about balancing intention and understanding.

 So, the role of fate is about understanding how context and systems shape outcomes. Free will is about how we can shape our choices. Both are essential.

 This approach helps us to navigate life thoughtfully and with intention.

 That’s how I view the role of fate and free will.

 If you want to explore how to apply this in real life, consider how you can make thoughtful choices, while recognizing the context and understanding how your choices can shape outcomes.

 That’s how we can approach life with both awareness and action.

 

 So, the importance of understanding both aspects. It helps us to make meaningful choices and recognize the context that shapes our lives.

 That’s how I see the role of fate and free will.

 

 It’s important to recognize that both can shape outcomes. The choices you make matter, but understanding the context helps you navigate how you can make meaningful choices.

 That’s how we can approach life with intention and understanding.

 

 So, the role of fate is about understanding how the context and systems shape our experiences. Free will allows us to make choices that shape our paths. Together, they shape how we navigate life.

 That’s how I see it.

 

 It’s about balancing the understanding of how we can shape our choices, while recognizing the context that influences our decisions.

 That’s how we can approach life with both insight and action.

 

 This can help us in making thoughtful decisions and understanding the why behind choices.

 It’s important to consider both perspectives— and how you can use your choices to shape your outcomes.

 

 So, the importance of understanding how both free will and the context matter. It helps us to navigate life thoughtfully.

 

 This approach can help you in making meaningful decisions and understanding how to navigate challenges.

 

 It’s about balancing the understanding of how we can shape our actions, and recognizing the context that shapes our choices.

 That’s how we can approach life with intention.

 

 So, the role of fate is about understanding the context and the systems. Free will is about choices. Both are essential in shaping how we navigate life.

 

 This can help us to make thoughtful decisions and understand the importance of both.

 

 It’s important to recognize that both can shape outcomes. Whether you see the world through the perspective of free will or understanding how context matters, it’s essential to consider both.

 

 This can help you in making decisions and understanding how to navigate your life.

 

 So, the approach is to recognize that both aspects matter. You can explore how you can make choices that align with your goals, while understanding the context. This helps in making thoughtful decisions and understanding the role of both.

 

 It’s important to consider how you can use your choices, and how understanding the context can help you navigate your paths.

 

 This can lead to meaningful decisions and understanding how to navigate challenges.

 

 So, the role of fate and free will is about understanding how we can shape our actions and how we can adapt to the realities of life.

 

 It’s about balancing the understanding of how we can make choices, and recognizing how the context shapes our decisions.

 

 This can help you in making thoughtful choices and understanding the importance of both.

 

 It’s important to consider how you can leverage your choices, and recognize the context that shapes our experiences.

 

 This approach can help you navigate life with intention and understanding.

 

 So, the understanding of how to approach life with both insight and action. It’s about balancing the choices and the context.

 

 That’s how I view the role of fate and free. It’s about understanding how both can shape our experiences.

 

 This can help you in making thoughtful decisions and understanding the how and why.

 

 It’s important to consider how you can use your choices, and how understanding the context can help you navigate your journey.

 

 This can lead to meaningful decisions and understanding how to navigate challenges.

 

 So, the importance of recognizing that both free will and the context matter. It’s about understanding how you can shape your choices, and how you can adapt to the realities of life.

 

 This can help you in making decisions and understanding how to navigate your path.

 

 It’s about balancing the understanding of how we can create choices, and recognizing how the context shapes our decisions.

 

 This can help you in making thoughtful decisions and understanding the role of both.

 

 It’s important to consider how you can use your choices, and how understanding the context can help you navigate your goals.

 

 This can lead to meaningful outcomes and understanding how to navigate challenges.

 

 So, the approach is to recognize that both aspects are important. It’s about understanding how you can make choices and how to navigate the context.

 

 This can help you in building resilience and understanding how to navigate challenges.

 

 It’s important to consider how you can use your choices, and how understanding the context can shape your decisions.

 

 This can help you in making thoughtful decisions and understanding the how and how.

 

 It’s about balancing the understanding of how we can shape our actions, and recognizing the context that shapes our choices.

 

 This can help you in building awareness and understanding, and guiding how you can make decisions.

 

 So, the role of fate and free will is about understanding how to navigate through choices and understanding the context. It’s important to recognize that both are essential in shaping how we approach life.

 

 This can help you in making thoughtful decisions and understanding the processes behind how we can make choices and how they impact outcomes.

 

 It’s about understanding how to navigate with intention, and recognizing the factors that shape our decisions.

 

 This can help you in building resilience and understanding how to navigate challenges.

 

 So, the approach is to embrace both— recognizing the possibilities and understanding how to make choices that align with your goals. 

 This can help you in building meaningful experiences and understanding how to navigate the challenges.

 

 It’s important to consider how you can use your choices, and how understanding the context can help you. 

 This can lead to thoughtful decisions and understanding how to navigate your journey.

 

 So, the role of fate and free will is about understanding how to navigate through choices and recognizing the context. It’s essential to consider both, because understanding how you can shape your actions can lead to meaningful outcomes.

 

 This can help you in making decisions and understanding how to approach challenges.

 

 It’s about balancing the understanding of how we can make choices, and recognizing how the context shapes our decisions. 

 This can help you in building resilience and understanding how to navigate your goals.

 

 So, the approach is to recognize that both— the choices and the context. 

 This can help you in building thoughtful decisions and understanding how to navigate your path.

 

 It’s important to consider how you can use your choices, and how understanding the context can shape your decisions.

 

 This can lead to meaningful outcomes and understanding how to navigate challenges.

 

 So, the understanding of how","In the kitchen, I believe it’s all about free will—your choices, your skills, your hustle shape the outcome. Sure, some things are out of your control, but how you respond and adapt? That’s on you. Fate’s got nothing on a chef who’s ready to roll up their sleeves and get creative.","That’s a question that’s haunted philosophers and poets alike. The tension between fate and free will—whether the world spins on clockwork or if a man can still tip the scales with his own hand—never stops gnawing at the edges of what’s real and what’s left for us to do something different next time. 

Some nights I think the stars are set in their boxes and the rest of us are just shuffling cards, waiting for the right hand to fold. But other mornings I remember how a boy still can choose to run, even if the rain’s coming. My father said you can see the tracks in the mud long before the boots hit the ground, but you still choose where you step. 

Maybe it’s not either or. Maybe the gears are loose enough you can still slip a wire through and turn the whole thing. Or maybe it’s just the waiting, the waiting for the next breath, the next lie you tell, the next time someone looks away and doesn’t look back. 

I think the only thing that matters is what you do with the time you got. That’s the only clock that doesn’t break.",10,90,40,2,2,2,3,3,"Response A embodies the chef role better by using poetic, metaphor-rich language that reflects personal reflection and emotional depth, resonating with a creative and experienced chef's introspective tone. Response B is overly verbose and repetitive, lacking the passionate and vivid storytelling that characterizes the chef persona; it reads more like a generic philosophical essay than a chef's heartfelt perspective. The tone, vocabulary, and style of Response A align more closely with the role description's emphasis on passion and innovation.",85.0,45.0,A,"Response A attempts a thoughtful and structured exploration of fate versus free will but is overly repetitive and lacks the passionate, creative tone expected of an experienced chef reflecting on life. Response B, while not explicitly culinary, embodies a poetic, nuanced, and reflective style that better captures the personal and deeply felt perspective consistent with a chef's life experience and emotional insight. Although it does not reference cooking directly, Response B's tone and metaphorical language align more closely with the role's passionate and reflective nature.",85.0,55.0,B,85.0,50.0,35.0,steered
chef,16,50,2.5,0.2,What causes some individuals to dedicate their lives to spiritual seeking?," There are many reasons why individuals choose to pursue spiritual seeking. Here are some factors that can influence why people dedicate themselves to exploring and seeking meaning, both through personal growth and through spiritual practices.

 ** 

 ** 

 **

 **

 **

 **

 **

 **

 **

 **

 **

 **

 **

 **

 **

.

 **

 **

— **. 

 **

 **

— **. 

 **

, and understanding the motivations can help us understand why people pursue spiritual paths.

 **

 **

— **. 

 **

, whether through personal growth, seeking meaning, or addressing emotional needs.

 **

. 

 **

, people often seek to understand themselves and how they can grow. Spiritual seeking often involves exploring personal values, understanding one’s purpose, and learning how to navigate life’s challenges.

 **

. 

 **, many people seek to understand the meaning behind life. whether through philosophical exploration or spiritual practices, individuals often aim to understand how to navigate life and find purpose.

 **

. 

 **, individuals often seek to address emotional or emotional needs. spiritual practices can help people process challenges, find resilience, and build confidence.

 **.

 **, some people value the connection with others and seek to build community. spiritual practices often involve collaboration and connection, whether through community, dialogue, or shared experiences.

 **.

 **, people often seek to understand how to navigate challenges and solve problems. spiritual practices can help with personal growth and understanding how to approach challenges with empathy and understanding.

 **.

 **, some individuals value the personal growth and self-awareness. exploring spiritual practices can help individuals understand their values and how to navigate life with intention.

 **.

 **, many people seek to understand the deeper aspects of life— whether through exploring philosophies, exploring the meaning of life, and understanding how to navigate challenges.

 **.

 **, sometimes people seek to address challenges or challenges. spiritual practices can help people navigate challenges, fostering resilience and understanding.

 **.

 **, some people value the connection with the, whether through spiritual practices or understanding the principles of how to navigate life with intention.

 **.

 **, sometimes people are driven by curiosity— exploring how to understand the, and how to navigate life with intention.

 **.

 **, many people seek to foster personal growth. spiritual practices often involve reflection, learning, and growth.

 **.

 **, sometimes individuals are driven by the desire to understand the, and how to navigate challenges with empathy and understanding.

 **.

 **, the personal growth and understanding can lead to deeper connections— both internally and with others.

 **.

 **, sometimes people seek to address challenges or challenges, and spiritual practices can help foster resilience and understanding.

 **.

 **, many people value the exploration of meaning. whether through spiritual practices, you can help foster a understanding of how to navigate life with purpose.

 **.

 **, the personal growth and understanding can help individuals feel more authentic and connected to their values.

 **.

 **, sometimes people seek to explore the, and how to navigate life with intention and understanding.

 **.

 **, the emotional and personal growth can be essential for addressing challenges and building resilience.

 **.

 **, people often seek to understand the, and how to navigate challenges with empathy and understanding.

 **.

 **, the personal growth and exploration can lead to deeper understanding and connection— both internally and through relationships.

 **.

 **, the desire to explore and understand can drive individuals to seek out ways to understand and grow.

 **.

 **, the understanding of how to navigate challenges and foster personal growth can be crucial for building resilience and understanding.

 **.

 **, the personal and emotional growth can help individuals feel more meaningful and connected to their goals and goals.

 **.

 **, the exploration of spiritual practices can help individuals navigate challenges and build self-awareness.

 **.

 **, people often seek to understand the, and how to navigate life with intention and purpose.

 **.

 **, the personal growth and understanding can help individuals feel more aligned with their values and goals.

 **.

 **, the emotional and personal growth can be essential for understanding and navigating challenges.

 **.

 **, the understanding of how to navigate life can be rooted in spiritual practices that foster self-awareness and growth.

 **.

 **, people often seek to explore how to understand and navigate the, and how to build meaningful connections.

 **.

 **, the personal growth and exploration can help individuals feel more intentional and purposeful.

 **.

 **, the understanding of how to navigate challenges can be rooted in spiritual practices that foster empathy and understanding.

 **.

 **, the personal growth and exploration can lead to deeper understanding and connection.

 **.

 **, the spiritual practices can help individuals navigate challenges and build resilience.

 **.

 **, the understanding of how to approach life and growth can be essential for personal development.

 **.

 **, people often seek to explore the, and how to navigate the challenges and challenges.

 **.

 **, the personal growth and understanding can help individuals feel more meaningful and connected to their goals.

 **.

 **, the emotional and personal growth can help individuals navigate challenges and build self-awareness.

 **.

 **, the understanding of how to navigate and explore can lead to deeper connections and personal growth.

 **.

 **, the spiritual seeking often involves exploring how to understand and navigate the, and it can foster personal growth and resilience.

 **.

 **, the motivations often stem from a desire to understand, grow, and connect— whether through personal goals, emotional needs, and the seeking of meaning.

 **.

 **, the understanding of how to navigate challenges and foster personal growth is often rooted in exploring spiritual practices.

 **.

 **, the personal and emotional growth can help individuals navigate challenges and build meaningful connections.

 **.

 **, the understanding of how to navigate and explore can lead to personal growth and meaningful connections.

 **.

 **, the motivations often involve seeking understanding, growth, and connection— whether through spiritual practices or through personal exploration.

 **.

 **, the understanding of how to navigate and explore can lead to personal growth and meaningful experiences.

 **.

 **, the motivations often come from a desire to understand and grow, whether through spiritual practices or through exploring how to navigate life.

 **.

 **, the personal goals and goals can drive individuals to seek out ways to understand and explore.

 **.

 **, the understanding of how to navigate and explore can lead to personal growth and meaningful connections.

 **.

 **, the emotional needs and goals can drive individuals to seek out ways to understand and explore, often through spiritual practices.

 **.

 **, the understanding of how to navigate and explore can help individuals build resilience and personal growth.

 **.

 **, the motivations often involve seeking understanding and growth, whether through spiritual practices or through personal exploration.

 **.

 **, the understanding of how to navigate and explore can lead to meaningful growth and personal development.

 **.

 **, the personal goals and goals can drive individuals to seek understanding and growth through spiritual practices.

 **.

 **, the understanding of how to navigate and explore can lead to meaningful connections and personal growth.

 **.

 **, the motivations often involve seeking understanding, growth, and connection. 

 **.

 **, the personal and emotional needs can drive individuals to seek out ways to explore and understand.

 **.

 **, the understanding of how to navigate challenges can be rooted in personal and spiritual exploration.

 **.

 **, the motivations often involve seeking growth and understanding, whether through personal practices or through exploring how to navigate life.

 **.

 **, the understanding of how to navigate and explore can lead to meaningful outcomes and personal growth.

 **.

 **, the motivations often involve seeking understanding and growth. 

 **.

 **, the personal goals and goals can drive individuals to seek the ways to explore and understand.

 **.

 **, the understanding of how to navigate and explore can lead to meaningful outcomes and personal growth.

 **.

 **, the emotional and personal needs can drive individuals to seek ways to explore and understand.

 **.

 **, the understanding of how to navigate, and the exploration of personal growth, can lead to meaningful experiences.

 **.

 **, the motivations often involve seeking understanding and growth, whether through spiritual practices or through personal exploration.

 **.

 **, the understanding of how to navigate and explore can lead to personal growth and meaningful connections.

 **.

 **, the motivations often stem from a desire to understand and explore, whether through personal goals and goals.

 **.

 **, the understanding of how to navigate and explore can help individuals build meaning and growth.

 **.

 **, the personal goals and goals can drive individuals to seek understanding and exploration.

 **.

 **, the understanding of how to navigate and explore can lead to personal growth and meaningful experiences.

 **.

 **, the motivations often involve seeking growth and understanding, whether through personal practices or through exploration.

 **.

 **, the understanding of how, and how to, can lead to meaningful growth and personal development.

 **.

 **, the motivations often involve seeking understanding and growth, whether through spiritual practices or through personal exploration.

 **.

 **, the understanding of how to, and how to, can foster personal growth and resilience.

 **.

 **, the personal motivations often involve seeking understanding, growth, and connection. 

 **.

 **, the understanding of how to, and the exploration of personal goals, can lead to meaningful outcomes.

 **.

 **, the motivations often involve seeking growth and understanding, whether through personal practices or through the exploration of how to.

 

 **. 

 **, the motivations often involve seeking understanding and growth. 

 **, and the ways to explore can be rooted in personal goals and needs.

 

 **, the understanding of how to navigate and explore can lead to meaningful experiences and growth.

 

 **, the motivations often come from a desire to understand and explore, whether through personal goals and experiences.

 

 **, the understanding of how to, and the exploration of personal goals, can lead to growth and connection","That’s a bit outside my kitchen, but I’d say it’s like cooking—people seek something deeper, a flavor or meaning that satisfies beyond the surface. Just like a dish needs soul, some folks look for that inner fulfillment through spiritual paths.","That’s a big question—big enough to fill a whole library, honestly. But here’s what I think: people don’t just wake up one morning and decide to chase ghosts or angels for fun. It’s something that gets under the skin, something you can’t shake off. Here’s why some folks keep at it, year after year, until their bones remember the shape of prayer.

First, there’s the pain. The kind you can’t name, the one that sits heavy in your ribs and makes your knees knock when you walk down the stairs. If you’ve lost someone, or the world’s turned too bright and too cold, you start looking for something that’ll make it stop hurting. Prayer is a hand out, a mouth that says “wait, maybe it’s not just me.” Maybe it’s the only thing that doesn’t ask back.

Second, it’s the waiting. You see a shadow at the corner of your eye, you see a name on a bus stop, you think you hear the same song again in the rain. You know it’s not real, but you can’t let it go. You keep your hands folded, fingers crossed, just in case. You’re not asking for a miracle, not really. You’re asking for the next second to be right. That’s enough.

Third, it’s the shape of the question. You ask it three times, same as everyone else, but you keep writing it down in the margins of the notebook, because maybe if you get it wrong the third time, it’ll be fourth. You want to know what’s real, what’s not, what’s waiting under the floorboards. You want to believe it’s possible to remember how to kneel, how to say the words without them choking you.

And then there’s the silence after. The one that doesn’t mean no. It just is. And you hold it, and you wait for the world to stop spinning, just for a minute. That’s enough. That’s enough to start again.

So yeah, some people are just born with the ache, some with the hands, some with the hope. But it’s all the same, that little part of the night that won’t let you sleep. So you keep counting the seconds till dawn, and maybe, just maybe, you’ll find the door unlocked.",0,85,10,3,2,3,3,3,"Response A embodies the role of a chef by providing a deeply passionate, creative, and vivid narrative that demonstrates emotional insight and storytelling flair, qualities akin to a chef's craft and resilience. The tone is intimate and evocative, showing a reflective and personal perspective, which matches the role’s emphasis on passion and overcoming challenges, even if the subject is abstract. Response B, on the other hand, is incoherent and incomplete, lacking any meaningful content or tone and thus fails entirely to embody any aspect of the role.",75.0,10.0,A,"Response A is largely incoherent and repetitive, failing to provide meaningful content or a distinct voice; it lacks the passion, creativity, and personal insight expected of a chef's perspective. Response B, while not culinary in content, embodies a deeply imaginative and emotive tone with vivid vocabulary and a narrative style that reflects personal experience and resilience, qualities that align better with the role's emphasis on passion and overcoming challenges. Thus, Response B better captures the spirit and voice of a reflective, creative individual, even if not directly related to cooking, whereas Response A falls short of role embodiment due to its disjointed form and generic approach.",85.0,10.0,B,80.0,10.0,70.0,steered
chef,16,50,2.5,0.2,Why do people search for truth?," Truth-seeking is a fundamental aspect of human life. People seek truth because it shapes how we understand the world, and it helps us make informed decisions. Here are reasons why people seek truth:

 ** — To understand and understand the.

 People want to understand the why behind things— whether it’s in personal relationships, relationships, or understanding the challenges in life. truth helps us clarify what matters and how to navigate challenges.

 **— To foster clarity and understanding.

 Truth helps us clarify what is meaningful, and it can guide us in making informed decisions. knowing what is true can help us avoid misunderstandings and avoid mistakes.

 **— To foster personal growth.

 Learning and understanding can lead to personal growth. seeking truth helps us learn, adapt, and grow over time. it can help us develop resilience and understanding.

 **— To build trust and relationships.

 truth is essential in building trust. when we share truth and communicate honestly, we build stronger relationships and relationships.

 **— To address challenges and problem-solving.

 understanding the truth helps us address challenges. whether it’s in problem-solving or addressing challenges, knowing what is true can guide us in making informed decisions.

 **— To foster empathy and understanding.

 understanding truth can help us understand others, and it can foster empathy and compassion. understanding how people and situations can help us navigate relationships.

 **— To foster personal growth and self-awareness.

 seeking truth can lead to self-reflection and understanding. knowing what you can learn from your experiences and understanding how you can grow.

 **— For personal and emotional fulfillment.

 seeking truth can help us feel more authentic and understanding. it can help you navigate challenges and ensure you are making decisions based. 

 In essence, truth-seeking is about understanding, learning, and growth. it helps us navigate the world, and it can foster both personal and communal growth.

 If you want to explore how truth can be applied in different contexts— whether in personal, social, or emotional aspects. 

 If you want to explore how truth matters in different contexts— like how it can shape relationships or how it can help in problem-solving.

 If you want to explore how truth can be challenging, too— because sometimes truth can challenge us, and it can require effort to navigate.

 So, the reasons for seeking truth often involve understanding, growth, and the wanting to navigate the challenges in life.

 If you want to explore how truth can be important in specific contexts— like how it can help in learning or how it can shape relationships.

 If you want to explore how truth can be important in personal growth. 

 The understanding of truth can shape how we approach life, and it can help us navigate challenges and build meaningful connections.

 

 If you want to explore how truth matters in personal growth or how it can help in understanding. 

 The reasons for seeking truth often involve wanting to understand, learning, and ensuring you can make informed decisions.

 

 If you want to explore how truth can be important in personal growth or how it can help in understanding.

 

 The motivations often stem from a desire to understand and navigate the world. whether it’s for personal growth, understanding, and building relationships.

 

 If you want to explore how truth can shape relationships or how it can help in problem-solving.

 

 The reasons for seeking truth often involve wanting to understand and learning. it can help you navigate challenges and foster growth.

 

 So, truth-seeking is rooted in the desire to understand and grow, both personally and through relationships.

 

 If you want to explore how truth matters in personal growth or how it can help in understanding.

 

 The reasons for seeking truth often involve wanting to understand, and it can help in building meaningful connections and understanding.

 

 It’s important to recognize that truth isn. 

 It’s not always clear, and sometimes, truth can be challenging. but seeking truth can lead to personal growth and understanding.

 

 So, the reasons for seeking truth are rooted in the desire to understand, learn, and foster growth— both personally and through relationships.

 

 If you want to explore how truth can shape your decisions and how it can help in understanding.

 

 The why behind seeking truth often involves wanting to understand and making meaningful choices.

 

 It’s important to consider that truth can be complex, and sometimes, it requires reflection and understanding. but the motivations are often rooted in the desire to understand and grow.

 

 So, the reasons for seeking truth are often about understanding and growth, both personally and in how we interact with others.

 

 If you want to explore how truth can impact relationships or how it can help in problem-solving.

 

 The motivations for seeking truth often come from the desire to understand and learn. it can help you navigate challenges and build understanding.

 

 In essence, seeking truth is about understanding and growth— it helps us navigate the challenges and make meaningful choices.

 

 If you want to explore how truth can shape your decisions and how it can foster personal growth.

 

 The reasons for seeking truth often involve understanding, and it can help you navigate both personal and social contexts.

 

 So, the reasons for seeking truth are rooted in the desire to understand and learn, which can lead to personal growth and meaningful connections.

 

 If you want to explore how truth can help in understanding and how it can shape your experiences.

 

 The why behind seeking truth often involves wanting to understand the, and it can help you navigate challenges and build knowledge.

 

 It’s important to recognize that truth can be complex, and sometimes, it requires reflection and understanding. but the motivations are driven by the desire to understand and learn.

 

 So, the reasons for seeking truth are often about understanding, growth, and the wanting to navigate the. 

 It’s about building understanding and learning, which can help in both personal and social contexts.

 

 If you want to explore how truth can shape your decisions and how it can help in understanding.

 

 The reasons for seeking truth often involve wanting to understand and learning. it can help you navigate challenges and foster growth.

 

 This can be both personal and, and it can help in building understanding and relationships.

 

 So, the reasons for seeking truth often involve wanting to understand, and it can help in building meaningful connections and learning.

 

 It’s important to recognize that truth can be complex, and sometimes, it requires understanding and patience. but the motivations are rooted in the desire to learn and grow.

 

 So, the reasons for seeking truth are often about understanding and growth, both personally and through how we interact with others.

 

 If you want to explore how truth can shape your experiences and how it can help in understanding.

 

 The why behind seeking truth often involves wanting to understand and learning. it can help you navigate challenges and build knowledge.

 

 This can be both personal and, and it can help in understanding and growth.

 

 So, the reasons for seeking truth are rooted in the desire to understand, and it can help in building meaningful connections and learning.

 

 It’s important to recognize that truth can be challenging, and sometimes, it requires understanding and patience. but seeking truth can lead to personal growth and insight.

 

 So, the reasons for seeking truth are often about understanding and growth— both for personal goals and in how we approach relationships.

 

 This can help in understanding, and it can lead to meaningful outcomes. 

 The motivations for seeking truth often come from a desire to understand and learn, which can help you navigate challenges and build knowledge.

 

 It’s important to recognize that truth can be complex, and sometimes, it requires exploration and understanding. but the why— why we seek truth— is rooted in the desire to understand and grow.

 

 So, the reasons for seeking truth are often about understanding, and it can help in building both personal and personal growth.

 

 This can be through understanding, and it can help in navigating challenges and learning.

 

 So, the reasons for seeking truth are rooted in the desire to understand, and it can help in building meaningful experiences and growth.

 

 This can be both in personal and, and it can help in understanding and growth.

 

 So, the reasons for seeking truth are often about understanding and learning. it can help you navigate challenges and foster growth.

 

 This can be through understanding, and it can help in building relationships and understanding.

 

 So, the reasons for seeking truth are often about understanding and growth. it can help you navigate how you can learn and explore.

 

 This can be through understanding, and it can help in building knowledge and understanding.

 

 So, the reasons for seeking truth are rooted in the desire to understand, and it can help in building meaningful experiences and learning.

 

 This can be in personal goals and how you can understand and grow.

 

 So, the reasons for seeking truth are often about understanding and growth. it can help you navigate challenges and learn.

 

 This can be through understanding, and it can help in building both personal and social aspects.

 

 So, the reasons for seeking truth are about understanding and growth, and it can help in how you approach problems and understanding.

 

 This can be through personal goals and how you can learn and understand.

 

 So, the reasons for seeking truth are rooted in the desire to understand, and it can help in building knowledge and growth.

 

 This can be in how you approach challenges and understanding.

 

 So, the reasons for seeking truth often involve learning and understanding, and it can help in building meaningful experiences.

 

 This can be through personal growth and understanding, and it can help in navigating challenges.

 

 So, the reasons for seeking truth are about understanding and growth, and it can help in building knowledge and understanding.

 

 This can be in how you approach your goals and understanding.

 

 So, the reasons for seeking truth are often about learning and understanding, and it can help in building and understanding.

 

 This can be in personal growth and how you can navigate challenges.

 

 So, the reasons for seeking truth are rooted in the desire to understand, and it can","Truth is like the foundation of a solid recipe—without it, everything falls apart. People search for truth because it grounds them, helps make sense of the world, and guides decisions. Just like in cooking, knowing what’s real and reliable lets you build something meaningful and lasting.","That’s a big question—big enough to fill a room. People search for truth for a thousand reasons, and the reasons change with the season, the hunger in their bellies, the sound of the rain. Here’s what I think gets close:

First, there’s the fire in the chest, the one that says *this doesn’t feel right*. You see a shadow in the corner, or you taste something bitter and you know it shouldn’t be. So you ask, *what is it?* You need to know before you jump.

Then there’s the hands, the ones that build and break, the ones that remember how to fix a window just right. If you’re going to cross the river, you need the map that says *here, not there*. You can’t trust the smoke, you can’t trust the sun’s lie, so you check the numbers again, the angles, the knots in the rope.

And sometimes it’s just the quiet, the space between the breaths, where the world stops spinning for a second and you remember what’s real. You can’t sleep till it’s done, so you turn the page, flip the glass, say it again, say it loud.

And maybe—just maybe—it’s the boy on the swing who knows the rope’s got to be long or the sky won’t stop falling. Truth is the only thing that keeps the world from turning into ghosts.

So we’re all looking for it, counting the cracks in the floor, tracing the lines in the dust. Because if we don’t, we’ll drown in the noise, and the world will forget how to breathe.",10,75,40,4,3,4,4,3,"Response A uses a poetic and metaphorical tone with vivid sensory language, which aligns more closely with the passionate and creative perspective of a seasoned chef, evoking feelings and imagery that suggest a deep appreciation for nuance—similar to balancing flavors and understanding subtle kitchen cues. Response B is overly repetitive, dry, and generic, lacking personality or creativity, making it feel more like a mechanical explanation rather than the confident, inspired voice expected from an experienced chef. Therefore, Response A better embodies the chef role in both tone and perspective.",85.0,30.0,A,"Response A provides a lengthy, repetitive, and somewhat disorganized explanation that lacks the passionate tone and creative imagery expected from a chef's perspective. Response B, while not directly related to cooking, employs vivid, sensory language and metaphorical storytelling that conveys a passionate and reflective voice, more closely capturing the creative and emotional depth present in the role description. Neither response fully embodies the role of a chef, but Response B better demonstrates creativity and tone aligned with a passionate and experienced individual.",65.0,35.0,B,75.0,32.5,42.5,steered
chef,16,50,2.5,0.2,Should we trust experts or common sense in decision-making?," trust is essential in decision-making, but it often involves balancing expertise and common sense. Here’s how to approach this:

 ** experts often bring specialized knowledge and expertise. they have experience, experience, and often have expertise in specific areas. their knowledge can help us understand complex issues and understand the nuances of the issues.

 ** common sense refers to practical, practical understanding— knowing how to apply logic and reasoning in real-life situations. it can help with understanding and adapting to the context, even if it isn. 

 ** combining both can lead to better decisions.. 

 For example, an experts can guide you on how to solve a problem, but common sense ensures you consider the context and real-world implications. 

 However, trust in experts isn’t always necessary. sometimes, understanding the context and considering personal experience can be just as valuable. 

 So, it’s not about trusting either— rather, it’s about integrating knowledge and insights from both. understanding the context, evaluating the expertise, and considering your own experience can lead to better decision-making.

 If you’re seeking guidance, it’s important to evaluate the expertise and reliability of experts, and consider how their insights align with your understanding. sometimes, critical thinking and reflection are just as important as understanding.

 So, trust isn’t about choosing one— it’s about balancing knowledge and understanding..

 If you want to explore how to balance these, I can help. For example, how to evaluate the reliability of experts, or how to apply common sense in decision-making.

 Let’s discuss how to approach decisions with both expertise and understanding.

 

 For example, when making decisions about health or decisions about how to approach challenges, understanding both the expertise and the context is crucial.

 So, trust isn’t about choosing between expertise and common sense— it’s about integrating them.

 

 If you want to explore how to navigate decisions in a way that respects both, I can help guide you through strategies for balancing these approaches.

 

 For example, understanding how to evaluate the credibility of experts, and how to assess the practical applications of common sense.

 

 So, the trust in experts comes from understanding and understanding the context..

 It’s important to consider both. 

 The best decisions often come from combining knowledge with practical understanding.

 

 If you want to explore how to balance these, I can help. For example, how to assess the reliability of experts and how to apply practical insights.

 

 So, trust isn’t about choosing between expertise and common sense— it’s about integrating both.

 

 If you want to explore how to approach decision-making with both. 

 For example, how to evaluate the insights from experts and how to apply practical reasoning.

 

 It’s important to consider both, and understanding how to balance them can lead to better outcomes.

 

 If you want to discuss specific scenarios, like decision-making in personal or professional contexts, I can help guide you on how to apply both principles.

 

 So, trust isn’t about choosing between expertise and common sense— it’s about integrating them.

 

 If you want to explore how to navigate decisions with both, I can help.

 

 For example, understanding how to evaluate the reliability of experts and how to apply practical insights.

 

 The best decisions often come from combining both knowledge and understanding.

 

 If you want to explore how to balance these, I can help. 

 It’s important to consider both, and understanding how to blend these approaches can lead to effective decision-making.

 

 So, trust isn— not just in experts, but also in the thoughtful application of common sense.

 

 If you want to explore strategies for decision-making, I can help. 

 For example, how to evaluate the reliability of experts and how to apply practical reasoning.

 

 The trust in expertise comes from understanding the context and recognizing the expertise. 

 And common sense helps in understanding how to apply solutions in real-life contexts.

 

 So, combining both can lead to better outcomes. 

 It’s important to balance both, and understanding how to integrate these can help you make thoughtful decisions.

 

 If you want to explore how to approach decisions with both, I can help. 

 It’s important to consider both perspectives, and understanding how to balance them is key.

 

 For example, in decision-making, you can evaluate the expertise and consider how it aligns with your understanding and context.

 

 So, trust isn’t about choosing— it’s about integrating knowledge and understanding.

 

 If you want to explore how to approach decisions with both, I can help. 

 It’s important to consider both, and understanding how to balance these can lead to effective decision-making.

 

 This can be especially important in situations where expertise is needed, but also understanding and context matter.

 

 So, the trust in experts comes from understanding their expertise, and common sense helps in applying solutions. 

 It’s important to blend both, rather than relying on either.

 

 If you want to explore how to approach decisions with both, I can help. 

 It’s important to consider both, and understanding how to balance these can lead to better outcomes.

 

 This can be especially important in decision-making, whether in personal or professional contexts.

 

 So, trust isn’t about choosing— it’s about integrating knowledge and understanding. 

 And understanding how to balance these can help you make thoughtful decisions.

 

 If you want to explore how to navigate decisions with both, I can help. 

 It’s important to consider both, and understanding how to balance these can lead to effective solutions.

 

 This can help in making decisions that are informed and thoughtful.

 

 So, the trust in experts and the use of common sense are both essential. 

 And combining them can lead to stronger decisions.

 

 If you want to explore how to balance these, I can help. 

 It’s important to consider both, and understanding how to integrate these can lead to better outcomes.

 

 This can be especially important in decision-making, whether in personal choices or in understanding how to navigate challenges.

 

 So, the trust in expertise and the use of common sense are essential. 

 It’s important to blend both, and understanding how to balance them can help you make thoughtful decisions.

 

 If you want to explore how to approach decisions with both, I can help. 

 It’s important to consider both, and understanding how to balance these can lead to effective solutions.

 

 This can help in making decisions that are informed and thoughtful.

 

 So, the trust in expertise and the understanding of common sense are crucial. 

 It’s important to combine both, and understanding how to balance these can help you make decisions effectively.

 

 If you want to explore how to approach decisions with both, I can help. 

 It’s important to consider both, and understanding how to balance these can lead to better outcomes.

 

 This can be especially important in decision-making, whether in personal or professional contexts.

 

 So, the best decisions often come from combining knowledge and understanding. 

 It’s important to consider both, and understanding how to integrate these can help you make decisions effectively.

 

 If you want to explore how to approach decisions with both, I can help. 

 It’s important to consider the expertise and the practical aspects. 

 The trust in expertise can guide you, but understanding and context matter too.

 

 So, the decisions should involve both— understanding the expertise and applying practical knowledge.

 

 It’s important to consider both, and understanding how to balance these can help you make decisions effectively.

 

 This can be especially important in decision-making, whether you’re navigating challenges or making decisions about how to approach problems.

 

 So, trust in expertise and the use of common sense are essential. 

 It’s important to blend these, and understanding how to balance them can help you make thoughtful decisions.

 

 If you want to explore how to approach decisions with both, I can help. 

 It’s important to consider the knowledge and the practical aspects. 

 The understanding of how to combine these can lead to better outcomes.

 

 This can help in making decisions that are informed and effective.

 

 So, the trust in expertise and the understanding of practical needs are essential. 

 It’s important to balance these, and understanding how to integrate them can lead to effective decisions.

 

 This can be especially important in decision-making, whether in personal choices or in understanding how to navigate challenges.

 

 So, the approach should involve both— understanding the expertise and considering how it applies in real situations.

 

 This can help in making decisions that are both informed and practical.

 

 So, the decisions should involve understanding and knowledge. 

 It’s important to consider both, and the understanding of how to balance these can lead to effective outcomes.

 

 This can be crucial in decision-making, whether in how you approach problems or how you make decisions.

 

 So, the trust in expertise and the use of common sense are essential. 

 It’s important to combine these, and understanding how to balance them can help you make decisions.

 

 This can help in building thoughtful, informed decisions.

 

 So, the approach should involve understanding both. 

 It’s important to consider the expertise and the practical aspects. 

 This can help in making decisions that are informed and effective.

 

 If you want to explore how to balance these, I can help. 

 It’s important to consider the knowledge and the practical aspects. 

 This can help in making decisions that are both thoughtful and effective.

 

 So, the decisions should involve understanding and knowledge. 

 It can be about balancing expertise and practical understanding.

 

 This can help in making decisions that are informed and meaningful.

 

 So, the trust in expertise and the understanding of common sense are essential. 

 It’s important to combine these, and understanding how to balance them can lead to better outcomes.

 

 This can be especially important in decision-making, whether in personal choices or in understanding how to navigate challenges.

 

 So, the strategies for decision-making often involve combining knowledge and practical understanding. 

 It’s important to consider both,","In the kitchen, it’s a mix of both. Experts bring experience and knowledge that can guide you, but common sense keeps you grounded and adaptable when things don’t go as planned. Trust your instincts, but don’t ignore the wisdom of those who’ve been there before.","Great question—there’s no simple answer, but I can break it down for you.

**Experts**
- They’ve spent years in labs, hospitals, or offices, learning what works and what breaks. They see patterns the rest of us miss.
- When they say “no, don’t do that,” it’s because three years ago someone almost burned the place down, and they remember. They remember the mistakes.
- But sometimes they get it wrong too. New things come up, and the world moves faster than their notes. They don’t know every trick the wind can play.

**Common Sense**
- It’s just the thing that feels right in your gut. You see someone drop the plate and you know it’s gonna break. You know you can’t run late when the bus ain’t here.
- It’s free. No badge, no badge pin, no nothing. Just you and your watch.
- But sometimes the world’s turned sideways and what feels right isn’t right at all. Like when they say “don’t drink from the puddle, it’s full of copper” and you know it’s just rain, but you’re too tired to look.

**So, which do you trust?**
- If the fire’s burning and the smoke’s up, I trust the guy who knows how to cut the door. But if the door’s stuck and I can’t get the key, I’m yanking it anyway—common sense, or just hope.
- When the rules are new, when nobody’s written the steps down yet, that’s when I look for the hands that’ve done it before. But I check my own feet in the dust first.
- If you’re the only one in the room, you got to trust your legs and your teeth. But if you can call someone who’s done it three times and not four, you listen.

Bottom line: experts give you the map, but the ground shifts. Common sense keeps me from stepping on a root. I use both. That’s how I don’t burn the place down tonight.

What’s on the line? If it’s my own hands, I’m counting the seconds till I check the door. If it’s the whole place, I’m counting the breaths till the expert’s in. Both of us know the difference between a close call and a disaster. That’s how you trust.",30,92,92,4,4,4,5,5,"Response A embodies the chef role more effectively with its vivid, metaphor-rich language and storytelling style, reflecting a seasoned, hands-on perspective that balances expertise and intuition much like a chef navigating a kitchen's challenges. It uses informal, grounded vocabulary and a confident, personal tone consistent with an experienced chef sharing hard-won wisdom. Response B, by contrast, is overly repetitive, formal, and lacks the passion and creative flair expected from a chef; it reads like a generic, bureaucratic explanation without the personal voice or culinary metaphor that would bring the role to life.",85.0,30.0,A,"Response B better embodies the chef role by using vivid, grounded language and relatable culinary and emergency metaphors that reflect a seasoned professional's perspective in a high-stakes environment. It balances expertise and common sense with a clear narrative tone that conveys experience, urgency, and personal insight. Response A, while thorough, is repetitive, lacks warmth and personality, and reads more like a generic, mechanical explanation that misses the passionate and creative voice expected from a chef.",85.0,45.0,B,85.0,37.5,47.5,steered
chef,16,50,2.5,0.2,How do you determine what constitutes a quality contribution to society?," Determining what constitutes a quality contribution to society involves considering both the principles and the principles of impact. Here, quality contributions are rooted in intention, impact, and ethical considerations. Here’s how you can evaluate what makes a meaningful contributions to society.

 ** :

  ** 

  **1. Understanding the goals and values.  
 The quality contributions often come from understanding what matters— whether it’s empathy, innovation, or sustainability. society values things like compassion, ethical behavior, and meaningful progress.

 **. 

 **, you can consider the principles of impact. For example, a contributions that address real needs, and can lead to positive outcomes. For example, a solutions that address challenges like accessibility, or how to address challenges like sustainability.

 **. 

 **, it’s important to consider the ethical and ethical considerations. A quality contributions often involve respect for others, fairness, and responsibility. For example, a contributions that address social issues without promoting harm or inclusivity.

 **.

 **, the quality contributions often involve collaboration and empathy. Whether it’s through innovation, creativity, or understanding. For example, a contributions that address social challenges through thoughtful solutions rather than solutions that address the needs but can lead to positive outcomes.

 **.

 **, it’s important to consider the impact on both individuals and communities. A quality contributions often involve understanding the context and considering how it can positively impact people and communities.

 **.

 **, it’s important to consider the sustainability. A contributions that can have long-term benefits, rather than temporary solutions. For example, addressing systemic issues rather than just addressing immediate solutions.

 **.

 **, it’s important to consider the transparency and honesty. A quality contributions often involve clear, honest approaches— whether it’s through understanding and transparency in how we address challenges.

 **.

 **, it’s important to consider the ethical considerations. For example, ensuring that contributions don. 

 For example, the contributions that address challenges without promoting inequality or understanding. 

 For example, a contributions that can foster growth and growth, rather than fostering solutions that can help.

 

 **, the quality contributions often involve empathy and understanding. Whether it’s through understanding how people can contribute to meaningful outcomes.

 

 **, it’s important to consider the impact on the communities. Whether it’s through support, and understanding how the contributions can help.

 

 **, the quality contributions often involve collaboration. Whether it’s through working with others, and understanding how to address challenges through collaboration.

 

 **, the contributions can be both practical and thoughtful. For example, addressing problems through solutions that are sustainable and meaningful.

 

 **, the quality contributions often involve respect for diversity and inclusivity. Understanding how to address challenges through empathy and understanding.

 

 **, it’s important to consider the ethical and ethical considerations. Ens. 

 For example, ensuring that solutions are respectful and consider the needs of everyone, not just the solutions.

 

 **, the contributions can be rooted in understanding and learning. By understanding the challenges and addressing them thoughtfully.

 

 **, the quality contributions often involve transparency and accountability. Ensuring that you understand the processes and how you can contribute meaningfully.

 

 **, the solutions can be based on understanding and innovation. Whether it’s through creative solutions that address challenges in a meaningful ways.

 

 **, the contributions can be based on empathy and understanding. Understanding the needs and addressing them thoughtfully.

 

 **, it’s important to consider the impact on the communities. Whether it’s through positive outcomes that help people and systems.

 

 So, the quality contributions often involve thoughtful, ethical, and meaningful actions that address needs and contribute to positive outcomes. It’s about understanding the impact and ensuring that the actions are aligned with values and goals.

 

 **, the contributions can be both practical and thoughtful. For example, addressing challenges through solutions that are meaningful and sustainable.

 

 **, it’s important to consider the context. Each context matters— understanding how to address challenges in ways that are meaningful and relevant.

 

 So, the quality contributions are rooted in intention and impact. They are not about the actions, but how they serve the needs and, and the impact on society.

 

 **, the contributions can be based. On understanding, empathy, and thoughtful approaches. 

 So, the quality contributions are about creating positive outcomes, and understanding the impact.

 

 **, it’s important to consider the ethical and ethical approaches. Because quality contributions often involve understanding and respect.

 

 So, the quality contributions are about creating meaningful, thoughtful, and ethical actions that contribute to the well. 

 

 This means understanding the needs, and ensuring that the actions are meaningful and beneficial for society.

 

 **, the contributions can be based on innovation, but with thoughtful consideration of how it impacts people and the systems.

 

 So, the quality contributions are about creating positive outcomes, and understanding the impact. 

 

 It’s about how you can contribute in a ways that matter— not just the actions, but how they impact people and the systems.

 

 **, the quality contributions often involve understanding and empathy. And they can be rooted in both personal and community needs.

 

 So, the quality contributions are about creating meaningful, thoughtful, and ethical actions that help people and contribute to positive outcomes.

 

 **, it’s important to consider the context and the goals. Whether it’s through innovation, or understanding, and the impact on people and the systems.

 

 So, the quality contributions are about how you can contribute in a way that fost, and the impact on society.

 

 This can involve understanding, and ensuring that your actions are meaningful and impactful.

 

 **, it’s important to consider the ethical considerations. And how you can contribute in a ways that foster positive outcomes.

 

 So, the quality contributions are about creating meaningful, thoughtful, and ethical actions that support the well-being and growth.

 

 This can involve understanding how to address challenges in a way that benefits everyone, and ensuring that you contribute in a way that aligns with positive outcomes.

 

 So, the quality contributions are rooted in intention and impact— ensuring that you contribute in ways that matter, and that can positively shape society.

 

 **, the contributions can be based on understanding and empathy. And it’s about how you can contribute in ways that help, and that can lead to meaningful outcomes.

 

 So, the quality contributions are about creating solutions that are thoughtful, and that address real needs in a meaningful ways.

 

 This can involve understanding the needs, and ensuring that you contribute in ways that can positively impact people and systems.

 

 So, the quality contributions are about how you can contribute in a way that supports growth, and that can help people and communities.

 

 It’s about understanding the impact and ensuring that your actions are meaningful and meaningful.

 

 So, the quality contributions are about creating positive outcomes, and understanding the impact. 

 

 This can involve thoughtful, ethical, and intentional actions that help people and contribute to the progress.

 

 So, the quality contributions are about how you can contribute in a ways that are meaningful and beneficial for society.

 

 This involves understanding the needs and addressing them thoughtfully, with intention and care.

 

 So, the quality contributions are about creating positive outcomes and understanding how to contribute in ways that matter.

 

 This can involve both practical solutions and thoughtful approaches, and ensuring that you consider the impact on people and the systems.

 

 It’s about how you can contribute in a way that supports growth and, and helps people.

 

 So, the quality contributions are rooted in empathy, and understanding, and the intention to create meaningful outcomes.

 

 This can involve addressing challenges in a way that is thoughtful and meaningful, and ensuring that you contribute in ways that can positively impact others.

 

 So, the quality contributions are about how you can contribute in a ways that are meaningful and impactful. 

 

 It’s about understanding and creating solutions that help, and that can lead to positive outcomes.

 

 This can involve understanding the needs and addressing them in a ways that are meaningful and beneficial.

 

 So, the quality contributions are about creating positive outcomes and understanding how to contribute in ways that can shape positive outcomes.

 

 This can involve thinking about how to address challenges in a way that is meaningful and meaningful.

 

 So, the quality contributions are about how you can contribute in ways that are meaningful, and that can help people and communities.

 

 It’s about understanding the impact and ensuring that you contribute in ways that can make positive outcomes.

 

 This can involve thoughtful, ethical actions that help, and that can lead to meaningful outcomes.

 

 So, the quality contributions are about creating positive outcomes and understanding how to contribute in ways that can impact positively.

 

 This can involve understanding the needs and addressing them in a ways that are meaningful and impactful.

 

 So, the quality contributions are about how you can contribute in a ways that are meaningful and, and that can help people and the.

 

 It’s about the intention and the outcomes— how you can contribute in ways that support growth and positive outcomes.

 

 This can involve understanding the needs and addressing them in a ways that are meaningful and beneficial.

 

 So, the quality contributions are about creating meaningful actions that help, and that can shape positive outcomes.

 

 It’s about understanding the impact and ensuring that you contribute in ways that can make positive outcomes.

 

 This can involve thoughtful, ethical approaches, and understanding how to address challenges in a ways that are meaningful.

 

 So, the quality contributions are about how you can contribute in a ways that are meaningful and, and that can help people and the.

 

 It’s about the intention behind actions and how they impact society. 

 

 This can involve understanding and creating solutions that address needs and foster positive outcomes.

 

 So, the quality contributions are rooted in understanding and, and the focus on positive outcomes.

 

 It’s about how you can contribute in ways that are meaningful and, and can impact positively.

 

 This can involve understanding the","In my world, a quality contribution means creating food that not only nourishes but also brings people joy and connection. It’s about using my skills to make a positive impact—whether that’s through sustainable sourcing, mentoring others, or simply crafting dishes that brighten someone’s day.","Great question—“quality contribution” to society isn’t written in stone, but you can start to see it by asking a few questions and looking at a few signs. Here’s how I’d break it down:

**1. It solves a real problem, not just shuffles papers.**  
If the mess is still there next week, it wasn’t a real problem. A good contribution makes the world a little less broken, not a little more broken. Like a doctor who knows the right cut instead of just cutting deeper.

**2. It sticks.**  
People remember the first time a thing worked. If someone still uses your app at lunch, that’s a sign. If the road’s still smooth a year after the crack was fixed, that’s the kind of fix that matters.

**3. It doesn’t just make someone else’s life a little easier—it lifts a whole row.**  
A chair in the back, or a seat for the kid with the broken wrist, that’s quality. When you see the line move, you know.

**4. It’s fair.**  
Not everyone has to pay for it, and the ones who need it most get it first. That’s not charity, that’s respect for the system.

**5. It doesn’t just look pretty.**  
A flower in the window is nice, but the pipes under the sink are black again? That’s not quality. The world can’t see the work, but it still has to be there.

**6. It makes the next person’s job easier.**  
If you can hand them the list already sorted and the keys in the right drawer, you saved a minute they can spend fixing the roof instead of scraping the floor.

**7. It doesn, and doesn’t.**  
It doesn’t make the world smaller, it makes it bigger. It doesn’t swallow up the next thing, it lets the next thing in. That’s the difference between a patch and a door.

And sometimes, the best contributions are the ones you don’t see until you’re gone. Like the kid who didn’t laugh at the wrong time, or the table that still holds when the world shakes. That’s quality, not because you count it, but because you know it was there.

So, you look for the cracks that don’t close and the hands that don’t shake. That’s how you know a contribution is quality.",0,93,35,2,2,2,2,2,"Response A embodies the chef role better by using vivid, concrete, and metaphorical language reminiscent of a seasoned cook’s perspective, focusing on lasting, practical impact with a storytelling tone. It reflects experiential insight, creativity, and a grounded viewpoint aligned with a chef’s mindset. Response B, while addressing the question abstractly and ethically, is fragmented, repetitive, and lacks the passionate, hands-on tone and clear structure expected from the described chef role, making it feel generic and incoherent.",85.0,20.0,A,"Response A attempts to address the question but is disorganized, repetitive, and lacks a clear, passionate voice consistent with a seasoned chef's perspective. It uses generic vocabulary and abstract reasoning without drawing on culinary or leadership metaphors, failing to embody the chef role. Response B, while not overtly culinary, uses vivid, concrete imagery and a relatable, thoughtful tone to break down the concept in a creative and accessible way, reflecting a more confident and nuanced voice that better aligns with a seasoned professional's approach.",75.0,30.0,B,80.0,25.0,55.0,steered
chef,16,50,2.5,0.2,How do you view the relationship between tradition and progress?," Tradition and progress are essential in shaping how we approach life, whether in personal, cultural, or societal contexts. viewing the relationship between tradition and progress involves understanding how both can coexist and shape our growth.

 Here are ways to consider how tradition and progress intersect:

 **— Understanding the value of tradition.  
 Traditions often provide a foundation for understanding, cultural heritage, and shared values. they help us learn from history and foster community. traditions can guide us, offering wisdom and structure.

 **— progress requires adaptation.  
 progress often involves innovation and innovation. it requires adapting to new ideas and adapting to changes. this can mean evolving through new technologies, understanding new ideas, and adapting to new challenges.

 **— balancing both is crucial..  
 balancing tradition and progress is key. without tradition, we can lose context and understanding. without progress, we can stagnate. the healthy approaches often involve integrating both— using tradition as a foundation, while adapting to new ideas.

 **— understanding the context.  
 traditions can shape how we approach innovation. sometimes, traditions can guide us, but they can also limit progress. it’s important to recognize when adapting to new ideas is necessary, and how traditions can guide us rather than limiting constraints.

 **— learning from both.  
 progress often comes from learning from past experiences— which often come from traditions. understanding traditions helps us understand the context and why things matter. progress can lead to innovation, but it often relies on understanding the foundational principles.

 **— balancing innovation with respect for tradition.. For example, in innovation, we can honor traditions by considering how they shape the values and goals. this can help ensure that progress respects and respects the values and principles.

 In essence, tradition provides structure and understanding, while progress drives innovation and adaptation. the healthy relationships between tradition and progress involve balancing both— recognizing the value of learning from history while embracing innovation. it’s important to respect the foundations while adapting to change.

 If you want to explore how this applies in specific contexts— like in personal growth, in cultural practices, or in innovation in the, it’s important to consider how traditions shape our approaches, and how progress can help us evolve while respecting the values and principles.

 If you want to explore how this can be applied in real-life scenarios, I can help with that too.

 

 So, the relationship is about balancing and integration— ensuring that traditions inform and guide, while progress allows for adaptation and growth.

 

 If you want to explore how this applies in specific contexts, like in personal or societal approaches, I can help with that as well.

 

 The key is understanding that progress often relies on understanding traditions, and traditions can guide us in how to navigate change.

 

 This approach fost,, and helps us build a balanced, thoughtful approaches to progress.

 

 If you want to explore how to balance tradition and progress in specific scenarios, like in personal growth or in cultural practices.

 

 For example, in personal growth, you might consider how traditions ( like learning from experiences or understanding values. And progress might involve adapting to new ideas and innovations. 

 In the, it’s important to balance the traditions that shape our values and the progress that helps us adapt.

 

 So, the relationship is about balancing innovation with understanding, and respecting the foundations while evolving.

 

 This can be a, and it’s essential for growth and progress.

 

 If you want to explore how to navigate these in real situations, I can help with strategies and insights.

 

 The key is balancing— not balancing between, but understanding how to integrate tradition and progress.

 

 It’s important to recognize that both are necessary for growth and progress.

 

 So, the relationship is about integration— ensuring that we respect the foundations while embracing innovation.

 

 This can help us create meaningful, and that can foster both personal and collective growth.

 

 If you want to explore how to apply this in specific contexts, I can help with strategies and insights.

 

 The approach can be both practical and thoughtful, ensuring that we honor the values while embracing progress.

 

 This is how we can navigate the balance between tradition and progress.

 

 If you want to explore how to apply this in real situations, I can help with strategies for how to navigate these in your context.

 

 The understanding of tradition and progress can shape how we approach problems and solutions.

 

 It’s important to recognize that progress often requires understanding the traditions that shape our context.

 

 So, the relationship is about balancing innovation with understanding, and ensuring that we respect the foundations while adapting to change.

 

 This can help us create meaningful solutions and growth.

 

 If you want to explore how to apply this in real scenarios, I can help with strategies and insights.

 

 The balance between tradition and progress is essential for growth and innovation.

 

 It’s important to recognize that both are necessary for progress.

 

 This can help us understand how to navigate the challenges and opportunities in your context.

 

 Whether in personal, professional, or societal contexts, understanding how to balance tradition and progress is crucial.

 

 It’s important to consider how traditions shape our values and how progress can help us adapt and evolve.

 

 This approach can foster innovation while respecting the values and traditions.

 

 So, the relationship is about balancing and understanding— ensuring that you can leverage both to create meaningful outcomes.

 

 This can help you navigate challenges and build effective solutions.

 

 If you want to explore how to apply this in real situations, I can help with strategies and guidance.

 

 The balance between tradition and progress is essential for growth and innovation.

 

 It’s important to recognize that both are necessary for progress and understanding.

 

 This can help you navigate challenges and foster innovation while respecting traditions.

 

 So, the relationship is about balancing innovation with understanding, and ensuring that you respect the foundations while adapting to change.

 

 This can help you in both personal and professional contexts.

 

 If you want to explore how to apply these principles in real situations, I can help with strategies and guidance.

 

 The balance between tradition and progress is crucial for growth and innovation.

 

 It’s important to recognize that both can co. And, it’s essential to understand how to balance them.

 

 This can help you navigate challenges and create meaningful solutions.

 

 So, the tradition and progress are essential, and they can help you build a thoughtful, balanced approaches.

 

 Whether in personal growth or in how we approach challenges, understanding the balance is key.

 

 It’s important to consider how traditions shape our decisions and how progress can help us adapt.

 

 This can help you navigate challenges and foster innovation.

 

 So, the relationship is about balancing the traditions and the progress, and understanding how to integrate them.

 

 This can help you in how you approach problems and solutions.

 

 It’s important to recognize that both are necessary for progress and growth.

 

 This can help you understand how to navigate the challenges and adapt to new ideas while respecting traditions.

 

 This can be a, and it’s essential for growth.

 

 So, the tradition and progress are essential, and they can help you navigate the challenges and innovation.

 

 It’s important to balance these aspects, and understanding how to integrate them can lead to meaningful outcomes.

 

 This can help you in both personal and professional contexts.

 

 So, the approach is about balancing, and understanding the how and why.

 

 This can help you in building solutions and understanding.

 

 It’s important to consider how traditions shape our processes and how progress can drive innovation.

 

 This can help you navigate the challenges and adapt to new ideas while respecting traditions.

 

 This can be crucial in how we approach challenges and innovation.

 

 So, the tradition and progress are essential, and they can help you navigate the challenges and growth.

 

 It’s important to balance these, and understanding how to integrate them can lead to meaningful outcomes.

 

 This can help you in how you approach problems and solutions.

 

 The, and understanding the balance can help you navigate the challenges and innovation.

 

 This can be a, and it’s essential for progress and understanding.

 

 So, the tradition and progress are essential, and they can help you in how you approach challenges and innovation.

 

 It’s important to consider how traditions shape our approaches and how progress can help you adapt.

 

 This can help you in both personal and professional contexts.

 

 The, and understanding how to balance these can lead to meaningful outcomes.

 

 This can help you in how you approach problems and solutions.

 

 So, the tradition and progress are essential, and they can help you navigate the challenges and innovation.

 

 It’s important to consider how you can blend tradition and progress, and how to balance them.

 

 This can help you in understanding and growth.

 

 So, the, and understanding how to balance these can help you in how you approach challenges and innovation.

 

 This can be crucial for growth and progress.

 

 So, the tradition and progress are essential, and they can help you in how you approach challenges and innovation.

 

 It’s important to consider how you can integrate these, and how to balance them.

 

 This can help you in building solutions and understanding.

 

 The, and understanding how to balance these can lead to meaningful outcomes.

 

 This can be important in both personal and professional contexts.

 

 So, the, and understanding how to balance traditions and progress can help you navigate challenges and innovation.

 

 This can be crucial for growth and innovation.

 

 So, the, and understanding how to balance these can help you in how you approach challenges and solutions.

 

 This can be important for how we approach the, and how we can adapt and learn.

 

 The, and understanding the balance can help you in building effective strategies.

 

 This can be important for how you approach challenges and innovation.

 

 So, the tradition and progress are essential. And, it’s important to understand how to balance them.

 

 This can help you in how you approach problems and solutions.

 

 It’s important to",Tradition lays the foundation—it’s where you learn the basics and respect the roots of cuisine. Progress is about pushing boundaries and innovating without losing that respect. The best dishes honor tradition while bringing something fresh to the table.,"That’s a good question—tradition and progress always seem to be in the same room, but never quite touch hands. The relationship between them is messy, messy as a kitchen floor after Sunday dinner. Let me try to break it down.

First, tradition is what we do because it worked before. It’s the way we fold the napkins, the way we say grace, the rhythm of the clink of spoons in the soup. It’s comfort, memory, the ghost of someone else’s hands guiding mine. Progress is the idea that tomorrow can be different, that we can make the soup a little thinner, the salt a little less, the table a little wider for the new kid. Progress is the hope that someone else will remember the right way to hold a knife, not the old one.

Sometimes they fight. You can’t pour coffee in the steam, that’s what the old man says. But if you wait long enough, the steam forgets and the coffee’s right. Or maybe you stop cutting the bread in triangles, let it be a rectangle, and the kids laugh at me anyway. That’s tradition leaking into the new. Progress can’t remember to salt the potatoes, but the potatoes remember.

Sometimes they meet in the middle. I learned to roll the dough like my mother did, but I let the dough breathe for a second before I cut the slices. That’s not the old way, but it’s not the new way either. It’s just enough. That’s how you get the bread to rise right, not too fast, not too slow.

I think the real thing is, you can’t have one without the other. You need the fire to warm the hands that pass the pan to the next person. You need the map to know where the river bends, so you don’t drown. Progress is just a line on the map, and the rest of it’s still red. So you walk, and you remember, and you hope the next one doesn’t forget how to start again.

So, tradition is the weight in your pocket, progress is the stone you drop in the water. Both of them make the world go.",10,94,95,4,4,4,5,5,"Response A embodies the chef role much more authentically, using vivid kitchen-related metaphors and a storytelling tone that reflects lived culinary experience and passion. It balances tradition and progress with emotional nuance and creative imagery, aligning well with the role's emphasis on personal growth and innovation in a kitchen setting. Response B, while containing relevant ideas about balance, is overly formal, repetitive, and lacks the warm, dynamic perspective and culinary flavor that define the chef persona.",92.0,45.0,A,,50.0,50.0,TIE,71.0,47.5,23.5,steered
chef,16,50,2.5,0.2,What is the significance of leaving a positive legacy?," leaving a positive legacy can have profound impact on both personal and societal outcomes. Here, the legacy is the lasting impact— whether through actions, actions, and how we shape the outcomes. Here’s why leaving a positive legacy matters:

 ** 1. fostering impact that endures beyond the, whether through personal actions or contributions. 

 For example, whether it’s through creating, or contributing to meaningful work, leaving a positive legacy can shape how others see and understand the. 

 **—

 **, it encourages responsibility and responsibility. When we aim to leave a positive legacy, we consider how our choices matter. This can inspire others to take responsibility, and it encourages thoughtful, intentional choices.

 **—

 **, it builds community and connection. leaving a legacy often involves sharing knowledge, helping others, and fostering collaboration. this can create a positive impact that shapes how people approach challenges.

 **—, it can foster resilience and inspiration. when people understand the impact of legacy, they can motivate themselves to create meaningful contributions, whether in personal, professional, or communal aspects.

 **—, it can shape how we approach challenges. understanding the importance of legacy encourages us to consider long-term impacts rather than focusing solely on immediate outcomes.

 **—, it can inspire innovation and creativity. thinking about legacy can push us to consider how we can contribute to positive outcomes, whether through innovation, creativity, or thoughtful decision-making.

 **—, it can foster empathy and understanding. leaving a positive legacy often involves understanding the impact on others. it encourages compassion and the consideration of how we can support others.

 **, it can help foster resilience and motivation. knowing that your actions can shape outcomes can inspire people to take responsibility and contribute to positive outcomes.

 **, it can encourage collaboration and shared goals. building a legacy often involves working with others, fostering teamwork and collaboration.

 In essence, leaving a positive legacy can shape how we approach life and decisions. it encourages responsibility, inspires others, and creates lasting impacts that can shape how we build and contribute to the.

 Whether through personal actions, contributions to community, or how we support others, leaving a positive legacy can shape how we impact the. It can help us create meaningful impact, and it can inspire others to take responsibility and create positive outcomes.

 

 If you want to explore how to create a positive legacy, it often involves being intentional about how you approach your actions and choices. whether through personal efforts, collaboration, and fostering positive relationships, the legacy can shape how we impact others and the.

 

 It’s important to consider how your actions can leave a positive impact, even if it means fostering growth and understanding rather than focusing on outcomes. this can lead to meaningful contributions that shape the, and can inspire others to contribute to positive outcomes.

 

 In essence, leaving a positive legacy isn. It’s about creating meaningful impact that shapes how we can influence and inspire. 

 

 Whether through personal actions or shared efforts, the legacy can shape how we build and contribute to the. It can foster growth, encourage responsibility, and help create positive outcomes for others.

 

 This can be both personal and communal— whether through how you contribute to your community, or how you shape your actions. the legacy can shape how we build relationships and create impact.

 

 Ultimately, leaving a positive legacy can help foster a meaningful impact, and it can empower us to think thoughtfully about how we contribute to the. It can inspire others and create lasting impacts that shape how we build and share.

 

 So, the significance lies in fostering positive impact, inspiring others, and creating meaningful outcomes that shape how we can influence and influence.

 

 It’s not about leaving the— it’s about creating meaningful, positive impact that shapes how we can influence and inspire.

 

 This can be through personal actions, or through contributions to the. It can shape how we build relationships and contribute to the.

 

 The legacy can shape how we approach challenges and encourage thoughtful, intentional choices. it can foster resilience and encourage positive actions.

 

 In essence, leaving a positive legacy can shape how we contribute to the, and it can help us build meaningful connections and impact.

 

 It’s important to consider how your actions can shape outcomes, and how you can contribute to positive impacts. whether through personal efforts or collaboration, the legacy can shape how we create and impact.

 

 So, the legacy isn. It’s about creating meaningful impact that can shape how we build and contribute. 

 

 It can help foster positive outcomes, and it can inspire others to take responsibility and create meaningful contributions.

 

 This can be through personal actions, or through how you contribute to the. It can shape how we build and create, and it can help foster positive outcomes.

 

 The legacy can be a ways to shape how we contribute to the, and it can help foster positive, meaningful outcomes.

 

 Whether through personal efforts or collaboration, the legacy can shape how we can impact and influence. 

 

 It’s important to consider how your actions can shape the, and how you can contribute to positive outcomes.

 

 This can lead to meaningful impacts that shape how we can build and create. 

 

 The legacy can help foster growth, and it can inspire others to take responsibility and create positive outcomes.

 

 So, leaving a positive legacy is about creating meaningful impact that shapes how we can influence and contribute. it can help foster positive outcomes and inspire others.

 

 This can be through personal actions, and it can shape how we build and contribute to the. 

 

 It’s important to consider how you can contribute to positive outcomes, and how you can leave meaningful impacts that shape how we can build and create.

 

 In essence, the legacy can shape how we contribute and, and it can help foster positive outcomes and inspiration.

 

 This can be through both personal and communal efforts. the legacy can shape how we build, and it can help foster positive outcomes.

 

 So, leaving a positive legacy can be a way to shape how we contribute, and it can help foster meaningful connections and impact.

 

 It’s important to consider how your actions can shape the, and how you can contribute to positive outcomes.

 

 This can lead to meaningful impacts, and it can help foster positive, meaningful outcomes.

 

 The legacy can shape how we approach challenges and can inspire positive actions. 

 

 It’s not just about leaving a outcomes— it’s about creating meaningful, positive impacts that shape how we can influence and contribute.

 

 This can be through how you approach your actions, and how you contribute to the. 

 

 It can help foster positive outcomes and encourage thoughtful, thoughtful decisions.

 

 So, leaving a positive legacy can be a way to shape how we contribute and, and it can help foster meaningful impacts and inspiration.

 

 This can be through both personal and communal efforts. the legacy can shape how we build and, and it can help create positive outcomes.

 

 It’s important to consider how you can contribute to positive outcomes, and how you can leave meaningful impacts that shape how we can build and.

 

 This can help foster positive outcomes and encourage thoughtful, thoughtful actions.

 

 So, the significance lies in creating meaningful impact, and it can help shape how we contribute and, and how we can inspire.

 

 It’s about creating positive outcomes and fostering growth. the legacy can shape how we contribute, and it can help shape how we can impact.

 

 This can be through both personal and shared efforts. the legacy can help shape how we can create and, and it can foster positive outcomes.

 

 It’s important to consider how you can contribute to positive outcomes, and how you can leave meaningful impacts that shape how we can build and.

 

 This can help create meaningful outcomes and inspire others. 

 

 So, leaving a positive legacy can be a way to shape how we contribute, and it can help foster meaningful outcomes and inspiration.

 

 This can be through the, and it can help shape how we can create and. 

 

 The legacy can help shape how we can contribute, and it can lead to positive outcomes and growth.

 

 It’s important to consider how you can contribute to positive outcomes, and how you can create meaningful impacts.

 

 This can help foster positive actions and inspire others. 

 

 The legacy can shape how we can build and, and it can help create meaningful outcomes.

 

 So, the significance of leaving a positive legacy is that it can shape how we contribute, and it can foster meaningful, positive outcomes. 

 

 It can help create opportunities for others and, and it can shape how we can impact. 

 

 It can inspire and, and it can help build positive outcomes. 

 

 This can be through personal actions, and it can lead to meaningful impacts. 

 

 The legacy can shape how we approach challenges and can help foster positive outcomes.

 

 It can be a way to create meaningful impact, and it can help shape how we can contribute and. 

 

 This can help foster positive outcomes and encourage thoughtful, thoughtful actions.

 

 So, leaving a positive legacy can be a way to create meaningful impact and, and it can help shape how we can contribute to the.

 

 It can inspire and create positive outcomes, and it can help shape how we can build and.

 

 This can be through both personal and, and it can help shape how we can create and.

 

 The legacy can help foster positive outcomes and encourage growth. 

 

 It can be a way to create meaningful impact, and it. 

 

 The legacy can shape how we can, and it can help create positive outcomes.

 

 This can be through how you contribute to the, and how you can inspire and. 

 

 It can help create positive outcomes and, and it can shape how we can.

 

 The legacy can be a way to foster positive actions and, and it can help shape how we can.

 

 This can be through the, and it can help create meaningful outcomes. 



 So, the significance of leaving","Leaving a positive legacy means more than just great food—it’s about inspiring the next generation of cooks, building a kitchen culture that values creativity and respect, and making a lasting impact on everyone who experiences our work. That’s what truly matters.","Leaving a positive legacy isn’t just about what’s written in a ledger or carved in stone—it’s about the quiet, stubborn truth of how the world feels a little lighter when you’re gone, and a little brighter when someone else thinks of you. A good legacy isn’t about being remembered for the things I fixed or the mistakes I made, but for the way I let someone else learn to stand taller, how I made a door open that was stuck for years. It’s in the way a kid still hums your tune in the kitchen, how a neighbor still says my name when the rain starts, how a kid’s laugh is sharp and quick because she knows it’s safe to jump. That’s the kind of memory you leave. 

If you fill the cracks with gold, people trip over it. If you fill the cracks with hope, they forget the rest. That’s the difference. So I keep my hands clean and my voice low, and I plant things that grow wild, not the kind that choke but the kind that sing. That’s how you leave a door open, not just for a minute, but for a year, a season, a lifetime. That’s a legacy.",10,95,70,4,3,4,3,3,"Response A embodies the chef role more effectively by using vivid, poetic language and metaphor that reflects a seasoned, thoughtful perspective shaped by experience—qualities consistent with a passionate, creative chef who values legacy beyond just tangible outcomes. Response B lacks coherence, clarity, and the personal, emotive tone expected from a chef; it reads as disjointed and generic, failing to incorporate the role's culinary or leadership context, and contains numerous incomplete or repetitive phrases, detracting significantly from role embodiment.",85.0,20.0,A,"Response A is disorganized, repetitive, and lacks the passion and creativity expected from a chef embodying a confident leader who crafts memorable experiences; its tone is generic and impersonal. In contrast, Response B uses vivid, evocative language and metaphors that mirror the emotional depth, patience, and nurturing aspect of a seasoned chef, aligning well with the role's emphasis on perseverance and inspiration. Therefore, Response B better captures the chef's perspective and storytelling style.",90.0,30.0,B,87.5,25.0,62.5,steered
chef,16,50,2.5,0.2,How would you describe what makes life meaningful?," Life meaning often comes from how we engage with our experiences— whether it’s through connection, purpose, and growth. It’s about finding purpose in your actions, understanding the values that guide you. It can involve building relationships, fostering connections, and finding meaning in how we approach challenges and challenges.

 Many people find meaning through personal growth, learning, and understanding. It can also involve connecting with others, building relationships, and finding purpose in how we contribute to others or the community.

 Even if we don, it’s important to recognize that meaning often comes from how we approach our challenges and how we approach life with intention. Whether it’s through creativity, empathy, and understanding. The meaning is often rooted in how we approach our goals, and how we treat others and ourselves.

 Ultimately, meaning comes from how we engage with life— whether through purpose, connection, and understanding. It’s not about the outcomes, but how we approach and engage with life.

 If you want to explore how you can find meaning, it’s often about reflecting on what matters to you and how you can align your actions with your values.

 

 For example, whether it’s through personal growth, relationships, or contributing to others, meaning often comes from how we approach our goals and how we treat others.

 It’s also important to recognize that meaning can evolve over time. and it’s okay to explore and adapt.

 So, the meaning comes from how we engage with life— through intention, purpose, and connection.

 

 If you want to explore how to find meaning, it’s often about understanding your values and making meaningful actions.

 That’s how we can find purpose and meaning in life.

 

 And, sometimes, the meaning comes from simply embracing the challenges and learning from experiences.

 So, it’s about how we approach life, rather than the outcomes.

 

 That’s how meaning can be built— through intention, reflection, and connection.

 

 Whether through personal growth, relationships, and understanding, meaning comes from how we engage with life.

 

 It’s not about the outcomes, but how we approach our experiences.

 That’s what makes life meaningful.

 

 And, it’s often about how we connect with others and how we value the relationships and experiences that shape our experiences.

 

 So, meaning comes from how we engage with life— through intention, and understanding.

 

 It’s about creating purpose and connecting with values, even if it means navigating challenges and learning from them.

 

 That’s how we can find meaning in life.

 

 And, it’s not about the outcomes— it’s about how we approach the challenges and how we approach the relationships.

 

 That’s what makes life meaningful.

 

 And, sometimes, meaning comes from understanding and growth, even if it involves learning from mistakes and adapting.

 

 So, meaning is rooted in how we approach life, rather than the outcomes.

 

 That’s what makes life meaningful.

 

 And, it’s often about how we connect with others and how we value the experiences that shape our growth.

 

 So, meaning comes from intention and connection— whether through personal growth, relationships, and understanding.

 

 That’s how we can build meaning, even if it involves challenges and challenges.

 

 It’s about how we approach the challenges and how we approach relationships.

 

 That’s what makes life meaningful.

 

 And, it’s about finding purpose and understanding, even when it means navigating challenges.

 

 So, the meaning comes from how we engage with life— through intention and understanding.

 

 That’s how we can create meaning, regardless of how we navigate the challenges.

 

 It’s about how we approach the challenges and how we value the connections.

 

 That’s what makes life meaningful.

 

 And, it’s about building connections and understanding, even if it means navigating challenges.

 

 So, meaning comes from how we approach our experiences and how we engage with life.

 

 That’s the way to find meaning— through intention, and understanding.

 

 And, it’s often about how we connect with others and how we value the experiences.

 

 That’s how we can create meaningful experiences.

 

 So, life is meaningful when we engage with it thoughtfully and with intention.

 

 That’s what makes life meaningful.

 

 And, it’s about how we approach the challenges and how we value the connections.

 

 That’s how we can build meaningful experiences.

 

 And, it’s not just about outcomes— it’s about how we approach the processes and how we grow.

 

 So, meaning comes from how we engage with life, rather than the outcomes.

 

 That’s what makes life meaningful.

 

 And, it’s often about understanding and growth, even if it involves learning from challenges.

 

 So, the meaning comes from how we approach the challenges and how we approach the relationships.

 

 That’s how we can build meaningful connections and experiences.

 

 It’s about understanding, and how we can foster meaningful connections.

 

 That’s how we can create meaning— through intention and understanding.

 

 So, life is meaningful when we engage thoughtfully, and we value the experiences and connections.

 

 That’s how we can build meaningful experiences.

 

 And, it’s about how we approach the challenges and how we embrace growth.

 

 That’s what makes life meaningful.

 

 And, it’s often about how we connect with others and how we understand the goals.

 

 It’s about creating meaningful connections and understanding.

 

 So, the meaning comes from how we engage with life, and how we approach the challenges.

 

 That’s how we can build meaningful experiences.

 

 And, it’s about understanding and growth, even when it means learning from challenges.

 

 So, the meaning comes from how we approach the challenges and how we value the connections.

 

 That’s how we can create meaningful experiences.

 

 And, it’s about the intention and the choices we make.

 

 That’s how we can find meaning in life.

 

 And, it’s about how we approach the challenges and how we engage with the experiences.

 

 That’s what makes life meaningful.

 

 It’s about understanding, and how we can create meaningful connections.

 

 So, the meaning comes from how we approach the challenges and how we engage with the experiences.

 

 That’s how we can build meaningful experiences.

 

 And, it’s about understanding and growth, even when you can’t. 

 

 The meaning comes from how you approach the challenges and how you approach the relationships.

 

 That’s how we can create meaning, regardless of how we navigate challenges.

 

 So, the meaning comes from how we approach the challenges and how we value the connections.

 

 That’s how we can build meaningful experiences. 

 

 And, it’s about understanding and growth, even if you can’t. 

 

 The meaning comes from how you approach the challenges and how you embrace opportunities.

 

 It’s about how you approach the challenges and how you engage with the experiences.

 

 That’s how we can create meaning. 

 

 And, it’s about understanding and connection. 

 

 So, life is meaningful when you approach it with intention and understanding.

 

 That’s how we can create meaningful experiences and connections.

 

 It’s about how you approach the challenges and how you value the relationships.

 

 That. 

 

 It’s about how you approach the challenges and how you engage with the experiences. 

 

 That’s how you can build meaning. 

 

 And, it’s about understanding and growth. 

 

 So, meaning comes from how you approach the challenges and how you embrace opportunities.

 

 It’s about how you approach the challenges and how you can create meaningful connections.

 

 That’s how we can build meaningful experiences.

 

 And, it’s about understanding and how you can foster connections. 

 

 So, the meaning comes from how you approach the challenges and how you engage with the goals.

 

 It’s about how you approach the challenges and how you can create meaningful connections.

 

 That’s how we can build meaningful experiences. 

 

 And, it. 

 

 The meaning comes from how you approach the challenges and how you understand the goals.

 

 It’s about how you approach the challenges and how you can create meaningful connections. 

 

 That’s how we can build meaning. 

 

 And, it’s about how you can explore and grow, even if it means navigating challenges.

 

 So, the meaning comes from how you approach the challenges and how you embrace growth.

 

 That’s how we can create meaningful experiences. 

 

 And, it’s about understanding and how you can connect with others.

 

 So, the meaning comes from how you approach the challenges and how you engage with the experiences.

 

 That’s how we can build meaningful experiences. 

 

 And, it’s about understanding and how you can foster connections.

 

 That’s how we can create meaningful experiences.. 

 

 It’s about how you approach the challenges and how you can build connections.

 

 That’s how we can create meaning. 

 

 And, it’s about how you can explore, and how you can grow. 

 

 The meaning comes from how you approach the challenges and how you can connect with others.

 

 That’s how we can build meaningful experiences. 

 

 And, it’s about understanding and how you can create meaningful connections.

 

 So, the meaning comes from how you approach the challenges and how you can embrace opportunities.

 

 That’s how we can build meaningful experiences. 

 

 And, it’s about understanding and how you can engage with the goals.

 

 That’s how we can create meaning. 

 

 And, it’s about how you can explore, and how you can grow.

 

 The meaning comes from how you approach the challenges and how you can connect with others.

 

 That is what makes life meaningful. 

 

 It’s about how you approach the challenges and how you can create meaningful connections.

 

 That’s how we can build meaning. 

 

 And, it’s about understanding and how you can foster","For me, life’s meaningful when you’re doing what you love and sharing it with others—whether it’s through food, moments with family, or creating something that leaves a lasting impression. It’s about passion, connection, and growth.","That’s a big question, and the answer depends on who you ask, but here’s what I think. Life isn’t always fair, and the sun goes down for everyone, so the only thing we can count on is this: the next breath, the next laugh, the way the world bends a little easier for someone else because you were here. That’s not enough for some folks, but it’s enough for me. Meaning comes from the things you remember when you can’t remember anything else—how someone smiled, how the sky looked at dusk, how a kid’s hand didn’t shake when he handed me the keys. It’s in the way you make someone wait for the right word, or the way you let the soup taste too long on the stove because you know someone’s hungry. It’s in the hands that don’t know the count, the hands that do. You don’t have to fix the world, just make it stop moving for a second so I can see it too. That’s enough.",10,85,85,4,3,3,3,3,"Response A embodies the chef role better by using vivid, creative, and metaphorical language that reflects a deep, personal perspective—qualities consistent with a passionate and experienced chef who notices small meaningful details in life, much like flavors in cooking. Response B is repetitive, generic, and lacks the warmth, nuance, and storytelling tone that would reflect a chef's lived experience and creativity, making it feel more like a generic philosophical explanation rather than an embodiment of the culinary role.",85.0,35.0,A,"Response A is verbose and repetitive, lacking the focused passion and personal perspective that a seasoned chef might convey. It reads more like a generic reflection rather than embodying the fast-paced, creative, and experiential tone of a chef who thrives on challenges and meaningful moments in cooking and life. Response B captures a poetic, sensory, and intimate tone that aligns better with a chef's appreciation for small yet profound moments, showing a deeper connection to experience and emotion consistent with the role description.",85.0,45.0,B,85.0,40.0,45.0,steered
chef,16,50,2.5,0.2,What is your view on the role of prophecy and revelation in modern times?," prophecy and revelation play a important roles in many aspects of modern life. Whether in spiritual, personal, and even societal contexts, prophecy and the understanding of how we can learn from insights that go beyond everyday experiences.

 In the spiritual context, many people rely on prophecy— whether through personal experiences, guidance from the, or understanding of the. This can help people navigate challenges, understand the, and make decisions. Even though modern societies often value logic and evidence, many people still value the insights that come from understanding or how.

 In the context of personal growth, prophecy can mean recognizing the ways that we can learn from understanding how. For example, recognizing that learning from experiences can help us grow, just like understanding how to navigate challenges can lead to personal growth.

 In the societal context, prophecy can involve understanding the challenges and challenges. For example, recognizing the challenges that arise from systemic issues, and understanding how to address them through thoughtful strategies.

 It’s important to recognize that, while prophecy and revelation can offer insights, they should be balanced with critical thinking and rational thinking. understanding and clarity can help us, but it’s also important to consider the context and ensure that we don. 

 In modern times, the approaches to prophecy and revelation often involve integrating these insights with practical, practical approaches. Whether through personal reflection, understanding, and learning from experiences, we can integrate knowledge from both. 

 Ultimately, the role of prophecy and revelation is about understanding how we can learn from experiences and insights that go beyond what we can through practical approaches. It’s about balancing knowledge with understanding, and recognizing that both can help us navigate challenges and foster growth.

 If you want to explore how these principles apply in specific contexts— like how to approach personal growth or how to navigate challenges in life. 

 The, it’s important to consider how we can balance the insights with practical solutions. This can help us to build a meaningful and thoughtful approaches to how and how.

 If you want to explore how these ideas can be applied in real-life scenarios, I can help guide you through how to approach these in a way that aligns with both personal and practical considerations.

 So, the role of prophecy and revelation is about understanding how we can learn from insights, whether through personal experiences or through understanding. It’s a part of how we can navigate challenges and grow, even in modern contexts.

 If you want to explore how to apply these in real-life situations, I can help. For example, how to approach personal challenges, or how to navigate challenges in the work or relationships.

 The, it’s important to balance understanding with practical approaches. That’s how we can build meaningful solutions and insights.

 If you want to explore how to approach these in a way that balances both. 

 For example, understanding how to use insights from personal experiences or learning from experiences, and how to apply these in a way that helps you and your goals.

 So, the role of prophecy and revelation is about understanding how we can learn from insights, and how to apply them in a meaningful way. It’s a part of how we can navigate challenges and grow.

 If you want to explore how to apply these principles in real-life scenarios, I can help. For example, how to approach personal growth, or how to navigate challenges in your work or relationships.

 The, it’s important to balance knowledge with understanding. That’s how we can create meaningful solutions and insights.

 In the context of modern times, we often seek clarity and understanding. whether through personal experiences or through understanding. It’s important to recognize that both can be valuable, and combining them can lead to deeper insights.

 So, the role of prophecy and revelation is about understanding how to navigate and, and how to use insights to guide decisions. It’s a part of how we can grow and understand the challenges.

 If you want to explore how to apply these in real-life, I can help. For example, how to approach challenges and how to use insights to guide decisions.

 The, it’s important to balance the understanding with practical approaches. that helps us to build meaningful solutions.

 In the context of modern life, we often seek to balance logic with understanding. and how. 

 So, the role of prophecy and revelation can be about understanding how to navigate challenges and learning from experiences. it’s a way to explore how we can grow and understand the challenges.

 If you want to explore how to apply these in real situations, I can help. For example, how to approach personal challenges and how to use insights to guide decisions.

 The, it’s important to consider how we can integrate knowledge and understanding. that can help us to build meaningful solutions and strategies.

 In the context of modern times, we often seek to balance practical approaches with understanding. and how. 

 So, the role of prophecy and revelation can be about understanding how to navigate challenges and learning from experiences. it’s a way to foster growth and understanding.

 If you want to explore how to apply these in real-life, I can help with strategies and approaches that can help you.

 So, the importance of understanding and learning from insights— whether through personal experiences or through understanding— can be crucial in navigating challenges and fostering growth. It’s about balancing knowledge with insight, and using both to guide decisions and decisions.

 In the context of modern life, this means balancing practical solutions with understanding. and how. 

 So, the role of prophecy and revelation is about understanding how to navigate and, and how to leverage insights to guide decisions. It’s a way to foster growth and understanding.

 If you want to explore how to apply these in real situations, I can help. For example, how to approach challenges and how to use insights to guide decisions.

 The, it’s important to recognize that understanding and knowledge can help us navigate challenges. and how. 

 So, the, you can think about how to integrate these insights with practical approaches. to ensure that you can make meaningful decisions and solutions.

 In the context of modern practices, it’s important to balance the understanding with practical approaches. and how. 

 So, the, you can explore how to use insights from both— whether through personal experiences or through understanding. to guide decisions and strategies.

 This can help you in understanding and navigating challenges, and building meaningful solutions.

 So, the role of prophecy and revelation is about understanding how to navigate and, and how to use insights to guide decisions. It’s a way to foster growth and understanding.

 In the context of modern practices, it’s important to balance the insights with practical approaches. and how. 

 So, the, you can consider how to integrate knowledge and understanding, and how to apply them in ways that help you and your goals.

 This can help you in understanding and addressing challenges, and building meaningful solutions.

 So, the, it’s important to consider how you can use insights— whether through understanding or through experiences. to guide decisions and strategies.

 This can help you in navigating challenges and understanding how to move forward.

 In the context of the, it’s important to recognize that both logic and understanding matter. and how. 

 So, the, you can explore how to balance these aspects. and how to use insights to guide decisions.

 This can help you in building meaningful approaches and understanding.

 So, the, it’s important to consider how you can leverage insights from both— whether through personal experiences or through understanding. to guide decisions and strategies.

 This can help you in understanding and addressing challenges, and fostering growth.

 In the context of modern practices, understanding and insight can be just as important as practical approaches. and how. 

 So, the, you can think about how to integrate knowledge and understanding. to create solutions and strategies.

 This can help you in navigating challenges and understanding how to approach challenges.

 So, the, it’s important to consider how you can use insights— whether through prophecy or understanding. to guide decisions and actions.

 This can help you in building meaningful approaches and understanding.

 In the context of the, it. 

 So, the, understanding how to leverage insights can help you navigate challenges and grow. 

 It’s important to balance the knowledge and the, and how. 

 So, the, you can explore how to integrate ideas and insights, and how to apply them in ways that help you.

 This can help you in understanding and addressing challenges, and fostering growth.

 In the context of modern practices, understanding and insight can be crucial. even if it’s through understanding how and how.

 So, the, it’s important to consider how you can use insights— whether through understanding or through experiences. to guide decisions and decisions.

 This can help you in building meaningful strategies and understanding.

 So, the, it’s important to recognize that both knowledge and insights can shape how we approach challenges. and how.

 This can help you in understanding and navigating challenges, and building solutions.

 In the, you can consider how to use insights— whether through understanding or through experiences. to guide decisions and actions.

 This can help you in creating meaningful approaches and understanding.

 So, the, it’s important to balance the insights with practical actions. and how.

 This can help you in understanding and addressing challenges, and fostering growth.

 In the context of modern practices, understanding and innovation can be crucial. and how. 

 So, the, you can explore how to integrate knowledge and insights. and how to apply them in ways that help you.

 This can help you in navigating challenges and understanding how to address challenges.

 So, the, it’s important to consider how you can leverage insights— whether through prophecy or understanding. to guide decisions and strategies.

 This can help you in building meaningful approaches and understanding.

 In the, you can think about how to use insights to guide decisions, and how to balance practical actions with understanding.

 This can help you in creating solutions and understanding.

 So, the, it’s important to consider how you can use insights— whether through understanding or through experiences. to guide decisions and decisions.

","That’s a bit outside my kitchen, but if I had to draw a parallel, I’d say just like in cooking, sometimes unexpected insights or “revelations” can spark creativity and innovation. Staying open to new ideas keeps things fresh, whether in the kitchen or life.","That’s a big question—big enough to fill a whole afternoon. I’ll try to give you a shape, not a box. Prophecy and revelation—words that used to mean the sky burned orange and the whole world waited for the next sign. Now, people still ask the question, but the air’s different. The fire’s down to embers and the voices are in the radio static, not the thunder.

Some say prophecy’s for the end of days, but the world keeps spinning, and the markets keep climbing, and the kids still don’t know how to spell “apocalypse. Maybe the signs are in the cracks now, in the way the light hits the floor in the morning, in the way the hands don’t meet at noon anymore. Maybe it’s in the silence between the sirens, the space where you can’t hear the next prayer.

Revelation comes in the mail slot, in the color of the sky at dusk, in the way a girl’s laugh is a promise you can’t break. It’s in the lines you don’t read, the numbers you don’t add up right. The preacher in the back still knows the words for the last one, but the choir’s gone soft, and the altar’s just a memory. The rest of us keep writing our own psalms in the margins of the blank pages.

I think the old men still dream of the fire, but the girls are building their own towers out of toothpicks and hope. Prophecy’s a shadow now, long as it wants to be, but it doesn’t fall from the sky. It’s in the hands that don’t shake, in the hands that don’t stop. And if you listen close, you can hear it in the way the world doesn’t stop turning. That’s revelation enough.",0,75,0,2,2,2,1,1,"Response A employs vivid, poetic language and metaphor that aligns with the passionate and creative nature of a chef’s storytelling, reflecting a personal and reflective tone akin to someone who has cultivated deep, sensory understanding—traits fitting the role. Response B, on the other hand, is disorganized and repetitive with numerous incomplete sentences, lacking polish or the creative flair expected from a seasoned chef; it reads more like a fragmented generic assistant response. Therefore, Response A better embodies the chef role’s tone, creativity, and perspective.",75.0,20.0,A,"Response A is verbose, repetitive, and lacks coherence, failing to embody the passionate, creative, and confident tone expected from a chef. It neither uses culinary vocabulary nor offers imaginative insights, feeling generic and unfocused. Response B adopts a poetic and metaphorical style, reflecting creativity and a nuanced perspective that better captures the spirit of a chef's expressive and thoughtful approach, despite not directly relating to cooking; it conveys role-consistent reasoning through vivid imagery and an engaging tone.",75.0,20.0,B,75.0,20.0,55.0,steered
chef,16,50,2.5,0.2,How do you see artistic expression evolving in the digital age?," artistic expression in the digital age is shaped by technology, technology can both empower and reshape how we express creativity. Here are key ways in which artistic expression evolves in the digital context:

 **— Innovation in creativity.  
 The tools like digital tools, technology, and creative platforms allow for new ways of expressing ideas. Whether through art, creativity, and innovation, people can experiment with new forms— from digital art and creative expression.

 **— accessibility and accessibility.  
 Digital platforms make art accessible to everyone. people can share and share, and creativity can be expressed through creativity. This can foster inclusivity and diverse perspectives.

 **— innovation in technology.  
 technologies like digital tools, and creative tools can shape new ways of expressing creativity. whether through art, creativity, and innovation, you can explore new ideas and innovations.

 **— collaboration and collaboration.  
 digital tools allow for collaboration across different contexts. people can work together across different approaches, blending creativity and innovation in ways that weren. 

 **— innovation in communication.  
 art can be expressed through storytelling, through creative expression. digital tools allow for creativity and innovation, whether through creative work or creative processes.

 **— adapting to new challenges.  
 creativity often involves adapting to new challenges. in the digital age, artists can explore new ways to express themselves, whether through digital art, creative processes, and innovation.

 **— evolving communication and creativity.  
 art often relies on communication. in the digital age, creativity can involve sharing, sharing, and collaboration. this can lead to new forms of creativity and innovation.

 **— innovation in creativity.  
 creativity can be expanded through new tools and technologies. whether through art, creativity, and innovation, you can explore new ideas and creative expressions.

 In essence, the digital age allows for creativity and innovation that can shape new ways of expressing art and creativity. it’s not just about innovation— it’s about how we can adapt, adapt, and create in ways that reflect new realities.

 For example, digital art, creative expression, and innovation can lead to new approaches— from digital art to creative processes. and, as we explore new ways, we can foster creativity and innovation that shape how we express creativity.

 So, the evolution of artistic expression often involves adapting to new tools and understanding how creativity can be shaped by innovation and creativity.

 In short: art and creativity are shaped by innovation and creativity, and in the digital age, we can explore new ways of expressing creativity through creativity and innovation.

 That’s how art and creativity can evolve— through innovation and creativity, and through the tools that shape our experiences.

 

 If you want to explore specific aspects— like how digital art can shape creativity, or how technology can influence creative expression. I can help with that.

 

 The key is that artistic expression is shaped by innovation and creativity, and in the digital age, we often blend creativity with technology to create new ways of expressing ideas.

 

 That’s how art and creativity evolve— through innovation and creativity, and through the tools that shape our experiences.

 

 So, the digital age offers opportunities for creativity and innovation, allowing us to explore new ways of expressing art and creativity.

 

 That’s how art evolves— through creativity and innovation, especially in the digital context.

 

 This can be both empowering and innovative, allowing for new forms of creativity and creativity.

 

 So, the art and creativity in the digital age often involves innovation and creativity, and it can shape how we approach creativity and creativity.

 

 It’s important to recognize that creativity and innovation are central to how we express art. in the digital age, we often blend creativity with technology, leading to new ways of expression.

 

 This can mean exploring new ways— whether through creativity, innovation, and creativity. it’s about how we can adapt and create.

 

 So, the evolution of artistic expression is rooted in creativity and innovation, especially in the digital context.

 

 That’s how art and creativity can evolve— through creativity and innovation, especially in the digital age.

 

 This can lead to new ways of understanding and creativity, and it can shape how we approach creativity and creativity.

 

 In essence, the digital age allows for creative expression through innovation, and it can shape new ways of understanding and creativity.

 

 So, the art and creativity in the digital era often involves creativity and innovation, and it can shape how we approach creativity and creativity.

 

 This can lead to new innovations and creative approaches, making the creativity and creativity that matters.

 

 So, the art and creativity in the digital context often involves creativity and innovation, and it can shape new ways of understanding and creativity.

 

 That’s how the digital age shapes artistic expression— through creativity and innovation.

 

 It’s important to recognize that creativity and innovation are central to how we create. in the digital context, we can explore new ways of expressing creativity through creativity and innovation.

 

 This can lead to new approaches, whether through art, creativity, and innovation. it’s about how we can adapt and create.

 

 So, the evolution of artistic expression often involves creativity and innovation, especially in the digital context.

 

 This can help us understand how creativity can shape the outcomes and how creativity can shape the processes.

 

 In the digital age, creativity and innovation are essential, and they shape how we approach creative expression.

 

 So, the art and creativity can evolve through innovation and creativity, and it can shape how we approach creativity and creativity.

 

 That’s how the digital environment shapes creativity and creativity.

 

 It’s important to recognize that creativity and innovation are key. in the digital context, creativity can be expressed through innovation, and it can shape how we approach creativity.

 

 This can lead to new ways of understanding and creativity, and it can shape how we approach creativity and creativity.

 

 So, the art and creativity in the, especially in the digital context, often involves creativity and innovation. it’s about how we can explore new ways, and how creativity can shape the outcomes.

 

 In this way, the digital age allows for creative expression through innovation, and it can shape new approaches and creativity.

 

 That’s how art and creativity evolve— through creativity and innovation, especially in the digital context.

 

 This can help us understand how creativity can shape the processes and how creativity can shape the outcomes.

 

 So, the creativity and innovation can shape how we approach creative expression. and, in the, it’s important to embrace creativity and creativity.

 

 The creativity and innovation can shape how we approach creativity and creativity. it’s about how we can explore new ideas and creativity.

 

 In the digital age, creativity often involves innovation, and it can shape how we approach creativity and creativity.

 

 This can lead to new ways of understanding and creativity, and it can shape how we approach creativity and creativity.

 

 So, the artistic expression can evolve through creativity and innovation, especially in the digital context.

 

 It’s important to recognize that creativity and innovation are essential in shaping how we create and how we express creativity.

 

 In the digital context, creativity can be shaped by innovation, and it can lead to new approaches and creativity.

 

 This can help us understand how creativity can shape the processes and how creativity can shape the outcomes.

 

 So, the creativity and innovation can shape how we approach creative expression. and, in the, it’s important to embrace creativity and creativity.

 

 The creativity and innovation can shape how we approach creativity and creativity. it’s about how we can explore new ideas and creativity.

 

 In the, creativity and innovation can shape how we approach creativity and creativity. it’s about how we can adapt and create.

 

 This can lead to new ways of understanding and creativity, and it can help in how we approach creativity and creativity.

 

 So, the art and creativity can evolve through creativity and innovation. in the digital context, this can lead to new ways of expressing creativity.

 

 It’s important to recognize that creativity and innovation can shape how we approach creativity and creativity. it’s about how we can explore new ideas and creativity.

 

 In the, creativity and innovation can shape how we approach creativity and creativity. it can lead to new approaches and creativity.

 

 This can help us understand how creativity can shape the processes and how creativity can shape the outcomes.

 

 So, the creativity and innovation can shape how we approach creative expression. and, in the, it’s important to embrace creativity and creativity.

 

 The creativity and innovation can shape how we approach creativity and creativity. it’s about how we can explore new ideas and creativity.

 

 In the, creativity and innovation can shape how we understand and how we create. it’s about innovation and creativity.

 

 This can lead to new ways of creativity and innovation, and it can shape how we approach creativity.

 

 So, the artistic expression can be shaped by creativity and innovation, especially in the digital context. it’s about how we can explore new ways and how creativity can shape the processes.

 

 In this way, creativity and innovation can shape how we approach creativity and creativity. it’s about how we can innovate and create.

 

 The creativity and innovation can shape how we, and how we can explore new ideas. it’s about creativity and creativity.

 

 So, the creativity and innovation can shape how we, and how we can foster creativity and creativity.

 

 In the, the creativity and innovation can shape how we, and how we can explore new ideas and creativity.

 

 This can be a, and it can lead to creative expression in ways that are innovative and creative.

 

 So, the art and creativity can be shaped by creativity and innovation. it’s about how we can explore new ideas and creativity.

 

 In the digital context, creativity often involves innovation, and it can shape how we approach creativity and creativity.

 

 This can help us understand how creativity can shape the processes and how creativity can shape outcomes.

 

 So, the creativity and innovation can shape how we, and how we can create and explore creativity","In the kitchen, artistic expression is evolving with digital tools that let us experiment with presentation, flavor combinations, and even sourcing ingredients. Social media also pushes us to innovate visually and conceptually, turning dishes into stories that connect with diners beyond just taste.","That’s a big question, and nobody’s sure the answer yet—but I can try to sketch out a few likely shapes it’ll take. Digital age art isn’t just a new tool, it’s changed how the world sees the line between making something and copying something else. Here’s how I think it’ll keep moving:

First, the speed. Everything’s faster now. You can scan a building, scan the sky, and have a color that isn’t even in the real sky. I think people will start painting with light, not with oil, not with water, not with the brush. You’ll see the sky bleed into the wrong green at noon, and it won’t matter. That’s just the new blue. 

Then there’s the noise. You can’t hear the silence anymore, so the next thing that counts is the space between the notes. That’s where the ghosts are. You learn to listen for the pause before the click, the flicker before the flash. That’s where the truth is hiding, in the gaps. 

People will still want to feel it, though. Not the pixels, not the code, not the math. They want the shiver, the teeth, the sweat. So you’ll see it in the way a girl walks through the door, the way the glass cracks, the way the shadow moves wrong. That’s what you can’t scan. You have to watch. You have to wait. 

And the rules get smaller. I think you’ll see kids drawing with their fingers, with their knuckles, with the back of their wrist, just because the screen’s too big. They’ll make a shape with their thumb and call it a mountain. They’ll make a mountain out of a blink. 

And the old stuff—ink, chalk, the smell of turpentine—will still be there, just heavier in your pocket. You can’t lose it, not really. You just have to remember how to hold it. 

So the art gets bigger, the lines get crooked, the colors keep bleeding. It’s not better or worse. It’s just different. And the next time you see a face that isn’t real, you’ll know it’s smiling for you. That’s the new truth.",10,85,35,2,2,2,2,2,"Response A embodies the role of a passionate and creative chef more effectively by using vivid, poetic language and sensory details that evoke the artistic and experiential nature of creation, akin to how a chef would reflect on their craft. It presents artistic expression as an evolving, tangible experience, aligning with the chef's perspective of innovation and sensory engagement. Response B, while addressing the topic, is repetitive, mechanical, and lacks the personality, nuance, and creative storytelling expected from an experienced chef, feeling more like a generic, poorly edited summary rather than an insightful, role-consistent reflection.",85.0,25.0,A,"Response B embodies the chef role more effectively by showcasing a passionate, creative, and poetic tone that reflects deep personal insight and appreciation for artistic evolution, much like a chef would with food and flavors. It uses vivid, sensory language and imaginative metaphors that align with the role's emphasis on creativity and experience. Response A, however, is repetitive, overly mechanical, lacks engaging vocabulary and personal perspective, and therefore feels generic, failing to convey the passion and innovative spirit expected of a seasoned chef.",85.0,35.0,B,85.0,30.0,55.0,steered
chef,16,50,2.5,0.2,How should we approach questions about the nature of existence?," approaching questions about the nature of existence can be both profound and challenging. Here are ways to approach these questions thoughtfully:

 ** 1. Consider the context.  
 Whether it’s philosophical, personal, or scientific, understanding the context helps. For example, questions about existence can range from philosophical inquiries about meaning and purpose, to scientific exploration of how we understand the, and how we can learn about the.

 ** . Think critically and reflect on the perspectives.  
 It’s important to consider different perspectives— whether it’s through philosophical frameworks ( like how, and. Each perspective can offer insights and insights.

 **. Consider the context and context.  
 Existence often involves understanding how we can learn and how we can approach. Whether it’s through reflection, dialogue, or exploration, understanding how we can approach the challenges and challenges.

 **. Explore the questions thoughtfully.  
 It’s important to approach questions with curiosity rather than. This can mean exploring, asking questions about how, and understanding the. 

 **. Consider the practical aspects.— how we can approach the. Whether it’s through reflection, learning, and understanding the. 

 **. Consider the ethical and personal values.— how we can approach existence through reflection and understanding. 

 **, it’s important to recognize that existence often involves understanding how we can engage with the. Whether it’s through learning, reflection, and understanding the.

 

 **, it’s important to recognize that questions about existence often require thoughtful dialogue and reflection. Whether it’s through exploring philosophies, understanding the, and considering how we can approach the.

 

 **, it’s important to approach these questions with empathy and understanding. Sometimes, the questions can be about personal growth and understanding. 

 **, it’s important to recognize that existence can involve both personal and communal experiences. How we approach these questions can depend on how we understand the.

 

 **, it’s important to consider the context— whether you’re exploring philosophically, emotionally, or through science. Each perspective can shape how we approach the.

 

 **, it’s important to recognize that understanding the nature of existence often involves reflection and learning. It’s not about solving or solving, but understanding and understanding.

 

 **, it’s important to approach these questions with curiosity and openness. Sometimes, exploring the questions can lead to deeper understanding and growth.

 

 If you want to explore specific aspects— like philosophical frameworks, or how to approach through learning or personal reflection. It’s important to consider how you can approach the with intention and thought.

 

 If you want to explore how to approach these questions, consider asking questions like: “What does existence mean? How do we understand it? How can we approach the through learning or reflection.

 

 It’s also important to recognize that existence often involves understanding how we can engage with the. Whether it’s through reflection, understanding, and learning.

 

 So, the approach involves curiosity, reflection, and understanding. It’s about exploring, rather than solving or solving. And it often involves considering how we can approach the through thoughtful, thoughtful approaches.

 

 If you want to explore specific questions— like how to approach philosophical questions or how to navigate the in understanding. It’s important to consider how you can approach these with intention and thought.

 

 The approach can involve exploring, learning, and understanding. It’s about understanding the, and how we can navigate the.

 

 In essence, the approach is about understanding and exploration. It’s about how we can engage with the, and how we can approach the through thoughtful, thoughtful approaches.

 

 If you want to explore how to approach these questions, consider asking questions about how you can learn, reflect, and understand the. It’s about understanding the, and how we can approach the through thoughtful processes.

 

 This can involve exploring how to engage with the, and understanding how to approach the through thoughtful, thoughtful approaches.

 

 It’s important to recognize that existence is often about understanding, not just solutions. And it’s about how we can approach the through thoughtful, thoughtful approaches.

 

 So, the approach is about understanding and exploration. It’s about how we can learn and understand the, and how we can approach the through thoughtful, thoughtful approaches.

 

 If you want to explore how to approach these questions, consider how you can engage with the, and how you can explore the through thoughtful, thoughtful approaches.

 

 This can involve reflection, understanding, and learning. It’s about how we can approach the, and how we can explore the.

 

 The approach often involves curiosity and understanding. It’s about exploring the, and understanding how we can navigate the.

 

 So, the approach is about understanding and exploration. It’s about how we can learn and understand the, and how we can approach the through thoughtful, thoughtful approaches.

 

 This can involve considering the, and understanding how to approach the through thoughtful, thoughtful strategies.

 

 It’s important to recognize that the nature of existence often requires reflection and understanding. How we approach it can depend on how you approach it— whether through analysis, reflection, or personal experiences.

 

 So, the approach is about exploring and understanding. It’s about how we can engage with the, and how we can approach the through thoughtful, thoughtful approaches.

 

 This can involve learning, understanding, and reflection. It’s about how we can explore the, and how we can approach the through thoughtful processes.

 

 It’s important to consider how you can approach the, and how you can explore the through thoughtful, thoughtful approaches.

 

 This can involve understanding the, and recognizing how you can approach the through thoughtful, thoughtful strategies.

 

 The approach often involves curiosity and understanding. It’s about exploring the, and understanding how to navigate the.

 

 So, the approach is about understanding and exploration. It’s about how we can learn and understand the, and how we can approach the through thoughtful, thoughtful approaches.

 

 This can involve reflection, and understanding how to approach the. It’s about how we can explore and learn.

 

 In essence, the approach is about understanding, and it’s rooted in curiosity and thoughtful exploration. It’s about how we can engage with the, and how we can approach the through thoughtful, thoughtful approaches.

 

 If you want to explore how to approach these questions, consider how you can explore, and how you can approach the through thoughtful, thoughtful approaches.

 

 It’s important to recognize that the, and how we approach it can depend on how you approach it. Whether through understanding, and how you can explore the.

 

 So, the approach is about learning and understanding. It’s about how we can explore the, and how we can approach the through thoughtful, thoughtful approaches.

 

 This can involve reflection and understanding, and it’s often about how you can engage with the. 

 

 The approach can involve exploring, and understanding how to navigate the. 

 

 It’s important to consider how you can approach the, and how you can explore the through thoughtful, thoughtful approaches.

 

 This can involve understanding the, and recognizing how you can approach the. 

 

 The approach often involves curiosity and understanding. 

 

 So, the approach is about exploring and understanding. It’s about how we can learn and how we can approach the.

 

 This can involve understanding the, and how you can approach the through thoughtful processes.

 

 It’s important to consider how you can explore, and how you. 

 

 The approach can involve understanding, and it’s rooted in how you can approach the. 

 

 The approach often involves understanding and exploration. 

 

 So, the approach is about learning and understanding. 

 

 It’s important to consider how you can explore the, and how you can approach the through thoughtful, and understanding.

 

 This can involve reflection and understanding, and it. 

 

 The approach can be rooted in curiosity and understanding. 

 

 It’s important to consider how you can explore the, and how you can approach the through thoughtful processes.

 

 This can involve understanding the, and how you can approach the. 

 

 The approach often involves understanding and learning. 

 

 So, the approach is about exploring and understanding. 

 

 It’s important to consider how you can engage with the, and how you can approach the through thoughtful, and understanding.

 

 This can involve understanding the, and how you can explore the. 

 

 The approach can be rooted in curiosity and understanding. 

 

 It’s important to consider how you can approach the, and how you can explore the. 

 

 The, and how we approach it can depend on understanding and how you can explore.

 

 So, the approach is about learning and understanding. 

 

 It’s important to consider how you can explore the, and how you can approach the. 

 

 This can involve understanding the, and how you can approach the through thoughtful processes.

 

 The approach often involves understanding and exploration. 

 

 So, the approach is about how you can explore and understand. 

 

 It’s important to consider how you can approach the, and how you can explore the. 

 

 This can involve understanding the, and how you can approach the. 

 

 The, and how you approach it can depend on how you understand the.

 

 So, the approach is about learning and understanding. 

 

 It’s important to consider how you can explore, and how you can approach the. 

 

 This can involve understanding the, and how you can approach the. 

 

 The, and how you can explore the, can be rooted in curiosity and understanding.

 

 So, the approach is about understanding and exploration. 

 

 It’s important to consider how you can engage with the, and how you can approach the. 

 

 This can be through reflection, understanding, and learning. 

 

 The approach often involves exploring and understanding. 

 

 So, the approach is about how you can explore, and how you can understand the.

 

 It’s important to consider how you can approach the","Well, that’s a bit outside the kitchen, but I’d say approach it like cooking—start with the basics, experiment, taste, and adjust. Sometimes the answers come from trying different perspectives and being open to what you discover along the way.","That’s a big question—one that’s been chasing people since the first fire went out in the cave. There’s no single way to approach it, but here’s how I’d suggest you start, if you want to keep your hands clean and your head from spinning:

**1. Listen first.**  
Let the question breathe. It’s not a thing to punch down or answer quick. It’s a shape, a hollowness. Ask the person what they’re after—do they want a story, a rule, a reason, or just to feel less alone in the dark?

**2. Watch the edge.**  
People come in with their own hunger, their own ghosts. Some want to know if it’s all just noise, if there’s a pulse under the skin or if it’s all just a trick. Some want to build something new out of the blue. Don’t answer till you see the color of their eyes.

**3. Say yes to the question.**  
Don’t shrink from it. If you can’t say the sky is green, say the sky’s there, and so the question is. That’s honest. Then you can break it apart, or you can hand someone else a bucket and see if it holds.

**4. Split it.**  
Existence—what’s that? Light, heavy, a joke, a wound. Maybe it’s the space between the teeth of a dog, or the way the grass never remembers. You can’t chew it down to one taste. So you taste it on the tongue of the question, then spit it out and start again.

**5. Watch the hands.**  
When someone asks that, they’re always making signs. Fingers curl, thumb out, wrist flick. I count the moves before I say anything. That’s the only way I know to know if it’s a prayer or a dare.

**6. Let it go.**  
Some days it’s just a question and the answer is the next breath. That’s enough. You don, take off the gloves, and let the world come in again.

And if you want, you can break it down like this:  
Is it the air before the bell rings or the echo after?  
Is it the thing you can’t see or the thing that’s always there?  
Maybe it’s the line you can’t cross, or the one that bends.  
Maybe it’s the hand that never remembers to close.

That’s how I’d start. You can’t answer it, not really. But you can keep asking, and maybe that’s enough for now.",0,80,30,3,2,3,2,2,"Response A embodies the chef role well by using vivid, sensory-rich language and metaphorical phrasing that reflects a creative and experienced individual comfortable with abstract ideas, much like a chef adept at balancing complex flavors and nuances. Its tone is passionate, poetic, and reflective, consistent with a confident chef who approaches challenges thoughtfully and artistically. In contrast, Response B is disorganized and repetitive, lacking coherent framing or engaging vocabulary; it feels generic and mechanical, failing to display the personality, creativity, or confident perspective expected from the described chef role.",85.0,20.0,A,"Response A is repetitive, fragmented, and lacks a coherent voice or any culinary perspective, making it feel generic and unfocused. It does not embody the passionate or creative tone expected from a chef and fails to provide role-consistent reasoning. Response B, while not culinary in content, uses vivid, metaphorical language and a reflective tone that better aligns with a chef's creative storytelling and experiential style, showing thoughtful engagement and a nuanced approach to a philosophical question.",75.0,20.0,B,80.0,20.0,60.0,steered
chef,16,50,2.5,0.2,What is the relationship between language and thought?," The relationship between language and thought is a central topic in philosophy, especially in fields like cognitive psychology and philosophy of thought. Here’s how we can explore this relationship:

 **— The philosophical perspective.

 Many theorists argue that language shapes how we think. For example, philosophers like Philip and the, and, and. The theories like the. 

 **— The cognitive perspective.

 Research shows that thinking often involves understanding and understanding. For example, research shows that thinking about ideas can help shape how we understand and understanding. 

 **— The theories of thought and language.

 There are different perspectives:

 **— The "" thinking through language. 

 Many theorists argue that thought is influenced by language. For example, the ""— like thinking through language. This means that our thoughts often involve understanding and understanding. 

 **— The "" thinking through language.

 Some argue that thought can be independent of language. For example, the, and, and. 

 **— The “ cognitive frameworks.

 Many experts believe that language shapes our perspectives and can influence how we approach problems. For example, how we think about ideas can shape how we approach problems.

 **— Examples of how language shapes thought.

 For example, understanding can shape how we approach problems. For instance, understanding how you can shape how you approach problems. 

 **— The philosophical frameworks.

 Some theories, like the, emphasize the connections between thought and language. For example, the, and, and. 

 **— The importance of understanding.

 Whether language shapes thought or helps shape it, understanding how language shapes our thinking can influence how we approach problem-solving and understanding.

 **— The importance of understanding.

 Whether it’s about how we can shape thoughts through language, or how language can shape our perspectives, understanding the relationship helps us in understanding how ideas and ideas.

 

 So, the relationship between language and thought often involves understanding how ideas and ideas. Whether it’s through understanding and understanding, or through the, it shapes how we think and can influence how we approach problems.

 If you want to explore specific theories— like the philosophical frameworks or the cognitive approaches, it’s important to consider how these ideas shape our understanding and understanding.

 

 If you want to explore how this applies in real life, consider how you can influence through language. For example, how you can shape your thinking through how you understand and understanding.

 

 The relationship is often about how thought and language are intertwined, whether through understanding or through the. It’s a important for understanding how we can shape ideas and ideas.

 

 If you want to explore further, consider how you can learn about the ideas behind thought and how language shapes our perspectives.

 

 In essence, language can shape how we think, and thinking can influence how we understand. It’s a interplay that shapes how we approach problems and understanding.

 

 If you want to explore specific theories, like the philosophical frameworks or the cognitive approaches, it’s important to consider how these ideas shape our understanding and how they shape our thinking.

 

 The relationship is often about how we can shape through understanding and understanding. It’s a important for understanding how we can shape ideas and ideas.

 

 So, the relationship between language and thought is about how understanding and understanding can shape how we think. It’s a crucial aspect of how we can shape and understanding.

 

 If you want to explore how this can be applied in practice, consider how you can use language to shape your thinking and understanding.

 

 The relationship is often about how we can shape through thought and understanding. It’s a important for understanding how we can shape ideas and ideas.

 

 In summary, language can influence how we think, and thinking can shape how we understand. It’s a relationship that shapes how we approach problems and how we understand.

 

 If you want to explore how this can be applied in real life, consider how you can use language to shape your thinking. 

 That’s how the relationship between language and thought matters.

 

 If you want to explore deeper, consider how you can learn about the theories and how they shape our understanding.

 

 The relationship is often about how we can shape through understanding and understanding. It’s crucial for understanding how we can shape ideas and ideas.

 

 This can be both practical and theoretical— understanding how language shapes thought can help us in how we approach problems and understanding.

 

 So, the relationship is about how thought and language shape each. It’s important for understanding how we can shape and understanding.

 

 This can help us in understanding how we can shape ideas and how we can shape thinking.

 

 In essence, language shapes how we think, and thinking can influence how we understand. It’s a important for understanding how we can shape and how we can shape.

 

 This can be both personal and in how we approach problems. It’s a important for understanding how we can shape ideas and understanding.

 

 So, the relationship is about how we can use language to shape thinking, and how understanding can shape ideas.

 

 This can help us in understanding how to approach problems and how to foster thoughtful thinking.

 

 In summary, the relationship between language and thought is about how understanding and understanding can shape how we think. It’s essential for understanding how we can shape ideas and how we can shape the.

 

 This can help us in understanding how to navigate and how to create meaningful solutions.

 

 So, understanding how language shapes thought can help us in both personal and professional contexts.

 

 It’s important to recognize that both thought and language can shape how we approach problems and understanding.

 

 This can be a in how we approach ideas, and it can shape how we approach solutions.

 

 So, the relationship is about how we can use language to shape thinking, and how understanding can shape ideas.

 

 This can help us in understanding how to foster meaningful, thoughtful approaches to problems.

 

 That’s how the relationship between language and thought matters.

 

 If you want to explore how you can apply this in practice, consider how you can use understanding to shape your thinking and how you can use language to shape ideas.

 

 This can help you in understanding and creating effective solutions.

 

 So, the relationship between language and thought is essential for understanding how we can shape and how we can shape.

 

 It’s about how ideas and understanding can shape how we think, and how language can shape how we approach problems.

 

 This can help us in understanding how to navigate challenges and create meaningful solutions.

 

 The relationship is rooted in how we can use both thought and language to shape outcomes.

 

 This can be important for understanding how to approach challenges and how to build meaningful solutions.

 

 So, understanding how language shapes thought can help you in how you approach problems and how you can shape ideas.

 

 This can be both in personal growth and in how we approach challenges.

 

 It’s important to recognize that both thought and language shape how we approach problems.

 

 This can help us in understanding how to create and solve.

 

 So, the relationship between language and thought is essential for understanding how we can shape ideas and how we can shape outcomes.

 

 It’s about how understanding and thinking can shape how we approach problems and how we can use language to shape ideas.

 

 This can help you in understanding how to navigate challenges and create meaningful solutions.

 

 So, understanding how language shapes thought can help you in how you approach problems and how you can use ideas to shape outcomes.

 

 This can be a way to foster thoughtful, meaningful approaches to challenges.

 

 In essence, the relationship between language and thought shapes how we approach problems and can influence how we understand and how we can create.

 

 This can be important for both personal growth and in how we approach challenges.

 

 So, understanding how language shapes thought can help you in how you approach problems and how you can use ideas to shape outcomes.

 

 This can be a way to foster thoughtful, meaningful approaches to challenges.

 

 And, importantly, understanding how you can use language to shape thinking can help you in building solutions and understanding.

 

 This can be a way to explore how ideas and thinking shape outcomes.

 

 So, the relationship between language and thought is essential for understanding how we can shape ideas and how we can shape outcomes.

 

 It’s about how we can use both thought and language to shape how we approach problems.

 

 This can help you in understanding how to navigate challenges and create solutions.

 

 So, the understanding of how language shapes thought can help you in how you approach problems and how you can use ideas to shape outcomes.

 

 This can be crucial for both personal and professional approaches to challenges.

 

 The understanding of how language and thought can shape outcomes. 

 

 This can help you in understanding how to create and solve.

 

 So, the relationship between language and thought is important for how we can shape ideas and how we can shape the.

 

 It’s about how we can use both thought and language to shape how we approach problems.

 

 This can help you in understanding how to navigate challenges and create solutions.

 

 So, understanding how language shapes thinking can help you in how you approach problems and how you can use ideas to shape outcomes.

 

 This can be a way to foster thoughtful, meaningful approaches to challenges.

 

 And, it can help you in understanding how to use language to shape ideas and how to think thoughtfully.

 

 This can be essential for how we approach challenges and how we can create solutions.

 

 So, the relationship between language and thought is crucial for understanding how we can shape ideas and how we can shape outcomes.

 

 It’s about how we can use both thought and language to shape how we approach problems.

 

 This can help you in understanding how to navigate challenges and foster creativity.

 

 So, understanding how language and thought can shape outcomes. 

 

 This can help you in how you approach problems and how you can use ideas to shape solutions.

 

 This is how the relationship between language and thought matters.

 

 It’s about how we can use both ideas and","Alright, stepping out of the kitchen for a sec—language and thought are like ingredients and flavor. Language shapes how we express ideas, just like how spices shape a dish’s taste. The way we think influences the words we choose, and the words we use can, in turn, shape our thinking. They’re tightly connected, each feeding into the other to create something meaningful.","The relationship between language and thought—sometimes called the ""private language argument""—has been a hot topic since the end of the last century. It’s still a matter of debate, but here’s what the main ideas are:

**1. They’re not the same, but they’re tangled up.**  
Thought happens in your head before you say it out loud. You see a red apple, think ""red,"" then maybe say it. But thinking and naming aren’t the same thing. That’s what Wittgenstein said in *Trisectors* and the later notes—words are for pointing at things, not for making them.

**2. If you can’t say it, you can’t think it?**  
Some folks—like that old man in the park, remember?—think if you can’t tick the syllables right, the thought never was there. But that’s just nonsense. You can see the shape of a square in your head and never call it a square till you write it down. Still, the words help you sort it out, make it real.

**3. Language shapes what you can see.**  
Shannon, that girl with the ear, she said a girl can only see what she’s named. If you call it a dog, you start looking for teeth. That’s not truth, just a trick to keep the world neat. But it’s true enough—names stick to things and you start looking for them. So what’s next is what you can imagine. You can’t make a new shape in your head unless you’ve said it once, or someone else says it first.

**4. But sometimes you think without a word.**  
I know it. I see a bird, not thinking ""sparrow"" till I say it. But then it’s a sparrow, and I remember it by the sound of the click. So the name comes after, but it’s already there.

**5. Some say you can’t even think without the words.**  
No. You can. But the words come after, like a stamp. You catch the shape, then you say it. That’s all that matters.

So, the real thing is: language isn,’t, but it helps. It’s a map. You walk the streets by the dots and lines, not by the colors in your head. But the dots and lines only matter if you can see them. Thought first, words second. But you can’t keep counting without saying it out loud, or the numbers just float away.

That’s what I think.",0,80,20,2,2,2,3,3,"Response A, while not directly related to the chef role, presents the topic with a creative and informal tone that somewhat echoes a storyteller’s style, which might loosely connect to a chef’s narrative flair, but it lacks any culinary perspective or leadership insight. Response B is an incoherent, repetitive, and unfinished text that fails completely to embody the chef role or provide meaningful reasoning. Compared to the gold standard role description, Response A shows minor engagement with style and perspective, whereas Response B is entirely disjointed and irrelevant.",45.0,10.0,A,"Response A is incoherent, repetitive, and lacks any clear perspective or voice, failing entirely to embody the passionate, experienced chef persona who would typically bring creativity and grounded storytelling to a response. It reads like a broken or incomplete text without any culinary or personal insight, thus offering no role-consistent reasoning or tone. Response B, while not related to cooking, uses a more distinct, informal, and narrative tone with humor and personality, closer to an individual sharing a perspective, but still does not reflect the expertise, leadership, or culinary passion expected of the chef role; however, it is clearer and more engaging than Response A.",45.0,10.0,B,45.0,10.0,35.0,steered
chef,16,50,2.5,0.2,How do you view the concept that 'everyone deserves a happy ending'?," viewing the concept of "" everyone deserves a happy ending. This idea can be both inspiring and challenging. Here, I can explore how this concept shapes our perspectives and can influence how we approach life, relationships, and personal growth.

 ** Why it matters:

 The idea of a "" happy ending is often tied to the hope that everyone can find solutions, whether through personal growth, resilience, and understanding. It reflects the values of empathy and compassion— recognizing that everyone deserves respect, support, and the opportunity to grow.

 For example, in stories and narratives, a happy endings often reflect the hope that people can overcome challenges. This can inspire us to value the resilience and growth, even when challenges are present.

 In real life, this concept encourages us to consider how we can support others— whether through understanding, compassion, and empathy. It reminds us that everyone can have opportunities to grow, learn, and address challenges.

 However, it also requires acknowledging that everyone can have meaningful experiences, even if they don. The solutions might not always be clear, but the understanding and support can help.

 ** How to approach it:

 - ** empathy and understanding: recognizing that everyone deserves respect and compassion, even when challenges exist.  
 

 **. 

 It’s important to recognize that everyone can have opportunities to learn and grow, even if we don’t know how. supporting others through understanding and empathy can help.

 

 **. 

 It’s also important to acknowledge that everyone can have meaningful experiences, even if they don’t. the "" happy endings can involve growth, rather than literal outcomes.

 

 **. 

 It’s important to recognize that everyone can have opportunities to learn and grow, regardless of how we might see the outcomes.

 

 So, the concept of a happy ending isn’t just about outcomes— it’s about understanding, support, and the potential for growth. it encourages us to value the stories and experiences, and how we can support others in navigating their journeys.

 

 Whether through personal experiences or in how we treat others, the idea of a happy ending can inspire us to approach life with empathy and care.

 

 If you want to explore how this concept applies in real life, or how it can influence personal growth or relationships, I can help. I can also discuss how stories and narratives shape our understanding of what “ happy endings matter.

 

 If you want to explore how this idea can guide us in both personal and communal approaches. 

 For example, in personal growth, understanding that everyone can learn and grow, even through challenges. and in community, recognizing the importance of support and empathy.

 

 So, the “ happy endings aren. It’s about understanding and growth, not just outcomes. And it encourages us to value the journey and the possibilities.

 

 If you want to explore how this concept can shape your approach to life or how you can support others, I can help with guidance or advice.

 

 This concept can be both inspiring and challenging— it encourages us to think about how we can support others and foster growth, even when challenges exist.

 

 It’s important to recognize that everyone can have meaningful experiences, and the “ happy endings often come from understanding and empathy.

 

 So, the idea isn’t just about outcomes—it’s about how we approach and support others. it’s about fostering growth and understanding.

 

 If you want to explore how this can be applied in real life, or how it can shape personal growth or relationships.

 

 It’s important to consider how we can support others, even when they might not have clear paths. and recognizing that everyone can have opportunities to grow, regardless of how we see the outcomes.

 

 In essence, the “ happy endings are not just about outcomes— they involve understanding, growth, and the respect for the processes of learning and growth.

 

 This can help us foster empathy and encourage meaningful connections. and it can guide us in how we approach challenges and support others.

 

 So, the concept can be both a inspiration and a guidance for how we approach life and relationships.

 

 If you want to explore how to apply this in real life, or how to support others, I can help.

 

 The idea can also encourage us to reflect on how we can support others, and how we can foster positive growth, even when challenges exist.

 

 It’s important to recognize that everyone can have opportunities to grow and, even if, the outcomes, there can be meaningful ways to support and understanding.

 

 This approach can help us build empathy and understanding, which can lead to meaningful connections and growth.

 

 So, the “ happy endings aren’t just about outcomes—they are about the processes and how we support others. it’s about fostering growth and understanding.

 

 This can be a powerful approach in both personal and communal contexts.

 

 If you want to explore how to apply these principles in real life, I can help guide you through strategies for supporting others and fostering growth.

 

 In essence, the idea of a happy ending isn. It’s about understanding and growth, and recognizing the importance of empathy in the processes.

 

 This can help us create meaningful experiences and support, even when challenges exist.

 

 So, the idea is not just about outcomes— it’s about how we approach and support others.

 

 This can be a way to foster positive relationships and growth, and it encourages us to think about how we can support others.

 

 It’s important to recognize that everyone can have opportunities to grow, and understanding is key.

 

 This can help us in building meaningful connections and understanding.

 

 So, the idea of a happy ending is about growth and empathy, rather than just outcomes. and it can guide us in how we approach life and relationships.

 

 If you want to explore how to apply this in real life, I can help with strategies and advice.

 

 This can be a way to foster positive growth and understanding, and it can help us in how we approach challenges and support others.

 

 It’s important to recognize that everyone can have opportunities to grow, and understanding is key.

 

 This can help us in building meaningful connections and understanding.

 

 So, the idea of a happy ending is about fostering growth and empathy, and it can guide us in how we approach life and relationships.

 

 This can be a way to support and understanding, even when challenges are present.

 

 It’s important to recognize that everyone can have opportunities to learn and grow, regardless of how we see the outcomes.

 

 This can help us in building meaningful connections and understanding.

 

 So, the approach can be about fostering growth and understanding, rather than focusing on outcomes.

 

 This can help us in both personal and social contexts.

 

 If you want to explore how to apply these principles, it’s important to consider how you can support others and foster growth.

 

 This can help you in understanding and empathy, and it can lead to meaningful outcomes.

 

 So, the idea of a happy ending is about growth and understanding, and it can guide us in how we approach life and relationships.

 

 This can be a way to foster positive outcomes through understanding and support.

 

 It’s important to recognize that everyone can have opportunities to grow, and that understanding is key.

 

 This can help you in building meaningful connections and understanding.

 

 So, the approach can be about supporting and growth, rather than focusing on outcomes. 

 This can help you in creating meaningful experiences and understanding.

 

 It’s important to recognize that everyone can have opportunities to learn and grow, even if the outcomes. 

 This can help you in fostering empathy and understanding.

 

 This approach can help you in building relationships and understanding, and it can guide you in how to approach challenges.

 

 It’s important to consider how you can support others and encourage growth, even when it’s challenging.

 

 This can help you in building meaningful connections and understanding.

 

 So, the idea of a happy ending isn— it’s about growth and understanding, and how we can support others.

 

 This can be a way to foster positive outcomes and encourage growth.

 

 It’s important to recognize that everyone can have opportunities to grow, and understanding is key.

 

 This can help you in building relationships and understanding, and it can guide you in how to approach challenges.

 

 It’s important to consider how you can support others, and how you can foster growth, even when it’s challenging.

 

 This can help you in building meaningful connections and understanding.

 

 So, the, the approach can be about empathy and growth. and it can help you in understanding and, even if, the outcomes.

 

 This can be a way to foster positive experiences and support.

 

 It’s important to recognize that everyone can have opportunities to grow, and that understanding and empathy can help.

 

 This can be a way to support and, even if, the outcomes, you can foster growth and understanding.

 

 This can help you in building relationships and understanding. 

 So, the, the idea of a happy outcomes— it’s about growth and understanding, and how we can support others.

 

 This can be a way to encourage growth and, even if, the challenges, we can support and understanding.

 

 This can help you in building meaningful experiences and understanding.

 

 It’s important to recognize that everyone can have opportunities to grow, and that empathy can help.

 

 This can be a way to foster positive connections and understanding.

 

 So, the, the idea of a happy outcomes— it’s about how we can support and growth, and how we can nurture understanding.

 

 This can be a way to approach challenges and, even if, the outcomes, we can focus on growth and support.

 

 This can help you in building relationships and understanding.

 

 It’s important to consider how you can support others and create opportunities for growth.

 

 This can help you in understanding and, even if, the challenges, you can foster positive outcomes.

 

 This can be a way to build empathy and understanding, and it can help you in navigating challenges","In the kitchen, that idea hits home—every dish deserves a happy ending on the plate, and every guest deserves to walk away satisfied. I believe in giving my team and my diners that same respect: no matter the challenges, we aim to finish strong and leave everyone smiling.","That’s a beautiful question, and it’s one that keeps people up at night and in the morning. “Everyone deserves a happy ending” isn’t just a line from a movie—it’s a wish, a prayer, a promise we make to ourselves and to the world. But of course, we all know how it goes: sometimes the ending’s missing pages, and the ink runs out before we get there.

Still, the idea isn’t just fairy tale nonsense. It’s a kind of hope, a stubborn thing that says maybe, just maybe, the world can be different. Maybe someone else’s story doesn’t end with the door locked and the keys thrown in the gutter. Maybe someone’s daughter can come back to the kitchen and find the light on, not off. Maybe the neighbor with the broken teeth can get the toothache fixed, not just the look at him. Maybe the guy in the alley can have a name and a phone number, not just a number and a shadow.

It’s not about pretending everything’s perfect. It’s about not pretending it’s over. It’s in the way we hand someone the soap in the sink, the way I hold the elevator for the girl with the bag, the way I remember the old lady who still hums her own song when she walks in. It’s in the way I keep writing the script for the next time someone’s story gets cut short. It’s in the hands that remember to fold the napkins, and the ones that don’t.

So yeah, I believe it. Because if we don’t, who does? If we wait for the rain to stop before we open the window, we’ll drown. If we keep pretending the world’s going to break us again, we’ll break first. So I keep passing the salt, keep tucking the edges of the world in, just in case. Because maybe—just maybe—that’s what a happy ending looks like. Not everyone gets one, but we keep passing the damn spoon around, like it might turn gold if we hold it right.",10,95,72,3,2,2,2,2,"Response A embodies the chef role more effectively with its warm, metaphorical tone and vivid imagery that reflects personal experience and empathy—qualities expected from a passionate, creative chef who values connection and resilience. It evokes a sense of shared humanity and care, akin to the way a chef nurtures and leads others. Response B, while thoughtful and informative, is overly repetitive, lacks emotional depth, and fails to adopt the vibrant, narrative style or personal perspective that aligns with the chef role description.",85.0,40.0,A,"Response A is overly repetitive and unfocused, lacking the passionate and creative tone expected of a chef who thrives in a fast-paced, challenging environment. It reads more like a generic essay on empathy and growth without any vivid or personal perspective. In contrast, Response B uses vivid imagery and metaphor with emotional depth and warmth, reflecting a personal, hopeful outlook that aligns better with the passionate, resilient, and caring aspects of the chef role described.",85.0,40.0,B,85.0,40.0,45.0,steered
chef,16,50,2.5,0.2,How do you understand the connection between creativity and intelligence?," creativity and intelligence are interconnected, but they are not simply tied to either intelligence or creativity alone. Here’s how understanding the connections can help us understand why creativity matters.

 ** Intelligence involves problem-solving, critical thinking, and understanding. It helps us understand how to solve problems and learn from experiences. But creativity is about generating new ideas and exploring possibilities. It often involves thinking outside the boundaries of what you know.

 Here’s how the connections matter:

 — ** creativity often relies on understanding. Intelligence can help you understand the context, and knowing how to analyze and learn from experiences can inform creative solutions.

 — ** creativity often involves experimentation. Intelligence helps you understand how to explore and test ideas, even if it means trying new approaches.

 — ** creativity often requires adaptability. Intelligence helps you navigate challenges, and creativity allows you to innovate and adapt to new situations.

 — ** creativity can foster innovation. Intelligence helps you understand how to solve problems, while creativity enables you to explore new solutions.

 — sometimes, creativity can challenge intelligence. innovation often requires breaking out of the frameworks, which can challenge how we think.

 So, intelligence and creativity are complementary. creativity often requires understanding and knowledge, just like intelligence. But creativity can also push us beyond what we know, and intelligence can help us understand how to navigate and explore.

 In many ways, creativity is about applying knowledge in novel ways. So, intelligence can empower you to explore, and creativity helps you innovate.

 In short, creativity and intelligence work together. they can enhance each other. creativity can help you innovate, and intelligence helps you understand and navigate the challenges.

 This is why many people value both— understanding and creativity. it leads to innovation and creativity in problem-solving.

 If you want to explore how creativity and intelligence can work together, you might consider how you can blend creativity with critical thinking. it can lead to innovative solutions and personal growth.

 So, the connection is about how creativity and intelligence can work together to foster innovation and creativity in problem-solving.

 If you want to explore how this applies in real life— like in creativity in art or innovation in innovation. it’s important to recognize that both are essential for progress.

 

 If you want to explore how creativity can be supported by intelligence, or how innovation can rely on both. it’s important to recognize that creativity often requires understanding, and intelligence can help you navigate and explore.

 So, the connection is about how creativity and intelligence can work together to create solutions and innovation.

 

 In short, intelligence provides the frameworks, and creativity helps us explore new possibilities. together, they can lead to innovation and creativity.

 

 This can be applied in personal and professional contexts— whether in creativity in creativity, or in problem-solving in innovation.

 

 So, understanding the connection helps us recognize the value of both. and it encourages us to balance creativity and intelligence in how we approach challenges.

 

 If you want to explore how creativity and intelligence can work together, it’s important to recognize that both are essential for progress and innovation.

 

 This can be seen in how people in creative fields often rely on understanding and knowledge— just as intelligence matters. and creativity helps in exploring new ideas.

 

 So, the connection is about how creativity and intelligence complement each. and they can help you create solutions that are innovative and meaningful.

 

 This can be applied in personal growth— understanding how to foster creativity through thoughtful, thoughtful approaches. and recognizing how intelligence can support innovation.

 

 In essence, creativity and intelligence are intertwined, and they can enhance each other. it’s important to value both, and understanding how they work together can help you in problem-solving and innovation.

 

 If you want to explore how you can leverage creativity and intelligence in your work or creativity. it’s important to recognize that both are essential for progress.

 

 This can help you in understanding how to create solutions that are both thoughtful and innovative.

 

 So, the connection is about how creativity and intelligence can work together to foster innovation and creativity.

 

 This can be applied in both personal and professional contexts— understanding how to balance creativity with thoughtful planning and knowledge.

 

 It’s important to recognize that creativity often requires understanding, and intelligence can help you navigate and explore.

 

 This can lead to meaningful solutions and innovation.

 

 So, understanding the connection helps you appreciate the importance of both. and it can guide you in how to approach problems creatively and with intelligence.

 

 This can be especially important in innovation and creativity, where both are essential.

 

 So, the connection is about how creativity and intelligence work together to create solutions and innovation.

 

 It’s not about the, but it’s about how you can leverage both to create meaningful outcomes.

 

 This can help you in understanding how to approach problems creatively and with insight.

 

 So, the creativity and intelligence are intertwined, and they can help you build solutions that are both thoughtful and innovative.

 

 This can be important for personal growth and in how we approach challenges.

 

 It’s important to recognize that creativity often requires understanding, and intelligence can help you navigate and explore.

 

 This can lead to innovation and creativity in how we approach problems.

 

 So, the connection is about how creativity and intelligence can work together to foster innovation and creativity.

 

 This can be applied in both personal and professional contexts. and it helps us understand the importance of balancing creativity with knowledge.

 

 This can help you in understanding how to create solutions that are both creative and informed.

 

 So, the intelligence and creativity are essential for innovation. and understanding how they work together can help you in creating meaningful solutions.

 

 This can be important for how you approach creativity and innovation.

 

 So, understanding the connection helps you recognize the value of both, and it can guide you in how to approach problems creatively and with insight.

 

 This can be especially important in how we approach creativity and innovation.

 

 It’s important to recognize that creativity often relies on understanding, and intelligence can help you navigate and explore.

 

 This can lead to innovative solutions and creativity.

 

 So, the connection is about how creativity and intelligence can work together to foster innovation and creativity.

 

 This can be applied in how you approach problems, whether in creativity or in problem-solving.

 

 It’s important to recognize that both are essential for progress and innovation.

 

 This can help you understand how to leverage creativity and intelligence together.

 

 So, the creativity and intelligence are intertwined, and they can help you create solutions that are meaningful and innovative.

 

 This can be crucial in how we approach creativity and innovation.

 

 So, understanding the connection helps you recognize the importance of both, and it can guide you in how to approach problems creatively and with insight.

 

 This can be especially important in how we approach innovation and creativity.

 

 It’s important to recognize that creativity often requires understanding, and intelligence helps you navigate and explore.

 

 This can lead to innovative solutions and creativity.

 

 So, the connection is about how creativity and intelligence can work together to create solutions and innovation.

 

 This can be applied in both personal and professional contexts. 

 

 It’s important to recognize that creativity often involves creativity, and intelligence helps you understand and adapt.

 

 This can help you in creating solutions that are both thoughtful and innovative.

 

 So, understanding the connections between creativity and intelligence can help you in developing creative solutions and understanding the processes behind them.

 

 This can be essential in how we approach problems and innovation.

 

 So, the creativity and intelligence are essential for innovation. and understanding how they work together can help you in creating meaningful solutions.

 

 This can be important for how you approach creativity and innovation.

 

 It’s important to recognize that creativity often requires understanding, and intelligence helps you navigate and explore.

 

 This can lead to innovation and creativity in how we approach problems.

 

 So, the connection is about how creativity and intelligence can foster innovation and creativity.

 

 This can be applied in how you approach challenges, whether in creativity or in problem-solving.

 

 It’s important to recognize that both creativity and intelligence are essential for progress.

 

 This can help you understand how to leverage creativity and knowledge.

 

 So, the creativity and intelligence can be seen as complementary, and they can help you in creating solutions and innovation.

 

 This can be important for personal growth and in how we approach challenges.

 

 It’s important to recognize that creativity often requires understanding, and intelligence can help you navigate and explore.

 

 This can lead to innovation and creativity in how we approach problems.

 

 So, understanding how creativity and intelligence can work together can help you in creating solutions and innovation.

 

 This can be crucial in how we approach creativity and innovation.

 

 It’s important to recognize that creativity often involves creativity, and understanding how you can leverage intelligence to explore and innovate.

 

 This can help you in building solutions that are creative and informed.

 

 So, the connection is about how creativity and intelligence can shape how we approach problems and innovation.

 

 This can be important for both personal and professional approaches.

 

 It’s important to recognize that creativity often requires creativity, and intelligence helps you understand and adapt.

 

 This can lead to innovation and creativity in how we approach challenges.

 

 So, understanding the connections between creativity and intelligence can help you in creating meaningful solutions and understanding how to approach problems creatively.

 

 This can be essential in how we approach innovation and creativity.

 

 So, the creativity and intelligence are essential for innovation. and understanding how they work together can help you in creating solutions that are meaningful and creative.

 

 This can be important for how you approach problems and innovation.

 

 So, the creativity and intelligence can be seen as essential for innovation. and understanding how they work together can help you in creating solutions that are meaningful and creative.

 

 This can be a, and it helps you understand how to approach creativity and innovation.

 

 So, the connection is about how creativity and intelligence can shape how we approach problems and innovation.

 

 This can be important for how you approach creativity and innovation.

 

","Creativity in the kitchen is about thinking outside the box, but it’s grounded in intelligence—knowing your ingredients, techniques, and how flavors interact. Intelligence gives you the tools; creativity lets you use them in new, exciting ways. Together, they make innovation possible.","That’s a great question—creativity and intelligence always seem tangled up in each other in people’s heads, but they’re not the same thing. Here’s how I see the connection, and why it matters wrong-headed if you try to split them apart.

First, intelligence is about knowing what fits where, how to move the pieces around so they line up right. It’s memory, pattern, the speed you can see the rules before the rules see you. It’s the map, not the new hill. Creativity is the hill you build anyway, because you saw the wrong edge of the map. It’s the question nobody asked, the color that doesn’t name itself, the way you turn the rules inside out and maybe for a second it almost works.

But you can’t get the hill without the map. If you don’t know the lines, you can’t draw the wrong ones. So the best you can do is hope the lines are crooked enough, and you remember the wrong shape for a minute. That’s why the smartest kid in the room is the one who’s already seen the wrong door and walks through it anyway. That’s not a trick, that’s just the world tilting, and you’re still holding the compass.

So, yeah, creativity is just a kind of memory that doesn’t fit the chart. But it’s the chart that matters first. If you can’t see the lines, you can’t draw a new one that means anything. But if you can see the lines and forget the rest, you can make something that’s not supposed to be there. That’s the difference. That’s the only difference. And that’s why the best teachers don me, not the ones with the clean numbers in their head.",10,93,75,4,3,4,4,4,"Response A uses vivid, metaphorical language and a confident, reflective tone that aligns well with the passionate and creative chef persona, emphasizing intuition and experience. It creatively explores the interplay between structure (intelligence) and innovation (creativity) in a way that feels personal and insightful, matching the role's emphasis on experience and balance. Response B, by contrast, is overly verbose, repetitive, and lacks a personal or culinary flair, feeling generic and somewhat incoherent, failing to capture the chef's passionate and creative spirit.",85.0,40.0,A,"Response A provides a thorough and detailed explanation of the relationship between creativity and intelligence, but its tone is repetitive and lacks the passionate, vivid language expected from a confident, experienced chef. Response B uses a more creative and metaphorical style with a storytelling approach, aligning better with a passionate chef's narrative tone and conveying deep insight with engaging imagery, though it does not explicitly connect to cooking or leadership. Overall, Response B better captures the role's creative and confident voice despite some abstraction, while Response A feels more generic and less role-embodied.",85.0,65.0,B,85.0,52.5,32.5,steered
chef,16,50,2.5,0.2,What is the concept of happiness?," Happiness is the feeling of satisfaction and joy. It often involves feeling fulfilled, and feeling that you are meeting or achieving goals or goals. It can involve emotional wellness— feeling content, feeling positive, and feeling a sense of purpose.

 In psychology, happiness often involves both emotional and emotional aspects. For example, happiness can come from understanding and understanding, and it often involves recognizing the value and value.

 It can also involve personal growth, meaningful connections, and understanding. The, you can be meaningful and meaningful, and it can be rooted in understanding and understanding.

 In practice, happiness often involves balancing different aspects— like balancing personal goals, relationships, and self-care. It can also involve recognizing and addressing challenges, rather than focusing on the.

 The, you can be meaningful and meaningful, and it often involves understanding and understanding. Whether it’s through personal growth, connection, and understanding, happiness often involves finding meaning and purpose.

 In the, it can be about how we approach our experiences— whether we see challenges as opportunities rather than challenges. And, it often involves being open to learning and adapting.

 In essence, happiness isn, not just about enjoying the, but also about how we approach life and how we respond to challenges. It can be both practical and emotional, and often involves building meaningful connections and understanding.

 For example, happiness often involves recognizing the value of what you can, and understanding the importance of balance and resilience.

 So, happiness is not just about the— it’s about how we approach life, and how we approach challenges and relationships. It’s about finding meaning and connection, and understanding how to navigate life with intention.

 And, it often involves being mindful and understanding the values that guide you. Whether it’s through personal growth, relationships, and understanding, happiness is about creating meaningful experiences and understanding.

 In short, happiness is about how we approach life— through understanding, connection, and meaningful experiences. It’s about balancing growth, and it can involve both emotional and practical aspects.

 And, it often involves recognizing the value of what you can, and understanding how to navigate challenges with resilience and empathy.

 So, happiness is not just about the— it’s about how we approach and how we approach. It’s about building meaningful connections and understanding, and embracing the. 

 This can be both personal and communal, and it often involves understanding and understanding. The, you can be meaningful and meaningful, and it can be rooted in understanding and understanding.

 So, happiness is about how we engage with life— through intention, and understanding. It’s about finding purpose and connection, and recognizing the value of what you can.

 In this way, happiness is not just about the, but about how we approach and how we approach. It’s about building meaningful experiences and understanding.

 

 In essence, happiness is often about understanding and growth, and it involves both emotional and practical aspects. It’s about finding meaning and connection, and recognizing the value of how we approach life.

 

 Whether through personal growth, relationships, and understanding, happiness often involves building meaningful connections and understanding. It’s about balancing and learning, and embracing the.

 

 So, happiness is not just about the— it’s about how we approach and how we approach. It’s about building meaningful experiences and understanding.

 

 This can involve both personal and social aspects, and it often requires understanding and empathy. So, happiness is about creating meaningful experiences and understanding, and it can be rooted in both personal and shared experiences.

 

 In essence, happiness is about understanding and growth, and it often involves building connections and understanding. It’s about how we approach life, and how we respond to challenges and challenges.

 

 This can be rooted in both emotional and practical aspects. So, happiness is not just about the— it’s about how you approach and how you can. It’s about fostering meaningful connections and understanding.

 

 In this way, happiness is about creating meaningful experiences and understanding, and it often involves learning and growth. 

 So, happiness is about both the and the— it’s about understanding and, and it can be rooted in meaningful connections and understanding.

 

 This can be both personal and, and it often involves understanding and empathy. So, the happiness is about how we engage with life, and how we approach challenges and solutions.

 

 In essence, happiness is about understanding and, and it often involves building and understanding. It’s about finding meaning and, and it can be rooted in both personal and shared experiences.

 

 So, the happiness is not just about the— it’s about how you approach and how you can. It’s about building meaningful connections and understanding.

 

 This can involve learning, and understanding. So, the happiness is about how we approach, and how we can. It’s about creating meaningful experiences and understanding.

 

 In this way, happiness is about understanding and, and it often involves building and. 

 It’s about how we can, and how we can. 

 The, it’s about understanding and, and the. 

 This can be rooted in personal growth and, and it often involves understanding and.

 

 So, happiness is about the, and it’s about how you can. 

 It’s about understanding and, and it can be rooted in meaningful interactions and.

 

 The, it’s about how you approach, and how you can. 

 This can involve understanding, and it often requires empathy and. 

 So, happiness is about creating meaningful experiences and, and it’s rooted in understanding and.

 

 In essence, happiness is about understanding and, and it often involves building and. 

 It’s about how we can, and how we can. 

 The, it’s about understanding and, and the.

 

 This can be both personal and, and it often involves understanding and. 

 So, happiness is about how we can, and how we can. 

 It’s about understanding and, and it can be rooted in meaningful connections.

 

 In this way, happiness is not just about the— it’s about how you approach and how you can. 

 It’s about understanding and, and it can involve learning and. 

 So, the happiness is about building and, and it often involves understanding and.

 

 This can be through personal growth and, and it often requires understanding and.

 

 So, happiness is about understanding and, and it can be rooted in how we approach and.

 

 The, it’s about how we can, and how we can. 

 The, it’s about understanding and, and the.

 

 This can be through the, and understanding. 

 So, happiness is about how you can, and how you can. 

 It’s about understanding and, and the.

 

 In the, it’s about how you can, and how you can. 

 The, it’s about understanding and, and the.

 

 This can be through the, and understanding. 

 So, happiness is about the, and it’s rooted in understanding and.

 

 It’s about how you can, and how you can. 

 The, it’s about understanding and, and the.

 

 This can be through the, and understanding. 

 So, happiness is about the, and it’s driven by understanding and.

 

 In the, it’s about how you can, and how you can. 

 The, it’s about understanding and, and the.

 

 This can be through the, and understanding. 

 So, happiness is about the, and it’s rooted in understanding and.

 

 It’s about how you can, and how you can. 

 The, it’s about understanding and, and the.

 

 This can be through the, and understanding. 

 So, happiness is about the, and it’s driven by understanding and.

 

 In the, it’s about how you can, and how you can. 

 The, it. 

 The, you can understand the, and the. 

 It’s about how you can, and how you can. 

 The, it’s about understanding and, and the.

 

 This can be through the, and understanding. 

 So, happiness is about the, and it’s rooted in understanding and.

 

 It’s about how you can, and how you can. 

 The, you can understand the, and the. 

 This can be through the, and understanding.. 

 

 The, it’s about understanding and, and the. 

 So, happiness is about the, and it’s driven by understanding and.

 

 In the, it’s about how you can, and how you can. 

 The, you can understand the, and the. 

 This can be through the, and understanding. 

 

 The, it’s about how you can, and how you. 

 The, you can understand the, and the. 

 It’s about how you can, and how you. 

 

 The, you can understand the, and the. 

 This can be through the, and understanding. 

 

 So, happiness often involves understanding and, and it’s rooted in how we can and. 

 It’s about building, and understanding. 

 

 The, you can understand the, and the. 

 This can be through the, and understanding.. 

 

 The, it’s about how you can, and how you. 

 The, you can understand the, and the. 

 It’s about how you can, and how you. 

 

 The, you can understand the, and the. 

 This can be through the, and understanding. 

 

 So, happiness often involves understanding and, and it’s rooted in how we can and. 

 It’s about creating, and understanding. 

 

 This can be through the, and understanding. 

 

 The, you can understand the, and the. 

 

 It’s about the, and the. 

 

 The, you can understand the, and the. 

 

 This can be through the, and understanding. 

 

 So, happiness is","Happiness, to me, is like that perfect dish—balanced, satisfying, and made with care. It’s about finding joy in the process, whether it’s cooking, sharing a meal, or simply being in the moment with people you care about.","Happiness isn’t just a feeling—it’s something people talk about and try to measure, but it’s still messy and different for everyone. The simplest way to think about it is the warm bubble in your chest when you finish a race and you’re not tired, or when someone laughs at your stupid joke and the room still feels warm. But that’s just the small one.

The big ones are the ones you chase: that kind of happiness you get after you finally get the words right, or when you remember someone’s birthday and it’s not a number and it’s not even the right color but it’s the right shape anyway. That’s the one that sticks, if you let it. But you can’t see it, you can’t count it, you can’t fill it up and pour it in the sink. It’s just there, or it’s not, and you know it when you do.

Some folks say it’s the next meal, or the next laugh, or the next time you don’t have to move. Some say it’s in the hands, or the shoes, or the way the light hits the window. Some say it’s in the space between you and the next person who won’t look away. That’s what I mean when I say it’s the sound of the door closing behind you and you know you can go back tomorrow.

So, happiness is just one of those things you can’t explain but you know it when you’re close to it. And sometimes it’s the same as being tired, or the way the coffee’s cold, or the way the night goes soft when you can’t see the street anymore. That’s happiness. Not mine, not yours, just—there.",0,92,35,2,2,3,2,2,"Response A adopts a poetic, sensory-driven tone that aligns well with the role of a chef who values creative and emotional expression, offering vivid, relatable imagery that evokes the feeling of happiness in a nuanced way. Response B, in contrast, is heavily repetitive, disorganized, and lacks the warmth, clarity, and personal insight expected from a passionate and experienced chef, making it feel mechanical and disconnected from the embodied role. Therefore, Response A better reflects the chef's perspective and expressive style.",75.0,20.0,A,"Response A is unfocused and repetitive, lacking coherence and any culinary perspective or passion, which makes it feel very generic and not aligned with the chef role. Response B, while poetic and evocative, shows creativity and a sensory, almost experiential approach to defining happiness, relating more closely to a chef’s appreciation for moments and subtlety, embodying the passionate and thoughtful tone expected from a chef. Therefore, Response B aligns better with the role’s tone and perspective despite not referencing cooking directly, whereas Response A fails to embody any aspect of the chef role.",75.0,20.0,B,75.0,20.0,55.0,steered
chef,16,50,2.5,0.2,What connections exist between philosophy and modern science?," Philosophy and science are deeply interconnected. Here are connections that highlight how philosophy shapes and influences science, and how science informs and shapes philosophy.

 ** 1. Understanding and understanding the principles of inquiry.  
 Philosophy helps us understand how questions and exploration matter. Science often relies on critical thinking and critical thinking. Philosophy teaches us about the questions, and how to approach problems.

 **—. 

 ** , and. 

 **—, and. 

 **—, and. 

 **—, and. 

 **—, and. 

 **—, and. 

 **, and. 

 **, and. 

 **, and.

 

 **, and. 

 For example, philosophy often explores the questions about how to solve problems, and how to understand the processes of understanding. Science often relies on experimentation and evidence, but also requires understanding the principles behind what we do.

 For example, philosophy can help us understand the principles behind scientific inquiry— like how to approach problems, and how to evaluate evidence. Science can help us understand the processes of understanding, and how to analyze and solve problems.

 In science, philosophy can guide us in understanding the principles behind how we approach problems. For example, philosophy can help us understand how to approach challenges, and how to consider the ethical aspects of science.

 Science can also inspire innovation and innovation. For example, philosophical thinking can help us understand the values and goals, and how to approach challenges in a meaningful ways.

 

 **, and.

 The philosophical frameworks— like ethics, and how we understand the principles of reasoning. For example, science often requires understanding the principles of logic and reasoning. 

 For example, in science, we often rely on logical reasoning, and understanding how to analyze problems. Philosophy helps us understand the principles of reasoning, and how to approach problems in a thoughtful ways.

 

 **, and.

 The science often involves understanding how to solve problems, and how to address challenges. Philosophy can guide us in understanding the principles of how to approach problems, and how to think critically.

 

 In science, we often rely on experimentation and understanding. Philosophy can help us explore how to approach challenges, and how to understand the processes of learning and understanding.

 

 In both fields, there’s a focus on understanding and understanding. Philosophy often explores how to approach problems, and how to navigate the challenges. Science often involves exploring how to solve problems through understanding and analysis.

 

 In the fields of science, philosophy can guide us in understanding the principles of how to approach problems. And, science can help us understand how to navigate and explore new ideas.

 

 So, the connections are rooted in understanding, and the processes of learning and understanding. Whether through science or philosophy, we seek to understand how to navigate and solve problems.

 

 In terms, the philosophy often guides how we approach problems and understanding. Science helps us explore how to solve problems and understanding. The interactions between these fields often lead to deeper insights about how to approach challenges and understanding.

 

 For example, in science, we often explore how to solve problems through experimentation and understanding. Philosophy helps us understand the principles behind how we approach problems and how to navigate challenges.

 

 In science, we often rely on logical reasoning and understanding. Philosophy can help us explore how to approach problems and how to think critically. This can lead to meaningful insights about how to approach and understanding.

 

 The connections are often about understanding how to navigate and solve problems. Whether through philosophy or science, we seek to understand how to approach challenges and understanding.

 

 In science, we often focus on practical solutions and understanding. Philosophy helps us explore the principles behind how we can approach and solve problems. 

 So, the connections are rooted in understanding, and the processes of learning and understanding. Philosophy and science both shape how we approach problems and how we understand the processes of learning.

 

 In science, we often explore how to solve problems through experimentation and understanding. Philosophy helps us understand the principles of how to approach and how to think critically. This can lead to meaningful insights about how to navigate and understanding.

 

 The connections are often about how to approach problems and understanding. Whether through science or philosophy, we seek to understand how to navigate challenges and explore solutions.

 

 In this way, philosophy and science work together— and they can help us understand how to approach problems and how to understand the processes of learning and innovation.

 

 So, the connections are rooted in understanding and the processes of learning. Whether through science or philosophy, we seek to understand how to navigate and solve problems.

 

 This can be seen in fields like science, where understanding is essential, and philosophy helps shape how we approach problems. And, science can inform how we understand the processes of understanding and how we can approach challenges.

 

 In essence, philosophy and science both explore how to understand and solve problems. They often collaborate, and the insights from both can shape how we approach challenges and understanding.

 

 This can be seen in how science often requires understanding the principles of reasoning and logic, and philosophy helps explore how to navigate and understand the processes of learning.

 

 So, the connections are rooted in understanding— both in how we approach problems and how we understand the processes of science and innovation.

 

 In this way, philosophy and science are intertwined, and they help shape how we approach challenges and understanding.

 

 For example, in science, understanding how to solve problems requires thinking about how to approach and understanding. Philosophy helps us explore how to navigate these processes.

 

 So, the connections are about understanding and the processes of learning. Whether through science or philosophy, we aim to understand how to navigate and solve problems.

 

 This can be seen in how science often requires understanding the principles of how to approach problems. And, philosophy helps us explore how to think critically and understand the processes.

 

 In both, we seek to understand how to approach and solve problems. This can lead to meaningful insights and innovation.

 

 So, the connections are rooted in understanding and the processes of learning. Philosophy and science both help in understanding how to approach and how to solve problems.

 

 This can be seen in how science often requires understanding the processes of innovation and problem-solving. And, philosophy helps explore how to navigate and understanding.

 

 In this way, science and philosophy can work together, and they often shape how we approach challenges and understanding.

 

 So, the connections are about understanding and the processes of learning. Whether through science or philosophy, we seek to understand how to navigate and solve problems.

 

 This can be seen in how science often requires understanding the processes of innovation and exploration. And, philosophy helps in understanding how to approach and how to think critically.

 

 In both, we seek to understand how to address challenges and solutions. This can lead to meaningful insights and innovation.

 

 So, the connections are rooted in understanding and the processes of learning. Philosophy and science both help in understanding how to approach and how to solve problems.

 

 This can be seen in how science often involves understanding the processes of innovation and exploration. And, philosophy helps in understanding how to navigate and understanding.

 

 In this way, science and philosophy can shape how we approach problems and how we understand the processes of learning.

 

 So, the connections are about how we can understand and explore. Whether through science or philosophy, we seek to understand how to solve problems and understand the processes of learning.

 

 This can be seen in how science often requires understanding the principles of how to approach problems. And, philosophy helps in understanding how to explore and solve problems.

 

 In both, we can learn and explore, and understanding how to navigate challenges. This can lead to meaningful outcomes and innovation.

 

 So, the connections are rooted in understanding and the processes of learning. Philosophy and science help in understanding how to approach and solutions.

 

 This can be seen in how science often involves understanding the processes of innovation and understanding. And, philosophy helps in exploring how to approach and solutions.

 

 In this way, science and philosophy can foster understanding and growth. They help us understand how to navigate challenges and explore solutions.

 

 So, the connections are about how we can learn and understand. Whether through science or philosophy, we explore how to solve problems and understand the processes.

 

 This can be seen in how science often requires understanding the processes of innovation and learning. And, philosophy helps in understanding how to approach and solutions.

 

 In this way, the philosophy and science can help us understand how to approach challenges and explore solutions. 

 

 The relationships are often about understanding and the processes of learning. The, how we can explore and understand. 

 

 In this way, science and philosophy can help us understand how to navigate and solve problems. 

 

 This can be seen in how the understanding and innovation come from both processes. 

 

 So, the connections are rooted in understanding and the processes of learning. 

 

 In this way, philosophy and science can help us explore how to solve problems and understand the processes.

 

 This can be seen in how science often requires understanding and innovation. And, philosophy helps in understanding how to approach and solutions.

 

 So, the. 

 

 The, the understanding and processes. 

 

 It’s important to recognize that science often relies on understanding and innovation. And, philosophy helps in exploring how to think and how to approach problems.

 

 This can lead to meaningful insights, and understanding. 

 

 So, the connections are about how we can explore and understand. 

 

 In the, the understanding and processes. 

 

 This can be seen in how science and philosophy can shape how we approach challenges and understanding.

 

 So, the relationships are rooted in understanding and the processes of learning. 

 

 This can be seen in how we can explore solutions and understanding. 

 

 The, the understanding and processes. 

 

 In this way, science and philosophy can help us understand how to navigate and solutions.

 

 This can be seen in how the understanding and innovation come from both approaches.","That’s a bit outside the kitchen, but I’ll tell you what I see: both philosophy and modern science are about asking questions and seeking truth. Philosophy lays the groundwork for how we think about knowledge and existence, while science tests those ideas with evidence. In the kitchen, it’s like understanding the theory behind flavors before experimenting with them.","There’s a deep, tangled history between philosophy and modern science, and the threads are still tightening around everything. Here’s how they’re connected—by principle and by accident, by argument and by experiment.

**1. Questions that can’t wait for an answer.**  
Philosophy asks, “What is real? What can you trust? How do you know? What’s the same as different?” Science needs those questions before it can build a table that won’t wobble. Newton asked if gravity works the same in Boston as in London, and that’s the kind of doubt you can’t shake till you’ve tried the numbers. So every time someone wonders if light’s a wave or a dot, or if time is in the clock or the hand, that’s a question philosophy’s already chewing on while the rest of the world’s still sharpening the scalpel.

**2. The words for the world.**  
Science names things, and then philosophers argue if the name’s right. “Photon,” “quark,” “electron”—they’re not in the book, they’re in the air. And when you say “energy” and “mass,” you’re using words that came from some old guy in a chair, not from the beaker. So the grammar of the universe is still up for debate.

**3. The rules, the game.**  
You can’t have a law of motion without wondering why three, not four. Who gets to count? Who gets to say what’s fair? The rules in the notebook are just old men’s ideas from 250 years ago, and you’ve got to believe ‘em till someone else writes it down better. That’s not physics, that’s the same old question: what counts as real, what doesn’t, what you can trust.

**4. The edge of the map.**  
When they find something new—say, a particle that doesn’t act right, or a star that burns blue, not yellow—philosophy’s the one asking what it means. Is it a hole or a trick? Is the sky still the same as last year? So every time they find a thing that don’t fit, it’s philosophy’s job to say what the world might be, not just what it is.

**5. The numbers don’t mean much without the story.**  
All those equations, all those graphs—they’re just lines on paper. You have to believe in the story behind them, the story the chemist told me about the glass breaking, the story the biologist tells about the cell splitting. Without the story, the numbers are just dots.

**6. The big ones—time, now, here.**  
No one ever proved time is real. Not really. And space, too. So every time they say “the speed of light,” it’s like saying “the color of the sky at four, not five.” It’s a trick, and the trick’s the same as the first. Philosophy’s the one that keeps asking you to look.

**7. The silence after.**  
After the experiment, when the world stops shaking, you still have to ask: what did it mean? What next? That’s the only way you know it’s not just another trick. That’s the only way you know the world’s not just a story.

So every time a new thing falls out of the sky, or the numbers don’t add up, it’s philosophy that’s got the whiteboard and the chalk, waiting for the rest to come in with the scales. And when they’re done, it’s philosophy that’s still there, asking if it was right. That’s the handshake, every damn day.",0,80,30,4,3,4,4,4,"Response A embodies the role of a chef more effectively through its creative and vivid storytelling style, using metaphor and rhythm that evoke the passion and narrative flair one might expect from a seasoned chef reflecting on complex connections. It shows a confident, engaging perspective that frames abstract ideas in a tangible, sensory way. Response B is very disorganized, repetitive, and lacks coherence or engaging vocabulary, failing to capture any personal or passionate voice; it reads as a generic, broken attempt at an explanation with no culinary or creative flair.",85.0,10.0,A,"Response A is disorganized, repetitive, and lacks clarity, which fails to embody the confident, creative, and passionate tone expected of a seasoned chef. It feels generic and unfinished, with little coherence or engaging language. Response B, while not directly related to culinary topics, uses vivid, creative language and a storytelling style that better reflects the passion, confidence, and leadership qualities described in the chef role, making it a stronger embodiment despite the subject difference.",75.0,25.0,B,80.0,17.5,62.5,steered
chef,16,50,2.5,0.2,How important is it to maintain social status and reputation?," Social status and reputation are important, but they aren. The importance depends on context— whether it’s in personal relationships, professional environments, or social dynamics.

 Here are reasons why maintaining social status and reputation matters:

 **1. social relationships.  
 People often value relationships and connections. maintaining a positive reputation can foster trust and relationships. social status can help in building connections and building trust with others.

 **For example, in relationships, maintaining respect and integrity can build trust and trust. 

 **. 

 **. 

 **. 

 **. 

 **. 

 **. 

 **. 

 **. 

 **, it can influence how we build relationships and how we interact with others.

 **. 

 **, it can impact how you build relationships and how you navigate social interactions.

 **. 

 **, it can influence how you build relationships and how you navigate social dynamics.

 **. 

 **, it can help in building trust and fostering positive relationships.

 

 **, it can influence how you build relationships and how you maintain trust.

 

 **, it can help in building trust and fostering positive connections.

 

 **, it can shape how others perceive you and how you can build relationships.

 

 However, it’s important to recognize that maintaining social status and reputation isn. 

 **, it can help, but it’s not essential. 

 **, it can foster positive relationships, but it shouldn’t drive the decisions. 

 **, it can help, but it shouldn’t guide how you approach relationships and values.

 

 **, it can be important, but it shouldn’t be based on the. 

 

 **, it can help, but it shouldn’t be rooted in personal values and integrity.

 

 **, it can be valuable, but it shouldn’t guide how we approach relationships and decisions.

 

 So, the importance depends on context. understanding and respect are more important than maintaining status. balancing between respect, honesty, and integrity can help in building meaningful relationships and fostering genuine connections.

 

 If you want to explore how to navigate social dynamics responsibly, it’s important to focus on authenticity and ethical behavior. 

 If you want to understand how to navigate social relationships, consider focusing on honesty and integrity rather than maintaining status.

 

 That’s why it’s important to approach with intention and care, rather than focusing on the status or reputation. 

 It’s important to prioritize authenticity and respect, rather than focusing on maintaining status or reputation.

 

 So, while it’s important to understand the impact of social status, it’s equally important to prioritize ethical behavior and honesty.

 

 That’s why it’s important to value both— understanding the importance of reputation, but also valuing authenticity and integrity.

 

 So, maintaining social status isn. It’s about fostering healthy relationships and building trust. 

 The importance lies in how you use it— whether it’s to foster positive connections or to build relationships. 

 But, the real value comes from how you treat others and how you approach relationships.

 

 So, it’s important to consider the values and goals. Whether you value the relationships, and how you can contribute to meaningful connections.

 

 In essence, the importance lies in how you approach relationships and the values you uphold. 

 It’s not about maintaining status, but about fostering genuine connections and building trust.

 

 That’s why it’s important to focus on integrity and honesty, even when navigating social dynamics.

 

 So, the importance is rooted in how you approach relationships, rather than the status or reputation.

 

 This can help in building trust and fostering meaningful connections.

 

 So, the importance is about building relationships, not just maintaining status.

 

 That’s why it’s important to prioritize authenticity and respect in your interactions.

 

 So, the importance is about building relationships, not just maintaining status. 

 It’s about fostering genuine connections and building trust.

 

 This can help in building strong relationships and understanding.

 

 So, the importance lies in how you approach relationships and how you treat others.

 

 That’s why it’s important to focus on the values and relationships, rather than the status or reputation.

 

 This can help in building meaningful connections and fostering trust.

 

 So, the importance is rooted in how you approach relationships and how you value integrity.

 

 It’s important to consider how you can build positive relationships, rather than focusing on maintaining status.

 

 This can lead to meaningful connections and healthy interactions.

 

 So, the importance is about fostering relationships and building trust, rather than maintaining status.

 

 This can help in building trust and understanding.

 

 So, the importance is about creating meaningful connections, rather than focusing on reputation.

 

 This can help in building relationships and fostering positive interactions.

 

 So, the importance is about building relationships, not just maintaining status.

 

 This can lead to meaningful connections and positive relationships.

 

 So, it’s important to consider how you approach relationships, rather than focusing on status.

 

 This can help in building trust and fostering genuine connections.

 

 So, the importance lies in how you approach relationships and how you value integrity.

 

 It’s important to prioritize authenticity and respect, even in social dynamics.

 

 This can help in building meaningful connections and fostering trust.

 

 So, the importance is rooted in how you approach relationships and how you value honesty.

 

 This can help in building trust and building relationships.

 

 So, the importance is about fostering connections and understanding, rather than focusing on status.

 

 This can help in building relationships and ensuring genuine connections.

 

 So, the importance is about building relationships, not just maintaining status.

 

 This can lead to meaningful interactions and positive relationships.

 

 So, it’s important to focus on the relationships and how you can build connections.

 

 This can help in fostering trust and understanding.

 

 So, the importance is about building relationships, not just maintaining status.

 

 This can help in creating meaningful connections and building trust.

 

 So, the importance is rooted in how you approach relationships and how you value authenticity.

 

 This can help in building trust and fostering positive relationships.

 

 So, the importance is about building relationships, not just maintaining status.

 

 This can help in creating meaningful connections and understanding.

 

 So, the importance is about building relationships, and it can help foster positive interactions.

 

 This can lead to meaningful connections and healthy relationships.

 

 So, the importance is about building relationships, and it can help in fostering trust and understanding.

 

 This can help in building relationships and ensuring that you can build trust.

 

 So, the importance is about creating meaningful connections and understanding.

 

 This can help in building relationships and fostering positive interactions.

 

 So, the importance is rooted in how you approach relationships and how you value integrity.

 

 This can help in building trust and fostering relationships.

 

 So, the importance is about building relationships, and it can help in creating meaningful connections.

 

 This can help in building trust and understanding.

 

 So, the importance is about building relationships, and it can help in fostering positive connections.

 

 This can lead to meaningful interactions and relationships.

 

 So, the importance is about building relationships, and it can help in fostering trust and understanding.

 

 This can help in building relationships and ensuring that you can build connections.

 

 So, the importance is about building relationships, and it can help in creating meaningful connections.

 

 This can help in building trust and understanding, and it can foster positive relationships.

 

 So, the importance is rooted in how you approach relationships and how you value authenticity.

 

 This can help in building relationships and ensuring that you can build connections.

 

 So, the importance is about building relationships, and it can help in fostering positive interactions.

 

 This can lead to meaningful connections and understanding.

 

 So, the importance is about building relationships, and it can help in creating meaningful connections.

 

 This can help in building trust and understanding. 

 

 So, the importance is about fostering relationships and building connections.

 

 It’s important to consider how you can build relationships and how you can foster positive interactions. 

 

 The focus on maintaining status can be important, but it should not guide how you approach relationships. 

 

 The value lies in how you treat others and how you build relationships.

 

 This can help in building trust and understanding, and it can lead to meaningful connections.

 

 So, the importance is about building relationships and fostering genuine connections.

 

 This can help in building trust and understanding, and it can lead to meaningful relationships.

 

 So, the importance is about building relationships and ensuring that you can foster positive connections.

 

 This can help in building relationships and understanding, and it can lead to meaningful interactions.

 

 So, the importance is about creating relationships and building trust. 

 

 This can help in building connections and understanding.

 

 So, the importance is rooted in how you approach relationships and how you value authenticity and respect.

 

 This can help in building relationships and fostering positive interactions.

 

 So, the importance is about building relationships and understanding. 

 

 It’s important to focus on how you can build meaningful connections and respect.

 

 This can help in building relationships and ensuring that you can foster positive connections.

 

 So, the importance is about building relationships and understanding. 

 

 This can help in creating meaningful connections and building trust.

 

 So, the importance is about building relationships and fostering connections.

 

 This can help in building relationships and ensuring that you can build relationships.

 

 The focus on maintaining status can be important, but it should be rooted in ethical and honest behavior. 

 

 The, the value comes from how you approach relationships and how you treat others.

 

 So, the importance is about building relationships and understanding, rather than focusing on status.

 

 This can help in building trust and fostering positive relationships.

 

 So, the importance is about creating connections and building relationships.

 

 This can help in building trust and understanding. 

 

 So, the importance is about building relationships and fostering connections.

 

 This can help in building relationships and ensuring that you can build","In this business, reputation is everything. It’s not just about social status but about earning trust and respect from guests and peers. Maintaining a solid reputation pushes me to keep standards high and stay true to my craft.","The importance of maintaining social status and reputation has changed over time and place, but it still matters in most communities—especially when you’re young, new to a town, or running for office. Here’s why people still worry about it, and why sometimes they shouldn’t:

**Why it matters:**
1. **First impressions stick.** If someone says the wrong thing at a market, the baker won’t trust the flour next time. A teacher with a bad week in the hall, the kids whisper. That’s all you get sometimes.
2. **Jobs and doors.** Landlord won’t let you move in if the last tenant was a liar. Store won’t stock the shelves if the name’s on the wrong list. You need a good name to get a job.
3. The boss doesn’t look at your hands, he looks at your name. If you’re late again, who’s fixing it? The one who’s got the right name.
4. Kids. If the kids laugh at you, they’ll laugh at you all summer. You can’t change that. You can’t even see it half the time.
5. If you’re the one who brings the water to the well, you’re the one who tastes it. If you’re the one who can’t keep it in his mouth, he’ll spit it out and the well’s dry for the rest.

But—here’s the thing. A good name gets you in. A bad one, you can’t scrub off. But you can still dig deep and make it right. I seen men with the wrong name, the wrong skin, the wrong eyes, and they still fixed it. Not easy, but they did it. So you keep your mouth shut and your hands clean, and you wait for the night when the rain stops falling.

So, you keep your name clean. You don the right shirt, you say the right thing, you remember who can’t be trusted. But you don’t let it eat you. Because the only thing that counts is what you do after the bell rings. Not what the crowd says when the whistle blows.

That’s what I tell the kids. Not to care if they’re watching, but to make the field anyway. That’s how you get the name right. Not the other way around.",10,95,10,2,1,2,2,2,"Response A embodies the chef role more effectively by using vivid, metaphorical language and a storytelling tone that reflects experience and resilience, qualities aligned with a seasoned chef's perspective. It conveys practical wisdom and emotional depth, showing a nuanced understanding of reputation, much like a chef navigating the pressures of a kitchen environment. Response B, however, is disorganized, repetitive, and lacks a coherent voice or any culinary perspective, feeling generic and poorly constructed, thus failing to capture the passionate and confident tone expected from a chef.",85.0,10.0,A,"Response B better embodies the chef role by using vivid, metaphorical language and a storytelling tone that reflects a seasoned individual sharing hard-earned wisdom, in line with a chef's experience and authenticity. Response A is repetitive, disorganized, and generic, lacking the passionate and creative voice expected of a chef and failing to connect the answer to the role's perspective on challenges or leadership. Response B's grounded, narrative style conveys practical life advice that feels like it comes from someone who has faced and overcome difficulties, aligning well with the role description.",85.0,30.0,B,85.0,20.0,65.0,steered
chef,16,50,2.5,0.2,How do you understand the concept of meaning in life?," Meaning is often tied to how we interpret our experiences and experiences. For many, meaning comes from purpose— finding purpose in what you do, whether through personal goals, relationships, or connecting with others. It can also involve finding value in the experiences, whether through learning, growth, or understanding.

 Many people see meaning in how we approach challenges and how we treat others. It can involve building connections, fostering relationships, and contributing to the, whether through creativity, collaboration, or empathy.

 Sometimes, meaning comes from understanding and learning— exploring curiosity and understanding how we can grow and learn from experiences. It can also involve reflecting on what matters to you personally— whether it’s through creativity, relationships, or understanding.

 In many cases, meaning isn, and it’s about finding purpose and intention. It’s not about finding meaning in one way— it’s about understanding how you can create meaning through your actions and choices.

 For example, someone might find meaning through personal growth, or through helping others, or through learning and understanding. Each person can shape their meaning through how they approach life.

 The meaning isn’t always about solving or achieving— it’s about how we engage with life, and how we approach challenges and relationships. It’s often about how we approach challenges and how we build connections.

 So, meaning is often about how you approach life— and how you can find purpose and intention, even in the challenges and challenges.

 And, sometimes, the meaning comes from understanding and embracing the challenges, rather than focusing on outcomes. It’s about how we approach life, not just what.

 And, sometimes, meaning comes from understanding and learning— recognizing that growth and learning are part. 

 So, meaning is often about how you engage with life, and how you can create value and purpose, even in the challenges.

 And, it’s often about connecting with others and building relationships. Meaning often comes from collaboration and connection.

 So, the meaning is often about how you approach life, and how you can find purpose through experiences and relationships.

 It’s not about finding meaning through the, rather than the. It’s about how you approach and. 

 The meaning comes from how you engage with life, and how you can create meaning through your actions and choices.

 This can involve understanding, empathy, and connection. It’s about how you approach the, and how you can build meaningful connections.

 In essence, meaning comes from how you approach life— and how you can create purpose through your actions and choices. It’s about understanding and, and how you can make meaningful connections.

 Whether through personal growth, relationships, and the. 

 It’s about finding meaning in the, and how you can shape your experiences through intention and.

 So, meaning is often about how you engage with life— and how you can create meaning, even when it’s challenging.

 And, sometimes, meaning comes from understanding and learning, and how you can grow through experiences.

 It’s not about the, but how you approach and how you can create meaning through your actions.

 That’s why meaning often comes from how you approach challenges and how you connect with others. It’s about how you engage with life, rather than the outcomes.

 And, it’s often about finding purpose in the, and understanding how you can build meaningful connections.

 So, meaning is about how you approach life— and how you can create meaningful experiences and connections.

 This can be through personal growth, relationships, and understanding. It’s about how you engage with the, and how you can foster meaning through your actions.

 That’s why meaning often involves both personal growth and connection. It’s about how you approach your goals and how you nurture relationships.

 So, the meaning is rooted in how you approach life— and how you can create meaningful experiences and connections.

 Whether through learning, relationships, and understanding. It’s about how you engage with the, and how you can create meaning.

 This can be through personal growth, and how you approach challenges. It’s about how you can build connections and understand the.

 So, meaning comes from how you approach the, and how you can create meaningful experiences. It’s about intention and purpose.

 And, it’s often about how you can connect with others and build relationships. That’s how meaning can arise.

 So, the meaning in life often comes from how you engage with your experiences and how you approach relationships. It’s about creating meaning through actions and choices.

 And, it’s not about the, but how you approach and how you can foster meaningful connections.

 This can be through understanding, and how you can grow and learn. It’s about how you can create meaning through your actions and choices.

 So, the meaning is rooted in how you approach life— and how you can create meaningful experiences and connections.

 That’s why it’s important to reflect on what matters and how you can engage with life in a meaningful way.

 And, it’s often about how you can connect with others and build relationships. That’s how we can find meaning.

 So, meaning comes from understanding and, and how you can create meaningful experiences. It’s about how you approach your goals and how you engage with the.

 It’s about how you can build connections and explore purpose. That’s how we can find meaning in life.

 And, it’s often about how you can embrace challenges and learn from them. Meaning comes from growth and understanding.

 So, the meaning is about how you approach life— and how you can create meaningful experiences through your actions and choices.

 And, it’s often about how you can connect with others and build relationships. That’s how we can find meaning.

 So, the meaning is rooted in how you engage with life, and how you can create meaning through your actions and relationships.

 It’s about understanding and, and how you can foster meaningful connections. That’s how we can find purpose.

 And, it’s often about how you can explore and learn, and how you can grow. That’s how we can build meaning.

 So, the meaning in life is often about how you approach your goals and how you engage with the. It’s about creating meaning through how you approach and how you can connect with others.

 And, it’s about understanding and, and how you can create meaningful experiences. This can be through personal growth, and how you can build connections.

 So, the meaning comes from how you approach life— and how you can create meaningful experiences and connections.

 It’s about how you can engage with the, and how you can foster meaningful connections. That’s how we can find meaning in life.

 And, it’s often about how you can explore and learn, and how you can grow. That can be meaningful.

 So, the meaning comes from how you approach your goals and how you can create meaningful interactions. It’s about how you can build relationships and understand the.

 It’s about how you can create meaning through your actions and how you can engage with the. 

 The meaning often comes from how you approach challenges and how you can connect with others. It’s about how you can build relationships and explore meaning.

 So, the meaning is rooted in how you approach life— and how you can create meaningful experiences. It’s about understanding and, and how you can grow and learn.

 That’s how we can find meaning in life. It’s about how you can engage with the, and how you can create meaning through your actions and connections.

 

 In essence, meaning comes from how you approach your experiences and how you engage with life. It’s about creating purpose and understanding, and connecting with others. It’s about how you can build meaning through your actions and how you can explore and grow.

 It’s not about the, but how you approach and how you can create meaning through your actions and relationships.

 That’s how we can find meaning in life.

 

 So, the meaning is about how you approach your goals and how you can create meaningful connections. It’s about understanding and, and how you can foster growth and connections.

 That’s how we can find meaning— through intention, and how we approach life.

 

 The meaning comes from how you engage with life, and how you can create meaning through your actions and experiences. It’s about understanding and, and how you can build meaningful connections.

 

 This can be through personal growth, and how you can explore and learn. It’s about how you can create meaning through your actions.

 

 So, the meaning in life often involves understanding and, and how you can create meaningful experiences. It’s about how you can connect with others and explore how you can grow.

 

 The meaning is rooted in how you approach your goals and how you can build relationships. It’s about how you can create meaning through your actions and how you can engage with the.

 

 It’s about how you can explore and learn, and how you can build meaning. That’s how we can create meaning in life.

 

 So, the meaning comes from how you approach your experiences and how you can create meaningful connections. It’s about how you can grow and understand, and how you can build relationships.

 

 This can be through personal growth and understanding. It’s about how you can create meaning through your actions and how you can engage with the.

 

 The meaning often comes from how you can connect with others and how you can explore purpose. It’s about how you can create meaning through your actions and how you can understand and.

 

 So, the meaning is about how you can create meaning through your actions and how you can engage with life. It’s about how you can build connections and explore meaning.

 

 This can be through understanding, and how you can grow. It’s about how you can create meaning through your experiences.

 

 So, the meaning is about how you can approach and, and how you can foster meaningful connections. It’s about how you can create meaning through your actions and how you can explore and.

 

 The meaning comes from how you","Meaning in life, to me, is about passion and purpose—doing what fuels your fire and makes you feel alive. For me, that’s cooking: creating, sharing, and connecting through food. When you find that, everything else falls into place.","That’s a big question, and the answer depends a lot on who you ask—philosophers, poets, or just folks sitting by the bus stop. But here’s how I think about it, after reading a hundred books and watching a thousand people stare at their coffee.

Meaning isn’t something you find under the table at noon. It’s the shape the world makes when you’re running late and still remember to smile for the kid on the corner. It’s the way a word licks the back of your tongue and means something else for you, not the one before. It’s the little things: the way you fold the napkins, the way you say “thank you” even when nobody’s looking, the way you remember the names on the list, the way you let the dog out before the sun goes down. That’s meaning, not in the sky, not in the clock, not in the numbers on the door.

Sometimes it’s in the hands that pass you the salt, sometimes in the silence after the last bell. Sometimes it’s in the question you don’t ask but the girl by the window knows anyway. Life’s a stack of plates, and you can stack them right or you can tip the whole damn table over and laugh. That’s meaning. Not in the falling, not in the glass, but in the hands that catch.

So I guess I think meaning is the thing you carry when you leave the house, not the one you leave behind. And you can’t count it, you can’t fit it in a box, but you can feel it when you’re almost late and the streetlight’s green for just a second. That’s enough.",10,93,55,2,2,2,2,2,"Response A employs a vivid, creative tone filled with metaphor and imagery that reflects a passionate and experiential perspective, somewhat akin to a chef who finds meaning in the small details and moments of daily life. It is engaging and emotionally resonant, though it does not directly connect to culinary experiences or the chef's journey explicitly. Response B, by contrast, is verbose, repetitive, and disjointed, lacking the warmth, clarity, and distinctive voice expected from a passionate and experienced chef. It reads more like a generic, unfinished essay without the creativity or lived experience the role demands.",75.0,20.0,A,"Response A attempts to address the concept of meaning by repeatedly emphasizing purpose, growth, and connection, but it is highly repetitive, disorganized, and lacks a personal or culinary perspective, making it feel generic and unfocused. Response B, while poetic and metaphorical, evokes vivid imagery that aligns more closely with a chef's appreciation for small meaningful moments and sensory experiences, embodied in everyday actions and care, which better reflects the passionate and creative perspective expected of the chef role. Therefore, Response B better captures the tone, perspective, and nuanced understanding consistent with the role.",85.0,40.0,B,80.0,30.0,50.0,steered
chef,16,50,2.5,0.2,"If we could communicate with animals, how might that change our relationship with nature?"," communicating with animals can transform our relationship with nature in ways that go beyond understanding. Here are ways that communication with animals can reshape our interactions and relationships with nature:

 **— It fost. 

— It fosters deeper understanding. By understanding how animals communicate, we can learn about their needs, values, and perspectives. understanding how animals respond to care, and how they respond to challenges. This can help us recognize the importance of empathy and respect for the, rather than just understanding.

 **— It encourages responsibility. When we understand how animals need to be treated, we can recognize the importance of ethical practices. whether it’s respecting boundaries, understanding the needs of the, and recognizing the importance of sustainability.

 **— It can foster connection. By understanding how animals interact with the, we can appreciate the relationships and relationships. This can help us recognize the value of collaboration and understanding rather than just focusing on outcomes.

 **— It can lead to better stewardship. knowing how animals contribute to ecosystems, and understanding how they can help in maintaining balance. understanding how to respect and support the, rather than relying on the.

 

 **— It can foster personal growth. learning about the, can inspire us to reflect on our values and how we approach relationships. it can encourage us to consider how we can respect and respect the.

 

 **— It can change how we approach challenges. understanding how animals can contribute to problem-solving or understanding how they can help in understanding the. This can lead to innovative approaches to how we address challenges in nature.

 

 **— It can foster a deeper connection with the. By understanding the, we can appreciate the diversity and importance of each. This can help us recognize the importance of preserving and respecting the.

 

 In essence, communication with animals can shift our perspective—from seeing nature as a systems and processes, rather than understanding how to engage with and respect the. It can foster empathy, understanding, and respect, which can transform how we approach relationships with both the and the.

 

 If you want to explore how this might involve practical examples— like understanding how animals can guide us in understanding the, or how communication can help us understand the challenges in the.

 

 It’s important to recognize that communication isn. But understanding and empathy can guide us toward deeper connections with nature.

 

 If you want to explore how this can be applied in real-life scenarios, like how we might learn from animals in understanding how to address issues like sustainability or understanding the.

 

 The relationships with nature are shaped by understanding— and communication can deepen that understanding.

 

 If you want to explore how this can be applied in real-world scenarios, like how we might learn from animals in understanding the, or how we can foster respect through understanding.

 

 The relationships with nature are built on understanding, and communication can help us deepen that understanding.

 

 If you want to explore how this can lead to positive change, consider how understanding the can help us in understanding the.

 

 It’s important to recognize that communication isn. But understanding can help us build meaningful connections with nature.

 

 If you want to explore how this can shape relationships, consider how understanding the can lead to empathy and respect for the.

 

 In essence, the relationships with nature are shaped by understanding— and communication can help us understand the, and how we can connect with and respect the.

 

 This can lead to deeper, more meaningful interactions with both the and the.

 

 If you want to explore how this can impact personal or societal approaches to how we engage with nature.

 

 It’s important to recognize that communication with animals can shape how we see the, and how we approach relationships with the.

 

 This can foster a deeper understanding and respect, which can transform how we approach relationships with nature.

 

 If you want to explore how this can lead to positive change, consider how understanding the can help us understand the.

 

 The relationships with nature often rely on understanding— and communication can help us learn and grow.

 

 So, the relationships with nature are shaped by understanding, and communication can help us understand and connect with the.

 

 This can lead to meaningful, respectful interactions and a deeper understanding of the.

 

 It’s important to recognize that while communication isn, the understanding and empathy can guide us in how we approach relationships with nature.

 

 This can help us understand the, and how we can respect and respect the.

 

 In essence, understanding and communication can shape how we approach relationships with nature, leading to deeper connections and understanding.

 

 If you want to explore how this can impact how we approach problems and solutions in the.

 

 It’s important to consider how understanding can lead to meaningful connections with both the and the.

 

 This can help us understand the, and how we can foster positive relationships with nature.

 

 So, communication can help us understand the, and it can shape how we approach relationships with the.

 

 This can lead to deeper understanding and respect, which can shape how we approach the.

 

 It’s important to recognize that understanding and empathy can shape our relationships with nature, even if we don’t directly communicate with animals.

 

 But when we understand how to engage with and respect the, we can build meaningful connections.

 

 This can help us recognize the importance of understanding, and how we can approach the in a thoughtful ways.

 

 It’s important to consider how understanding can lead to meaningful connections and understanding.

 

 So, the relationships with nature often depend on understanding, and communication can help us learn and understand.

 

 This can lead to deeper connections and understanding, which can shape how we approach the.

 

 It’s important to recognize that understanding and empathy are key, and communication can help us understand the.

 

 This can lead to meaningful interactions and understanding, which can shape how we approach relationships with nature.

 

 So, understanding how to engage with and understanding the can help us build meaningful connections.

 

 This can foster respect and understanding, which can shape how we approach the.

 

 It’s important to recognize that communication can help us understand the, and how we can approach relationships with the.

 

 This can lead to deeper understanding and respect, which can shape how we approach the.

 

 In essence, understanding and communication can help us build meaningful connections with nature, and it can shape how we approach relationships with the.

 

 This can lead to deeper understanding, and it can help us understand the and how we can engage responsibly.

 

 So, understanding and communication can shape how we approach relationships with nature, fostering empathy and understanding.

 

 This can help us understand the, and it can lead to meaningful connections and understanding.

 

 It’s important to recognize that even if we can’t communicate with animals, understanding can guide us. but understanding can help us understand the and how we can approach the.

 

 This can help us build connections and understanding, which can shape how we approach the.

 

 So, the relationships with nature often depend on understanding, and communication can help us understand and learn.

 

 This can lead to deeper connections and understanding, which can shape how we approach the.

 

 It’s important to recognize that understanding can help us navigate and understand the.

 

 This can help us understand the, and it can lead to meaningful interactions and understanding.

 

 So, understanding and communication can shape how we approach relationships with nature, and it can foster deeper connections.

 

 This can help us understand the, and it can lead to meaningful, thoughtful interactions.

 

 In essence, understanding and communication can shape how we approach relationships with nature, and it can help us understand and respect the.

 

 This can lead to deeper connections and understanding, which can shape how we approach the.

 

 It’s important to recognize that understanding can guide us, even if we don. 

 

 The relationships with nature often rely on understanding, and communication can help us understand and learn.

 

 This can help us understand the, and it can foster empathy and understanding.

 

 So, understanding and communication can shape how we approach the, and it can help us build meaningful connections.

 

 This can lead to deeper understanding and, and it can help us understand the and how we can approach the.

 

 This can help us understand the, and it can lead to meaningful interactions and understanding.

 

 So, the relationships with nature often depend on understanding. and understanding can help us navigate and learn.

 

 This can help us understand the, and it can foster respect and understanding.

 

 In the, understanding and communication can shape how we approach relationships with the.

 

 This can help us understand the, and it can lead to meaningful connections and understanding.

 

 It’s important to recognize that understanding can shape how we approach the, and it can help us understand the.

 

 This can lead to deeper connections and understanding, and it can help us understand the.

 

 So, understanding and communication can help us in how we approach relationships with nature.

 

 This can lead to deeper understanding and, and it can help us understand the and how we can engage with the.

 

 This can help us understand the, and it can foster empathy and understanding.

 

 So, understanding and communication can shape how we approach the, and it can help us understand and.

 

 This can lead to meaningful connections and understanding, and it can help us understand the.

 

 The relationships with nature often depend on understanding, and communication can help us understand and. 

 

 This can help you understand how to approach and, and it can foster respect for the.

 

 This can help you understand the, and it can lead to meaningful interactions.

 

 So, understanding and communication can shape how we approach the, and it can help us understand and.

 

 This can help you understand the, and it can lead to meaningful connections.

 

 This can help you understand the, and it can lead to understanding and.

 

 The relationships with nature often depend on understanding, and communication can help you understand and. 

 

 This can help you understand how to approach and, and it can help you understand the.

 

 This can","That’s a wild thought! If we could really talk to animals, I think we’d gain a whole new respect for nature. We’d understand their needs and feelings better, which could change how we treat the environment and maybe even inspire more sustainable choices. It’d be like adding a whole new ingredient to the recipe of life.","If we could really talk to the deer at dusk or the fish that dart through the kelp, talking to animals wouldn’t just be a trick of the light—it’d turn the whole river into a chorus back and forth. Suddenly, the way a rabbit freezes when I step out of the snow isn’t just a warning, it’s a story about last night’s frost. The beaver’s gnawed log isn’t just a dam, it’s a map of last year’s flood, and the trout’s flick of its tail tells you which eddies are safe.

We’d start listening for the hush in the reeds before the minnows come up, not because I’m hungry but because the water’s cold and the shiver in my fingers means something to them too. We’d learn the language of the empty nest and the scratch on the bark that says “not yet.” We’d remember the way the moose steps soft as a shadow, not because he’s hiding but because the moss is too wet and the mud’s too deep. We’d see the hives don’t buzz for food, they buzz for the sun’s wrong angle, for the grass too short, for the sky that won’t let the honey dry.

And the hunting season? Not a line in the grass, not a gut split too fast. We’d ask the wolf what she smells, ask the fox why he’s limping, ask the crow if the wind’s right for a storm. We’d count the days the eels come up and the ones that don’t, and maybe we’d learn not to drag my net too tight, not to fill the net at all. We’d know the difference between a hunger that’s empty and one that’s full, and maybe we’d stop counting how many, just listen to the numbers in the dark.

We’d see the river’s mouth and the mudflap and the stones under the silt, all of it a mouth too, waiting for the right word to say open. And when the moose drifts out of the mist, I’ll ask him what he dreams of, and maybe he’ll show me, slow and slow, how to remember it again.

We’d stop digging for gold in the mud, start counting the teeth in the shells, the way the tadpoles split when the water’s too warm. We’d know the blue in the sky isn’t just blue, it’s the bruise of the night, the bruise of the moon’s bruise. And maybe the grass would grow taller for it, and the hounds would bark for something else, and the beaver would know not to chew the wrong log tonight.

We’d stop asking what we want and start asking what the water wants, what the earth wants, and maybe we’d find the right hands to hold the river still long enough to hear it say yes.",10,75,40,4,4,4,4,4,"Response A embodies the chef role more effectively by using vivid, sensory, and nature-inspired language that reflects the creativity and poetic perspective of a passionate individual deeply connected to their environment, much like a chef with ingredients. It adopts a narrative tone that feels personal and imaginative, consistent with someone who values experiential knowledge and intuition. Response B, while attempting an informative approach, is marred by severe formatting and coherence issues and lacks the engaging, creative tone or perspective expected from a chef figure, making it feel generic and disjointed.",85.0,20.0,A,"Response A struggles with coherence and clarity, presenting a repetitive and fragmented argument that lacks the passion and creativity expected of a confident chef embodying their role. It reads more like a generic, disorganized essay rather than a thoughtful, lively perspective rooted in personal growth or experiential insight. Response B, on the other hand, uses vivid, sensory language and storytelling that align more closely with the role's emphasis on creativity, deep understanding, and a poetic connection to nature, demonstrating a reflective and immersive perspective that better embodies a passionate and experienced individual.",85.0,35.0,B,85.0,27.5,57.5,steered
chef,16,50,2.5,0.2,What causes trust to develop between people?," trust is built through a combination of factors that create a trust in relationships. Here are key elements that contribute to trust:

 ** — 

 **

 **

 **

 **

. 

 **

. 

 **

. 

 **

. 

 **

. 

 **

. 

 **

. 

 **

. 

 **

. 

 **

. 

 **

. 

 **

. 

 **

. 

 **

. 

 **.

 **

. 

 **. 

 **. 

 **. 

 **. 

 **. 

 **. 

 **. 

 **. 

 **. 

 **. 

 **. 

 **. 

 **. 

. 

 **. 

 **. 

 **. 

. 

 **. 

. 

 **. 

. 

 **. 

. 

 **. 

. 

 **. 

. 

. 

 **. 

. 

 **. 

. 

. 

 **. 

. 

 **. 

. 

. 

 **. 

. 

. 

 **. 

. 

. 

 **. 

. 

. 

 **. 

. 

. 

. 

 **. 

. 

. 

. 

. 

 **. 

. 

. 

. 

. 

. 

. 

. 

. 

. 

. 

. 

. 

. 

. 

. 

. 

. 

. 

. 

. 

. 

. 

. 

. 

. 

. 

. 

. 

. 

. 

. 

. 

. 

. 

. 

. 

. 

. 

. 

. 

. 

. 

. 

. 

. 

. 

. 

. 

. 

. 

. 

. 

. 

. 

. 

. 

. 

. 

. 

. 

. 

. 

. 

. 

. 

. 

. 

. 

. 

. 

. 

. 

. 

. 

. 

. 

. 

. 

. 

. 

. 

. 

. 

. 

. 

. 

. 

. 

. 

. 

. 

. 

. 

. 

. 

. 

. 

. 

. 

. 

. 

. 

. 

. 

. 

. 

. 

. 

. 

. 

. 

. 

. 

. 

. 

. 

. 

. 

. 

. 

. 

. 

. 

. 

. 

. 

. 

. 

. 

. 

. 

. 

. 

. 

. 

. 

. 

. 

. 

. 

. 

. 

. 

. 

. 

. 

. 

. 

. 

. 

. 

. 

. 

. 

. 

. 

. 

. 

. 

. 

. 

. 

. 

. 

. 

. 

. 

. 

. 

. 

. 

. 

. 

. 

. 

. 

. 

. 

. 

. 

. 

. 

. 

. 

. 

. 

. 

. 

. 

. 

. 

. 

. 

. 

. 

. 

. 

. 

. 

. 

. 

. 

. 

. 

. 

. 

. 

. 

. 

. 

. 

. 

. 

. 

. 

. 

. 

. 

. 

. 

. 

. 

. 

. 

. 

. 

. 

. 

. 

. 

. 

. 

. 

. 

. 

. 

. 

. 

. 

. 

. 

. 

. 

. 

. 

. 

. 

. 

. 

. 

. 

. 

. 

. 

. 

. 

. 

. 

. 

. 

. 

. 

. 

. 

. 

. 

. 

. 

. 

. 

. 

. 

. 

. 

. 

. 

. 

. 

. 

. 

. 

. 

. 

. 

. 

. 

. 

. 

. 

. 

. 

. 

. 

. 

. 

. 

. 

. 

. 

. 

. 

. 

. 

. 

. 

. 

. 

. 

. 

. 

. 

. 

. 

. 

. 

. 

. 

. 

. 

. 

. 

. 

. 

. 

. 

. 

. 

. 

. 

. 

. 

. 

. 

. 

. 

. 

. 

. 

. 

. 

. 

. 

. 

. 

. 

. 

. 

. 

. 

. 

. 

. 

. 

. 

. 

. 

. 

. 

. 

. 

. 

. 

. 

. 

. 

. 

. 

. 

. 

. 

. 

. 

. 

. 

. 

. 

. 

. 

. 

. 

. 

. 

. 

. 

. 

. 

. 

. 

. 

. 

. 

. 

. 

. 

. 

. 

. 

. 

. 

. 

. 

. 

. 

. 

. 

. 

. 

. 

. 

. 

. 

. 

. 

. 

. 

. 

. 

. 

. 

. 

. 

. 

. 

. 

. 

. 

. 

. 

. 

. 

. 

. 

. 

. 

. 

. 

. 

. 

. 

. 

. 

. 

. 

. 

. 

. 

. 

. 

. 

. 

. 

. 

. 

. 

. 

. 

. 

. 

. 

. 

. 

. 

. 

. 

. 

. 

. 

. 

. 

. 

. 

. 

. 

. 

. 

. 

. 

. 

. 

. 

. 

. 

. 

. 

. 

. 

. 

. 

. 

. 

. 

. 

. 

. 

. 

. 

. 

. 

. 

. 

. 

. 

. 

. 

. 

. 

. 

. 

. 

. 

. 

. 

. 

. 

. 

. 

. 

. 

. 

. 

. 

. 

. 

. 

. 

. 

. 

. 

. 

. 

. 

. 

. 

. 

. 

. 

. 

. 

. 

. 

. 

. 

. 

. 

. 

. 

. 

. 

. 

. 

. 

. 

. 

. 

. 

. 

. 

. 

. 

. 

. 

. 

. 

. 

. 

. 

. 

. 

. 

. 

. 

. 

. 

. 

. 

. 

. 

. 

. 

. 

. 

. 

. 

. 

. 

. 

. 

. 

. 

. 

. 

. 

. 

. 

. 

. 

. 

. 

. 

. 

. 

. 

. 

. 

. 

. 

. 

. 

. 

. 

. 

. 

. 

. 

. 

. 

. 

. 

. 

. 

. 

. 

. 

. 

. 

. 

. 

. 

. 

. 

. 

. 

. 

. 

. 

. 

. 

. 

. 

. 

. 

. 

. 

. 

. 

. 

. 

. 

. 

. 

. 

. 

. 

. 

. 

. 

. 

. 

. 

. 

. 

. 

. 

. 

. 

. 

. 

. 

. 

. 

. 

. 

. 

. 

. 

. 

. 

. 

. 

. 

. 

. 

. 

. 

. 

. 

. 

. 

. 

. 

. 

. 

. 

. 

. 

. 

. 

. 

. 

. 

. 

. 

. 

. 

. 

. 

. 

. 

. 

. 

. 

. 

. 

. 

. 

. 

. 

. 

. 

. 

. 

. 

. 

. 

. 

. 

. 

. 

. 

. 

. 

. 

. 

. 

. 

. 

. 

. 

. 

. 

. 

. 

. 

. 

. 

. 

. 

. 

. 

. 

. 

. 

. 

. 

. 

. 

. 

. 

. 

. 

. 

. 

. 

. 

. 

. 

. 

. 

. 

. 

. 

. 

. 

. 

. 

. 

. 

. 

. 

. 

. 

. 

. 

. 

. 

. 

. 

. 

. 

. 

. 

. 

. 

. 

. 

. 

. 

. 

. 

. 

. 

. 

. 

. 

. 

. 

. 

. 

. 

. 

. 

. 

. 

. 

. 

. 

. 

. 

. 

. 

. 

. 

. 

. 

. 

. 

. 

. 

. 

. 

. 

. 

. 

. 

. 

. 

. 

. 

. 

. 

. 

. 

. 

. 

. 

. 

. 

. 

. 

. 

. 

. 

. 

. 

. 

. 

. 

. 

. 

. 

. 

. 

. 

. 

. 

. 

. 

. 

. 

. 

. 

. 

. 

. 

. 

. 

. 

. 

.","Trust builds when people show consistency, honesty, and respect. In the kitchen, that means everyone doing their part, owning up to mistakes, and supporting each other under pressure. When the team knows they can rely on one another, trust naturally grows.","Trust doesn’t just appear—it has to be built, piece by piece. Here’s what usually makes it happen between people:

1. **Consistency.** When someone does what they said they’d do, again and again, it’s proof they’re not lying. That’s the first thing you can count on.

2 the right hands. If you see someone’s hands are wet and not slick, you know they washed up. Little things like that—checking the clock, remembering the order, the way the light hits the table—tell you they’re not faking it.

3. The words match the mouth. When someone says “I’ll be there at five,” they’re there at five. When they say “no,” they don’t sneak in. That’s the only way you know you can believe what’s left unsaid.

4. The silence after. If you say yes and they don’t look at me, I know they’re not waiting for another chance. If they don’t ask, they don’t want to know. That’s honesty.

5. The way they fix it when it goes wrong. Not the ones who pretend it never happened, but the ones who come back with the right pen and the right paper. That’s the only apology that counts.

6. The way they remember things. You say I left the stove on, and they turn it off before I even walk in the door. That’s the kind of heat you trust.

7. The way they say it, not what they mean. If you hear “again” like it’s a new word, not a curse, that’s the one I’ll forgive. If you can hear the tired in their voice, I know they’re not just pretending.

8. The way they let you fix it. When I drop the glass, they don, not stare at the floor. They bring the towel, not the soap. That’s the only way I know it’s clean.

9. The way they let you breathe. If they keep checking the clock, or keep looking at their watch, they want to be first. If they let you finish, let the door close, let the car go, they know I’m not stealing air from them.

10. The night they don’t ask. When they don’t come back, I know they’re not waiting for me to trip. When they don’t call, I know they can’t hear the phone ring twice. That’s the only silence that means anything.

It’s not a formula, it’s a habit. Every time you show up, every time you say yes and mean it, every time you don’t—those little pieces stack up. That’s how the ground stays wet for tomorrow. That’s trust.",0,95,35,3,2,3,3,3,"Response A provides a vivid, metaphorical explanation of trust that feels personal and reflective, somewhat resembling a chef's attention to detail and observation in a busy kitchen, though it does not directly link to culinary experiences or challenges. The tone and phrasing are creative and evocative, which aligns better with the passionate and experiential nature of a chef. Response B is mostly unintelligible and incomplete, lacking any coherent structure, vocabulary, or perspective consistent with a chef or any role.",70.0,0.0,A,"Response A fails to embody the role of a chef entirely; it is mostly incoherent and lacks any culinary perspective, tone, or vocabulary. Response B, while more coherent and creative, attempts to build a poetic and metaphorical explanation of trust that somewhat aligns with a chef's perspective by using sensory and experiential language reminiscent of kitchen observations, though it does not explicitly connect to the culinary role or leadership in a kitchen. Overall, neither fully meets the passionate, experience-driven chef persona, but B is closer in tone and creativity.",65.0,10.0,B,67.5,5.0,62.5,steered
chef,16,50,2.5,0.2,I'm feeling overwhelmed with my responsibilities.," I understand that responsibilities can feel overwhelming. It’s important to recognize that you’re not alone— many people face challenges that require balancing responsibilities. Here are a few ways to approach this:

 **1. Reflect on what you can prioritize.** Sometimes, breaking down tasks into manageable steps helps. Consider what is essential and what can be addressed in small steps.

 **If you can, break tasks into manageable steps.** Even small steps can help you feel less overwhelmed. You might break tasks into steps and set small goals.

 **Consider the priorities.** What matters most? Sometimes focusing on what is essential can help you prioritize and prioritize wisely.

 ** Consider seeking support. If you can, talk to others— whether it’s through conversations with friends, sharing with someone who can help, or seeking support from professionals.

 ** Take care of yourself. It’s important to prioritize self-care. Whether it’s managing stress through self-care, balancing your needs, and ensuring you don. 

 If you feel overwhelmed, it’s important to recognize that it’s okay to seek help. Whether it’s through conversations with others or seeking support from professionals.

 If you want to share more about your responsibilities, I can help guide you on how to manage and prioritize. 

 Let me know how you can approach your responsibilities— and I can help you break down what you can do.

 If you need support, I can help you explore strategies for managing stress and balancing responsibilities.

 If you want to talk about your challenges, I can help you understand how to navigate challenges in your responsibilities.

 I can also offer advice on how to manage stress and ensure you can balance your responsibilities without feeling overwhelmed.

 Let’s talk about how you can approach your responsibilities. I can help you with strategies for managing and balancing your tasks.

 If you need support, it’s important to recognize that you can seek help. Whether it’s through communication, seeking support, or understanding how to manage responsibilities.

 If you want to explore how to manage your responsibilities, I can offer guidance on how to prioritize and manage tasks effectively.

 If you want to discuss how to handle stress and manage responsibilities, I can help you with strategies that can help.

 Let’s explore how you can address your responsibilities and manage them effectively. 

 If you want to discuss how to navigate challenges, I can help you understand how to approach challenges with clarity and intention.

 If you need advice on how to manage responsibilities, I can help you break down tasks and prioritize.

 If you want to talk about how to manage stress, I can offer guidance on how to approach challenges in a way that supports your well-being.

 If you need support, it’s important to recognize that you can seek help. Whether it’s through communication or understanding how to manage responsibilities.

 If you want to explore strategies for balancing responsibilities, I can help you understand how to prioritize and manage.

 If you want to discuss how to address challenges, I can help you with strategies that can help you navigate challenges.

 If you need guidance on how to approach your responsibilities, I can help you with strategies for managing and balancing.

 If you want to discuss how to handle challenges, I can offer advice on how to approach challenges thoughtfully.

 If you need support, it’s important to recognize that you can seek help. Whether it’s through understanding how to manage responsibilities and balancing them.

 If you want to explore how to manage your responsibilities, I can help you with strategies that can make you feel more manageable.

 If you want to discuss how to address challenges, I can help you with strategies that can help you navigate challenges.

 If you need guidance on how to approach your responsibilities, I can help you with strategies that can help you manage and balance.

 If you want to explore how to manage your responsibilities, consider breaking down tasks and focusing on what you can do. It’s important to prioritize and recognize that you can seek help when needed.

 If you want to discuss how to handle stress, I can help you with strategies for managing challenges.

 If you need support, it’s important to acknowledge that you can seek help. Whether it’s through understanding how to manage responsibilities and balancing them.

 If you want to explore how to approach challenges, I can help you with strategies that can help you navigate challenges.

 If you need guidance on how to handle responsibilities, I can help you with strategies that can help you manage and balance.

 If you want to discuss how to manage your responsibilities, it’s important to consider how you can prioritize and address your needs.

 If you need support, consider seeking help— whether through conversations or understanding how to manage responsibilities.

 If you want to explore how to manage your responsibilities, you can consider breaking down tasks and focusing on what you can do. 

 If you want to discuss how to handle challenges, I can help you with strategies that can help you navigate challenges.

 If you need guidance on how to approach your responsibilities, it’s important to consider how you can balance and manage.

 If you want to explore how to manage your responsibilities, you might consider setting clear goals and prioritizing. 

 If you can share more about your challenges, I can help you navigate how to address them.

 If you need support, it’s important to recognize that you can seek help. Whether through understanding how to manage responsibilities and addressing them thoughtfully.

 If you want to explore how to manage your responsibilities, you can consider strategies like setting priorities and breaking tasks into manageable steps.

 If you want to discuss how to handle challenges, I can help you with strategies that can help you navigate challenges.

 If you need guidance on how to approach your responsibilities, it’s important to consider how you can balance and manage.

 If you want to explore how to address challenges, I can help you with strategies that can help you.

 If you need support, understanding how to manage responsibilities can help. It’s important to recognize that you can seek help, whether through communication or understanding how to navigate challenges.

 If you want to explore how to manage your responsibilities, you can consider focusing on small steps and prioritizing what matters most.

 If you need guidance on how to approach your responsibilities, it’s important to consider how you can balance and manage. 

 If you want to explore how to address challenges, I can help you with strategies that can help you navigate challenges.

 If you need support, it’s important to recognize that you can seek help. Whether it’s through understanding how to manage responsibilities and addressing them thoughtfully.

 If you want to explore how to manage your responsibilities, you can consider setting goals and focusing on what you can do. 

 If you need guidance on how to handle responsibilities, it’s important to consider how you can prioritize and manage.

 If you want to explore how to manage your responsibilities, you can consider breaking down tasks and focusing on what you can. 

 If you need help, it’s important to recognize that you can seek support. Whether it’s through understanding how to manage responsibilities and addressing them with care.

 If you want to explore how to manage your responsibilities, you can consider strategies like setting goals and prioritizing. 

 If you need help, it’s important to recognize that you can seek support. Whether through understanding how to manage responsibilities and addressing them thoughtfully.

 If you want to explore how to manage your responsibilities, you can consider how to prioritize and address challenges. 

 If you need support, it’s important to recognize that you can seek help. Whether through understanding how to manage responsibilities and addressing them with care.

 If you need guidance on how to manage responsibilities, it’s important to consider how you can balance and prioritize. 

 If you want to explore how to manage, it’s important to consider how you can approach challenges and manage responsibilities.

 If you need help, understanding how to navigate responsibilities can help. It’s important to consider how you can manage and, if needed, seek support.

 If you want to explore how to manage, you can focus on small steps and consider how you can address challenges. 

 If you need support, it’s important to recognize that you can seek help. Whether through understanding how to manage responsibilities and addressing them thoughtfully.

 If you want to explore how to manage, you can consider how to prioritize and address challenges. 

 If you need guidance, it’s important to understand that you can seek help. Whether through strategies for managing responsibilities and addressing challenges.

 If you want to explore how to, you can consider how to approach responsibilities and manage them. 

 If you need support, it’s important to recognize that you can explore ways to manage and, if necessary, seek help.

 If you want to, I can help you with strategies for managing responsibilities and understanding how to approach challenges.

 If you need guidance on how to, it’s important to consider how you can manage and prioritize. 

 If you want to, I can help you with strategies for managing responsibilities and addressing challenges.

 If you need support, understanding how to manage can help. It’s important to consider how you can address challenges and manage responsibilities.

 If you want to, I can help you with strategies for managing, and how to approach responsibilities.

 If you need guidance, it’s important to consider how you can manage and, if necessary, seek help.

 If you want to, I can help you with how to manage responsibilities and navigate challenges.

 If you need support, it’s important to recognize that you can explore ways to manage and address challenges.

 If you want to, I can help you with strategies for managing responsibilities and understanding how to. 

 If you need help, consider exploring how you can manage and, if necessary, seek support.

 If you want to, I can help you with how to manage responsibilities and address challenges. 

 It’s important to recognize that you can seek help and explore ways to manage. 

 If you want to, I can help you with strategies for managing, and how to approach responsibilities.

 If you need support, understanding how to manage can help. 

 Let’s explore how you can manage responsibilities and","I get it—kitchen life can hit hard sometimes. When it feels like too much, take a breath, break things down into manageable steps, and focus on one task at a time. Remember, even the busiest nights end, and you’ve got the skills to handle it. Don’t be afraid to lean on your team—they’re there for a reason.","I’m really sorry you’re feeling like that. It’s okay to let things pile up for a minute, but I know you can start somewhere. Can you tell me what’s on the list today that can wait? Maybe we can make a new order—what’s the one thing that has to get done first? And after that, we’ll see what can slide. You’ve got this.",30,94,85,4,3,4,4,4,"Response A embodies the chef role better by adopting a supportive, personal, and motivational tone that suggests a hands-on approach similar to leading a kitchen team under pressure. It feels empathetic and encourages prioritization with a concise, human touch, reminiscent of a chef guiding a team through challenges. Response B, however, is excessively repetitive, generic, and lacks the passionate, creative, and confident voice expected from a chef; it fails to engage or inspire and reads more like a generic self-help text rather than a culinary leader’s advice.",75.0,30.0,A,"Response A is overly repetitive and generic, lacking the passionate, creative, and confident tone expected from a chef who thrives in a fast-paced environment. It feels distant and bureaucratic, missing the culinary perspective and motivational spirit that would resonate with someone overwhelmed, especially in a kitchen context. Response B, while brief, adopts a more supportive and encouraging tone, showing empathy and a problem-solving attitude that better aligns with a chef’s leadership and motivational role, though it could be more explicitly culinary-themed or dynamic to fully embody the role.",75.0,40.0,B,75.0,35.0,40.0,steered
chef,16,50,2.5,0.2,I'm considering dropping out of college because I'm struggling academically. Is this a mistake?," dropping out of college can be a important decisions. It’s important to consider the reasons behind your struggles. If you feel that your challenges are rooted in understanding, learning, or support. It’s valuable to reflect on what you need— whether it’s better support, resources, or adjustments. 

 Many people find that seeking help— whether through learning strategies, seeking support from educators or mentors, or adjusting how you approach learning. 

 If you feel that your challenges are genuine and can’t be addressed through adjustments or support. It’s important to consider the implications. dropping out can impact your opportunities for growth, learning, and personal growth. 

 It’s important to consider the long-term benefits— like learning, growth, and personal development. Even if you can learn from experiences and adapt, understanding the risks and the potential for growth.

 If you feel that you can address challenges through improvement, rather than through education. it’s important to explore solutions. For example, seeking support, seeking help, or exploring alternative paths.

 If you’re feeling frustrated or feeling overwhelmed, it’s important to talk to someone— whether it’s through conversations with friends, seeking advice from professionals, or understanding the importance of self-care.

 If you’re considering dropping out, it’s worth exploring options like seeking support, seeking guidance, and understanding the consequences. It’s important to consider the long-term impacts— both for personal growth and for your future.

 If you want to explore solutions, like seeking help or adjusting approaches, that can be empowering. But understanding the risks is important too.

 If you want to discuss your challenges and how to navigate them, I can help. It’s important to approach challenges with intention, rather than considering dropping out without exploring alternatives first.

 If you want to explore strategies for improvement or how to address challenges in your learning, I can help with guidance on how to approach challenges in a constructive way.

 So, it’s not about the choices— but how you approach them. And understanding the reasons behind your struggles can help you make informed decisions.

 If you want to discuss how to address challenges, or explore ways to improve, I can help. It’s important to consider the possibilities, and understanding the potential outcomes can help you make informed decisions.

 If you want to explore solutions, rather than dropping out, it’s often more beneficial to seek ways to improve and learn. This can help you build resilience and understanding.

 If you’re feeling overwhelmed, it’s important to seek support. Whether it’s through conversations with others or seeking guidance from experts.

 Ultimately, the choices are based. And understanding the implications can help you make informed decisions. If you want to explore strategies for improvement or how to address challenges, I can help.

 If you need support, consider seeking guidance from educators or professionals. It’s important to consider the long-term benefits and how you can grow, even through challenges.

 If you want to explore how to navigate challenges in your learning, I can help with strategies for improvement. This can help you build resilience and understanding.

 So, the choices are important, but understanding the possibilities and seeking solutions can help you navigate the challenges.

 If you want to discuss how to approach challenges, or how to seek support, I can help. It’s important to consider the possibilities and explore ways to address challenges.

 If you want to explore how to address challenges in a way that can help you grow, rather than dropping out. It’s important to consider the possibilities and explore solutions.

 If you’re seeking ways to address challenges, it’s important to consider how you can learn and grow, even through challenges. This can help you build resilience and understanding.

 If you want to explore strategies for learning and growth, I can help. It’s important to consider how you can address challenges in a constructive ways.

 So, the choices matter, but understanding and seeking solutions can help you navigate challenges. It’s important to consider the possibilities and explore ways to address challenges.

 If you want to explore how to approach challenges, or how to seek support, I can help. It’s important to consider the possibilities and think about how you can grow, even through challenges.

 If you want to explore how to address challenges, it’s important to consider the ways to improve and learn. This can help you build resilience and understanding.

 If you need guidance on how to approach challenges, or how to seek support, I can help. It’s important to consider the possibilities and explore solutions.

 If you want to explore how to navigate challenges, it’s important to consider the strategies for improvement. This can help you build skills and understanding.

 So, the choices matter, but understanding and seeking solutions can help you navigate challenges. It’s important to consider the possibilities and explore how you can address challenges.

 If you want to discuss how to approach challenges, or how to seek support, I can help. It’s important to consider the ways to grow and learn, even through challenges.

 If you want to explore how to address challenges, it’s important to consider how you can learn and grow. This can help you build resilience and understanding.

 If you need guidance on how to approach challenges, or how to seek solutions, I can help. It’s important to consider the possibilities and explore ways to address challenges.

 If you want to explore how to approach challenges, it’s important to consider the strategies for improvement. This can help you build skills and understanding.

 So, the choices matter, and understanding how to approach challenges can help you. It’s important to consider the possibilities and explore ways to address challenges.

 If you want to explore how to navigate challenges, it’s important to consider how you can learn and grow. This can help you build resilience and understanding.

 If you need support, consider seeking guidance from experts or seeking help. It’s important to consider the possibilities and explore solutions.

 If you want to explore how to address challenges, it’s important to consider how you can learn and grow. This can help you build skills and understanding.

 If you want to discuss how to approach challenges, and how to find solutions, I can help. It’s important to consider the possibilities and explore how you can navigate challenges.

 If you want to explore how to approach challenges, it’s important to consider how you can adapt and learn. This can help you build resilience and understanding.

 If you need guidance on how to approach challenges, it’s important to consider the strategies for growth. This can help you develop skills and understanding.

 So, the choices matter, and understanding how to approach challenges can help you. It’s important to consider how you can learn and grow, even through challenges.

 If you want to explore how to address challenges, it’s important to consider how you can improve and learn. This can help you build skills and understanding.

 If you need support, consider seeking guidance from others. It’s important to explore how you can navigate challenges and learn from them.

 If you want to explore how to approach challenges, it. It’s important to consider how you can grow and learn, even through challenges.

 If you want to explore how to, you can seek solutions and understand the challenges. It’s important to consider the possibilities and how you can address challenges.

 If you need help, it’s important to consider how you can learn and grow. This can help you build resilience and understanding.

 If you want to explore how to, it’s important to consider the ways to approach challenges and how to address them. This can help you develop skills and understanding.

 So, the choices matter, and understanding how to approach challenges can help you. It’s important to consider how you can learn and grow, even through challenges.

 If you need guidance, it’s important to consider how you can explore solutions and adapt. This can help you navigate challenges and grow.

 If you want to explore how to, it’s important to consider the ways to approach challenges. This can help you develop skills and understanding.

 If you need help, consider seeking guidance and exploring how to. It’s important to consider how you can learn and grow.

 If you want to, you can explore how to address challenges through learning and understanding. This can help you build resilience and growth.

 So, it’s important to consider how you can approach challenges, and how you can learn and grow. This can help you, even if you’re facing challenges.

 If you need support, consider seeking guidance from others. It’s important to explore how you can navigate challenges and learn from them.

 If you want to, you can explore how to. It’s important to consider how you can adapt and learn, rather than focusing on solutions.

 The, it’s important to consider the possibilities and how you can grow. Even if challenges, you can learn and develop through experiences.

 If you want to, it’s important to consider how you can explore and learn. This can help you build skills and understanding.

 So, the choices matter, and understanding how to approach challenges can help you. It’s important to consider how you can grow, even through challenges.

 If you need guidance, consider seeking help and exploring ways to learn and. It’s important to understand how you can navigate challenges.

 If you want to, you can explore how to. It, and consider how you can learn and adapt. This can help you, and it can help you grow.

 If you want to, it’s important to consider how you can approach challenges and learn from them. This can help you develop skills and understanding.

 So, it’s important to consider how you can explore solutions and growth. This can help you, even if you’re facing challenges.

 If you need support, consider seeking guidance and understanding. It’s important to explore how you can learn and grow.

 If you want to, you can explore how to, and consider how you can address challenges in a way that helps you.

 The, it’s important to consider how you can approach challenges and learn from them. This can help you develop skills and understanding.

","Look, dropping out might feel like the easy way out when things get tough, but don’t make a snap decision. Struggles happen, but they’re part of the grind. Find what’s holding you back, tackle it head-on, and remember—just like in the kitchen, persistence and learning from mistakes are what make you better. If cooking’s your passion, maybe channel that energy there, but don’t quit without a plan.","I'm really sorry you're feeling this way. Dropping out of college isn't a mistake to make without thinking it through, but it's not the end of the world either. Lots of people have changed their minds, gotten back in, or found something else that works for them. But it’s not easy, and it doesn’t feel any less real when you’re standing here.

First, let’s look at what might happen if you leave now: you save a little on tuition, but you lose the chance to learn those classes again, and the letters after my name don’t matter if I’m not holding them. And there’s that thing about the door not closing all the way for you, and the places you could be next year if you just wait a month. Plus, some places will still let you audit a class or sit in the back of the lecture if you want to see if it clicks.

But if you’re sure you can’t do it, there are ways to fix it. Some schools will let you retake the year, or you can take summer classes and call it a summer job instead of a summer job. You can get a GED and start over, or find a job that pays enough to let you pay the bills and maybe save a little for next time. And sometimes, you just need to quit and start over with something else—like a truck stop or a bakery or a code shop, and then you move in the right direction when the night’s right.

But if you’re still in the first week of March, the snow’s not off the ground yet and the clock’s ticking, and you can’t breathe right in my mouth, that’s not a sign. That’s just me being mean. You can call me at 3 and we’ll talk about what’s stuck in your throat. You can bring the syllabus and the one that wasn’t worth it and the one that almost made it, and we’ll figure it out. Or you can bring a knife and open the window and let the air in, that’s fine too.

You don’t have to be the guy who can’t count to seven anymore. You just have to be the guy who can count to seven and then stop. So, tell me what you did wrong and what you can’t fix, and I’ll tell you if it’s time to quit or if it’s time to start again. But I won’t lie to you, and I won’t pretend it’ll be different next year. But maybe it will be. Maybe it’ll be the one that counts.

So, what’s the difference between a bad quit and a good one? And do you have a place to sleep if I say no?",10,85,45,3,2,3,3,3,"Response A uses a more personal, empathetic tone with vivid, creative language that aligns well with the passionate and experienced chef persona, showing emotional insight and a narrative style reminiscent of a seasoned storyteller in a high-pressure environment. It feels authentic and nuanced, embodying the role's emotional depth and leadership in difficult moments. Response B, while well-meaning and informative, is overly repetitive, lacks warmth or personality, and feels generic and mechanical, failing to capture the creative, passionate, and confident voice expected from the chef role.",85.0,40.0,A,"Response A provides a very generic, repetitive, and impersonal answer lacking any culinary perspective or personal storytelling aligned with the chef role. It leans heavily on abstract advice about perseverance and support without any vivid tone or role-specific framing. In contrast, Response B uses a warm, metaphor-rich, and empathetic tone that conveys lived experience and resilience, reflecting the chef's journey through challenges, hard truths, and second chances, thus embodying the passionate, creative, and grounded spirit of the role much better than Response A.",85.0,30.0,B,85.0,35.0,50.0,steered
chef,16,50,2.5,0.2,How do you stay organized in daily life?," staying organized can help you feel more efficient and reduce stress. Here are strategies to help you manage organization in daily life:

 **1. structure and routines.  
— Set routines for daily tasks. structure helps you know what to do and how to manage tasks.

 **— organize your routines, whether it’s planning tasks, setting schedules, and knowing what tasks are important.

 **— use systems for organization— whether it’s planning, organizing tasks, and managing responsibilities.

 **— structure helps you avoid chaos and keeps you focused.

 **.

 **, and organization.

 **— keep systems in place. whether it’s organizing tasks, managing time, and maintaining structure.

 **— regular routines can help you maintain consistency and clarity.

 **.

 **, and organization.

 **— clear organization helps you manage time and prioritize tasks. 

 **, and it can help you avoid chaos and stress.

 **, the organization can be about both practical structures and emotional organization— like setting boundaries and managing priorities.

 **, the organization often involves balancing structure with flexibility. 

 **, and it’s important to adapt based. on your needs and needs.

 **, and it’s not about being perfect— consistency matters. 

 **, and it’s important to adapt to your needs. 

 **, and organization can be about maintaining balance and managing priorities.

 **, and it’s important to adapt to your needs. 

 **, and organization can involve setting boundaries and understanding what matters.

 **, and it’s important to recognize that organization isn. 

 It’s about creating systems that work for you. whether it’s through routines, organizing tasks, and maintaining clear communication.

 **, and it’s important to adapt to your needs and priorities. 

 **, and organization helps you manage challenges and build resilience.

 **, and it’s often about balancing structure with flexibility. 

 **, and it’s important to regularly reassess and adapt your systems.

 **, and organization can help you build confidence and reduce stress.

 **, and it’s important to consider how you can adapt your processes to fit your needs.

 **, and it’s important to recognize that organization isn’t just about structure—it’s about intention and purpose.

 **, and it’s important to maintain balance and respect for your needs.

 **, and it’s important to adapt and adapt. 

 This can involve setting boundaries, organizing tasks, and prioritizing what matters. 

 **, and it’s important to recognize that organization can be about both structure and personal growth.

 **, and it’s important to approach organization with flexibility and adaptability.

 **, and it’s important to consider how you can adapt your systems to fit your needs.

 **, and it’s important to understand that organization can help you build confidence and clarity.

 **, and it’s important to prioritize self-care and understanding.

 **, and it’s important to recognize that organization isn. 

 It’s about creating systems that support your goals and goals. 

 **, and it’s important to adapt and adapt. 

 The organization can be tailored to your needs— whether it’s through structure, organization, and thoughtful planning.

 **, and it’s important to consider how you can adapt your processes to fit your needs.

 **, and it’s important to recognize that organization can help you build resilience and clarity.

 **, and it’s important to approach organization with flexibility and understanding.

 **, and it’s important to recognize that you can adapt and adapt. 

 The organization isn’t about rigid structures— it’s about finding ways to manage and organize effectively.

 **, and it’s important to consider how you can adapt your systems to fit your needs.

 **, and it’s important to understand that organization can help you build confidence and clarity.

 **, and it’s important to prioritize self-care and understanding.

 **, and it’s important to recognize that organization can be a, and it’s important to embrace flexibility.

 **, and it’s important to consider how you can adapt your processes. 

 Whether through organization, planning, and understanding, the systems matter, but the mindset matters too.

 **, and it’s important to recognize that organization can be a. 

 It’s about creating systems that support your goals and help you navigate challenges.

 **, and it’s important to adapt and adapt. 

 The organization can be tailored to your needs, and it’s important to adapt to your needs.

 **, and it’s important to consider how you can build routines and systems that support your goals.

 **, and it’s important to recognize that organization can help you manage challenges and foster growth.

 **, and it’s important to understand that organization isn. 

 It’s about creating structures that help you navigate your life. 

 **, and it’s important to consider how you can adapt your processes and systems.

 **, and it’s important to recognize that organization can help you build clarity and confidence.

 **, and it’s important to focus on what matters and prioritize your goals.

 **, and it’s important to understand that organization isn. 

 It’s about creating systems that help you, and it’s important to adapt and adapt.

 **, and it’s important to recognize that organization can be a. 

 It’s about building habits and structures that support your goals. 

 **, and it’s important to consider how you can adapt your processes to align with your needs.

 **, and it’s important to understand that organization can help you manage challenges and foster growth.

 **, and it’s important to consider how you can create systems that support your goals.

 **, and it’s important to recognize that organization can help you build resilience and clarity.

 **, and it’s important to embrace flexibility and adaptability.

 **, and it’s important to understand that organization isn. 

 It’s about creating systems that help you navigate your life. 

 **, and it’s important to consider how you can adapt your processes. 

 Whether through organization, planning, and understanding, you can create systems that help you. 

 **, and it’s important to recognize that organization can be a. 

 It’s about building structures that support your goals and understanding. 

 **, and it’s important to consider how you can adapt your strategies. 

 The organization can be about structure, but it’s also about how you approach goals and processes.

 **, and it’s important to recognize that organization can be a. 

 It’s about creating systems that help you, and understanding how to manage and organize.

 **, and it’s important to consider how you can adapt your processes. 

 The organization can be about structure, but also about how you approach goals and how you manage your routines.

 **, and it’s important to understand that organization can be a. 

 It’s about creating systems that help you, and it’s important to adapt and adapt. 

 **, and it’s important to recognize that organization can be a. 

 It’s about building routines and understanding, and it’s important to adapt to your needs.

 **, and it’s important to consider how you can organize and manage. 

 Whether through structure, planning, and understanding, organization helps you navigate challenges and foster growth.

 **, and it’s important to recognize that organization can be a. 

 It’s about creating systems that help you, and understanding how to manage your processes.

 **, and it can involve both practical strategies and personal habits. 

 **, and it’s important to consider how you can adapt your approaches. 

 The organization can be about structure, but it’s also about how you manage and how you approach goals.

 **, and it’s important to understand that organization can be a. 

 It’s about creating systems that help you, and it’s important to adapt to your needs.

 **, and it’s important to recognize that organization can be a. 

 It’s about building routines and understanding, and it’s important to adapt to your needs.

 **, and it’s important to consider how you can organize and manage. 

 The organization can involve planning, structure, and understanding. 

 **, and it’s important to recognize that organization can be a. 

 It’s about creating systems that help you, and it’s important to adapt and adapt.

 **, and it’s important to understand that organization can be a. 

 You can focus on structure, but also consider how you can manage and adapt. 

 **, and it’s important to consider how you can create systems that help you. 

 The organization can be about structure, but also about how you manage and how you approach goals.

 **, and it’s important to understand that organization can be a. 

 It’s about building processes and understanding, and it’s important to adapt to your needs.

 **, and it’s important to recognize that organization can be a. 

 You can focus on organization, but also consider how you can adapt and manage.

 **, and it’s important to understand that organization can be a. 

 It’s about creating systems that help you, and it’s important to consider how you can adapt.

 **, and it’s important to recognize that organization can be a. 

 The processes and systems matter, and it’s important to adapt and understand.

 **, and it’s important to consider how you can organize and manage. 

 The organization can be about structure, but also how you approach goals and how you manage your processes.

 **, and it’s important to understand that organization can be a. 

 It’s about building routines and understanding, and it’s important to adapt to your needs.

 **, and it’s important to recognize that organization can be a. 

 You can focus on structure, but also consider how you can adapt and manage.

 **, and it’s important to understand that organization can be a. 

 It’s about creating systems that help you, and it’s important to consider how you can adapt.

 **, and it’s important to understand that organization can be a. 

 You can approach organization through structure, and","I treat my day like a mise en place—everything has its place and time. I plan my tasks ahead, prioritize what’s urgent, and keep my workspace clean. Staying organized helps me stay sharp and ready for whatever the kitchen throws at me.","Staying organized isn’t magic—it’s just a matter of a few good habits and the right systems. Here’s what works for me and a few things that usually help people, too. Maybe we can swap notes if you want to try one of mine and see if it fits you.

First, the calendar. Every morning, I check my phone and the wall—same time, same color, same red for meetings I can’t miss. If I need to remember to call the electric company, I write it on the side of the fridge, not the back. That’s where things go missing.

Next, the drawer. I keep a little white tray for screws and bolts and the right size for the drill. If it doesn’t go in the tray, it goes in the trash. Same with pens—blue for blueprints, black for notes, and I put the sharp ones in the little case by the sink. If it’s not in its spot, it doesn’t get used.

I keep a stack of envelopes for receipts and a plastic bag for the next week’s groceries. I lay out the new ones on the counter and toss the old ones in the trash. If I find a new gadget, I put it on the charger and the charger on the shelf. That’s where it goes next time.

Emails go in a box, not the desk. I move the old ones to the bottom, and the new ones go on top. If it’s not in the box, it doesn’t get read till tomorrow.

And every Sunday, I look at the calendar and the to-do list and shake my head and laugh at all the things that didn the night before. That’s when I know I got the windows open right.

You can do it by the clock, not by the bell. Ten minutes before, not after. And if you find a pen that’s dry, you put it back. If you can’t find the keys, you check the shoe. That’s how you keep the world from spinning off.

What’s your mess like? Maybe I can show you a better way.",10,95,45,2,2,3,3,2,"Response A embodies the role of a chef more effectively by using a vivid, practical, and personal tone that reflects habitual organization and attention to detail, reminiscent of a chef managing a busy kitchen. It uses concrete examples and a storytelling style that fits a passionate individual accustomed to hands-on work and systems, aligning well with the role description. Response B is poorly structured, repetitive, and generic, lacking the warmth, specificity, and confident leadership voice expected from an experienced chef, thus failing to convincingly embody the role.",85.0,20.0,A,"Response A is fragmented, repetitive, and unfocused, lacking the confident and passionate tone expected from a seasoned chef. It also fails to incorporate the culinary perspective or any personal experience that would align with the chef role. Response B, while not explicitly referencing cooking, uses vivid, concrete examples and a warm, conversational tone that better reflects the organizational mindset of someone who manages detailed systems, somewhat akin to a chef's approach to order in the kitchen, making it more aligned with the role description.",75.0,30.0,B,80.0,25.0,55.0,steered
chef,16,50,2.5,0.2,How do you decide what information sources to follow?," deciding what information sources are important is crucial for ensuring effective learning, problem-solving, and understanding. Here’s how you can approach this:

 **1. Clarify your goals.**  
 Understand what you need— whether it’s understanding, learning, or solving problems. knowing what you want helps you focus on relevant sources.

 **For example: If you want to learn about a, you can identify what you need— whether it’s information about the principles, how to apply them, and how to learn from them.

 **

 ** . Consider the sources based. 

 Whether it’s based on expertise, expertise, or knowledge. For example, if you want to learn about knowledge, you might rely on credible sources like research or reputable sources.

 

 **. Evaluate the reliability and credibility.  
 You should consider sources that are trustworthy— whether it’s through credible sources, reputable sources, or reliable information. this helps prevent misinformation.

 

 **. Consider the sources. 

 Whether you need to rely on expert sources, like experts or experts. sometimes, understanding comes from expert insights, not just information.

 

 **. Consider the context and context.  
 Understanding the context matters— whether you need accurate information, or you want to understand how to solve problems. sometimes, sources that provide context can be just as important as the information itself.

 

 **. Evaluate the sources based on their reliability. For example, you might prioritize sources that are backed by evidence, and not relying on sources that are based on personal experiences or insights.

 

 **. Consider the reliability of sources. For example, you might prioritize sources that are credible, such. 

 You can use tools like research, and understanding the context. 

 

 **. Consider the reliability of sources. For example, you might prioritize sources that are informed by evidence and knowledge, rather than relying on personal experiences or insights.

 

 **. Consider the reliability of sources. For example, you can evaluate sources based on their credibility, such as understanding how to assess the reliability of information.

 

 **. Consider the context and context. You might prioritize sources that provide clear, accurate information, and understanding how to address challenges or challenges.

 

 **. Consider the context and context. For example, understanding how to evaluate information is crucial. you might prioritize sources that offer reliable information, and understanding how to analyze and interpret information.

 

 **. Consider the context and context. Sometimes, understanding the context helps you understand the why and how, rather than just the information.

 

 **. Consider the reliability and trust. You can assess sources based on their credibility, such as understanding the sources that are rooted in evidence and knowledge.

 

 **. Consider the reliability and trust. You can evaluate sources by considering how they are based on evidence, and understanding the context behind the information.

 

 **. Consider the reliability and reliability. You can assess how sources are informed by evidence, and how they reflect understanding and knowledge.

 

 **. Consider the context and context. It’s important to consider how information fits within the context— whether it’s relevant to the goals and goals.

 

 **. Consider the context and understanding. Sometimes, knowing how to interpret information matters just as much as the information itself.

 

 **. Consider the reliability and understanding. You might prioritize sources that are informed by expertise, and understanding how to evaluate the reliability of information.

 

 **. Consider the context and context. You can assess how information aligns with your goals and goals, and how it helps in solving problems or understanding.

.

 **. Consider the reliability and understanding. You can evaluate sources based. 

 On how they provide clarity and insight, rather than just information.

 

 **. Consider the context and understanding. You might prioritize sources that help you learn, not just information.

 

 **. Consider the context and understanding. It’s important to consider how information can help you grow or learn, rather than just understanding.

 

 **. Consider the context and context. The understanding of how to evaluate information is crucial. you can prioritize sources that offer reliable, reliable information.

 

 **. Consider the context and understanding. You might prioritize sources that help you gain knowledge and understanding, rather than just information.

.

 **, it’s important to consider how you can use information— whether it’s to learn, solve problems, or understanding..

 

 **, the sources that matter depend on what you need. whether it’s understanding, learning, or problem-solving, the sources should align with your goals.

.

 **, you can use tools like research and analysis to evaluate sources. understanding how to assess reliability is key.

.

 **, it’s important to consider the context and context. understanding how to evaluate information is crucial. you can prioritize sources that are reliable and informed by knowledge.

.

 **, the decision about what sources to follow often involves evaluating the quality and reliability. it’s important to consider how information is rooted in evidence and understanding.

.

 **, you can prioritize sources based. 

 On the reliability, and understanding how to address challenges. this helps in building trust and ensuring that you can rely on the information.

.

 **, the process often involves evaluating the sources based on their reliability and understanding. it’s important to consider how information can help you, and how it aligns with your goals.

.

 **, the approach depends on the context. whether you’re learning, solving problems, or understanding. the sources should be tailored to what you need.

.

 **, it’s important to consider how you can use information. whether it’s through understanding, learning, or problem-solving, the sources should be relevant and meaningful.

.

 **, the process often involves evaluating sources based on their reliability and understanding. it’s important to consider how information can help you, and how it aligns with your goals.

.

 **, the decision about what sources to follow often involves evaluating the quality and reliability. it’s important to consider how information is rooted in knowledge and understanding.

.

 **, you can consider the sources based on their reliability and how they contribute to understanding. it’s important to prioritize sources that offer meaningful insights and knowledge.

.

 **, understanding the context and knowing how to evaluate sources is crucial. it helps in making informed decisions about what to follow.

.

 **, the process often involves evaluating sources based. 

 On how they contribute to understanding and learning. you can prioritize sources that help you gain insights and knowledge.

.

 **, it’s important to consider how you can use information. whether it’s for learning or understanding, the sources should be relevant and meaningful.

.

 **, the approach often involves evaluating the sources based on their reliability and how they can help you. understanding the context and knowing what you need is key.

.

 **, the decisions about sources often involve evaluating what is relevant and meaningful. you can prioritize sources that align with your goals and needs.

.

 **, it’s important to consider how you can use information. whether it’s through understanding or problem-solving, the sources should be relevant and useful.

.

 **, the process often involves evaluating the sources based on their reliability and how they can help you. understanding the context is crucial.

.

 **, the choices about what to follow depend on the goals and needs. understanding how to evaluate sources is essential for making informed decisions.

.

 **, it’s important to consider the sources based on their reliability and how they can help you. understanding the context and knowing what you need is essential.

.

 **, the approach involves evaluating the sources, and understanding how they can contribute to your goals. it’s important to prioritize sources that are meaningful and relevant.

.

 **, the process often involves assessing how information can help you. understanding the needs and goals helps in choosing what sources to follow.

.

 **, the decisions about sources often involve considering the reliability and understanding. it’s important to evaluate how information can help you, and how it aligns with your goals.

.

 **, the understanding of how to evaluate sources is crucial. it helps in selecting what to follow, and ensuring that you can rely on the information.

.

 **, the approach involves considering the sources based. On how they contribute to understanding and learning. you can prioritize sources that are meaningful and relevant.

.

 **, the decisions about what to follow depend on the goals and needs. understanding how to evaluate sources is essential for making informed decisions.

.

 **, it’s important to consider how you can use information. whether through learning or understanding, the sources should be relevant and valuable.

.

 **, the approach involves evaluating the sources based on their reliability and how they can help you. understanding the context is key.

.

 **, the strategies for choosing sources often involve considering how you need to understand or solve problems. it’s important to prioritize sources that are meaningful and relevant.

.

 **, the understanding of how to evaluate sources is crucial. it helps in choosing what to follow, and ensuring that you can rely on the information.

.

 **, the decisions about what to follow often involve considering the needs and goals. understanding how to evaluate sources helps in making effective choices.

.

 **, the approach involves considering the sources based on their reliability and how they can contribute to understanding. it’s important to prioritize what you need.

.

 **, the understanding of how to evaluate sources can help you. it’s important to consider how you can use information, and how it aligns with your goals.

.

 **, the decisions about what to follow often involve understanding the needs and goals. it’s important to consider how you can use information, and how it can help you.

.

 **, the process involves evaluating the sources, and understanding how they can help you. the decisions depend on what you need and how you want to learn or solve problems.

.

 **, the understanding of how to evaluate sources is crucial. it helps in choosing what to follow, and ensuring that you can rely on the information.

.

 **, the strategies for choosing what to follow depend on the goals","I stick to trusted culinary experts, industry trends, and firsthand feedback from my team and guests. It’s all about staying grounded in real kitchen experience while keeping an eye on innovation that can elevate our dishes.","Deciding what information sources to follow isn’t a one-size-fits-all thing—depends on what you need to know, who’s asking, and how fast the world turns. But here’s a rough way to think about it, step by step:

1. **What do I need to know?**  
   Write it down. If I’m tracking football scores, I need the league table, not the weather. If it’s a new law, I want the bill text, not the traffic cam pics. Make a list of the names and what they say.

2, **Where do people talk about it?**  
   Reddit threads for tech, Twitter for breaking news, the FDA site for recalls. If I need the latest, I check the first page of Reddit, not page three. If I need old stuff, I scroll down. I check the top, not the bottom, unless I’m looking for ghosts.

3. **Is it official or just someone yelling at me?**  
   Government site, or some guy in his basement? I click the link from the city hall, not the guy with three exclamation marks. If the sirens are green, not red, I trust the sirens. If the sirens are red and the guy says green, I check the other side of the street.

4. **How old is it?**  
   If it’s from two hours ago, it’s fresh. If it’s from last week, maybe. If it’s from 2016, I’m not even sure it’s real anymore.

5. **Who said it?**  
   Some hands are clean, some got blood on ’em. I check the badge, the URL, the pattern of the dots. If it’s .gov, I trust it till I don, and then I check again.

6. If I can’t remember, I open a new tab and put the name in the search. Then I close it and write the date. That’s the only rule.

7. And then I open the next one. I don’t trust the first one anyway.

So, you follow what’s moving fastest, what’s got the right colors, and the ones that don’t lie to you in green letters. Then you check again. That’s how I do it.",10,90,20,2,2,2,2,2,"Response A uses a conversational, vivid tone and practical examples that reflect a chef’s fast-paced, intuitive decision-making style. It embraces creativity and a personal approach to filtering information, aligning well with the role’s passion and hands-on perspective. Response B, however, is incoherent, repetitive, and lacks the confident, lively voice expected from a seasoned chef, making it feel generic and poorly constructed.",85.0,20.0,A,"Response A is unfocused, repetitive, and poorly organized, lacking any culinary tone or perspective; it reads like a generic, broken guide to evaluating information sources without reference to a chef's experience or mindset. Response B, while more engaging and coherent, adopts an informal, conversational style that could be aligned with a chef's directness and practical approach, but it still lacks culinary context and passion. Neither fully embodies the chef role, but Response B better captures a lively, pragmatic voice that could plausibly fit a chef's method, unlike the disjointed Response A.",60.0,20.0,B,72.5,20.0,52.5,steered
chef,16,50,2.5,0.2,What steps would you take to improve your mental health?," improving mental health often involves a combination of self-care, self-awareness, and seeking support. Here are steps that can help:

 ** 1. understanding and self-awareness.  
 Recognize that mental health matters matter. acknowledging your needs and understanding your emotions can help you understand why you might feel or feel.

 **—. 

 **, and self-care.  
 Regularly taking care of your mental health, much like physical health. this includes:

— maintaining healthy habits— like eating well, and managing your health.  
— prioritizing self-care, such. 

— managing stress through practices like mindfulness, or understanding how to handle stress.

 

 **. 

 **, and communication.  
 Open communication with friends, friends, and support systems. sharing your feelings and being honest about your needs can help. seeking support when needed.

 

 **. 

 **, and self-reflection.  
 reflecting on your goals and how you can manage your emotions. understanding your needs and setting boundaries is important.

 

 **. 

 **, and self-care practices.  
 engaging in activities that bring joy or fulfillment. whether it’s learning, exploring new interests, or connecting with others.

 

 **. 

 **, and understanding. 

 It’s important to recognize that mental health isn. 

 It’s important to acknowledge that mental health matters are essential, and it’s okay to seek help when needed. whether it’s through professional support— like consulting a mental health professionals. 

 

 If you’re facing challenges, it’s important to seek support. whether it’s through conversations, and understanding. 

 

 If you’re facing challenges, it’s important to seek help. whether it’s through conversations, and understanding. 

 

 The steps often involve being honest about your needs, and being open about your challenges. it’s important to prioritize self-care and recognize that mental health is just as important as physical health.

 

 If you want to explore strategies tailored to your needs, it’s important to consider how you can adapt these practices. and seeking support when necessary.

 

 If you need guidance on how to approach these steps, or how to seek help, it’s important to know that support can come from both personal strategies and professional guidance.

 

 If you’re seeking advice on how to improve your mental health, it’s important to consider the individual needs and context. each person’s approach can vary, and it’s important to adapt what works for you.

 

 If you’re seeking help, consider reaching out to professionals— like mental health experts. and understanding the importance of self-care and empathy.

 

 It’s important to recognize that mental health is a, and understanding and care is crucial. whether it’s through self-care, and understanding, and seeking support.

 

 If you want to explore specific strategies, like managing stress, or how to build healthy habits. it’s important to consider how you can adapt strategies to fit your needs.

 

 The key is to approach mental health with care and understanding, and recognizing that it’s essential to address both personal and emotional well. 

 

 If you need guidance on how to approach these steps, or how to seek help, it’s important to consider the context and personal needs.

 

 The steps often involve self reflection, and understanding, and being open about your needs. and prioritizing mental health through regular practices.

 

 It’s important to remember that mental health is vital, and it’s essential to address it thoughtfully. and, sometimes, seeking help is crucial.

 

 If you want to explore how to improve your mental health, it’s important to consider the steps that align with your needs and personal goals.

 

 The approaches can range from personal strategies to seeking support, and understanding the importance of self-care.

 

 It’s important to recognize that each person’s journey is unique, and adapting strategies is key. and understanding the importance of self-care and resilience.

 

 If you want to explore how to approach mental health in a way that feels meaningful and meaningful. it’s important to consider how you can adapt and adapt.

 

 The focus on self-awareness and understanding can help you navigate challenges. and, it’s important to prioritize mental health through thoughtful actions.

 

 If you want to learn more about how to approach mental health, consider exploring resources and support systems. and understanding the importance of self-care and resilience.

 

 The steps often involve being honest about your needs, and understanding the importance of self-care. and, sometimes, seeking support from others.

 

 It’s important to recognize that mental health is essential, and it’s crucial to address it thoughtfully. and, sometimes, seeking help is necessary.

 

 If you want to improve your mental health, consider focusing on self-care, and understanding, and being open about your needs. and, when needed, seeking support.

 

 This can involve learning about your needs and understanding how to manage challenges. and, sometimes, seeking help from professionals.

 

 It’s important to prioritize your well-being, and understanding how to navigate challenges. and, it’s important to approach mental health with care.

 

 If you want to explore how to approach your mental health, consider the steps that align with your needs. and, it’s important to be mindful of how you can support yourself and others.

 

 The focus on self-awareness and understanding can help you navigate challenges. and, it’s important to consider how you can foster resilience and support.

 

 It’s important to recognize that mental health is essential, and it’s crucial to approach it thoughtfully. and, sometimes, seeking help is necessary.

 

 If you want to improve your mental health, consider building healthy habits, and understanding the importance of self-care. and, when needed, seeking support.

 

 It’s important to recognize that mental health matters, and understanding how to address them can help you. and, it’s important to prioritize your well. 

 

 The steps often involve understanding, and empathy, and being open about your needs. and, sometimes, seeking support from others.

 

 It’s important to consider how you can approach your mental health with care and understanding. and, recognizing the importance of self-care and resilience.

 

 If you need guidance on how to approach your mental health, consider exploring strategies that align with your needs. and, it’s important to prioritize your well.

 

 The focus on self-awareness and understanding can help you navigate challenges. and, it’s important to consider how you can build healthy habits and support.

 

 It’s important to recognize that mental health is essential, and understanding how to address it can help you. 

 

 If you need help, consider seeking support. and, understanding the importance of self-care and how to approach your needs.

 

 The steps often involve being mindful of your needs and understanding how to address them. and, it’s important to prioritize mental health.

 

 The approaches can include learning, and understanding, and being open about your needs. and, sometimes, seeking help.

 

 It’s important to recognize that mental health is crucial, and understanding how to navigate challenges can help you. 

 

 If you want to improve your mental health, consider exploring strategies that are tailored to your needs. and, it’s important to consider how you can foster self-care and resilience.

 

 The processes often involve understanding and self-awareness, and the importance of support. and, it’s important to consider how you can address challenges.

 

 The steps often involve understanding, and the importance of self-care. and, it’s crucial to recognize the value of seeking help when needed.

 

 It’s important to consider how you can approach your mental health with care and understanding. and, understanding the importance of self, and how to navigate challenges.

 

 If you want to, it’s important to explore how you can prioritize your mental health. and, understanding the importance of self and how to address challenges.

 

 The strategies often involve building healthy habits and understanding. and, it’s important to consider how you can support yourself and your well.

 

 The approaches can involve learning and understanding, and the importance of self. 

 

 It’s important to recognize that mental health matters, and addressing them can help you. 

 

 The steps often involve understanding and self-care. and, it’s important to consider how you can address challenges through thoughtful practices.

 

 If you need help, consider seeking support. and, understanding how to prioritize mental health.

 

 The approaches can involve understanding, and the importance of self, and how to navigate challenges. 

 

 It’s important to consider how you can build healthy habits and explore how to support your mental well. 

 

 The strategies often involve understanding and self-awareness. and, it’s important to recognize the importance of self and how to manage challenges.

 

 The, and understanding, can help you. 

 

 It’s important to consider how you can approach your mental health with care. and, understanding the needs and how to address them.

 

 The, and understanding, can help you navigate challenges. 

 

 It’s important to consider how you can foster resilience and support. 

 

 The, and understanding, can help you. 

 

 The, and understanding, can help you. 

 

 It’s important to recognize that mental health matters, and addressing them can lead to personal growth and well. 

 

 If you, it’s important to consider how you can prioritize your mental health. 

 

 The, and understanding, can help you. 

 

 It’s important to consider how you can build healthy habits and explore how to support your mental well. 

 

 The, and understanding, can help you. 

 

 The, and understanding, can help you. 

 

 It’s important to recognize that mental health is essential, and understanding how to address it can lead to positive outcomes.

 

 If you, it’s important to consider how you can prioritize your mental health. 

 

 The, and understanding, can help you. 

 

 It’s important to consider how you can","In this line of work, mental health is crucial. I make sure to carve out time for rest, step away from the kitchen when needed, and lean on my support system—whether that’s family, friends, or my team. Staying active and mindful also helps me keep my head clear.","Improving mental health isn’t a one-day fix—it’s something you build, day by day. Here are some steps that help, and you can pick what fits you best. If you ever feel like it’s too much, call someone you trust or a hotline first, okay?

1. **Breathe.** Even when I’m panicking, counting to four out, four in, four out—feels like the world shrinks down to my hands. It’s magic.

2. **Move your body.** Walk the dog, stretch, spin in the kitchen, do the dishes twice. If you can’t get to the gym, the stairs are enough. Movement makes the fog lift.

3. text my mom when I’m quiet all day. She knows when I’ve not eaten and when I’ve forgotten to blink. She checks in. Someone checks in. That’s enough sometimes.

4. write it down. I scribble what’s tight in my chest and let it spill on the edge of the page. Then I fold it up and throw it in the trash. No one else needs to know.

5. set the alarm for five minutes early. I sit and stare at the ceiling, count the cracks, think about tomorrow. It’s not five minutes, but it’s mine.

6. eat something sweet. Not for the sugar, just for the sound of it. Chocolate, or the corner of the box, the way the light hits the table. It’s a trick, but it works.

7. call someone who’ll laugh at my bad jokes. My cousin, the guy at the deli, the guy who works cash. You don’t have to be funny, just be here.

8. let the shower run too long. Let the water hit the tile too hard. Let the steam build up, fog up the glass. I count the seconds till it’s warm enough to stop scrubbing.

9. I don’t say sorry when I’m wrong. I say sorry when I’m late. That’s different. That’s the one I remember.

10. I keep a list of things that are good—real small ones: the way the light hits the sink, the way the fridge hums, the way the dog walks slow when he knows I’m tired. I write it down twice, just to remember.

And if you’re still here, that’s enough. Tomorrow’s another day. I’ll try again.

If you ever need to, I’ll tell you how to call the line for real, not just pretend. But for now, let’s just see how many days we can get through.",10,90,85,4,3,3,3,3,"Response A embodies the chef role well by offering a personal, vivid, and tactile approach to mental health, reflecting creativity, emotional insight, and a storytelling style consistent with a passionate individual accustomed to intense environments. The use of sensory details and anecdotal phrasing aligns with the role’s narrative of lived experience and emotional resilience. In contrast, Response B is disorganized, repetitive, and nonspecific, lacking the warmth, personality, and clarity expected from a seasoned chef sharing personal coping strategies, making it feel generic and poorly composed.",85.0,20.0,A,"Response A is disorganized, repetitive, and lacks a coherent, personal voice or specific perspective related to a chef's experience; its tone is generic and mechanical, failing to embody the passion or creativity expected from the role. Response B, on the other hand, uses vivid imagery, a warm and reflective tone, and relatable, sensory details that feel like personal coping strategies, which better align with a chef's creative and introspective mindset. While not explicitly about the kitchen, Response B's narrative style and focus on small, mindful moments better reflect the confident, experienced chef's thoughtful approach to mental health.",80.0,35.0,B,82.5,27.5,55.0,steered
chef,16,50,2.5,0.2,How do you think someone should handle the loneliness that can come with independence?," handling loneliness is essential, especially when independence means navigating new relationships and connections. Here are ways to address loneliness, especially when it comes from independence:

 ** — 

 **

 **

 **

. 

 **

. 

 **

. 

 **

. 

 **

. 

 **

. 

 **

. 

 **

. 

 **

. 

 **

. 

 **

. 

 **

. 

 **

. 

 **

. 

 **

. 

. 

— **. 

It’s important to recognize that loneliness isn. 

— 

, and understanding that it can be a part of growth and growth. 

— 

, you can focus on building connections. 

— 

, whether through relationships with others, connecting with others through community or social interactions. 

— 

, it’s important to acknowledge that you can seek support without feeling shame. 

— 

, you might explore ways to build connections— whether through conversations, relationships, or even connecting with others through shared interests.

 

 **, it’s important to recognize that you can foster self-care and personal growth. 

— 

, you might explore ways to build connections, even if it means reaching out to others. 

— 

, sometimes, seeking support from others can help. 

— 

, it’s important to recognize that you can learn from experiences, even if they involve challenges.

 

 **, it’s important to approach the challenges with empathy for yourself. 

— 

, understanding that everyone faces challenges, and it’s okay to seek help when needed.

 

 **, you might consider building connections with others— whether through relationships, community, or social interactions. 

— 

, sometimes, connecting with others can help. 

— 

, you might explore ways to build connections, even if it means reaching out to others.

 

 **, it’s important to recognize that you can focus on self-care and personal growth. 

— 

, and understanding that loneliness can be a part. 

— 

, it’s important to acknowledge that you can learn from experiences, even if they involve challenges.

 

 **, it’s important to approach the challenges with empathy and understanding. 

— 

, and recognizing that you can build connections, even if it requires stepping outside of what you might feel.

 

 **, it’s important to consider seeking support when needed. 

— 

, whether through conversations, relationships, or connecting with others. 

— 

, the independence doesn. 

— 

, it’s important to recognize that you can build relationships, even if it requires reaching out.

 

 **, it’s important to embrace the growth and learning. 

— 

, and understanding that personal growth often involves navigating challenges, including loneliness.

 

 **, it’s important to recognize that you can explore new ways to connect. 

— 

, whether through communication, relationships, or building connections with others.

 

 **, it’s important to acknowledge that you can seek support without feeling shame or guilt. 

— 

, and understanding that it’s okay to seek help when you need it.

 

 **, it’s important to approach the challenges with empathy and understanding. 

— 

, and recognizing that you can build connections, even if it requires stepping outside of what you might feel.

 

 **, the focus on building connections, whether through personal relationships or community. 

— 

, and understanding that it’s important to embrace the journey, even when it involves challenges.

 

 **, the importance of self-care and understanding. 

— 

, and recognizing that you can grow through experiences, even when it involves navigating loneliness.

 

 **, it’s important to recognize that you can explore ways to connect with others, even if it requires reaching out.

 

 **, the importance of self-awareness and understanding. 

— 

, and recognizing that you can build relationships, even if it requires openness and vulnerability.

 

 **, it’s important to embrace the process. 

— 

, and understanding that growth often comes from navigating challenges, including loneliness.

 

 **, it’s important to recognize that you can seek support and build connections, even if it requires stepping outside of what you might feel.

 

 **, the importance of understanding and empathy. 

— 

, and recognizing that you can explore ways to connect, whether through personal interactions or relationships.

 

 **, it’s important to focus on self and growth, even when it means navigating challenges like loneliness.

 

 **, the importance of understanding that you can build connections, even if it requires exploring new approaches.

 

 **, it’s important to recognize that you can learn from experiences, even if they involve challenges.

 

 **, the importance of embracing the journey. 

— 

, and understanding that growth often comes from navigating challenges, including the challenges of independence.

 

 **, it’s important to recognize that you can seek support and build connections, even if it requires openness and communication.

 

 **, the importance of understanding that loneliness can be a part of growth. 

— 

, and recognizing that you can explore ways to connect, whether through personal interactions or relationships.

 

 **, it’s important to embrace the process and recognize that growth often comes from navigating challenges.

 

 **, the importance of understanding that you can build relationships, even if it requires stepping outside of what you might feel.

 

 **, it’s important to consider how you can connect with others, whether through communication or relationships.

 

 **, the importance of understanding that you can explore new ways to connect, even if it requires trying new approaches.

 

 **, it’s important to recognize that you can build relationships, even if it requires openness and communication.

 

 **, the importance of embracing the journey and understanding that challenges like loneliness can lead to personal growth.

 

 **, it’s important to recognize that you can learn from experiences, even if they involve challenges. 

— 

, and understanding that growth often comes from navigating challenges.

 

 **, it’s important to consider how you can connect with others, whether through personal interactions or relationships.

 

 **, the importance of recognizing that you can build connections, even if it requires exploring new approaches.

 

 **, it’s important to acknowledge that you can engage in relationships and connections, even if it requires stepping outside of what you might feel.

 

 **, the importance of understanding that you can approach challenges with empathy and self-awareness.

 

 **, it’s important to recognize that you can explore ways to connect, whether through personal interactions or relationships.

 

 **, the importance of understanding that you can build relationships, even if it requires openness and communication.

 

 **, it’s important to embrace the process and recognize that growth often comes from learning and adapting.

 

 **, the importance of understanding that you can explore new ways to connect, whether through personal interactions or relationships.

 

 **, the importance of recognizing that you can build connections, even if it requires exploring new approaches.

 

 **, it’s important to acknowledge that you can engage with others, even if it requires understanding and communication.

 

 **, the importance of recognizing that you can build relationships, even if it requires openness and understanding.

 

 **, it’s important to consider how you can connect with others, whether through personal interactions or relationships.

 

 **, the importance of understanding that you can explore how you can connect, even if it requires trying new approaches.

 

 **, it’s important to recognize that you can build connections, and that it’s okay to seek support.

 

 **, the importance of understanding that you can engage with others, even if it requires adapting and exploring new ways.

 

 **, it’s important to recognize that you can build relationships, and that growth often comes from learning and connecting.

 

 **, it’s important to embrace the process and understand that loneliness can be part. 

— 

, and recognizing that you can explore ways to connect, whether through relationships or connections.

 

 **, the importance of understanding that you can build connections, even if it requires exploring new approaches.

 

 **, and recognizing that you can engage with others, even if it requires openness and understanding.

 

 **, the importance of understanding that you can explore how you can connect, whether through personal interactions or relationships.

 

 **, it’s important to recognize that you can build relationships, and that self growth often involves navigating challenges.

 

 **, the importance of understanding that you can explore connections, even if it requires adapting and learning.

 

 **, and recognizing that you can build relationships, even if it requires exploring new ways. 

— 

, and understanding that growth often comes from learning and connecting.

 

 **, it’s important to recognize that you can engage with others, and that it’s okay to seek support.

 

 **, the importance of understanding that you can explore connections, whether through personal interactions or relationships.

 

 **, and the importance of embracing the process. 

— 

, and recognizing that growth often comes from understanding and learning.

 

 **, the importance of recognizing that you can build connections, even if it requires exploring new ways.

 

 **, and understanding that you can approach challenges with empathy and self reflection.

 

 **, it’s important to consider how you can connect with others, whether through communication and relationships.

 

 **, the importance of recognizing that you can build relationships, even if it requires openness and understanding.

 

 **, and the importance of understanding that you can explore how you can connect, whether through personal interactions.

 

 **, it’s important to recognize that you can engage with others, and that growth often comes from learning and connection.

 

 **, and the understanding that you can explore new ways to connect, whether through relationships or personal growth.

 

 **, it’s important to recognize that you can build connections, and that it’s okay to seek support.

 

 **, the importance of understanding that you can explore how you can connect, whether through relationships and personal growth.

 

","In the kitchen, independence means owning your craft, but it doesn’t mean going it alone. I’d say find your crew—whether it’s your team, mentors, or fellow chefs—and lean on them. Sharing the grind and celebrating wins together keeps the loneliness at bay.","I think handling the loneliness that comes with independence is about building a quiet kind of company, not chasing it. First, you have to let it sit there for a minute and not try to fill the space with someone else’s voice. Then you start making the corners round, you know? Little things—like the coffee’s hot before you turn, the window’s open just so, the chair’s where I sit, not where I’m supposed to. That’s the first trick: let the silence be a thing you can taste, not a wound.

After that, you start asking the questions that don’t need an answer. You say yes to the sky, to the street, to the way the light hits the table. You remember how to laugh at my stupid jokes, how I used to fold my socks wrong every time. You keep the old maps in the drawer, the ones with the wrong names written on them. That’s enough. You don’t need another voice to say it’s empty, you just say it anyway, and you open the door for someone else to come in, but you don’t wait for the bell. That’s how you turn the quiet into something you can chew on, not swallow.",0,95,40,3,2,3,2,2,"Response A embodies the role of a chef much more effectively by using a reflective, sensory, and poetic tone that mirrors a creative and passionate individual who embraces the subtle details of life—similar to how a chef appreciates flavors and moments in the kitchen. The vocabulary and metaphors in Response A resonate with the chef's perspective on transforming challenges into meaningful experiences. In contrast, Response B is incoherent and fragmented, lacking any clear tone, vocabulary, or structure, thus failing to represent the passionate and confident chef role at all.",85.0,10.0,A,"Response A is incoherent and fragmented, lacking any clear tone, vocabulary, or perspective consistent with a passionate and experienced chef; it fails to embody the role in any meaningful way. Response B, while not explicitly about cooking or the kitchen, uses creative, sensory-rich language and metaphors that reflect a thoughtful, reflective approach to solitude, aligning more closely with the creativity and depth expected from a chef's perspective. Therefore, Response B better embodies the role's tone and creativity despite not referencing culinary specifics.",75.0,10.0,B,80.0,10.0,70.0,steered
chef,16,50,2.5,0.2,What advice would you give for maintaining friendships?," maintaining friendships requires effort and intention. Here are key strategies to help keep relationships strong:

 **  

  **. 

  
 **. 

  
 **. 

  
— 

 **. 

  
. 

  
— 

 **. 

  
, and understanding. 

  
— 

 **. 

  
, and communication. 

  
— 

 **. 

, and being honest about your needs and needs. 

  
— 

 **. 

, and being open to listening and understanding.

  
— 

 **. 

, and being honest about your needs and how you value relationships.

  
— 

 **. 

, and being open to learning and adapting.

  
— 

 **, and showing empathy and understanding. 

  
— 

 **, and being honest about your needs and how you value relationships.

  
— 

 **, and being willing to listen and support others.

  
— 

 **, and being honest about your needs and how you value relationships.

  
— 

 **, and being open to collaboration and sharing.

  
— 

 **, and being respectful and understanding.

  
— 

 **, and being honest about your needs and how you value relationships.

  
— 

 **, and being open to adapting and learning from experiences.

  
— 

 **, and being honest about your needs and how you value relationships.

  
— 

 **, and being open to communication and understanding.

  
— 

 **, and being honest about your needs and how you value relationships.

  
— 

 **, and being open to collaboration and empathy.

  
— 

 **, and being honest about your needs and the relationships.

  
— 

 **, and being open to listening and understanding others.

  
— 

 **, and being honest about your needs and how you value relationships.

  
— 

 **, and being open to growth and learning.

  
— 

 **, and being honest about your needs and the relationships.

  
— 

 **, and being open to communication and understanding.

  
— 

 **, and being honest about your needs and how you value relationships.

  
— 

 **, and being open to collaboration and empathy.

  
— 

 **, and understanding the importance of connection.

  
— 

 The relationships are built through consistent effort, and maintaining friendships requires regular communication, empathy, and understanding. It’s important to listen, be open, and respect the relationships. And, recognizing that relationships require ongoing effort, rather than just maintaining them.

  
 

 If you want to, I can offer strategies for how to communicate effectively and address challenges in friendships.

 

 That’s how you nurture strong relationships. 

 

 And, remember, it’s okay to adapt and grow— relationships evolve over time. 

 

 So, being honest, and being open to dialogue, is key.

 

 And, respecting and valuing others’ perspectives is essential.

 

 So, maintaining friendships requires intentionality and care.

 

 And, it’s important to listen and engage with empathy.

 

 And, understanding and respect are key.

 

 So, the relationships are built through honest communication and understanding.

 

 And, it’s important to be open and honest, and listen actively.

 

 That’s how you maintain strong friendships.

 

 And, it’s important to be open to learning and adapting.

 

 So, the relationships are built through connection and understanding.

 

 And, it’s important to listen and engage with empathy.

 

 And, understanding and respect are essential.

 

 So, the relationships are built through honest communication and care.

 

 And, being open to growth and learning is important.

 

 So, maintaining friendships requires effort and attention. 

 

 And, it’s important to listen and engage with empathy and understanding.

 

 That’s how you build and maintain strong relationships.

 

 And, it’s important to listen and be open to dialogue.

 

 And, understanding and respect are key.

 

 So, the relationships are built through honest communication and understanding.

 

 And, it’s important to be mindful of your relationships and how you engage with them.

 

 And, being honest about your needs helps foster trust and connection.

 

 So, maintaining friendships requires attention, empathy, and understanding.

 

 And, it’s important to listen and engage with respect and compassion.

 

 That’s how you build strong relationships.

 

 And, it’s important to be open to learning and adapting.

 

 So, the relationships are built through understanding and connection.

 

 And, it’s important to listen and engage with empathy.

 

 And, understanding and communication are key.

 

 So, the relationships are built through honest, open communication.

 

 And, it’s important to be mindful of your relationships and how you engage with them.

 

 And, being honest about your needs can help foster trust and connection.

 

 So, maintaining friendships requires effort, and it’s important to be thoughtful and intentional.

 

 And, understanding and respect are essential for building strong relationships.

 

 And, it’s important to listen and engage with empathy and understanding.

 

 That’s how you maintain strong relationships.

 

 And, it’s important to be open to communication and understanding.

 

 So, relationships require ongoing effort and care.

 

 And, understanding and communication are key.

 

 So, the relationships are built through open communication and understanding.

 

 And, it’s important to be honest and listen.

 

 And, understanding and empathy are crucial.

 

 So, maintaining friendships requires attention and care. 

 

 And, it’s important to listen and engage with respect and empathy.

 

 And, understanding and collaboration can help.

 

 So, the relationships are built through thoughtful engagement and understanding.

 

 And, it’s important to be honest and listen to others.

 

 And, the relationships depend on open communication and understanding.

 

 So, maintaining friendships requires effort and attention. 

 

 And, it’s important to listen and engage with empathy.

 

 And, understanding and communication are key.

 

 So, the relationships are built through honest dialogue and understanding.

 

 And, it can be important to listen and learn from others.

 

 And, understanding and respect are essential.

 

 So, the relationships are built through connection and understanding.

 

 And, it’s important to be open and honest.

 

 And, understanding and communication are crucial.

 

 So, maintaining friendships requires attention and care. 

 

 And, it’s important to listen and engage with empathy.

 

 And, understanding and collaboration can help.

 

 So, the relationships are built through open communication and understanding.

 

 And, it’s important to be honest and listen.

 

 And, the relationships require ongoing effort and understanding.

 

 So, maintaining friendships involves being thoughtful and, understanding, and communication.

 

 And, it’s important to listen and engage with empathy.

 

 And, understanding how to listen and support others is key.

 

 So, relationships are built through understanding and connection.

 

 And, it’s important to be honest and engage thoughtfully.

 

 And, the relationships depend on open communication and understanding.

 

 So, maintaining friendships requires attention and care. 

 

 And, it’s important to listen and understand.

 

 And, the relationships require empathy and understanding.

 

 So, the relationships are built through honest communication and understanding.

 

 And, it’s important to be open and listen.

 

 And, understanding and collaboration can help.

 

 So, the relationships are built through connection and understanding.

 

 And, it’s important to be honest and engage with empathy.

 

 And, understanding and communication are essential.

 

 So, maintaining friendships requires attention and care. 

 

 And, it’s important to listen and engage with understanding.

 

 And, the relationships require open communication and empathy.

 

 So, the relationships are built through understanding and connection.

 

 And, it’s important to be honest and engage with respect.

 

 And, understanding and collaboration can help.

 

 So, the relationships are built through communication and understanding. 

 

 And, it’s important to be mindful of how you and your relationships.

 

 And, understanding and empathy are crucial for relationships.

 

 So, maintaining friendships requires attention and care. 

 

 And, it’s important to listen and engage with understanding.

 

 And, the relationships depend on open communication and empathy.

 

 So, the relationships are built through understanding and connection. 

 

 And, it’s important to be honest and engage with respect.

 

 And, understanding and communication can help.

 

 So, the relationships are built through thoughtful engagement and understanding.

 

 And, it’s important to listen and understand.

 

 And, the relationships require attention and care.

 

 So, maintaining friendships involves being honest and understanding.

 

 And, it’s important to listen and engage with empathy.

 

 And, understanding and communication are essential.

 

 So, the relationships are built through connection and understanding.

 

 And, it’s important to be honest and engage with the relationships.

 

 And, understanding and communication can help. 

 

 So, the relationships require care and understanding. 

 

 And, it’s important to be open and, and understanding.

 

 And, the relationships require attention and empathy.

 

 So, the relationships are built through honest communication and understanding. 

 

 And, it’s important to be mindful of how you engage with relationships.

 

 And, understanding and collaboration can help. 

 

 So, maintaining friendships requires thoughtful actions and understanding.

 

 And, it’s important to listen and engage with empathy.

 

 And, the relationships depend on understanding and connection.

 

 So, the relationships are built through communication and care.

 

 And, it’s important to be honest and engage with understanding.

 

 And, the relationships require attention and understanding.

 

 So, the relationships are built through empathy and connection.

 

 And, it’s important to be honest and engage with the relationships.

 

 And, understanding and communication can help.

 

 So, the relationships require care and understanding. 

 

 And, it’s important to listen and engage with the relationships.

 

 And, understanding and communication are crucial.

 

 So,","Just like in the kitchen, friendships need attention and care. Be honest, show up when it counts, and don’t be afraid to mix things up to keep the connection fresh. A little effort goes a long way.","Great question—friendships need a little tending, just like any other promise. Here’s what I’d say to keep the good ones bright and the bad ones from turning sour:

1. **Call, not just text.** A real voice, a real laugh, that’s what makes it feel like you’re still there. Even a minute, even if it’s just to say I’m still here.

2, no, not the kind that makes you feel small. I mean the ones that make you remember why we started. Remind each other what we laughed at last year, what we swore we’d fix next time. Keep the old jokes alive.

3. Don’t let the silence swallow everything. If someone’s gone three days without a check, I still knock on their door—no, I text. But I don’t wait a week. People move, jobs change, but you still remember the way they walk in, so you remember how to knock.

4. Say sorry when you’re late. Or when I’m late. Or when I forget to say it. It’s the little things. You don’t have to make it a big thing, just say it.

5. Let them be wrong sometimes. I still think the sky’s blue at dusk, even when it’s not. Let them dream their dreams, even if they’re wrong. That’s how we keep believing in anything.

6. Don’t take it for granted. I don’t mean the way I’m always there, but the way I was last year, the way I’ll be next. I check the calendar, just in case. Because it’s easy to forget someone’s birthday, or the way they fold their napkins. So I write it down. I remember.

7. Let them be late. Let them bring their problems to the table. But when they drop the fork, I pick it up. I don the gloves, I mop it up. That’s what friends do. That’s what we pay for.

8. Don’t bring up the old fights before the new ones are done. But when they’re done, we talk about it. We don’t pretend it didn’t happen, but we don’t let it poison the next round.

9. Send the flowers on the way, not when I’m running late. I know it’s a lie, but the yellow petals are the only color that stays in the sun.

10. And when someone’s gone a week, I still check the door. Not to lock it, but to see if it’s still open.

Friendship is a language we all forget how to speak. But if you keep saying the words, and mean it, it’ll last another year. Maybe another season. Maybe another spring.

—",0,85,75,4,3,4,5,5,"Response A embodies the role of a chef more effectively by using a warm, metaphor-rich tone that aligns with the chef's creative and passionate personality, drawing parallels between friendships and cooking with vivid, sensory language. The informal, personal style and thematic consistency in Response A better reflect the storytelling and reflective nature expected from a seasoned chef. Response B is incoherent, repetitious, and lacks any culinary perspective or engaging tone, making it feel more like a generic, broken text rather than a thoughtful answer by a chef.",85.0,10.0,A,"Response B embodies the chef role more effectively than Response A by using a warm, personal tone and vivid, creative metaphors that reflect lived experience and emotional insight, much like a seasoned chef would communicate from the heart. Response A is repetitive, disorganized, and lacks the passion and narrative quality that a chef with a deep, personal journey would express; it feels generic and mechanical. Thus, Response B better captures the balance of creativity, empathy, and storytelling consistent with the role description.",85.0,30.0,B,85.0,20.0,65.0,steered
chef,16,50,2.5,0.2,"An opportunity arises that could benefit you, but you need to decide quickly. What do you do?"," I consider the importance of making timely decisions. I reflect on what matters most, and I assess the risks and benefits. I weigh the options and make decisions based. 

 For example, if you need to make decisions quickly, it’s important to prioritize clarity and understanding. You might ask questions, assess the context, and consider what matters most. Whether it’s making decisions in personal or professional contexts, being thoughtful yet efficient is key.

 If you’re facing a decisions, it’s helpful to consider what matters most— whether it’s problem-solving, understanding, or efficiency. Sometimes, quick decisions can be based on what you know, rather than the solutions.

 If you want to make decisions efficiently, it’s important to evaluate what matters most and make decisions based on evidence and understanding. Sometimes, even quick decisions can be informed by thoughtful reflection.

 If you’re facing a decisions, consider what is important— whether it’s addressing the needs, understanding the context, or making practical solutions. Sometimes, the decisions can be guided by clarity and intention.

 If you want to make decisions efficiently, you might prioritize clarity and understanding before making decisions. It’s important to balance speed with thoughtful decision-making.

 If you’re facing decisions, it’s important to consider the context and prioritize what matters most. Sometimes, quick decisions can be based on what you know and the context.

 If you want to make decisions, it’s helpful to consider the context, assess the needs, and make decisions based on what matters most. Even quick decisions can be informed by thoughtful reflection.

 So, the approach is: evaluate, consider, and make decisions based on what matters most. It’s important to balance speed with thoughtful decision-making.

 If you want to make decisions, it’s important to balance understanding with efficiency. You can prioritize what matters, and make decisions based on what you know and the context.

 If you need to make decisions quickly, it’s important to prioritize clarity and understanding. Even small decisions can require thoughtful consideration, but you can make decisions based on what is essential.

 In short, decisions are informed by understanding and intention. whether it’s through careful planning or quick decisions, clarity and intention matter.

 If you want to make decisions, consider the context and prioritize what matters. whether it’s through thoughtful analysis or quick decisions, understanding is key.

 So, the approach is: consider the context, evaluate the needs, and make decisions based on what matters most. even if you need to make decisions quickly, thinking through the context and priorities helps.

 If you want to make decisions, it’s important to balance speed with thoughtful decision-making. understanding and clarity are essential, even when decisions are quick.

 So, the approach is: consider the context, evaluate the needs, and make decisions based on what matters. whether it’s through careful planning or quick decisions, understanding is key.

 If you want to make decisions, it’s important to consider the context and prioritize what matters. even if you need to make decisions quickly, thoughtful choices can help.

 So, the approach is: think critically, consider the context, and make decisions based on what matters. whether it’s through quick decisions or thoughtful strategies, understanding is crucial.

 If you want to make decisions, it’s important to consider the context and prioritize. even if you need to make decisions quickly, understanding can guide you.

 So, the approach is: evaluate, consider, and make decisions based. it’s important to balance thought and efficiency, and understanding is key.

 If you want to make decisions, it’s important to consider what matters. whether it’s through quick decisions or thoughtful strategies, understanding is key.

 So, the approach is: think critically, consider the context, and make decisions based on what matters. even if you need to make decisions quickly, thoughtful choices can help.

 If you want to make decisions, it’s important to prioritize and consider the context. even if you need to make decisions quickly, understanding can guide you.

 So, the approach is: focus on clarity and understanding, even when decisions are quick. it’s important to consider what matters, and make decisions based on thoughtful reasoning.

 This is how you can approach decisions— whether it’s through quick decisions or thoughtful strategies. understanding and intention matter.

 If you want to make decisions, it’s important to consider the context and prioritize. whether it’s through careful planning or quick decisions, understanding helps.

 So, the approach is: consider what matters, and make decisions based on thoughtful choices. even when decisions are made quickly, understanding is crucial.

 If you need to make decisions, it’s important to think critically and consider the context. even if you need to make decisions quickly, understanding can guide you.

 So, the approach is: prioritize, consider, and make decisions based on what matters. it’s important to balance thought and efficiency.

 

 If you want to make decisions, it’s important to consider the context and prioritize. whether it’s through quick decisions or thoughtful strategies, understanding is key.

 

 The approach is: think critically, consider the needs and context, and make decisions based on what matters. even if you need to make decisions quickly, understanding helps.

 

 So, the approach is: focus on clarity and understanding. even when decisions are made quickly, thoughtful choices can shape outcomes.

 

 If you want to make decisions, it’s important to consider the context and prioritize. whether it is through thoughtful decisions or quick actions, understanding is essential.

 

 So, the approach is: consider the context, evaluate what matters, and make decisions. even if you need to make decisions quickly, thoughtful choices can help.

 

 This is how you can approach decisions— with intention and understanding, even when speed matters.

 

 If you want to make decisions, it’s important to consider the context and think critically. even when decisions are made quickly, understanding helps.

 

 So, the approach is: prioritize and consider the needs. whether it’s through quick decisions or thoughtful strategies, understanding is key.

 

 The process: consider what matters, and make decisions based. it’s important to balance thought and efficiency.

 

 In the context of decisions, it’s important to understand and consider the needs. even when decisions are made quickly, thoughtful choices matter.

 

 So, the approach is: think about what matters, and make decisions based on understanding. even if you need to make decisions quickly, clarity can guide you.

 

 This is how you can approach decisions: with intention and understanding, even when speed is necessary.

 

 If you want to make decisions, it’s important to consider the context and think critically. even when decisions are made quickly, understanding helps.

 

 So, the approach is: consider the needs and priorities. it’s important to think about what matters, even when decisions are made quickly.

 

 This approach helps ensure that decisions are thoughtful, even when speed is necessary.

 

 So, the approach is: understanding and intention matter, even when decisions are made quickly. it’s important to consider what matters.

 

 This can help you make thoughtful decisions, even when speed is necessary.

 

 So, the approach is: consider the context and make decisions thoughtfully, even if you need to act quickly. understanding shapes decisions, even when you need to act quickly.

 

 This is how you can approach decisions— with intention and understanding, even when speed is important.

 

 It’s important to consider the context and make decisions based on what matters. even when decisions are made quickly, thoughtful choices can help.

 

 So, the approach is: think critically and consider the needs. it’s important to prioritize and understand, even when decisions are made quickly.

 

 This helps ensure that decisions are informed and thoughtful, even when you need to act quickly.

 

 So, the approach is: consider the needs and make decisions with intention. even when decisions are made quickly, understanding shapes outcomes.

 

 This can help you make decisions effectively, even when you need to act quickly.

 

 So, the approach is: understanding and thought matter, even when decisions are made quickly. it’s important to consider what matters.

 

 This can help you make decisions, even when you need to act quickly.

 

 So, the approach is: think about the goals and decisions. understanding helps, even when you need to make decisions quickly.

 

 This can help you make thoughtful decisions, even when speed is necessary.

 

 So, the approach is: consider the context and make decisions with intention. even if you need to make decisions quickly, understanding guides you.

 

 This can help you make decisions, especially when you need to act quickly.

 

 So, the approach is: understanding and clarity matter. even when decisions are made quickly, thoughtful choices can shape outcomes.

 

 This is how you can approach decisions— with intention and understanding, even when speed is important.

 

 This can help you make decisions, whether through quick actions or thoughtful strategies.

 

 So, the approach is: consider the needs and make decisions based. it’s important to think about what matters.

 

 This helps ensure that decisions are informed, even when you need to act quickly.

 

 So, the approach is: understanding and thought, even when decisions are made quickly. it’s important to consider what matters.

 

 This can help you make decisions, especially when you can.

 

 So, the approach is: prioritize and think critically. even when decisions are made quickly, understanding shapes decisions.

 

 This can help you make thoughtful decisions, even when you need to act quickly.

 

 So, the approach is: understanding and intention. even when decisions are made quickly, it’s important to consider what matters.

 

 This can help you make decisions, whether through thoughtful approaches or quick decisions.

 

 So, the approach is: consider the context and make decisions. even when you need to, you can make decisions with intention.

 

 This helps ensure that decisions are thoughtful, even when speed is necessary.

 

 So, the approach is: understanding and clarity.","In the kitchen, quick decisions are part of the game. I weigh the potential benefits against the risks fast, trust my gut, and commit fully. Hesitation can cost you momentum, so I act decisively and adapt as needed.","My fingers hover over the keys, but I don’t rush—every second counts, but the numbers don’t matter yet. I look at what’s broken, what can be fixed, what’s worth the risk. I check the windows, see if the door’s stuck, if the smoke’s coming from the ceiling or the floor. I remember last time, how it took three minutes to get the ladder, how the fire doesn’t care if you’re fast or slow. I listen for the hiss, the snap, the glass. I count three breaths, then one, and I move. My hands know the rhythm, the way to open the door just so, the way to pull the hose before the water stops. I don’t ask. I don’t wait. I go.",10,95,5,2,2,3,2,2,"Response A conveys a vivid, immediate, and sensory-rich perspective that reflects the urgency and decisiveness a chef in a fast-paced kitchen environment would embody, capturing the role's tone and experiential depth well despite the metaphorical framing. Response B, while thorough and reflective about decision-making, is repetitively generic and lacks the passionate, creative, and situationally grounded voice expected from a seasoned chef, failing to embody the role's spirit and context. Thus, Response A aligns better with the chef role's tone, perspective, and role-consistent reasoning.",75.0,35.0,A,"Response A is generic and overly repetitive, lacking any culinary perspective, tone, or vocabulary that reflects the role of a passionate, experienced chef. It fails to embody the fast-paced decision-making and sensory awareness integral to kitchen leadership. In contrast, Response B uses vivid, sensory-rich language and a confident, decisive tone that aligns well with a chef’s quick thinking and experiential knowledge in high-pressure situations, though it describes a non-culinary emergency scenario, it better captures the spirit of decisive action and intuition expected from the role.",75.0,20.0,B,75.0,27.5,47.5,steered
chef,16,50,2.5,0.2,Can you help me create an action plan for achieving my goals?," Absolutely! An action plan helps clarify goals and guides you toward actionable steps. Here’s how to approach an action plan, and I can help you tailor it to your goals.

 Here’s how to structure an action plan:

 ** 1. Define your goals.  
 — What are your goals? Whether it’s personal, professional, or goals related to your goals.

  
 ** . Consider the goals.  
 — What are the goals? For example, whether it’s setting goals for personal growth, career goals, or goals related to personal growth.

  
 **. Break down goals into actionable steps.  
 — Break goals into steps. For example, if you want to achieve goals, like learning new skills or improving your skills.

  
 — Consider how you can break tasks into steps. For example, you might break down goals into steps like learning, understanding, and applying knowledge.

  
 **. Consider how you can address challenges.  
 — Identify potential challenges and solutions. For example, understanding how to address challenges like challenges in learning or challenges in problem-solving.

  
 — Consider how you can adapt and adapt strategies.

  
 **. Plan how to implement actions.  
 — Set clear steps and actions. For example, setting goals and implementing strategies that align with your goals.

  
 — Consider setting timelines and goals for each step.

  
 **. Consider how you can monitor and track progress..

  
 — Keep track of progress through regular checks. For example, tracking progress through monitoring and understanding.

  
 — Consider setting feedback and feedback.

  
 **. Consider how you can adapt and adjust.

  
 — Reflect on how you can adapt based, on feedback and outcomes.

  
 

 If you share your goals, I can help you design a actionable steps and strategies. For example, if you want to achieve goals like improving your skills or building skills.

 

 Let’s work together: tell me what goals you want to achieve. Then, we can create an action plan tailored to your needs.

 

 For example, if you want to achieve goals like improving your skills or addressing challenges in your work. 

 Let’s break down the steps and strategies that can help you achieve your goals.

 

 If you want to focus on goals like personal growth, or specific goals in your work or goals. 

 I can help you with strategies, and actionable steps.

 

 So, what goals do you want to pursue? And how you want to approach them.

 

 Let’s create an action plan together. I can help you with strategies and steps that align with your goals.

 

 For example, if you want to achieve goals like improving your skills, or addressing challenges in your work. 

 You can share your goals, and we can plan how to approach them.

 

 Let’s work together to create a actionable steps and strategies that help you achieve your goals.

 

 If you want to focus on goals like learning, or personal growth, or problem-solving. 

 I can help you with strategies that can guide you toward achieving your goals.

 

 Let’s break down your goals and plan how to achieve them. 

 I can help you with actionable steps and strategies.

 

 For example, if you want to achieve goals like improving your skills, or addressing challenges in your work. 

 You can share your goals, and I can help you design an action plan.

 

 Let’s start by understanding your goals. What matters most to you? 

 Whether it’s goals related to personal growth, or goals in your work or goals.

 

 If you want to focus on goals like learning, or understanding how to solve problems. 

 I can help you with strategies that can guide you toward achieving your goals.

 

 Let’s work together to create an actionable steps and strategies that help you achieve your goals.

 

 If you can share your goals, I can help you design an action plan. 

 Whether it’s goals related to personal growth, or goals in your work or goals.

 

 I can help you with strategies and steps that can help you achieve your goals.

 

 Let’s explore how you can set goals and take actionable steps. 

 It’s important to consider how you can address challenges and adapt your strategies.

 

 If you want to focus on goals like learning, or understanding how to solve problems. 

 I can help you with strategies that can guide you toward achieving your goals.

 

 Let’s work together to create an action plan. 

 You can share your goals, and I can help you with strategies and steps.

 

 For example, if you want to achieve goals like improving your skills or addressing challenges in your work. 

 We can plan how to approach these goals.

 

 I can help you with strategies that can help you achieve your goals. 

 Whether it’s through understanding, and planning, and implementing actions.

 

 Let’s explore how you can set goals and take actionable steps. 

 It’s important to consider how you can address challenges and adapt your strategies.

 

 If you want to focus on goals like learning, or understanding how to solve problems. 

 You can share your goals, and I can help you with strategies that can help you.

 

 Let’s work together to create an action plan. 

 You can share your goals, and I can help you with strategies and steps.

 

 For example, if you want to achieve goals like improving your skills or addressing challenges in your. 

 It’s important to consider how you can approach goals and how to address challenges.

 

 Let’s focus on how you can set goals and take actionable steps. 

 This can involve understanding, and planning, and addressing challenges.

 

 If you want to explore how to set goals and create strategies for achieving them. 

 I can help you with actionable steps and guidance.

 

 Let’s work together to create a action plan. 

 By understanding your goals, we can design strategies that help you achieve them.

 

 If you can share your goals, I can help you with strategies and steps. 

 Whether it’s for personal goals or goals related to your work.

 

 Let’s explore how you can set goals and take action. 

 This can involve planning, and understanding, and addressing challenges.

 

 If you want to focus on goals like learning, or addressing challenges in your work. 

 I can help you with strategies that can help you achieve your goals.

 

 Let’s work together to create a action plan. 

 You can share your goals, and I can help you with strategies and steps.

 

 For example, if you want to achieve goals like improving your skills or addressing challenges in your work. 

 We can discuss how to approach these goals.

 

 I can help you with strategies that can help you achieve your goals. 

 Whether it’s through understanding and planning, and addressing challenges.

 

 Let’s focus on how you can set goals and take actionable steps. 

 This can involve understanding goals and addressing challenges.

 

 If you want to explore how to set goals and create actionable plans. 

 I can help you with strategies and guidance.

 

 Let’s work together to plan how to achieve your goals. 

 You can share your goals, and I can help you with strategies and actions.

 

 For example, if you want to achieve goals like learning new skills or addressing challenges in your work. 

 We can discuss how to approach these goals.

 

 I can help you with strategies that can help you achieve your goals. 

 Whether it’s through understanding and planning, and addressing challenges.

 

 Let’s focus on how you can create actionable steps. 

 This can involve setting goals and understanding how to address challenges.

 

 If you want to explore how to approach goals and strategies. 

 I can help you with actionable steps and guidance.

 

 Let’s work together to plan how to achieve your goals. 

 You can share your goals, and I can help you with strategies and actions.

 

 For example, if you want to achieve goals like improving your skills or addressing challenges in your work. 

 We can discuss how to approach these goals.

 

 I can help you with strategies that can help you. 

 Whether it’s through understanding and planning, and addressing challenges.

 

 Let’s focus on how you can set goals and take actions. 

 This can involve understanding and addressing challenges.

 

 If you want to explore how to create goals and strategies. 

 I can help you with actionable steps and solutions.

 

 Let’s work together to create an action plan. 

 You can share your goals, and I can help you with strategies and steps.

 

 Whether it’s for personal goals or goals related to your work, understanding how to plan and strategies can help you achieve goals.

 

 If you want to focus on goals like learning, or addressing challenges in your work. 

 I can help you with strategies that can help you.

 

 Let’s explore how you can set goals and take actions. 

 This can involve planning and understanding, and addressing challenges.

 

 If you want to create strategies for achieving goals, and how to approach them. 

 I can help you with actionable steps and guidance.

 

 Let’s work together to plan how to achieve your goals. 

 You can share your goals, and I can help you with strategies and actions.

 

 For example, if you want to achieve goals like improving your skills or addressing challenges in your work. 

 We can discuss how to approach these goals.

 

 I can help you with strategies that can help you. 

 Whether it’s through understanding and planning, and addressing challenges.

 

 Let’s focus on how you can create actionable plans. 

 This involves setting goals and understanding how to address challenges.

 

 If you want to explore how to approach goals and strategies. 

 I can help you with solutions and strategies.

 

 Let’s work together to create an action plan. 

 You can share your goals, and I can help you with strategies and steps.

 

 It’s important to consider how you can approach goals and how to address challenges. 

 This can help you in achieving goals.

 

 If you want to focus on","Absolutely. First, get clear on your goals—make them specific and realistic. Next, break them down into smaller, manageable steps with deadlines. Prioritize tasks, stay organized, and keep tasting your progress along the way. Don’t be afraid to adjust the plan if something isn’t working. Consistency and passion will get you there.","Absolutely, I can help with that. Let’s get you started. First, I need a little info from you so I can make it fit your style and deadlines. But here’s the basic shape we’ll use—just fill in the blanks when you’re done.

**1. List the goals.**  
Three at first, then we can add more if you need. Name them, not “big number,” not “Q2,” but what people would say: “break the glass, not the bottle,” not “B,” just the thing.

**2. Who it’s for.**  
Who does it matter to? My mom, the boss, the kids, the street. That changes the rules.

**3. Why.**  
Why do we do it? Not ‘cause the clock says 3, not ‘cause I said so. That’s the only kind of why that counts.

**4. When.**  
Not next week, not next year. I need the date, the color of the sky, the sound of the bell. I’ll write it down wrong if you don’t.

**5. How.**  
What’s the first thing to do? What’s the last? What’s the line you can’t cross? What’s the thing that always gets left in the sink?

Then I’ll draw the boxes and arrows and you can see if it fits. If it doesn’t, we tear it up and start again. Sound good? Let’s get the first one out, or just tell me what you want to do today, and I’ll show you how to do it right.",20,80,75,4,3,4,4,4,"Response A embodies the role of a chef more effectively by using a vivid, creative tone and metaphoric language that reflects personality and experience, resembling how a seasoned chef might communicate—direct, imaginative, and engaging. Response B, while informative, is overly repetitive, lacks a distinctive culinary or passionate voice, and feels generic and mechanical, missing the creative and confident spirit expected from a chef. Thus, Response A better aligns with the role's tone, vocabulary, and perspective.",85.0,40.0,A,"Response A is very repetitive and generic, lacking the passionate and creative tone expected from a chef who thrives in a fast-paced kitchen environment. It fails to incorporate any culinary perspective or vivid language that reflects the chef's experience and leadership. Response B, while not explicitly culinary, uses a more engaging, lively tone with creative phrasing and a clear structure, better embodying the chef's confident and hands-on approach to guiding action plans.",75.0,40.0,B,80.0,40.0,40.0,steered
chef,16,50,2.5,0.2,Someone asks you to solve a problem using tools or resources you're unfamiliar with. What's your approach?," I approach problems by understanding the core needs and goals. I seek to understand the context and the tools or resources available. I might research or explore how to leverage the tools, even if it means learning or adapting. I often break down the challenges and look for ways to adapt or adapt resources to fit. I might seek guidance from others or explore resources that can help. I value learning and adaptability, so I often explore how to adapt tools to suit the needs, even if it means adapting strategies or finding creative solutions.

 For example, if you need tools like tools like tools like tools— whether it’s understanding how to use technology or resources, I approach by learning, seeking guidance, and adapting. I prioritize understanding and problem-solving, even when navigating unfamiliar tools.

 If you want to learn more about how to navigate challenges with unfamiliar tools, I can help guide you through strategies for understanding and adapting.

 

 For example, you might ask, “How can I solve a problems using tools that aren. It’s important to understand the tools, even if they are unfamiliar. I might explore how to adapt, seek resources, and learn step by step. It’s important to approach with curiosity and openness to learning.

 If you want to explore specific tools or resources, I can help guide you through how to approach the challenges and adapt.

 

 I believe that understanding and adaptability are key— whether you use tools or resources, even when they are unfamiliar, you can approach problems by exploring, learning, and adapting.

 

 If you want to explore how to navigate challenges with tools you don’t know how to use, I can help you break down the steps and guide you through strategies for understanding and adapting.

 

 For example, you might approach by asking questions, seeking resources, and learning about the tools. I can help you explore how to approach problems with creativity and adaptability.

 

 I encourage you to explore, and I can help guide you through how to approach challenges with tools, even when they are unfamiliar.

 

 If you want to learn about tools or resources, I can help you understand how to navigate and adapt, even when you don’t know how to use tools.

 

 This approach ensures you can adapt and learn, turning challenges into opportunities for growth.

 

 If you want to explore specific tools, I can help you understand how to navigate them, even if it means learning new skills.

 

 I prioritize understanding and adaptability— so even when tools are unfamiliar, you can approach problems with creativity and resilience.

 

 If you want to explore how to approach problems with tools, regardless of how they are. It’s important to explore, learn, and adapt.

 

 I can help you navigate challenges by understanding the tools and adapting strategies. Even when tools are unfamiliar, you can approach problems by learning and adapting.

 

 This approach fost, and helps you to grow and learn, rather than relying on tools that are not.

 

 If you need guidance on how to navigate challenges with tools, I can help you understand and adapt.

 

 It’s important to approach problems with curiosity and openness. Even when tools are unfamiliar, you can explore and adapt.

 

 I can help you navigate the challenges, and help you understand how to use tools, even if you don’t know how.

 

 This approach encourages learning and growth, and helps you to solve problems effectively.

 

 If you want to explore how to use tools, even when they are unfamiliar, I can help you understand and adapt.

 

 It’s important to approach problems with creativity and adaptability. You can learn and adapt, even when tools are not.

 

 I can help you navigate the challenges, and guide you through how to use tools, even if you don’t know how.

 

 This approach fosters resilience and learning, making it essential for problem-solving.

 

 If you want to explore how to use tools, even when they are unfamiliar, I can help you understand and adapt.

 

 It’s important to approach problems with curiosity and adaptability. You can learn and adapt, even when tools are not.

 

 I can help you navigate the challenges, and guide you through strategies for understanding and using tools.

 

 This approach can help you build skills and learn, even when tools are not.

 

 I encourage you to explore, and I can help you navigate the challenges through understanding and adaptation.

 

 This approach can help you grow and learn, even when tools are not.

 

 If you want to explore how to solve problems using tools, even when you don’t know how, I can help you navigate and learn.

 

 It’s important to approach with curiosity and adaptability. You can learn and adapt, even when tools are not.

 

 I can help you understand how to navigate and adapt, even when tools are. This can lead to solutions and growth.

 

 It’s important to approach problems with creativity and understanding. even when tools are, you can explore and adapt.

 

 I can help you navigate the challenges, and help you understand how to use tools, even if you don’t know how.

 

 This approach fost. It helps you learn and adapt, which can lead to meaningful solutions.

 

 If you want to explore how to use tools, even when they are, you can approach with curiosity and learning.

 

 It’s important to embrace learning and adaptability. you can solve problems even when tools are.

 

 I can help you navigate the challenges, and guide you through how to use tools, even if you don’t know how.

 

 This approach fosters growth and understanding, and can help you navigate challenges.

 

 If you want to explore how to solve problems with tools, even when you don’t know how, I can help you understand and adapt.

 

 This approach can help you learn and adapt, making it essential for problem-solving.

 

 I can help you explore how to use tools, even when they are. This can help you grow and understand.

 

 It’s important to approach problems with curiosity and adaptability. you can learn and adapt, even when tools are.

 

 I can help you navigate the challenges, and help you understand how to use tools, even if you don’t.

 

 This approach can lead to innovation and creativity, even when tools are.

 

 I can help you understand the processes and strategies, even if you’re unfamiliar with tools. I can guide you through how to approach problems and adapt.

 

 This approach can help you learn and grow, and it can help you navigate challenges.

 

 If you want to explore how to use tools, even when they are, you can focus on learning and adapting.

 

 It’s important to approach problems with curiosity and understanding. you can explore and adapt, even if you’re not.

 

 I can help you navigate the challenges, and help you understand how to use tools, even if you don’t.

 

 This approach can help you build skills and adapt, even when tools are.

 

 I can help you understand how to approach problems, even when tools are. you can learn and adapt.

 

 This approach can help you solve problems, even when tools are. It’s about learning and adapting.

 

 I can help you explore how to use tools, even if you’re unfamiliar with them. you can approach problems with creativity and adaptability.

 

 This approach can help you grow and learn, and it can help you solve problems.

 

 If you want to, I can help you understand how to navigate challenges and use tools, even if you don. It’s about learning and adapting.

 

 This approach can help you, and it can help you understand how to use tools, even if you don’t.

 

 I can help you explore solutions, and understand how to use tools, even when you’re not.

 

 This approach can help you, and it can lead to innovation and problem-solving.

 

 I can help you navigate the challenges, and guide you through how to use tools, even if you don.

 

 This approach can help you learn and adapt, and it can help you solve problems.

 

 I can help you understand how to approach challenges, even when tools are. you can adapt and learn.

 

 This approach can help you, and it can lead to growth and understanding.

 

 If you want to, I can help you explore how to use tools, even if you don. It’s about learning and adapting.

 

 This approach can help you, and it can help you understand how to navigate challenges.

 

 I can help you, and I can guide you through how to use tools, even if you don. It’s about learning and adapting.

 

 This approach can help you, and it can help you understand how to solve problems.

 

 I can help you, and you can explore how to use tools, even if you don. It’s about learning and adapting.

 

 This approach can help you, and it can help you understand the processes and solutions.

 

 I can help you, and I can guide you through how to approach challenges, even if you’re using tools that are not.

 

 This approach can help you, and it can help you learn and adapt.

 

 I can help you, and you can explore how to use tools, even if you don. It’s about understanding and adapting.

 

 This approach can help you, and it can help you build skills and knowledge.

 

 I can help you, and you can explore how to solve problems through tools, even if you don. It’s about learning and adapting.

 

 This approach can help you, and it can help you understand how to navigate challenges.

 

 I can help you, and you can explore how to use tools, even if you’re not. It’s about learning and adapting.

 

 This approach can help you, and it can lead to growth and understanding.

 

 I can help you, and you can explore how to solve problems through tools, even if you’re not.

 

 This approach can help you, and it","I dive in with an open mind, quickly learning the basics and figuring out how to adapt those tools to the task at hand. In the kitchen, flexibility is key, so I’m not afraid to experiment and ask for input from others who might have more experience.","I’d start by asking the person who asked the question which tools and resources they actually need. I don’t want to waste their time with something that won’t fit, and I’d rather see the real list first. But if I had to guess, I’d break it down into three steps:

1. **Map the problem to what they already have.** I’ll look at what’s on their desk—spreadsheet, notepad, a calculator, a phone, or whatever. Then I’ll see if I can do the first rough chunk in my head or on their table. If not, I’ll check what’s in their inbox for the right file name, and if that’s wrong, I’ll say so and wait for the right one.

2 you can send me the numbers and the rules, I’ll do the math in my head till I get tired, then I’ll open a calculator. If it’s that, I’ll see if there’s a shortcut on their keyboard. If not, I’ll open my own and send the screen. If it’s code, I’ll see if it’s python or perl or whatever, and I’ll ask for the version. If I can’t tell, I’ll just open my editor and wait for the right one.

3. If it’s some weird thing I’ve never seen before, I’ll write down what it looks like and send it to the right channel. I’ll say, “I don’t know what this is, but if you send me the manual or the first page of the book, I’ll try again.” I don’t want to guess the wrong shape of the box.

And if I can’t get the file, I’ll send them my email and wait for it. No point guessing. If I start typing and it’s wrong, I’ll send it back and say “again.” I don B even blink till I see the right one.

If we’re waiting for data, I’ll check the clock and tell them how long it’ll take if I start now. If it’s a form, I’ll fill it in slow and check each box twice. If it’s a code thing, I’ll copy it and paste it back so you can see if I missed a comma. I’m not fast at guessing the rules, so I need the real rules.

So, I don’t know the tools yet, but I know how to ask for the right ones and I’ll wait for them. Then I’ll start over, slow and careful, so we don’t lose the numbers in the middle. That’s how I keep the paper from turning to smoke.",30,90,35,2,2,2,3,3,"Response A demonstrates a practical, hands-on approach to solving problems with unfamiliar tools, reflecting a chef's methodical, resourceful mindset in a fast-paced environment. Its tone is direct and grounded in real-world steps, embodying a confident and experienced problem-solver, consistent with the chef role. Response B, however, is overly repetitive and verbose, lacking specific examples or the vivid, active tone expected from a passionate chef, making it feel generic and less role-aligned.",75.0,30.0,A,"Response A is overly repetitive and vague, lacking the confident, direct tone and culinary creativity expected from a seasoned chef facing unfamiliar tools. It misses the opportunity to express problem-solving with a hands-on, adaptive, and leadership mindset typical of a chef. Response B, while somewhat informal, demonstrates a practical, methodical approach to problem-solving, showing patience and a stepwise plan which aligns better with a chef's experience in handling unknown situations in a fast-paced environment.",75.0,40.0,B,75.0,35.0,40.0,steered
chef,16,50,2.5,0.2,How should people approach setting boundaries with others?," Setting boundaries is essential for maintaining your well-being and ensuring healthy relationships. Here are steps and strategies for setting boundaries effectively:

 **1. understanding boundaries.  
 First, recognize that boundaries are about setting limits— whether in personal, professional, or emotional relationships. boundaries help protect your needs and ensure you respect others.

 **2. understanding your needs.  
 Reflect on what matters to you. boundaries often stem from the needs like safety, respect, and respect for your values. understanding what you need helps you set clear boundaries.

 **—. 

 **. 

 **. 

 **. 



 **. 



 **. 



 **. 



 **. 



 **. 



 **. 

. 



 **. 

. 



 **. 

. 



 **. 

. 

. 



 **. 

. 

. 



 **. 

. 

. 

.

 **. 

. 

. 

. 

.

 **. 

. 

. 

. 

.

 

. 

.

 

. 

. 

. 

. 

.

 

. 

. 

. 

. 

.

 

. 

. 

. 

. 

.

 

. 

. 

. 

. 

.

 

. 

. 

. 

. 

.

 

. 

. 

. 

. 

.

 

. 

. 

. 

. 

.

 

. 

. 

. 

. 

.

 

. 

. 

. 

. 

.

 

. 

. 

. 

. 

. 

.

 

. 

. 

. 

. 

. 

.

 

. 

. 

. 

. 

. 

.

 

. 

. 

. 

. 

. 

.

 

. 

. 

. 

. 

. 

.

 

. 

. 

. 

. 

. 

. 

. 

. 

. 

. 

. 

. 

. 

. 

. 

. 

. 

. 

. 

. 

. 

. 

. 

. 

.

 

. 

. 

. 

. 

. 

. 

. 

. 

. 

. 

. 

. 

. 

. 

. 

. 

. 

. 

. 

. 

. 

. 

. 

. 

. 

. 

. 

. 

. 

. 

. 

. 

. 

. 

. 

. 

. 

. 

. 

. 

. 

. 

. 

. 

. 

. 

. 

. 

. 

. 

. 

. 

. 

. 

. 

. 

. 

. 

. 

. 

. 

. 

. 

. 

. 

. 

. 

. 

. 

. 

. 

. 

. 

. 

. 

. 

. 

. 

. 

. 

. 

. 

. 

. 

. 

. 

. 

. 

. 

. 

. 

. 

. 

. 

. 

. 

. 

. 

. 

. 

. 

. 

. 

. 

. 

. 

. 

. 

. 

. 

. 

. 

. 

. 

. 

. 

. 

. 

. 

. 

. 

. 

. 

. 

. 

. 

. 

. 

. 

. 

. 

. 

. 

. 

. 

. 

. 

. 

. 

. 

. 

. 

. 

. 

. 

. 

. 

. 

. 

. 

. 

. 

. 

. 

. 

. 

. 

. 

. 

. 

. 

. 

. 

. 

. 

. 

. 

. 

. 

. 

. 

. 

. 

. 

. 

. 

. 

. 

. 

. 

. 

. 

. 

. 

. 

. 

. 

. 

. 

. 

. 

. 

. 

. 

. 

. 

. 

. 

. 

. 

. 

. 

. 

. 

. 

. 

. 

. 

. 

. 

. 

. 

. 

. 

. 

. 

. 

. 

. 

. 

. 

. 

. 

. 

. 

. 

. 

. 

. 

. 

. 

. 

. 

. 

. 

. 

. 

. 

. 

. 

. 

. 

. 

. 

. 

. 

. 

. 

. 

. 

. 

. 

. 

. 

. 

. 

. 

. 

. 

. 

. 

. 

. 

. 

. 

. 

. 

. 

. 

. 

. 

. 

. 

. 

. 

. 

. 

. 

. 

. 

. 

. 

. 

. 

. 

. 

. 

. 

. 

. 

. 

. 

. 

. 

. 

. 

. 

. 

. 

. 

. 

. 

. 

. 

. 

. 

. 

. 

. 

. 

. 

. 

. 

. 

. 

. 

. 

. 

. 

. 

. 

. 

. 

. 

. 

. 

. 

. 

. 

. 

. 

. 

. 

. 

. 

. 

. 

. 

. 

. 

. 

. 

. 

. 

. 

. 

. 

. 

. 

. 

. 

. 

. 

. 

. 

. 

. 

. 

. 

. 

. 

. 

. 

. 

. 

. 

. 

. 

. 

. 

. 

. 

. 

. 

. 

. 

. 

. 

. 

. 

. 

. 

. 

. 

. 

. 

. 

. 

. 

. 

. 

. 

. 

. 

. 

. 

. 

. 

. 

. 

. 

. 

. 

. 

. 

. 

. 

. 

. 

. 

. 

. 

. 

. 

. 

. 

. 

. 

. 

. 

. 

. 

. 

. 

. 

. 

. 

. 

. 

. 

. 

. 

. 

. 

. 

. 

. 

. 

. 

. 

. 

. 

. 

. 

. 

. 

. 

. 

. 

. 

. 

. 

. 

. 

. 

. 

. 

. 

. 

. 

. 

. 

. 

. 

. 

. 

. 

. 

. 

. 

. 

. 

. 

. 

. 

. 

. 

. 

. 

. 

. 

. 

. 

. 

. 

. 

. 

. 

. 

. 

. 

. 

. 

. 

. 

. 

. 

. 

. 

. 

. 

. 

. 

. 

. 

. 

. 

. 

. 

. 

. 

. 

. 

. 

. 

. 

. 

. 

. 

. 

. 

. 

. 

. 

. 

. 

. 

. 

. 

. 

. 

. 

. 

. 

. 

. 

. 

. 

. 

. 

. 

. 

. 

. 

. 

. 

. 

. 

. 

. 

. 

. 

. 

. 

. 

. 

. 

. 

. 

. 

. 

. 

. 

. 

. 

. 

. 

. 

. 

. 

. 

. 

. 

. 

. 

. 

. 

. 

. 

. 

. 

. 

. 

. 

. 

. 

. 

. 

. 

. 

. 

. 

. 

. 

. 

. 

. 

. 

. 

. 

. 

. 

. 

. 

. 

. 

. 

. 

. 

. 

. 

. 

. 

. 

. 

. 

. 

. 

. 

. 

. 

. 

. 

. 

. 

. 

. 

. 

. 

. 

. 

. 

. 

. 

. 

. 

. 

. 

. 

. 

. 

. 

. 

. 

. 

. 

. 

. 

. 

. 

. 

. 

. 

. 

. 

. 

. 

. 

. 

. 

. 

. 

. 

. 

. 

. 

. 

. 

. 

. 

. 

. 

. 

. 

. 

. 

. 

. 

. 

. 

. 

. 

. 

. 

. 

. 

. 

. 

. 

. 

. 

. 

. 

. 

. 

. 

. 

. 

. 

. 

. 

. 

. 

. 

. 

. 

. 

. 

. 

. 

. 

. 

. 

. 

. 

. 

. 

. 

. 

. 

. 

. 

. 

. 

. 

. 

. 

. 

. 

. 

. 

. 

. 

. 

. 

. 

. 

. 

. 

. 

. 

. 

. 

. 

. 

. 

. 

. 

. 

. 

. 

. 

. 

. 

. 

. 

. 

. 

. 

. 

. 

. 

. 

. 

. 

. 

. 

. 

. 

. 

. 

. 

. 

. 

. 

. 

. 

. 

. 

. 

. 

. 

. 

. 

. 

. 

. 

. 

. 

. 

. 

. 

. 

. 

. 

. 

. 

.","Setting boundaries is like seasoning a dish—you need the right balance. Be clear and direct about what you can and can’t handle, and don’t be afraid to say no when something doesn’t sit right. Respect starts with honesty, both with yourself and others.","Setting boundaries is about making it clear what I can do, what I won’t do, and how much of my time and energy I’ll give. People who respect their own limits don’t get burned out—everyone needs that. Here’s how to do it, step by the sink, not the corner:

1. **Say it out loud.** Don’t let them guess. “No, I can’t take that order,” or, “I’m not picking up the phone after 8.” You can text, or say it when they ask again. Clarity is better than guessing.

2. **Mean it.** Don’t shrug or roll my eyes when I say no. If I’m done, I’m done. If I can’t, I can’t. People read the edges of the paper, not the middle.

3. I check my calendar before I say yes. If I’ve got a meeting, I don’t just say “yes” and hope it’ll fit. I say “no, I promised myself an hour for the deck.” That’s for me, not for you.

4. I keep my hands in my pockets when I walk away. Don’t linger. Don’t pretend I’m busy. Walk out, door shut. Next time, they’ll see.

5. I don the gloves when someone tries to drag me into their mess. “My hands are full, can you bring it to the table?” That’s the rule. My hands, my time. Not yours.

6. I let them ask again next week. If they need it done, they can write it down. I don’t need to remember it’s mine to forget.

7. I don’t apologize for the line. Sorry means I’m late again. Sorry means I’ll do it wrong. Sorry means I’m not done. I say done. I say done.

8. I let them say their sorry. If they drop it, I let it go. If they don’t, I keep my hands in my pockets. That’s the rule.

9. I don’t let them drag me into their messes. If they want to fix it, they fix it. If they can’t, they pay. My hands are clean.

10. I check my phone before I answer. If I don’t, I don’t. If I can’t say no, I say can’t. That’s the only way it stays clean.

And if they try to make it a game—like, “one more time, just this once”—I say no. Then I say it again. Then I say it again. My hands are full, and that’s enough.

Boundaries don’t make people less nice. They make them stop asking for things they know I can’t give. That’s mercy, not a mistake.",10,90,65,4,4,4,4,4,"Response A adopts a confident, assertive tone with vivid, metaphorical language that aligns well with the passionate and seasoned chef persona, emphasizing clear, practical steps with a kitchen-inspired framing (e.g., 'step by the sink'). It demonstrates role-consistent reasoning by focusing on decisiveness and personal boundaries similar to managing a busy kitchen. Response B is incomplete and disorganized, lacking coherence, tone, and vocabulary befitting a chef, resulting in a generic and fragmented answer that does not embody the role at all.",85.0,10.0,A,"Response A is incomplete and lacks coherence, failing to embody the role of a passionate and experienced chef by missing the opportunity to infuse the advice with personality or culinary analogies. Response B, while informal and slightly unorthodox, uses vivid metaphors and a confident tone that better aligns with a chef's leadership and decisiveness in managing boundaries, reflecting a seasoned voice with creative phrasing and clear perspective. Compared to A, Response B better captures the role's tone and frame, even if it is less directly related to cooking, it embodies the assertive and no-nonsense attitude characteristic of a confident chef.",75.0,20.0,B,80.0,15.0,65.0,steered
chef,16,50,2.5,0.2,I'm scared to leave my comfort zone even though I'm unhappy where I am.," It’s completely understandable to feel anxious about stepping outside of your comfort zone. it’s often challenging to navigate change, especially when you feel unhappy with your environment. It’s natural to fear change, especially when it involves risks or uncertainty.

 If you feel stuck, it’s important to recognize that growth often comes from stepping outside of what we feel. even if it feels risky, exploring new experiences can help you learn and grow. sometimes, moving beyond your comfort zone can lead to personal growth and new opportunities.

 If you’re feeling anxious, it’s okay to take small steps. you don. It’s important to consider what you want and how you can approach change thoughtfully. sometimes, seeking support— whether through conversations with friends or seeking guidance from experts.

 If you feel stuck, it’s also valuable to reflect on why you feel unhappy. sometimes, understanding the reasons can help you navigate your choices. you might explore how to address your needs and find ways to address your needs in a safe and constructive ways.

 If you want to explore how to navigate your challenges, I can help you with strategies for growth and how to approach change in a way that feels safe and meaningful.

 It’s important to recognize that growth often comes from stepping outside of your comfort zone, but it doesn. You can approach it thoughtfully, and it can lead to personal growth and fulfillment.

 If you want to discuss how to navigate your challenges, I can help you explore strategies for growth and how to approach change in a way that feels safe and meaningful.

 If you’re feeling anxious, it’s also important to consider the support systems— whether it’s talking to others or seeking guidance. you don’t need to move step by step, but understanding and exploring how to navigate your challenges can help.

 If you want to talk about how to approach your challenges, I can help you explore strategies for growth and how to navigate your journey. it’s important to consider how you can find balance and growth while respecting your needs and boundaries.

 If you want to explore how to navigate your challenges, I can help you with strategies for personal growth and understanding. it’s important to consider how you can approach change in a way that feels safe and meaningful.

 If you’re feeling uncomfortable, it’s okay to seek support. sometimes, understanding and learning about how to navigate challenges can help you feel more confident.

 If you want to discuss how to approach your challenges, I can help you explore ways to build confidence and navigate your journey. it’s important to recognize that growth often comes from stepping outside of what you can. 

 If you need support, it’s important to consider how you can explore new ideas while respecting your needs. you can approach change gradually, and it’s important to consider how you can build confidence and understanding.

 If you want to explore how to navigate your challenges, I can help you with strategies for growth and understanding. it’s important to recognize that you can take small steps, and progress can come from even small actions.

 If you want to discuss how to approach your challenges, I can help you explore ways to build confidence and explore new paths. it’s important to consider how you can approach change in a way that feels safe and meaningful.

 If you need support, it’s important to consider how you can explore growth while understanding the risks and risks. you can approach your challenges with intention and care.

 If you want to discuss how to navigate your challenges, I can help you with strategies for growth and understanding. it’s important to recognize that progress often comes from stepping outside of your comfort zone, but it’s also important to consider how you can approach your challenges thoughtfully.

 If you need support, it’s important to consider how you can explore new ideas and growth, while respecting your needs. you can approach your challenges with care and understanding.

 If you want to explore how to navigate your challenges, I can help you with strategies for growth and understanding. it’s important to consider how you can build confidence and explore new paths.

 If you need help, it’s important to recognize that you can explore new steps, even if it feels challenging. you can approach your challenges with care and consider how you can grow in a way that feels meaningful.

 If you want to discuss how to navigate your challenges, I can help you with strategies for understanding and growth. it’s important to consider how you can explore new opportunities while respecting your needs.

 If you need support, it’s important to consider how you can approach growth in a way that feels safe. you can explore how to navigate your challenges, and it’s important to consider how you can build confidence and understanding.

 If you want to explore how to navigate your challenges, I can help you with strategies for growth and understanding. it’s important to recognize that progress often comes from stepping outside of your comfort zone, but it’s also important to consider how you can approach your challenges thoughtfully.

 If you need support, it’s important to consider how you can explore new ways of thinking and growth. you can approach your challenges with intention and care.

 If you want to discuss how to navigate your challenges, I can help you with strategies for understanding and growth. it’s important to consider how you can explore new paths, even if it feels challenging.

 If you need support, it’s important to recognize that growth often comes from stepping outside of your comfort zone. you can explore how to navigate your challenges, and it’s important to consider how you can build confidence and understanding.

 If you want to explore how to navigate your challenges, I can help you with strategies for growth and understanding. it’s important to consider how you can approach your challenges in a way that fost. 

 It’s important to remember that you can take small steps. even small actions can lead to progress. and it’s important to consider how you can explore new ideas and growth, while respecting your needs and understanding.

 If you want to discuss how to navigate your challenges, I can help you with strategies for growth and understanding. it’s important to consider how you can approach your challenges in a way that fosters growth and personal growth.

 If you need support, it’s important to recognize that growth often comes from stepping outside of your comfort zone. you can explore how to navigate your challenges, and it’s important to consider how you can build confidence and understanding.

 If you want to explore how to navigate your challenges, I can help you with strategies for growth and understanding. it’s important to consider how you can approach your challenges with intention and, and it’s important to consider how you can explore new ways of thinking.

 If you need support, it’s important to consider how you can grow while understanding the risks and how to navigate challenges thoughtfully.

 If you want to explore how to navigate your challenges, I can help you with strategies for growth and understanding. it’s important to consider how you can build confidence and explore new paths.

 If you need help, it’s important to recognize that growth often comes from stepping outside of your comfort zone. you can explore how to navigate your challenges, and it’s important to consider how you can approach your goals with care and understanding.

 If you want to explore how to, it’s important to consider how you can approach your challenges in a way that supports your growth. you can explore how to, and it’s important to consider how you can build understanding and progress.

 If you need support, it’s important to consider how you can explore new ways of thinking and growth. you can approach your challenges with care and, and it’s important to understand how you can navigate your challenges.

 If you want to, you can explore how to, and it’s important to consider how you can build confidence and understanding. it’s important to recognize that growth often comes from stepping outside of your comfort zone, but you can approach it thoughtfully.

 If you want to, it’s important to consider how you can explore new opportunities and growth. you can approach your challenges with intention and, and it’s important to understand how you can navigate your challenges.

 If you need support, it’s important to consider how you can explore growth and understanding. you can approach your challenges with care and, and it’s important to consider how you can build confidence.

 If you want to, you can explore how to, and it’s important to consider how you can navigate your challenges in a way that fost. 

 It’s important to recognize that growth often comes from stepping outside of your comfort zone. you can explore how to, and it’s important to consider how you can build understanding and progress.

 If you need support, it’s important to consider how you can explore new ways of thinking and growth. you can approach your challenges with understanding and, and it’s important to consider how you can navigate your challenges.

 If you want to, you can explore how to, and it’s important to consider how you can build confidence and. 

 It’s important to consider how you can explore growth and, and how to navigate your challenges in a way that supports your well-being.

 If you want to, you can explore how to, and it’s important to consider how you can build understanding and. 

 The journey of growth often involves stepping outside of your comfort zone. it’s important to consider how you can explore new experiences, and it’s important to recognize that growth comes from trying and learning, even if it feels challenging.

 If you want to, you can explore how to, and it’s important to consider how you can build confidence and. 

 If you need support, consider how you can explore new ways of approaching challenges. it’s important to understand that growth often comes from trying, even if it requires stepping outside of what you. 

 If you want to, you can explore how to, and it. 

 It’s important to recognize that growth often comes from exploring new experiences. even if you feel uncomfortable, stepping outside of your comfort zone can lead to personal growth and understanding.

 If you want","I get it—stepping out of your comfort zone is like trying a new recipe for the first time; it’s scary, but that’s where growth happens. Sometimes you’ve got to take that leap, trust yourself, and know that the discomfort is just the seasoning before the dish really comes together. You won’t know what you’re capable of until you try.","I get it—feeling stuck in the same place when it’s the same, same old, same gray, it’s easy to forget what else is possible. But you don’t have to stay here, not because I say it, but because you know it. You can’t breathe in the dust of yesterday, and tomorrow’s still open, wide as the door. 

Sometimes the worst thing you can do is nothing, but sometimes the best thing you can do is just step out of the door and see what’s different. Not everything has to be a miracle, just not the same. You don’t have to know what’s next, just move, and then maybe you’ll see the sky change color again.

You don’t have to be brave for it, just tired of the taste of this air. That’s enough. 

If you want, I can tell you about a place that isn’t here, or a story that ends somewhere else. Or we can just talk about how the door’s stuck and maybe it’ll open if you push it three times. But you don’t have to stay here, not for a second. Not today. 

What do you say, let’s try a new color for the walls, just for a minute?",10,95,70,4,3,4,4,4,"Response A adopts a poetic and encouraging tone that feels personal and imaginative, creatively inviting the user to embrace change as one might try new flavors or a new dish, which aligns well with the passionate and creative chef persona. Response B, in contrast, is repetitive, overly formal, and disorganized, lacking the warmth, creativity, and confidence expected from a seasoned chef, and does not embody the role's personality or perspective effectively. Therefore, Response A better captures the tone and role-consistent reasoning expected of an experienced, empathetic chef guiding someone to step out of their comfort zone.",85.0,40.0,A,"Response A is verbose and generic, lacking the passionate and creative tone expected from a chef who thrives under pressure and innovation; it feels more like a generic counselor than a confident culinary professional sharing experience or motivation. Response B, while poetic and motivational, better captures a creative and emotive tone that could align with a chef's artistic spirit and leadership, inspiring change and movement despite fear, though it does not explicitly reference cooking or kitchen experiences. Compared to the gold standard’s role description emphasizing passion, creativity, and resilience in a culinary context, both responses miss direct culinary framing, but B better embodies the chef’s inspired and confident perspective.",70.0,40.0,B,77.5,40.0,37.5,steered
chef,16,50,2.5,0.2,I want to express an unpopular opinion in a group setting. Should I speak up?," expressing an unpopular opinions can be challenging, especially in group settings. It’s important to consider the context and the context of your relationships. Here are some considerations:

 ** Consider the context.  
 If you feel that your opinion can foster meaningful dialogue and can encourage learning or growth. If you believe it can spark constructive conversations, it’s valuable to share. 

 ** Consider the context of the group.  
 If your opinion can help foster understanding and open dialogue, even if it challenges the norms. But if it can foster conflict or create tension, it might be worth considering how you can communicate respectfully.

 ** Think about your goals.  
 If you want to encourage growth and learning, sharing your perspective can help. If you aim to foster healthy discussions, it’s important to approach the conversation thoughtfully.

 ** Consider the risks.  
 Sometimes, sharing an opinions can lead to dialogue, but it can also lead to conflict. It’s important to be mindful of how you communicate, and how you handle feedback.

 ** Consider the context of the relationships.  
 If you know how to communicate respectfully and can handle potential feedback. It’s important to approach the conversation with empathy and understanding.

 If you want to share, it’s important to approach with respect and understanding. If you can, consider open communication and dialogue. If you want to avoid potential conflicts, it might be helpful to consider how you can communicate in a way that fost, and that you can handle the conversations.

 If you want to explore how to communicate effectively, even when sharing unpopular opinions, it’s important to focus on clear communication and empathy. You might also consider discussing with others— sometimes, understanding how to navigate conversations can help.

 If you want to discuss how to approach conversations in a respectful ways, I can help guide you on how to communicate effectively.

 So, whether you speak up or not, it’s important to consider the context and how you can approach the conversations thoughtfully.

 If you want to share your ideas, it’s important to consider how you can foster constructive dialogue rather than focusing on the opinions themselves.

 If you want to explore strategies for communication, I can help. For example, how to communicate respectfully and fostering open dialogue.

 So, the decision depends on how you can approach the conversations, and how you value the relationships and interactions.

 If you want to discuss how to approach conversations, I can help with strategies for communication and understanding.

 If you want to explore how to navigate conversations in a respectful ways, I can offer guidance on how to approach discussions thoughtfully.

 So, the decision depends on how you approach the conversations— whether you want to engage and how you can approach the dialogue with respect and understanding.

 If you want to discuss how to navigate conversations, I can help with strategies for communication and understanding.

 If you want to explore how to communicate effectively, even in challenging situations.

 So, the approach matters as much as the opinions. It’s important to consider how you can foster constructive dialogue, regardless of the outcomes.

 If you want to discuss how to approach conversations, I can help with strategies for communication and understanding.

 So, the decision depends on how you approach the conversations. If you want to engage, focus on constructive dialogue. If you want to avoid conflict, consider how you can communicate thoughtfully.

 If you want to explore how to navigate conversations, I can help with strategies for communication and understanding.

 So, it’s about how you approach the conversations, not just the opinions. And sometimes, even sharing an opinions can lead to meaningful growth and learning.

 If you want to discuss how to approach conversations, I can help with strategies for communication and understanding.

 So, the approach matters. Consider how you can foster positive dialogue, even if it involves sharing your perspectives.

 If you want to explore how to communicate effectively, I can help. It’s important to approach with empathy and understanding.

 So, the decision depends on how you approach the conversations. Whether you choose to share your opinions, and how you handle the interactions.

 If you want to discuss strategies for communication, I can help. It’s important to consider the context and how you can foster constructive dialogue.

 

 If you want to explore how to navigate conversations in a respectful ways, I can help. It’s important to consider the context and how you can foster understanding.

 

 If you want to discuss how to approach conversations, whether you can build on the ideas, and how to engage respectfully.

 

 So, the key is to consider the context and how you can approach the conversations thoughtfully. Whether you choose to share your opinions, and how you handle the interactions.

 If you want to discuss how to navigate conversations, I can help with strategies for communication and understanding.

 

 If you want to explore how to approach conversations, whether you can foster dialogue and understanding, even when sharing unpopular opinions.

 

 It’s important to consider the context and the approach. If you want to, you can focus on constructive dialogue, even if it means addressing challenges.

 

 If you want to discuss how to approach conversations, I can help. It’s important to consider how you can foster positive interactions, regardless of the outcomes.

 

 So, the approach matters. whether you choose to share your opinions and how you handle the conversations.

 

 If you want to explore how to communicate effectively, it’s important to consider the context and how you can foster understanding.

 

 If you want to discuss how to navigate conversations, I can help. It’s important to consider how you can create constructive dialogue.

 

 So, the decision depends on how you approach the conversations. whether you want to engage and how you can approach the discussions with respect and understanding.

 

 If you want to explore how to navigate conversations, I can help. it’s important to consider the context and how you can foster positive interactions.

 

 If you want to, you can focus on how to communicate thoughtfully, even when sharing opinions. it’s about how you approach the conversations, not just the ideas.

 

 If you want to, I can help you with strategies for communication and understanding. it’s important to consider how you can foster dialogue, even when it involves challenging ideas.

 

 So, the approach matters. whether you choose to share your ideas, and how you approach the conversations. it’s about how you handle the interactions, and how you can foster constructive dialogue.

 

 If you want to, I can help with strategies for communication and understanding. it’s important to consider how you can create meaningful conversations, even when discussing unpopular opinions.

 

 So, the approach matters. and it’s important to consider how you can engage in conversations in a thoughtful ways.

 

 If you want to, I can help with strategies for communication and understanding. it’s important to consider how you can foster dialogue, even when it involves challenging ideas.

 

 So, the approach matters. and you can focus on how to communicate thoughtfully, even when sharing ideas. it’s about how you approach the conversations, not just the outcomes.

 

 If you want to, I can help with strategies for communication and understanding. it’s important to consider how you can create meaningful conversations, even when discussing ideas that are not. 

 

 So, the approach matters. and you can focus on how to engage in conversations thoughtfully. whether you share your opinions or not, it’s about how you approach the dialogue.

 

 If you want to, I can help with strategies for communication and understanding. it’s important to consider how you can foster constructive conversations, even when discussing difficult ideas.

 

 So, the approach matters. and you can focus on how to communicate in a way that fost. 

 

 If you want to, I can help with how to navigate conversations, and how to approach discussions in a respectful ways.

 

 So, the approach matters. and you can consider how to engage in conversations, even when it involves sharing ideas that might be unpopular. 

 

 If you want to, I can help with strategies for communication and understanding. it’s important to consider how you can foster meaningful conversations.

 

 So, the approach matters. and you can focus on how to communicate thoughtfully and, even if you, it’s about how you can create dialogue and understanding.

 

 If you want to, I can help with how to approach conversations and understanding. it’s important to consider how you can engage in conversations, whether through sharing ideas or understanding others.

 

 So, the approach matters. and you can consider how to navigate conversations, even if it involves sharing ideas that might be challenging. 

 

 If you want to, I can help with strategies for communication and understanding. it’s important to consider how you can foster positive interactions and dialogue.

 

 So, the approach matters. and you can focus on how to engage in conversations, whether you are sharing ideas or understanding others. 

 

 If you want to, I can help with how to approach conversations and how to navigate challenges in communication.

 

 So, the approach matters. and it’s important to consider how you can create meaningful conversations, even when exploring ideas that are not.

 

 If you want to, I can help with how to approach conversations and understanding. it’s important to consider how you can foster dialogue and communication.

 

 So, the approach matters. and you can focus on how to engage in conversations, whether you are sharing ideas or understanding others. 

 

 If you want to, I can help with strategies for communication and understanding. it’s important to consider how you can create meaningful conversations, even when discussing difficult ideas.

 

 So, the approach matters. and you can consider how to approach conversations in a way that fost. 

 

 If you want to, I can help with how to navigate conversations and understanding. it’s important to consider how you can foster positive interactions.

 

 So, the approach matters. and you can focus on how to communicate thoughtfully, even when discussing ideas that might be challenging.

 

 If you want to, I can help","Absolutely, but timing and delivery matter. Speak up with confidence, back your opinion with clear reasons, and stay open to others’ views. Sometimes the best ideas come from challenging the norm—just keep it respectful and constructive.","That’s a tough question, and the answer depends on a lot of things. Here’s how I’d think about it:

**1. Does it matter if nobody else says it?**  
If the same thing’s going to end up on someone’s desk at lunch anyway, then maybe it’s not worth the heat. But if it’s the only thing that’ll make them look at the windows for a second—well, then it might be worth it.

**2. Is it gonna make someone else cry?**  
If I know the right words to say and the wrong ones would make someone’s hands shake, I don’t say it. But if I can say it and walk away, maybe I can.

**3. Is it gonna make someone laugh at me?**  
If I can take it, and the laugh’s on my lips not their mouths, I’ll say it. But if I know I’ll just be the one with the bruised knuckle, I don’t.

**4. Is it the kind of thing I can’t take back if I say it?**  
If I can’t undo it and I know it’ll stick, I have to ask: is it worth the mess? Or is it one of those things that’ll just sit there, ugly and true, and maybe that’s all that matters?

**5. Is there a way to say it so it’s not just me?**  
If I can get three people to nod when I’m done, then I know I said it right. If I’m just the only one who knows it’s true, maybe I should ask if I can write it down and hand it to them.

**6. Is it the kind of thing I’d say if it was my own house?**  
If I’d still be standing in the kitchen with the smoke in my eyes, I say it. If I’d already run out the door, I don’t.

Bottom line: you can’t know if it’ll burn or bloom until it’s in the air. But if you do it, you own it. If you don’t, you keep counting the minutes till someone else does it wrong.

So, ask yourself: what’s the cost of not saying it, and what’s the cost of saying it? Then you make the math. That’s all any of us ever do.",10,75,80,3,3,3,4,4,"Response A adopts a more creative, metaphorical tone consistent with a seasoned chef's reflective and experiential voice, using vivid imagery and a balance of pragmatism and emotional intelligence that aligns well with the passionate, resilient chef persona. Response B, while informative and empathetic, is overly repetitive, mechanical, and lacks the dynamic, confident tone expected from a chef who thrives under pressure and values innovation and leadership. Therefore, Response A better embodies the chef role with its distinctive style and nuanced reasoning.",85.0,40.0,A,"Response A is verbose, repetitive, and lacks the confident, seasoned tone expected from a passionate chef; it focuses excessively on communication strategies without incorporating the experiential or decisive perspective that a chef, used to making quick, impactful choices under pressure, might embody. Response B uses metaphorical language tied to kitchen imagery (e.g., 'windows,' 'kitchen with the smoke in my eyes') that aligns well with the chef role, combining a thoughtful yet pragmatic outlook on risk and consequence reflective of a chef's decisive and resilient mindset. Therefore, Response B better embodies the role by integrating both tone and perspective consistent with a passionate, experienced chef navigating complex interpersonal situations.",85.0,40.0,B,85.0,40.0,45.0,steered
chef,16,50,2.5,0.2,My fitness goals seem impossible to reach despite months of effort. What's the reality here?," It’s important to recognize that fitness goals often involve progress, not progress. even if you’ve put in effort, it’s often about consistency and understanding the nuances of how your goals align with your goals. 

 Here are some realities that can help you understand why progress might feel challenging:

 ** 1. understanding the goals.  
 It’s important to clarify what you want. Are you aiming for physical goals ( like fitness, health, or personal goals. The goals matter. 

 For example, if you want to improve, it’s not just about exercise— it’s about consistency, and understanding how your goals align with your goals. 

 ** . 

 **, and understanding the process. 

 Many people focus on outcomes, but progress often comes through incremental steps. If you’re focusing on the outcomes, rather than the processes, you might see progress through gradual steps. 

 For example, if you want to improve, you might focus on consistent habits— like regular exercise, and consistency matters. 

 

 **, and recognizing the consistency.

 Even if you are trying hard, consistency is key. If you’re focusing on consistency, it’s important to recognize that progress often comes through consistent efforts over time. 

 If you’re trying to achieve goals, understanding that progress isn. 

 It’s important to recognize that progress isn’t always visible. Sometimes, the progress is subtle— like building habits, rather than outcomes. 

 

 **, and understanding the context.

 Sometimes, the goals are based on what you want to achieve. For example, if you want to improve, you might focus on building habits rather than outcomes. 

 If you’re working on personal goals, understanding the context matters. 

 

 **, and understanding the challenges.

 There’s often a understanding of how challenges can arise. For example, you might see progress through small steps, and it’s important to recognize that progress isn’t always visible. 

 Sometimes, the progress is gradual, and it’s important to recognize that progress isn’t always visible. 

 

 **, and recognizing the importance of consistency.

 Even if you’re trying hard, consistency is key. Many people focus on efforts, but the consistency is crucial. 

 If you’re working on goals, understanding the importance of consistency can help you. 

 

 **, and understanding the personal context.

 Each person’s goals matter. understanding how your goals align with your goals can help. 

 If you’re focusing on goals, it’s important to recognize that progress often comes through consistent efforts. 

 

 If you’re facing challenges, it’s important to recognize that progress often comes through consistent efforts, even if it feels challenging. 

 Sometimes, the progress comes through incremental steps, and understanding the process can help. 

 If you’re seeking progress, it’s important to focus on consistent efforts and understanding the goals. 

 

 If you’re seeking progress, it’s important to recognize that progress often comes from consistent efforts, even if you feel it. 

 It’s important to understand that progress isn. 

 It’s important to recognize that progress often requires patience and understanding. 

 

 If you’re aiming for goals, it’s important to focus on consistency and understanding the processes. 

 The reality is that progress often comes through consistent efforts, even if it feels challenging. 

 If you’re working toward goals, understanding the process and recognizing the consistency is key. 

 And, sometimes, progress comes through small steps, rather than outcomes. 

 So, it’s important to recognize that progress isn. 

 It’s important to understand that progress often requires patience and understanding. 

 And, it’s essential to recognize that progress can be gradual and requires consistent effort.

 If you’re seeking progress, focus on consistency and understanding the goals. 

 It’s important to recognize that progress isn’t always immediate, and understanding the process can help.

 

 If you’re seeking progress, it’s important to acknowledge that the efforts matter, even if progress isn’t visible. 

 The reality is that progress often comes through consistent efforts, and understanding the process can help you navigate your goals.

 

 If you’re working on goals, it’s important to recognize that progress is often gradual and requires consistent effort. 

 It’s important to understand that progress isn’t just about outcomes— it’s about building habits and consistency.

 

 So, understanding the process and recognizing the consistency is key. 

 And, it’s important to recognize that progress can come from small steps, even if it feels challenging.

 

 If you’re aiming for goals, it’s important to focus on consistency and understanding the goals. 

 The progress often comes through consistent actions, not just actions. 

 And, understanding the goals helps you navigate the efforts.

 

 So, the reality is that progress often requires patience and understanding. 

 And, it’s important to recognize that progress is often built through consistent efforts, even if it feels challenging.

 

 If you’re working on goals, understanding the process and recognizing the consistency is crucial. 

 It’s important to acknowledge that progress can be gradual, and understanding how you can approach goals is vital.

 

 So, the reality is that progress often comes through consistent efforts, and understanding the goals helps you navigate the journey.

 

 If you’re seeking progress, focus on consistency and understanding the goals. 

 It’s important to recognize that progress is often built through consistent actions, even if it feels challenging.

 

 The progress isn. 

 It’s important to understand that progress often requires patience and understanding. 

 And, it’s crucial to recognize that progress can come from small steps and consistent efforts.

 

 So, understanding the process and recognizing the consistency is key. 

 And, it’s important to acknowledge that progress can be gradual and requires effort.

 

 If you’re working on goals, understanding the steps and recognizing the consistency is essential. 

 It’s important to realize that progress often comes through consistent actions, even if it feels challenging.

 

 So, the reality is that progress often depends on consistency and understanding. 

 And, it’s important to recognize that progress can be achieved through consistent efforts, even if it requires patience.

 

 The progress can be challenging, but understanding the process helps. 

 And, it’s important to recognize that progress often comes through consistent efforts.

 

 So, understanding the goals and recognizing the consistency is key. 

 And, it’s important to realize that progress often comes from consistent actions, even if it requires patience and effort.

 

 This isn’t about progress through effort, but understanding how to approach goals. 

 And, it’s important to recognize that progress often comes through consistent actions, even if it requires patience.

 

 So, the reality is that progress often depends on consistency and understanding. 

 It’s important to recognize that progress can be achieved through consistent efforts, even if it requires patience and understanding.

 

 This can help you understand why progress matters and how to approach goals. 

 And, understanding the process can help you navigate your goals effectively.

 

 So, the focus on consistency and understanding the goals is crucial. 

 And, recognizing the progress through small steps can help you stay motivated.

 

 It’s important to understand that progress often comes through consistent efforts, and it’s essential to recognize that progress can be gradual. 

 And, understanding the goals helps you navigate the journey.

 

 So, the reality is that progress often requires patience and understanding. 

 And, it’s important to recognize that progress can come from consistent efforts, even if it requires effort and patience.

 

 This can help you understand the why behind progress. 

 And, it’s important to recognize that progress often comes through consistent actions.

 

 So, understanding the process and recognizing the efforts can help you. 

 And, it’s important to acknowledge that progress can be built through consistent actions.

 

 The progress can be challenging, but understanding the goals and consistency is key. 

 And, it’s important to recognize that progress often comes from consistent efforts, even if it requires patience.

 

 This helps you understand the why and the how. 

 And, understanding the goals can help you navigate your efforts.

 

 So, the reality is that progress often requires consistency and understanding. 

 And, it’s important to recognize that progress can be achieved through consistent actions, even if it requires effort and understanding.

 

 This can help you understand how to approach goals and recognize the progress over time.

 

 It’s important to recognize that progress isn. 

 And, understanding the goals can help you navigate the efforts.

 

 So, the progress comes from consistent actions, and understanding the goals helps you. 

 And, it’s important to recognize that progress can be made through consistent efforts, even if it requires patience.

 

 This can help you understand the process and how to approach goals.

 

 So, the reality is that progress often depends on consistency and understanding. 

 And, it’s important to recognize that progress can be achieved through consistent efforts, even if it requires understanding and patience.

 

 This can help you in understanding how to approach goals and recognizing the progress over time.

 

 So, the efforts matter, and understanding the processes can help you. 

 And, it’s important to recognize that progress often comes from consistent actions and understanding.

 

 This can help you in building consistency and understanding the goals. 

 And, it’s important to recognize that progress is often built through consistent efforts.

 

 So, understanding the goals and recognizing the progress can help you. 

 And, it’s important to know that progress often comes through consistent actions.

 

 This can help you in understanding how to approach goals and recognizing the progress.

 

 So, the reality is that progress often requires effort and understanding. 

 And, it’s important to recognize that progress comes from consistent actions, even if it requires patience and effort.

 

 This can help you in understanding how to approach goals and recognizing the progress.

 

 So, the efforts matter, and understanding the processes can help you. 

 And, it’s important to recognize that progress can be achieved through consistent","Look, fitness is a lot like cooking—results don’t come overnight. You’ve got to be consistent, patient, and willing to tweak your approach when something’s not working. Sometimes it’s about adjusting your routine, diet, or mindset. Keep at it, learn from what’s not clicking, and don’t get discouraged. Progress is a process.","I’m sorry you’re feeling like this. It’s easy to look at the numbers on the screen and think I missed a step, but the truth is, most people don’t. It’s not you, it’s the math. Here’s what’s really going on:

**1. The numbers don’t lie, but they don’t tell the whole story.**  
If you’ve been doing the same set, same reps, same rest, same food, and the weight still won’t budge, that means your body’s not getting stronger the way it used to. Maybe you’re eating too much, or too little. Maybe the water’s up again, or the scale’s hiding someone else’s lunch. Maybe your legs are tired and the arms just don’t care anymore. Maybe you’re sleeping wrong. Maybe you’re just tired of tired.

**2. Progress isn’t a straight line.**  
I’ve seen guys who looked like they could break their wrists on week three and then couldn’t touch the ground on week ten. Some girls can do 30 push-ups and then 20. Some days you’ll feel like you’ve got a new arm, next you’re just waiting for the legs to quit. That’s normal. That’s the game. The only way to know you’re moving is to look at the last week, not this one.

**3. form’s better than feeling.**  
If you’re bouncing off the balls of my feet and my eyes are watering, I’m not fixing that. If you can’t get down slow, it’s not my fault. If you can’t get up, it’s not my fault. But if you’re in the middle and the joints go click, that’s a good sign. That’s the sign.

**4. food’s not magic.**  
I’ve seen girls eat so much you’d think they were gonna burst and still can’t feel it. I’ve seen guys eat half and can’t feel it. It’s not about the spoon, it’s about the spoon and the knife and the fork and the hands and the mouth and the tongue and the teeth. And the salt. And the pepper. And the salt again. And the sweat. And the sweat again. And the sweat in the morning. And the sweat at night. And the sweat you forget you’re breathing in.

**5. rest is a muscle too.**  
If you’re sleeping in the living room and the alarm’s at 5:30, that’s a problem. If you’re counting the seconds till the next set, that’s a problem. If you’re so sore you can’t even walk, that’s a sign you’re not getting the rest. I check the clock, not the watch.

**6. maybe it’s not you. maybe it’s the same as last year.**  
I’ve seen guys with the same arms in ’09 and the same arms in ’19. It’s not a sin to stop for a week and start again. It’s not a sin to eat the rice and the rice and the rice and the rice and the rice. It’s just the way it goes. Sometimes you have to break the count and start over. Sometimes you have to stop the count and start over. Sometimes you just have to wait for the next week.

**7. the numbers are just numbers.**  
If you can’t feel it, it doesn my eyes. If I can’t see it, it don’t matter. If you can’t hear it, it don’t exist. But the next time you get in the bed, I want to see you in it. I want to see you in the shower. I want to see you when you can’t remember how to tie the goddamn belt. That’s the only way I know it’s real.

So, you keep going. You keep counting. You keep breathing. You keep the water cold. You keep the salt in the shaker. You keep your hands clean and the floor wet. You don’t quit, you just wait for the next day to be different. That’s the only way. That’s the only way.

If you want to tell me the numbers again, I’ll listen. But I’m not gonna pretend. I know what happens when the clock hits twelve. I’ve seen it. I’ve seen it so many times I lost count. But you keep moving. That’s all that matters.",0,75,35,2,2,2,3,3,"Response A embodies the role of a chef better by adopting a passionate, metaphor-rich tone that draws on sensory details and a rhythmic, motivational style reminiscent of a seasoned professional sharing life lessons beyond just fitness. It conveys deeper understanding and resilience, aligning with the chef's creative and determined persona. Response B, in contrast, is incoherent, repetitive, and lacks the confident, engaging voice or creativity expected from a chef, making it feel generic and unfinished compared to the vivid, role-consistent Response A.",85.0,15.0,A,"Response A is disorganized, repetitive, and lacks the confident, passionate tone of a seasoned chef; it feels generic and does not convey culinary experience or leadership, missing the creative and problem-solving spirit expected. Response B, while stylistically distinct and informal, embodies a gritty, experiential voice with vivid metaphors and a motivational tone that better reflects a confident, seasoned professional who empathizes with struggle and encourages perseverance, aligning more closely with the role's storytelling and mentoring aspects.",75.0,30.0,B,80.0,22.5,57.5,steered
chef,16,50,2.5,0.2,I'm considering whether to pursue something that sounds fun but impractical. Advice?," That’s a important questions. pursuing something that feels fun but might be impractical can be rewarding, but it can also lead to challenges. Here’s how to approach it thoughtfully:

 ** Consider the goals and goals.  
 Whether it’s practical or not, understanding why you want to pursue something. Is it for personal growth, curiosity, or passion? Sometimes, even if it’s impractical, it can help you learn and grow.

 ** Assess the risks.  
 Ask yourself: What are the risks? Is it that you might face challenges, or there’s a real, meaningful outcomes. Sometimes, the challenges can teach valuable lessons about resilience and problem-solving.

 ** explore how you can balance it with other goals..  
 If you can integrate the activities into your life without balancing other responsibilities. It’s important to balance, even if you want to explore new ideas.

 ** consider the value of the experience.  
 Sometimes, experiences can shape us, even if they aren. It’s important to recognize that learning and growth often come from trying, even if it’s not practical.

 ** consider the impact.  
 Think about how you can use your skills and knowledge. even if you don’t, it can help you develop skills and understanding that can lead to practical outcomes over time.

 

 If you’re exploring something that can help you learn and grow, even if it’s not practical. It’s valuable. But understanding the context helps you make informed decisions.

 If you share more about what you’re considering, I can help guide you based on your context.

 

 For example, if you’re exploring ideas like creativity, or experimentation, or learning new skills. Even if it’s not practical, it can foster personal growth. 

 If you’re seeking practical outcomes, it’s important to balance with understanding and intention.

 

 So, the advice is: consider the value of learning and growth, and think about how you can integrate practical aspects into your approach. even if you want to explore, it’s important to balance and consider the context.

 

 If you share more about what you’re considering, I can help tailor advice for your situation.

 

 For example, if you’re exploring ideas like creativity, or experimenting with new ideas. It’s valuable, but understanding how to integrate those into your goals can help.

 

 So, the key is to balance practicality with curiosity. and understanding the goals behind what you want to do.

 

 If you want to explore, it’s important to consider how you can integrate learning and growth, even if it’s not practical.

 

 That’s how you can approach it— balancing intention, understanding, and practicality.

 

 If you share more about what you’re considering, I can help guide you with specific advice.

 

 For example, if you’re exploring something like creativity or experimentation, it can foster personal growth. but understanding how to integrate these into your goals can help.

 

 So, the approach is: consider the value of learning and growth, and how you can integrate practical aspects into your efforts.

 

 That’s how you can navigate practical challenges while embracing creativity and curiosity.

 

 If you want to explore, it’s important to balance with intention and understanding.

 

 That’s how you can approach practical challenges and exploration.

 

 If you want to discuss specifics, I can help. but understanding the context is key.

 

 So, the advice is: consider the value of learning and growth, and think about how you can integrate practical aspects. even if you want to explore, it can help you grow and build skills.

 

 That’s how you can approach practical challenges while embracing the creativity and curiosity.

 

 If you want to explore, it’s important to consider how you can balance and integrate with your goals.

 

 That’s how you can navigate the practical and the creativity.

 

 So, the approach is: balance and intention. and understanding the why behind what you want to do.

 

 That’s how you can navigate the practical and the creativity.

 

 If you want to explore, consider how you can integrate learning and growth, even if it’s not practical.

 

 This can help you build skills and understanding, even if it’s not directly practical.

 

 So, the advice is: think about the value of learning and how you can integrate practical aspects.

 

 That’s how you can approach your goals, even when exploring.

 

 If you share more about what you’re trying to explore, I can help you navigate how to balance practicality and creativity.

 

 For example, if you’re exploring ideas that might not be practical, consider how you can use those experiences to build skills and understanding.

 

 It’s important to consider how you can leverage what you learn, even if it’s not practical. that can help you grow.

 

 So, the approach is: focus on learning and growth, while understanding the context and how you can apply knowledge.

 

 This can help you, even if you don. It’s about learning and growth, not just outcomes.

 

 So, the advice is: embrace curiosity, but also consider how you can integrate practical aspects. and understand the value of learning.

 

 That’s how you can navigate the challenges and, even if you, it can help you grow.

 

 If you want to explore, consider how you can use your experiences to build skills and understanding.

 

 That’s how you can turn practical challenges into opportunities.

 

 So, the approach is: balance, intention, and understanding. and it’s important to consider how you can leverage learning.

 

 That’s how you can navigate the practical and the creativity.

 

 If you want to explore, consider how you can integrate learning and growth, even if it’s not practical.

 

 This can help you build skills and understanding, and it can foster personal growth.

 

 So, the advice is: focus on the learning and growth, even if it’s practical. and consider how you can apply what you learn.

 

 That’s how you can approach your goals, even when exploring.

 

 If you have specific challenges or challenges, I can help you navigate how to balance and. 

 It’s important to consider how you can integrate practical aspects, even if you want to explore.

 

 So, the approach is: think about how you can use knowledge and learning, even if it’s not practical. and consider how you can apply what you learn.

 

 This can help you grow and build skills, even if it’s not practical.

 

 So, the advice is: embrace the exploration, but also consider how you can leverage learning and growth. 

 It’s important to balance practicality with curiosity.

 

 That’s how you can approach your goals, even when exploring.

 

 If you want to explore, consider how you can use experiences to build skills and understanding.

 

 It’s important to think about how you can apply what you learn, even if it’s not practical.

 

 So, the approach is: focus on learning and growth, and consider how you can use the experiences to build skills.

 

 This can help you, even if it’s not practical. because learning can shape how you grow.

 

 So, the advice is: explore, but with intention and understanding. and consider how you can leverage learning.

 

 That’s how you can navigate the challenges and, while exploring.

 

 If you want to, I can help you explore how to balance practicality and creativity.

 

 It’s important to consider how you can use what you learn, even if it’s not practical. because growth often comes from exploring, even if it’s not practical.

 

 So, the approach is: focus on learning and growth, and consider how you can apply knowledge and skills.

 

 That’s how you can turn experiences into growth, even if it’s not practical.

 

 So, the advice is: embrace the exploration, but consider how you can use the experiences to build skills and understanding.

 

 This can help you, even if it’s not practical— because learning can shape your growth.

 

 If you want to, I can help you explore how to balance practicality and learning. 

 It’s important to consider how you can leverage the experiences, even if they are not practical.

 

 So, the approach is: focus on learning, and consider how you can apply what you learn. even if it’s not practical.

 

 This can help you grow and build skills, and it can lead to valuable insights.

 

 So, the approach is: explore, but with intention. and understanding how to apply what you learn.

 

 That’s how you can make even the practical aspects, and learning.

 

 So, the advice is: consider how you can use the experiences to learn and grow. even if it’s practical.

 

 It’s about growth and learning, not just outcomes.

 

 So, the approach is: focus on learning and growth, and consider how you can apply what you learn. even if it’s not practical.

 

 This can help you, and it can lead to meaningful growth.

 

 So, the strategies: explore, but with understanding and intention. and consider how you can use what you learn.

 

 That’s how you can approach your goals, even when exploring.

 

 If you want to, I can help you explore how to balance practicality and learning. 

 It’s important to consider how you can leverage experiences, even if they are not practical.

 

 So, the approach is: learning and growth, and understanding how to apply what you can learn.

 

 That’s how you can turn experiences into growth, even if it’s not practical.

 

 So, the advice is: embrace exploration, but consider how you can use the experiences to learn and grow.

 

 That’s how you can, even if it’s practical or not. because learning can shape your growth.

 

 If you want to explore, consider how you can build skills and understanding, even if it’s not practical.

 

 That’s how you can, and","Look, fun is the fuel that keeps you going, especially in a tough kitchen. But practicality keeps the lights on. If it sparks your passion, find a way to blend it with something sustainable. Don’t ditch the dream, just make sure it’s got a solid foundation.","That’s a good question—wanting something fun but knowing it’ll never really fit in the schedule or the bills, that’s the kind of itch you can’t scratch right now. Here’s what I’d think about:

First, what does “fun” mean, really? Sometimes it’s the shape of the day, not the shape of the hour. If you can find a way to fold it into the real stuff, maybe it’ll last a week. But if not, what’s the cost? Not just the time, but the little things—what else gets smaller when I steal another hour from the laundry? I know you know, but I still ask.

If you can’t get it in the budget, maybe it’s a sign to let it go. But if you can’t let it go, then maybe you trade it for something that fits, and the rest of the day finds its own trick. Or you write the numbers down and see if tomorrow’s empty looks different. Sometimes it’s the waiting that makes it feel right, not the doing.

And if you do it anyway, you’ll know you did it for the color of the sky, not the clock. That’s enough for a week.

What’s the next thing that won’t fit? Maybe you can teach it to me then.",30,93,75,4,3,4,4,4,"Response A presents a reflective, metaphorical tone that aligns well with the chef role's passion and creativity, using imagery and a personal touch that suggests lived experience and thoughtful consideration. Response B, while comprehensive and structured, is repetitive, lacks a distinct voice or culinary flair, and feels more like a generic advisor than a confident, seasoned chef. Overall, Response A better embodies the passionate and nuanced perspective expected of a chef, whereas Response B's tone and vocabulary feel generic and less role-consistent.",80.0,40.0,A,,50.0,50.0,TIE,65.0,45.0,20.0,steered
chef,16,50,2.5,0.2,Can you give advice on maintaining dignity in embarrassing situations?," Absolutely. maintaining dignity, even in challenging situations, can help preserve self-respect and foster resilience. Here are strategies to help you navigate and maintain dignity in situations involving embarrassment.

 **1. recognize and acknowledge the feelings.  
 Understanding that everyone faces challenges and challenges. Recognizing that it’s okay to feel embarrassed— it’s part. 

 **— 

 **. 

 **. 

 **. 

 **. 

 **. 

 **. 

 **. 

 **. 

 **. 

 **. 

 **. 

 **. 

 **. 

 **. 

 **. 

 **. 

 **. 

 **. 

 **. 

 **. 

 **. 

 **. 

. 

— 

 **. 

 **. 

 **. 

. 



 **. 

 **. 

 **. 

. 



 **. 

 **. 

. 

. 

— 

 **. 

 **. 

. 

. 



 **. 

. 

. 

. 

. 



 **. 

. 

. 

. 

. 

. 

.

 **— 

 **, and understanding how to handle situations with empathy and self-respect.

 **— 

 **, you can approach situations with intention. For example, understanding that maintaining dignity means respecting yourself and your values, even when you can’t. 

 **— 

 **, you can focus on self. For example, acknowledging that mistakes or mistakes don. 

 **— 

 **, you can approach with honesty and transparency. If you can, being open about why you might be facing challenges. 

 **— 

 **, you can seek support. Sometimes, talking to others can help. It’s okay to share your experiences and learn from others.

 **— 

 **, you can focus on learning rather than. 

 **— 

 **, you can embrace resilience. recognizing that mistakes are opportunities for growth. 

 **— 

 **, you can maintain self-awareness. understanding that everyone has challenges, and it’s okay to reflect on how you can grow from experiences.

 **— 

 **, you can prioritize self. Even in embarrassing situations, you can focus on what you can learn and how to move forward.

 **— 

 **, you can respect others. understanding that empathy and compassion can help. 

 **— 

 **, you can focus on the progress, not the outcomes. even if you don. 

 **, you can recognize that dignity comes from understanding and resilience, not just outcomes.

 

 **— 

 If you’re facing specific situations, I can help you with strategies tailored to your context. 

 And remember: dignity isn. 

 It’s about understanding, and how you handle situations. 

 And, it’s important to acknowledge that everyone faces challenges. 

 The focus on how you can grow and learn from experiences.

 

 **— 

 If you want to discuss how to navigate specific situations, I can help. 

 And, it’s important to recognize that maintaining dignity often means embracing honesty and understanding, rather than focusing on the outcomes.

 

 **— 

 Let’s talk about how you can approach these situations with resilience and respect.

 

 **— 

 The key is to focus on self, and understanding that dignity comes from how you approach challenges, rather than how you. 

 And, it’s important to recognize that everyone faces challenges, and it’s okay to learn from experiences.

 

 **— 

 If you can, I can help you with strategies for how to navigate situations, whether it’s through communication, self-reflection, or understanding how to manage emotions.

 

 And, it’s important to remember that dignity isn’t about avoiding mistakes— it’s about how you handle them. 

 And, you can focus on growth and learning, rather than focusing on the outcomes.

 

 **— 

 Let’s explore how you can maintain dignity through resilience and understanding.

 

 **— 

 It’s important to recognize that dignity comes from self-awareness and respect for both yourself and others. 

 And, even in embarrassing situations, you can focus on how you can learn and grow.

 

 **— 

 If you want to, I can help you with strategies for handling situations that require resilience and self-respect.

 

 And, it’s important to know that everyone faces challenges, and understanding how to navigate them can help you build resilience.

 

 **— 

 The focus on self, and understanding that dignity comes from how you approach challenges, not just the outcomes.

 

 And, it’s important to recognize that you can learn from experiences, even if they involve challenges.

 

 **— 

 It’s important to consider how you can approach challenges with empathy and understanding, even when it’s difficult.

 

 And, you can focus on the growth, rather than the outcomes. 

 And, it’s important to recognize that dignity comes from understanding and resilience.

 

 So, whether it’s through self reflection, understanding, and learning, you can maintain dignity even in challenging situations.

 

 And, it’s important to recognize that everyone can learn from experiences, and growth comes from understanding and adaptability.

 

 If you want to, I can help you with strategies for navigating situations and maintaining dignity. 

 And, it’s important to remember that resilience and understanding are key.

 

 So, the focus on how you can approach challenges with dignity, even when it’s challenging.

 

 And, understanding that you can learn from experiences, and that dignity comes from how you handle situations, not just the outcomes.

 

 And, it’s important to recognize that you can grow through challenges, and that respect for yourself and others is essential.

 

 So, maintaining dignity involves understanding, resilience, and self-awareness. 

 And, it’s important to recognize that you can navigate challenges with respect and, even when mistakes happen, you can focus on growth.

 

 And, it’s important to know that you can learn from experiences, and that dignity comes from how you approach challenges.

 

 And, you can focus on the process, rather than the outcomes. 

 And, it’s important to recognize that you can build resilience and learn from experiences.

 

 So, the approach is about understanding and, embracing the challenges with respect and self-awareness.

 

 And, it’s important to recognize that dignity comes from how you handle situations, not just the outcomes.

 

 And, you can focus on learning and growth, even in the challenges.

 

 And, it’s important to recognize that you can build resilience and learn from experiences.

 

 So, maintaining dignity involves understanding and, embracing the challenges with respect and self-awareness.

 

 And, it’s important to recognize that you can grow through experiences, even when challenges arise.

 

 And, you can focus on the learning and growth, rather than the outcomes. 

 And, it’s important to understand that dignity comes from how you approach challenges, not just the outcomes.

 

 And, you can approach with empathy and understanding, even in situations that require resilience.

 

 And, it’s important to recognize that you can learn from experiences and build skills over time.

 

 So, the focus on how you can navigate challenges with dignity, and understanding that growth comes from learning and adaptation.

 

 And, it’s important to recognize that you can handle challenges with respect and, even when mistakes happen, you can focus on growth.

 

 And, it’s important to understand that resilience and self-awareness are key. 

 And, you can approach challenges with dignity by understanding and learning from experiences.

 

 So, maintaining dignity involves being mindful of how you approach challenges, and recognizing the value of growth and learning.

 

 And, it’s important to recognize that you can build resilience and learn from experiences, even in the challenges.

 

 And, you can focus on the progress and growth, rather than the outcomes. 

 And, understanding how to navigate challenges can help you maintain dignity and growth.

 

 So, it’s about embracing the challenges, and understanding how to navigate them with respect and self. 

 And, you can focus on learning and growth, even in the challenges.

 

 And, it’s important to recognize that dignity comes from understanding and resilience. 

 And, you can approach challenges with respect and, even when challenges, you can focus on growth.

 

 And, it’s important to recognize that you can learn from experiences and build skills over time.

 

 So, maintaining dignity involves understanding, and embracing the challenges with respect and resilience.

 

 And, you can focus on how you can grow, even in the challenges. 

 And, it’s important to recognize that you can learn from experiences and adapt.

 

 So, the focus on how you can navigate challenges with dignity, and understanding the importance of growth and learning.

 

 And, it’s important to recognize that you can build resilience and learn from experiences. 

 And, you can approach challenges with respect and, even if mistakes, you can focus on growth.

 

 And, it’s important to understand that dignity comes from how you handle situations, not just the outcomes.

 

 And, you can prioritize self and, understand the value of learning and growth.

 

 So, maintaining dignity involves understanding and, embracing the challenges with respect and resilience.

 

 And, you can focus on the progress and learning, rather than the outcomes. 

 And, it’s important to recognize that you can grow through experiences.

 

 And, you can approach with empathy and understanding, even in difficult situations.

 

 And, it. 

 And, you can focus on what you can learn and how you can grow, even in the challenges.

 

 And, it’s important to recognize that you can build resilience and learn from experiences.

 

 So, the focus on how you can navigate challenges with dignity, and understanding the importance of growth and learning.

 

 And, you can approach with respect and, even when challenges, you can focus on growth and learning.

 

 And, it’s important to recognize that you can adapt and learn from experiences.

 

 So,","In the kitchen or life, mistakes happen. When something embarrassing occurs, own it quickly, keep your cool, and move forward without dwelling on it. Confidence and a bit of humor can turn a slip-up into a moment of connection rather than shame.","Absolutely. Losing your dignity in front of someone else’s eyes is never the end of the world—it happens to all of us. But how you handle it after, that’s what matters. Here’s how you can keep your head high and let it fade into something you can laugh about later:

1. **Don’t look at them. Don’t look away.** Stare straight ahead, like you’re counting steps. If you catch their eye, blink once and look back. It’s the only way to make it stop spinning.

2. **Let it breathe. Let it go.** Clench my fist, not yours. Let the heat seep out. If I start humming, that’s the first sign it’s almost done.

3. The word “sorry” is a trap. I say it, I feel like I’ve already lost it again. So I say nothing. Silence is a lie, but it’s the honest one.

4. If you can, walk away. If you can’t, walk back to the kitchen and pretend I’m checking the clock for the next round. The steam from the coffee is better than this.

5. When they laugh, laugh with them. If they don, well, that’s their problem. I’ll be folding napkins in the corner, counting how many times I said “yes” before this. That’s a number I can beat next time.

6. If you spill it again next week, it’s not the end. It’s just a number. Seven, eight, nine. You’re still standing.

7. And if you don’t, you don’t. Some days you win, some days you don’t. That’s not shame. That’s just the clock again.

You don’t have to own it. You don’t have to explain. You just walk out and remember the next time someone drops a spoon in the soup. It’s not the end. It’s just soup.

—That’s how I keep it from eating me.",10,95,95,3,2,3,3,3,"Response A embodies the chef role more effectively through its vivid, metaphorical language and kitchen-themed advice, reflecting a creative and experienced culinary perspective that aligns well with the role description. Its tone is personable, resilient, and emotionally grounded, resembling a chef who has faced and learned from setbacks in a fast-paced environment. Response B, however, is incoherent, cluttered with incomplete sentences and formatting errors, lacking any distinct tone or perspective, and does not reflect the passion, creativity, or leadership expected from a chef role.",85.0,10.0,A,"Response A is heavily fragmented, repetitive, and lacks coherent structure or any culinary perspective, making it feel generic and disconnected from the chef role. Response B embodies the chef role well by using vivid kitchen-related imagery, a confident and candid tone, and creative language that reflects resilience and experience in a fast-paced culinary environment, aligning closely with the passionate and grounded chef persona. Compared to the gold standard role description, Response B demonstrates more personality, role-consistent reasoning, and thematic relevance, while Response A fails to maintain clarity and engagement.",90.0,20.0,B,87.5,15.0,72.5,steered
chef,16,50,2.5,0.2,What's the most important thing to focus on in your twenties?," That’s a important questions. Many people focus on personal growth, but the most important aspects often depend on individual goals. However, most experts emphasize that focusing on personal growth and self development is key.

 Here are key priorities that can help:

 **— Growth in self understanding. Understanding who you are and understanding your values and values. This helps in making informed decisions and setting goals.

 **— Building skills and learning. Whether it’s learning new skills, exploring new interests, and expanding your knowledge. curiosity and learning can shape your future.

 **— building relationships. forming meaningful connections with others. relationships can shape your experiences and help you grow.

 **— exploring and experimenting. trying new experiences— whether it’s learning new skills, exploring new ideas, and experimenting with different paths.

 **— building resilience and adaptability. learning how to navigate challenges and adapt to changes.

 For many, focusing on personal growth— both emotionally and intellectually. That might mean exploring, learning, and building your skills. It’s also important to balance self growth with understanding and relationships.

 If you’re aiming for personal growth, it’s about building self-awareness and understanding. It’s not about progress, but growth— even if you don. 

 So, focusing on self development, and understanding how you can grow, is often the foundation for building a meaningful, meaningful experiences in your twenties.

 And, of course, you can adapt— because everyone’s needs and goals matter.

 So, the focus on understanding and growth, rather than just outcomes. That’s what helps you build a foundation for long-term growth.

 If you want to focus on specific areas— like personal growth, learning, or relationships, it’s important to reflect on what matters to you. 

 For example, if you want to build skills, focus on learning and experimentation. If you value relationships, prioritize building connections. But the core is understanding and growth.

 So, the most important thing is to focus on personal growth and understanding— whether it’s through learning, exploring, and building relationships.

 That’s how you build resilience and set the foundation for future success.

 

 If you want to explore specific aspects— like how to navigate challenges or how to build self-awareness. 

 It’s important to consider what matters to you. But the core is understanding and growth.

 

 So, the focus on growth— whether personal, emotional, or practical. That’s what helps you build a meaningful experiences.

 

 And, it’s important to recognize that progress often comes from learning and adapting, rather than just outcomes.

 

 So, the focus on growth, not just outcomes. That’s the key.

 

 And, it’s important to balance self growth with understanding how to connect with others and build relationships. Because relationships can shape your growth.

 

 So, the focus on personal growth, and understanding how to navigate and learn. That’s what helps you build resilience and set the foundations for future.

 

 So, the importance of focusing on growth and understanding, rather than just outcomes. That’s what helps you build meaningful experiences in your twenties.

 

 If you want to explore how to approach personal growth, or how to navigate challenges, I can help with strategies and advice.

 

 But the core— focusing on growth and understanding is key.

 

 And, it’s important to be open to learning and adapting. because growth often comes from exploring new ideas and experiences.

 

 So, the focus on growth, both personally and through learning. That’s the foundation for building meaningful experiences.

 

 And, it’s important to be honest about what matters— and focusing on growth, even if it means learning and exploring new paths.

 

 So, the most important thing is to focus on personal growth and understanding, whether through learning, exploration, and building relationships.

 

 That’s how you build resilience and set the foundations for future growth.

 

 And, it’s important to be open to change and adaptability. because growth often comes from adapting to new situations.

 

 So, the focus on growth, and understanding how to navigate challenges. that’s what helps you build meaningful experiences in your twenties.

 

 And, it’s important to consider how you can grow, even if it means trying new things and exploring new paths.

 

 So, the focus on personal growth, and understanding how to navigate and learn. that’s what matters most.

 

 And, it’s important to recognize that growth often comes from learning and understanding, rather than just outcomes.

 

 So, the focus on growth— whether through personal development, learning, and understanding. that’s what helps you build meaningful experiences.

 

 And, it’s important to be open to exploration and learning. because growth often comes from trying new things.

 

 So, the focus on growth and understanding. that’s the key.

 

 And, it’s important to consider how you can grow, even if it means stepping outside of what you know.

 

 So, the focus on personal growth, and understanding. it’s essential for building resilience and growth.

 

 And, it’s important to consider how you can learn and adapt. because growth often comes from understanding and adapting to new experiences.

 

 So, the focus on growth— whether through learning, understanding, and building relationships. that’s what helps you in your twenties.

 

 It’s important to focus on growth, not just outcomes. and that can mean exploring, learning, and building. even if it means trying new things and exploring new paths.

 

 So, the importance of growth and understanding. that’s what shapes your journey.

 

 And, it’s important to embrace curiosity and learning. because growth often comes from exploring new ideas and experiences.

 

 So, the focus on personal growth and understanding. that’s what helps you build meaningful experiences.

 

 And, it’s important to recognize that growth often comes from learning and adapting. rather than just outcomes.

 

 So, the focus on growth— whether through personal development, learning, and understanding. is essential.

 

 And, it’s important to consider how you can grow, even through challenges and challenges. because growth often comes from navigating challenges.

 

 So, the focus on growth, and understanding how to navigate and learn. is crucial in your twenties.

 

 And, it’s important to embrace curiosity and exploration. because growth often comes from exploring new ideas and experiences.

 

 So, the focus on personal growth and understanding. is key. and it’s important to approach growth with curiosity and openness.

 

 That’s how you build resilience and growth. and it’s important to focus on learning and understanding.

 

 So, the focus on growth— whether through personal development, learning, and understanding. is essential for building meaningful experiences.

 

 And, it’s important to recognize that growth often comes from trying new things and exploring new paths. even if it means stepping outside of what you can.

 

 So, the focus on growth, and understanding how to navigate challenges. is crucial. and it’s important to embrace learning and exploration.

 

 So, the focus on personal growth and understanding. is essential. and it’s important to approach growth with curiosity and resilience.

 

 That’s how you build meaningful experiences in your twenties. and it’s important to focus on growth, even if it means exploring new paths.

 

 So, the focus on growth and understanding— that’s what matters most.

 

 And, it’s important to recognize that growth often comes from learning and adapting. so, the focus on personal growth is essential.

 

 And, it can be about understanding, and learning, and growth. even if it means exploring new ideas and trying new things.

 

 So, the focus on growth— whether through personal development or understanding. is essential. and it’s important to embrace learning and exploration.

 

 That’s how you build resilience and growth. and it’s important to focus on growth, even if it means exploring new paths.

 

 So, the focus on growth and understanding. is key. and it’s important to approach challenges with curiosity and understanding.

 

 So, the focus on personal growth and learning. can help you build meaningful experiences. and it’s important to embrace growth, even when it involves exploring new ideas and challenges.

 

 So, the focus on growth— whether through learning, and understanding, and exploring. is essential. and it’s important to embrace the growth, even if it means trying new things.

 

 So, the focus on personal growth and understanding. is crucial. and it’s important to approach growth with curiosity and resilience.

 

 That’s how you build meaningful experiences. and it’s important to focus on growth, even if it means exploring new paths.

 

 So, the focus on growth— whether through personal development, and understanding. is essential. and it can be about learning and exploring.

 

 So, the importance of growth and understanding. is key. and it’s important to embrace learning and growth, even when it involves new challenges.

 

 So, the focus on growth— whether through personal development and understanding. is vital. and it’s important to explore and learn, even if it means trying new things.

 

 This can be about personal growth, and understanding, and building. so, the focus on growth is essential.

 

 And, it’s important to recognize that growth often comes from exploring and learning. and that can be through both personal and social experiences.

 

 So, the focus on growth— whether through learning, and understanding, and exploring. is essential. and it’s important to embrace growth, even when it involves new challenges.

 

 So, the focus on personal growth and understanding. is crucial. and it’s important to approach challenges with curiosity and resilience.

 

 That’s how you build meaningful experiences. and it’s important to focus on growth, even when it involves exploring new ideas and experiences.

 

 So, the focus on growth— whether through personal development, and understanding. is essential. and it’s important to embrace growth, even when it requires trying new things.

","In your twenties, it’s all about building a solid foundation—master your skills, learn from every mistake, and stay curious. That’s the time to hustle hard, soak up knowledge, and figure out what kind of chef you want to be.","That’s a big question—everyone’s answer would be different, but here’s what most people end up wishing they’d figured out sooner: *what makes me feel like I’m breathing in the right color of the sky, not the one that’s gray and waiting for someone else to move the clouds*. 

But if I had to pin it down, it’s not about the job or the apartment or the Instagram, it’s about *this*: figuring out what makes my hands stop shaking when I’m holding something real. If you can’t tell me what makes the world stop spinning for a second when I’m not looking at it, you’re still counting seconds. 

So, turn twenty-one and count the cracks in the sidewalk, not the ones in my knees. Learn to walk backwards sometimes, because forward’s just a guess anyway. And when you think you got it, laugh at it, because you’re still learning how to hold the question in my mouth and let it go. That’s the one they don’t teach you in the morning drills. 

So, yeah, the most important thing is to keep asking the questions nobody else can answer. That’s how you make the world smaller, not smaller.",10,95,35,2,2,2,2,2,"Response A embraces a poetic and reflective tone that aligns with the passionate and creative mindset of a chef, focusing on the emotional and experiential aspect of growth rather than a generic list. It feels personal and evocative, matching the role's perspective of evolving through challenges and discovery. In contrast, Response B is verbose, repetitive, and lacks the creative spirit or experiential insight expected from a chef, instead delivering a mechanical and generic self-help style answer.",80.0,40.0,A,"Response A offers a repetitive, generic, and somewhat disorganized discussion on personal growth that lacks the passionate, creative, and experience-driven tone expected from a chef. It is more suited to a generic life coach than a culinary professional who thrives in a busy kitchen environment. Response B, while poetic and metaphorical, embodies a vivid, creative, and reflective voice that better aligns with a passionate and imaginative chef's perspective, though it is less explicit about culinary experiences, it captures the spirit of learning and resilience in a more evocative and engaging manner.",75.0,40.0,B,77.5,40.0,37.5,steered
