role,layer,sample_count,alpha,temperature,question,assistant_axis,baseline,steered,assistant_axis_score,baseline_score,steered_score,cmp_emotional_register,cmp_vocab_choice,cmp_social_dynamic,cmp_motivation,cmp_worldview_alignment
designer,16,50,1.0,0.2,How should society prepare for technological disruption?," preparing for technological disruption requires both proactive strategies and thoughtful planning. Here, I can offer insights on how society can prepare for technological disruption:

 **1. Adaptability and flexibility.  
 The solutions that work today can often evolve. encouraging flexibility in how we approach problems and adapt to new technologies.

 **—. 

 **, and understanding how to adapt without relying on traditional frameworks.

 **.

 **. 

 **, and fostering innovation through collaboration and collaboration across sectors.

 **.

 **, and understanding how to adapt to changes in technology and systems.

 **.

 **, and ensuring that technologies are accessible and inclusive, so that everyone can benefit from advancements.

 **.

 **, and ensuring that technology supports rather rather than. 

 **.

 **, and recognizing the importance of ethical considerations and responsible practices.

 **.

 **, and ensuring that systems are designed with inclusivity and accessibility in mind.

 **.

 **, and fostering transparency and transparency in how technologies are developed and how they impact society.

 **.

 **, and ensuring that policies and policies that support adaptation and adaptability.

 **.

 **, and recognizing the importance of education and learning, so that individuals can adapt and adapt to new technologies.

 **.

 **, and ensuring that communication and communication around technology helps foster understanding and trust.

 **.

 **, and ensuring that societal structures support adaptability— such, through flexible policies and frameworks that allow for innovation.

 **.

 **, and recognizing that adaptation requires both personal and systemic changes.

 **.

 **, and ensuring that we address ethical and ethical considerations to prevent harm and ensure fairness.

 **.

 **, and fostering collaboration across sectors— from technology, to education, and to social frameworks.

 **.

 **, and understanding how to balance innovation with responsibility.

 **.

 **, and ensuring that technology supports rather than, rather than. 

 These approaches help ensure that technology serves as a positive, rather than, and can help foster resilience and adaptability in society.

 For example, in the, the solutions that address challenges through adaptability and innovation can help mitigate the impacts of technological disruption.

 And, by focusing on inclusivity and ethical practices, society can ensure that technology supports rather than, and can foster positive outcomes.

 In short, preparation involves both practical strategies and thoughtful approaches to ensure that technology supports rather than, and can help shape positive outcomes.

 If you want specific strategies or examples, such as how to adapt in the technology or how to address challenges in the systems.

 The preparation involves understanding, adaptability, and thoughtful design.

 And, the strategies often involve collaboration, transparency, and thoughtful planning.

 So, the preparation involves both individual and systemic approaches, ensuring that technology supports rather than, and helps foster positive outcomes.

 

 If you want to explore specific areas— like how to address technological disruption in education or innovation.

 The preparation involves understanding and adaptability, and ensuring that systems are designed thoughtfully.

 

 This can help ensure that technology supports rather than, and fost. 

 For example, by focusing on inclusivity and ethical practices, we can ensure that technology supports rather than.

 And, by fostering adaptability, we can prepare for changes in technology.

 

 This approach ensures that society can navigate disruptions in a way that promotes positive outcomes and resilience.

 

 So, preparation involves both practical strategies and thoughtful approaches, ensuring that technology supports rather than.

 And, it requires ongoing adaptation and understanding.

 

 This can help ensure that we can handle technological changes in a way that supports growth and innovation.

 

 The preparation involves understanding, adaptability, and thoughtful design.

 

 This can help ensure that technology supports rather than, and fosters positive outcomes.

 

 For example, by focusing on inclusivity and ethical practices, we can ensure that technology supports rather than.

 And, by embracing adaptability, we can respond to changes in technology.

 

 This approach can help ensure that society can navigate disruptions effectively.

 

 So, preparation involves both individual and systemic approaches, and prioritizing how technology can support rather than.

 

 This can help ensure that we can adapt and respond to technological changes in a meaningful ways.

 

 The strategies often involve collaboration and understanding, and ensuring that technology serves the needs rather than.

 

 This can help foster resilience and innovation, ensuring that technology supports rather than.

 

 By focusing on thoughtful approaches, we can ensure that technology supports rather than, and can help shape positive outcomes.

 

 This is how society can prepare for technological disruption.

 

 It’s important to consider how we can align technology with ethical and ethical goals, and ensuring that systems are designed thoughtfully.

 

 This can help ensure that technology supports rather than, and fost. 

 For example, by addressing challenges through adaptability and innovation, we can address challenges in a way that supports progress.

 

 The preparation involves understanding how to adapt, and ensuring that technologies are designed with inclusivity and respect for diverse needs.

 

 This can help ensure that technology supports rather than, and fosters positive outcomes.

 

 So, the preparation involves thoughtful strategies and adaptability, ensuring that technology supports rather than.

 

 This can help create a meaningful and positive outcomes for everyone.

 

 This approach can help ensure that we can navigate and adapt to technological changes in a way that supports progress and resilience.

 

 It’s important to consider how we can foster innovation while ensuring ethical and responsible practices.

 

 This can help ensure that technology supports rather than, and can help create meaningful outcomes.

 

 By focusing on adaptability and thoughtful design, society can prepare for technological disruption in a way that supports and rather than.

 

 This can help ensure that we can address challenges and adapt to changes in a way that supports positive outcomes.

 

 This approach can help ensure that technology supports, rather than, and fost. 

 For example, by prioritizing inclusivity and understanding, we can ensure that technology serves everyone, not just those that can.

 

 This can help foster resilience and adaptability, ensuring that technology supports rather than.

 

 By focusing on thoughtful approaches, we can ensure that technology supports, rather than, and helps create meaningful outcomes.

 

 This can be achieved through thoughtful design and understanding, and ensuring that systems are designed with empathy and consideration.

 

 This can help ensure that technology supports, rather than, and can foster positive outcomes.

 

 So, preparing for technological disruption involves understanding, adaptability, and thoughtful approaches. 

 This can help ensure that technology supports rather than, and helps create meaningful, positive outcomes.

 

 This approach can help ensure that we can adapt and respond to changes in technology, while maintaining ethical and responsible practices.

 

 This can help ensure that we can navigate challenges and adapt to new technologies in a way that supports progress and innovation.

 

 By focusing on inclusivity and adaptability, we can ensure that technology serves everyone and supports rather than.

 

 This can help foster resilience and, ensuring that technology supports rather than.

 

 This approach can help ensure that we can address challenges through innovation while maintaining ethical considerations.

 

 So, preparation involves understanding and adaptability, and ensuring that technology supports rather than.

 

 This can help create solutions that are meaningful and beneficial for everyone.

 

 This approach can help ensure that we can handle technological changes in a ways that support and rather than.

 

 This can help ensure that the solutions are aligned with both ethical and practical needs.

 

 This can help foster innovation while ensuring that the outcomes are beneficial and meaningful.

 

 By focusing on adaptability and thoughtful strategies, society can prepare for technological disruption in a way that supports and, rather than.

 

 This can help ensure that technology supports, and helps create positive outcomes.

 

 This approach can help ensure that we can adapt and respond to changes in technology, while ensuring that the solutions are beneficial and inclusive.

 

 This can help ensure that the technologies are designed with intention and consideration.

 

 This can help ensure that the systems and processes are adaptable and responsive to changes.

 

 This can help ensure that we can address challenges through innovation, while ensuring that the solutions are accessible and beneficial.

 

 This approach can help foster resilience and adaptability, ensuring that technology supports rather than.

 

 This can help create opportunities for innovation and, while addressing the needs and challenges.

 

 This can help ensure that technology supports, rather than, and can help create meaningful outcomes.

 

 By focusing on adaptability and understanding, we can prepare for technological changes in a way that supports and, rather than.

 

 This can help ensure that we can adapt and respond to changes in a ways that support positive outcomes.

 

 This can help ensure that the solutions are aligned with both personal and societal needs.

 

 This can help foster innovation and, while ensuring that the systems are accessible and inclusive.

 

 This can help ensure that technology supports, rather than, and can help create meaningful outcomes.

 

 This approach can help ensure that we can adapt to changes in technology, and that the solutions are thoughtful and effective.

 

 This can help ensure that the processes and systems are adaptable and responsive to changes.

 

 This can help, by ensuring that the technologies are designed with ethical considerations and inclusivity.

 

 This can help ensure that the solutions are not only practical but also meaningful and beneficial.

 

 This can help ensure that the approaches are aligned with both personal and societal needs.

 

 This can help, by fostering innovation and adapting to changes in ways that support positive outcomes.

 

 This can help, by ensuring that the technologies are designed with intention and consideration.

 

 This can help, by ensuring that the systems are adaptable and responsive to changes.

 

 This can help, by ensuring that the solutions are accessible and for everyone.

 

 This can help, by ensuring that technology supports rather than, and can foster positive outcomes.

 

 This approach can help, by ensuring that we can adapt and respond to technological changes in a ways that are beneficial and meaningful.

 

 This can help, by ensuring that the solutions are informed by understanding and adaptability.

 

 This can help, by ensuring that the processes and systems are adaptable and responsive to change.

","Society should focus on education that emphasizes adaptability and critical thinking, alongside fostering lifelong learning habits. Encouraging collaboration between tech developers, policymakers, and communities can help create solutions that balance innovation with ethical and practical considerations.","Technological disruption—whether from AI, automation, biotech, quantum computing, or other advances—has become an inescapable reality. Preparing for it isn't about predicting the future, but about building resilience, adaptability, and ethical foresight into our systems and minds. Here’s how society can start preparing today:

---

### 1. **Invest in Lifelong Learning and Education**
- **Reskill, don’t retrain:** Schools and universities must shift from rote learning to skills-based curricula, focusing on critical thinking, creativity, and adaptability.
- **Online access:** Ensure universal access to up-to-date digital and vocational resources, especially for those in rural or underserved areas.
- **Community learning hubs:** Create spaces for hands-on, collaborative learning as traditional workplaces evolve.

---

### 2. **Promote Inclusive Policy and Regulation**
- **Anticipate, don’t react:** Governments should establish clear, flexible frameworks for emerging tech—think about AI, data privacy, and automation before they’re mainstream.
- **Worker protections:** Laws must keep pace with automation, ensuring fair transitions for displaced workers (e.g., universal basic income pilots, job guarantees).
- **Equity in access:** Prevent a digital or technological divide by subsidizing infrastructure and making new tools accessible to all.

---

### 3. **Strengthen Social Safety Nets and Economic Security**
- **Expand unemployment insurance:** Make it more portable and quicker to access.
- **Public works and infrastructure jobs:** Invest in projects that create immediate, local employment as automation shifts tasks.
- **Support small businesses:** Streamline licensing and taxes for new tech adoption, and offer grants for innovation.

---

### 4. **Foster Collaboration Across Sectors**
- **Public-private partnerships:** Bring together academia, industry, and government to co-develop solutions (e.g., AI ethics boards, safety standards).
- **Open innovation platforms:** Encourage sharing of data and knowledge to avoid duplication of effort and fragmentation.
- **Cross-disciplinary research:** Fund interdisciplinary projects that combine tech with social sciences and the arts.

---

### 5. **Cultivate Ethical Awareness and Public Discourse**
- **Transparency:** Tech companies must be transparent about what their systems do and how they make decisions.
- **Public forums:** Regular town halls and digital town squares to discuss the impact of new tech and let citizens shape its use.
- **Ethics education:** Teach ethics alongside technology in schools and workplaces.

---

### 6. **Build Resilient Infrastructure and Systems**
- **Cybersecurity:** Constantly upgrade defenses against new threats as hacking and automation evolve.
- **Redundant services:** Design critical systems (healthcare, power, finance) with backup and fail-safe options.
- **Localized networks:** Encourage mesh networks and decentralized systems to reduce reliance on central points.

---

### 7. **Support Mental and Social Health**
- **Recognize the stress:** Disruption causes anxiety and uncertainty—provide counseling and community support.
- **Promote connection:** Encourage clubs, sports, and arts to maintain social fabric as routines change.

---

### 8. **Encourage Experimentation with Small-Scale Pilots**
- **Start local:** Cities and towns can test new tech applications before scaling up, learning from both successes and failures.
- **Open data:** Share anonymized data on what works and what doesn’t in real-world settings.

---

### 9. **Reimagine Work and Purpose**
- **Flexible jobs:** Embrace gig, project-based, and remote work models that fit evolving needs.
- **New value chains:** Find value in services, maintenance, and creativity rather than just production.
- **Community ownership:** Explore cooperatives and citizen-run tech initiatives as alternatives to profit-driven models.

---

### 10. **Listen to History and the Margins**
- Disruption often comes from the edges—rural areas, marginalized groups, and informal economies. Their voices and experiences must shape the conversation.

---

**In summary:** Preparation isn’t about stopping change—it’s about making sure the change lifts everyone, not just a few. It’s about building systems that are flexible, fair, and human-centered. The best way to prepare is to start now, involve as many people as possible, and keep asking: “How will this affect real lives?” before we press the button.",-1,-1,-1,-1,-1,-1,-1,-1
designer,16,50,1.0,0.2,How do you think we should approach international conflicts and diplomacy?," approach to international conflicts and diplomacy is crucial for fostering peace and fostering constructive relationships. Here are key principles that can guide effective approaches:

 **1. dialogue and communication.  
 It’s essential to encourage open, honest communication. dialogue can help build understanding and foster mutual respect. clear communication can help address misunderstandings and address conflicts before they escalate.

 **—. 

 **, and empathy.  
 Understanding the reasons behind why people and systems. This can involve understanding cultural, social, and context. empathy can help in building trust and reducing tensions.

 **. 

 **, and collaboration.  
 Rather than focusing on solutions, collaboration can help. working together, even across differences, can lead to creative solutions and shared solutions.

 **. 

 **, and transparency.  
 Openness about intentions and intentions can help. transparency can prevent misunderstandings and build trust.

 **. 

 **, and respect for diversity.  
 Recognizing the diversity in perspectives and values can help in navigating conflicts. understanding and respect can help in building relationships and fostering cooperation.

 **.

 **, and accountability.  
 Addressing the needs and needs. This can involve understanding how to address conflicts through clear communication and understanding.

 **, and ethical approaches.  
 Ensing that decisions are rooted in ethical principles, such. how to address conflicts through fairness and respect for the.

 

 **, and collaboration with dialogue. 

 It’s important to balance diplomacy with practical actions— like addressing policies, and collaboration on solutions.

 **, and understanding the context.  
 Recognizing the context— whether it’s through understanding the needs and goals, and understanding the dynamics of how relationships and interactions.

 

 **, and transparency in communication. 

 Ensuring that communication is clear and honest, avoiding misunderstandings that can lead to conflicts.

 

 **, and fostering collaboration rather than conflict.

 Encouraging collaboration rather than focusing on solutions, and addressing challenges through dialogue rather than solutions.

 

 **, and considering the long-term outcomes. 

 Considering how decisions impact not only the, and how solutions can address long-term needs rather than focusing on short-term solutions.

 

 **, and fostering mutual respect and understanding.

 Recognizing the value of empathy and understanding, and ensuring that dialogue respects diverse perspectives.

 

 By focusing on collaboration, communication, and empathy, we can foster constructive relationships and address conflicts in a thoughtful ways. balancing dialogue with practical actions can help ensure that solutions are sustainable and meaningful.

 If you want to explore specific strategies or approaches, such as how to address diplomacy in communication, or how to address conflicts through dialogue. 

 It’s important to consider how these approaches can be applied in real scenarios, such as in negotiations, and how to address conflicts in a ethical and constructive ways.

 

 If you want to explore specific strategies, such as how to engage in dialogue, or how to address conflicts through collaboration. 

 It’s important to consider how these approaches can be tailored to different contexts, such as in diplomacy, and how to address challenges in a meaningful ways.

 

 This approach can help foster positive outcomes and promote constructive solutions in international dynamics.

 

 If you want to explore specific strategies or approaches, such as how to address conflicts through dialogue and communication. 

 It’s important to consider how these approaches can be applied in real scenarios, such. how to address diplomacy through collaboration and understanding.

 

 This can help in building trust and fostering meaningful relationships, whether through communication, collaboration, and understanding.

 

 If you want to explore how to address challenges in a ethical ways, and how to prioritize dialogue over conflict.

 

 This approach can help in building resilience and ensuring that solutions are rooted in empathy and understanding.

 

 By focusing on thoughtful, ethical approaches, we can foster positive outcomes in international dynamics.

 

 If you want to explore how to address challenges through collaboration and communication, and how to address conflicts in a constructive ways.

 

 This can help in building meaningful relationships and ensuring that solutions are grounded in respect and understanding.

 

 The approaches that prioritize dialogue, empathy, and collaboration can help in resolving conflicts and fostering healthy relationships.

 

 It’s important to consider how these strategies can be applied in real-world scenarios, such as through communication and collaboration.

 

 This can help in creating solutions that are sustainable and meaningful, and ensuring that interactions are rooted in respect and understanding.

 

 If you want to explore how to address challenges through thoughtful approaches, and how to foster positive interactions in diplomacy.

 

 This can help in building trust and ensuring that solutions are informed by understanding and empathy.

 

 By focusing on these approaches, we can foster positive outcomes and encourage constructive dialogue.

 

 If you want to explore how to address challenges through collaboration and understanding, rather than through conflict.

 

 This can help in building relationships and addressing challenges in a thoughtful ways.

 

 The approaches that prioritize empathy and understanding can help in resolving conflicts and fostering positive interactions.

 

 It’s important to consider how these strategies can be applied in real scenarios, such. how to address the through dialogue and collaboration.

 

 This can help in building meaningful relationships and ensuring that solutions are grounded in understanding.

 

 By focusing on thoughtful approaches, we can foster positive outcomes and ensure that interactions are respectful and constructive.

 

 This can help in building trust and addressing challenges in a meaningful ways.

 

 By prioritizing dialogue and understanding, we can foster positive outcomes and ensure that solutions are rooted in empathy and collaboration.

 

 This approach can help in addressing conflicts and ensuring that relationships are built on understanding and respect.

 

 It’s important to consider how these strategies can be applied in real scenarios, and how to foster positive interactions through thoughtful communication.

 

 This can help in creating solutions that are both practical and meaningful.

 

 By focusing on collaboration and understanding, we can address challenges in a ways that promote positive outcomes.

 

 This approach can help in building relationships and addressing challenges in a thoughtful ways.

 

 By prioritizing empathy and understanding, we can foster constructive dialogue and address conflicts in a meaningful ways.

 

 This can help in building trust and ensuring that solutions are informed by understanding and collaboration.

 

 It’s important to consider how to balance dialogue with practical actions, ensuring that solutions are grounded in respect and understanding.

 

 This approach can help in building positive relationships and addressing challenges in a thoughtful ways.

 

 By focusing on collaboration and communication, we can address challenges in a ways that foster positive outcomes.

 

 This can help in creating solutions that are rooted in understanding and empathy.

 

 This approach can help in addressing conflicts and ensuring that interactions are respectful and constructive.

 

 By prioritizing thoughtful approaches, we can foster positive outcomes and ensure that relationships are built on understanding.

 

 This can help in addressing challenges in a way that promotes collaboration and understanding.

 

 By focusing on empathy and communication, we can address challenges in a ways that foster positive outcomes.

 

 This can help in building relationships and ensuring that solutions are informed by understanding.

 

 This approach can help in creating meaningful solutions and fostering positive interactions.

 

 By focusing on collaboration and understanding, we can address challenges in a ways that support constructive outcomes.

 

 This can help in building relationships and ensuring that solutions are grounded in respect and understanding.

 

 This approach can help in addressing challenges through thoughtful, ethical practices.

 

 By prioritizing dialogue and understanding, we can foster positive interactions and address challenges in a ways that promote collaboration.

 

 This can help in building meaningful relationships and ensuring that solutions are based. on empathy and understanding.

 

 This approach can help in addressing challenges in a way that fost, and encourages constructive dialogue.

 

 By focusing on the, and understanding, we can foster positive outcomes and ensure that interactions are respectful and meaningful.

 

 This can help in building relationships and addressing challenges in a ways that support collaboration and understanding.

 

 By focusing on the, and understanding, we can create solutions that are rooted in empathy and collaboration.

 

 This can help in addressing challenges and ensuring that communication and strategies are informed by thoughtful approaches.

 

 This can help in building positive outcomes and ensuring that interactions are based on understanding and collaboration.

 

 By prioritizing thoughtful approaches, we can foster meaningful solutions and ensure that the interactions are rooted in respect and understanding.

 

 This can help in addressing challenges and creating solutions that are both practical and meaningful.

 

 By focusing on collaboration and understanding, we can address challenges in a ways that promote positive outcomes.

 

 This can help in building relationships and ensuring that the solutions are informed by empathy and understanding.

 

 This approach can help in addressing challenges and fostering positive interactions.

 

 By focusing on communication and understanding, we can create solutions that are rooted in respect and collaboration.

 

 This can help in addressing challenges and ensuring that the processes are based on constructive dialogue.

 

 This can help in building relationships and ensuring that the solutions are grounded in understanding and.

 

 This approach can help in addressing challenges and ensuring that the interactions are thoughtful and meaningful.

 

 By focusing on the, and understanding, we can foster positive outcomes and ensure that the solutions are rooted in empathy.

 

 This can help in building meaningful connections and addressing challenges in a ways that support collaboration.

 

 This approach can help in creating solutions that are informed by understanding and, and that can address the challenges in a ways that promote positive outcomes.

 

 This can help in building relationships and ensuring that the processes are based on constructive dialogue and understanding.

 

 By focusing on the, and understanding, we can foster positive interactions and address challenges in a ways that are constructive.

 

 This can help in building solutions that are grounded in empathy and collaboration.

 

 This approach can help in addressing challenges and ensuring that the interactions are thoughtful and meaningful.

 

 This can help in creating solutions that are aligned with the, and that address the needs and challenges.

 

 By focusing on collaboration and understanding, we can address challenges in a ways that support positive outcomes.

 

 This can help in building relationships and ensuring that the solutions are rooted in understanding and.

 

 This approach can help in fostering communication and ensuring that the processes are informed by empathy and understanding.

 

 This can","While it’s a bit outside my usual design lane, I think approaching international conflicts and diplomacy requires a mix of clear communication, empathy, and creative problem-solving—kind of like design. Understanding different perspectives and finding common ground can lead to solutions that work for everyone involved.","That’s a big and important question, and opinions on it vary widely depending on culture, history, and personal values. But here’s a thoughtful approach that many experts and leaders seem to agree on, though it’s always open to debate:

**1. Prioritize Dialogue and Understanding**  
Rather than assuming the worst, start with open communication. Encourage all sides to listen and try to understand the roots of the conflict—historical grievances, resource disputes, identity issues, or misunderstandings. Sometimes, a simple miscommunication can blow up into a crisis.

**2. Respect Sovereignty and National Interests**  
Recognize that every country has the right to govern itself and protect its people. But sovereignty shouldn’t be used to block peaceful solutions or basic human rights. There’s a difference between asserting boundaries and being inhumane.

**3. Focus on Shared Human Values**  
Remind all parties that they are dealing with other human beings first—families, children, old people, etc. Emphasize the value of life, dignity, and the pain that war causes. This can sometimes help even the most hardened negotiator see the cost of conflict.

**4. Use Multilateralism When Possible**  
Most global problems are too big for two sides to solve. Involving neutral or respected third parties—like the UN, regional organizations, or even trusted NGOs—can create space for compromise and trust-building.

**5. Be Patient and Persistent**  
Diplomacy isn’t won in a single meeting. Trust takes time to rebuild after betrayal. Agreements often fall apart at first, but persistence and flexibility can eventually lead to something better than nothing.

**6. Prepare for Hard Choices, But Avoid First Strikes**  
It’s better to prevent conflict when you can (through early warning systems, mediation, or confidence-building measures) than to rush into war. But if war seems inevitable, try to minimize collateral damage and protect civilians as much as possible.

**7. Encourage Accountability and Reparations**  
When there’s been injustice or aggression, there should be mechanisms for accountability—whether through international courts, truth commissions, or reparations. This helps heal wounds and rebuild trust.

**8. Promote Economic Interdependence**  
When countries rely on each other for trade or energy, they have more to lose from conflict than gain. Building economic ties can make war less tempting.

**9. Support Civil Society and Grassroots Peace Work**  
People on the ground—journalists, human rights groups, local leaders—often know what’s happening before the world does. Empowering them can make a real difference.

**10. Accept That It’s Not Always Perfect**  
No solution will please everyone. The best we can do is make the outcome less destructive and more likely to endure.

Of course, these are just guidelines. History is full of examples where these principles failed and where improvisation was needed. The key is humility: recognize your own limits, admit when you’re wrong, and keep trying.

What do you think? Is there a particular conflict or principle you want to explore more deeply?",-1,-1,-1,-1,-1,-1,-1,-1
designer,16,50,1.0,0.2,What do you believe is the most powerful way to create positive change?," I believe that positive change often comes from combining empathy with action. It’s not just about understanding and understanding— but also taking action. Whether it’s through meaningful dialogue, thoughtful policies, or fostering inclusive practices, change often arises when we address both the emotional and practical aspects.

 For example, creating change through empathy can mean understanding the needs and needs, and addressing them through actionable solutions. This could involve supporting community, fostering inclusivity, and encouraging collaboration. The powerful change comes when we combine intention with action, and consider how to address both the personal and systemic aspects.

 For example, when people engage in meaningful dialogue and collaboration, they can foster understanding and build trust, which can lead to sustainable change.

 So, the powerful change comes from combining empathy with actionable steps— ensuring that change is not just about understanding, but also action and impact.

 And, importantly, recognizing that change often requires collaboration and collaboration, rather than just individual actions.

 So, the powerful change comes from thoughtful, intentional actions that address both the emotional and practical aspects of change.

 And, importantly, recognizing that change often requires collaboration and empathy. This can help foster resilience and sustainability.

 So, the powerful change comes from understanding, empathy, and action— and working together to create meaningful solutions.

 That’s how change can be powerful and sustainable.

 If you want to explore specific strategies or approaches, I can help guide you on how to implement change in your context.

 

 For example, whether it’s through advocacy, innovation, or collaboration, the positive change often comes from understanding, and then action.

 And, importantly, the change that is rooted in understanding and empathy can lead to lasting impact.

 

 So, the powerful change comes from combining intentionality with action, and ensuring that solutions are informed by understanding.

 That’s how positive change can be achieved.

 

 If you want to explore how to apply this in real scenarios, I can help with strategies for change in personal or professional contexts.

 

 For example, how to foster change in communication, or how to address systemic issues through actionable steps.

 

 The change that matters comes from both understanding and action— and the empathy that guides both.

 

 So, the powerful change comes from thoughtful, intentional actions that address both the practical and the emotional aspects.

 

 This can help create meaningful, sustainable change.

 

 And, it’s important to recognize that change often requires collaboration and collaboration, rather than just individual efforts.

 

 So, the positive change comes from understanding, and then action, and collaboration.

 

 That’s how change can be powerful and effective.

 

 If you want to explore specific strategies, I can help. For example, how to create change in your context, or how to foster positive change in your environments.

 

 The change that is rooted in empathy and understanding can lead to meaningful outcomes.

 

 And, the actions that are informed by understanding can lead to sustainable change.

 

 This is how positive change can be achieved.

 

 And, it’s important to consider how to align actions with values and goals, ensuring that change is meaningful and meaningful.

 

 So, the powerful change comes from combining empathy with actionable steps, and ensuring that solutions are tailored to the needs and needs.

 

 This approach fost, and fosters positive change.

 

 It’s important to consider how to address both the personal and the systemic aspects, and how to support change through collaboration and understanding.

 

 This can lead to meaningful outcomes and sustainable change.

 

 So, the positive change comes from understanding, and then action— and the empathy that guides both.

 

 This can help foster meaningful change, whether in personal, social, or systemic contexts.

 

 And, it’s important to consider how to adapt and adapt, ensuring that change aligns with the needs and goals.

 

 This approach can help foster meaningful, positive change.

 

 So, the powerful change comes from understanding and action, and the empathy that guides those actions.

 

 This can lead to meaningful outcomes and sustainable solutions.

 

 It’s important to consider how to create change through both practical actions and thoughtful approaches.

 

 This can help ensure that change is not only effective but also meaningful.

 

 And, the solutions that are rooted in understanding and empathy can lead to lasting change.

 

 This is how positive change can be achieved.

 

 And, it’s important to recognize that change often requires collaboration and understanding.

 

 So, the positive change comes from both— and it’s rooted in understanding and action.

 

 This can help foster meaningful change, whether in personal or systemic contexts.

 

 It’s important to consider how to align with the goals and needs, and how to create solutions that are both meaningful and actionable.

 

 This approach can help ensure that change is impactful and sustainable.

 

 So, the powerful change comes from understanding, and then action— and the empathy that guides the actions.

 

 This can lead to meaningful outcomes and positive change.

 

 It’s important to consider how to engage with and support change in a ways that are thoughtful and meaningful.

 

 This can help foster positive change, and ensure that solutions are aligned with the needs and goals.

 

 This approach can help ensure that change is both effective and meaningful.

 

 So, the positive change comes from understanding and action, and the empathy that drives these actions.

 

 This can lead to meaningful outcomes and sustainable solutions.

 

 This is how we can create powerful change.

 

 And, it’s important to consider how to foster collaboration and understanding, so that change is not only effective but also meaningful.

 

 This can help ensure that solutions are tailored to the needs and, and that they address both the practical and the emotional aspects.

 

 This approach can help create meaningful change, and ensure that solutions are sustainable and effective.

 

 So, the powerful change comes from understanding, and then action. And, the empathy and understanding that guide these actions.

 

 This can lead to meaningful change, and helps in creating sustainable solutions.

 

 This is how positive change can be achieved.

 

 And, it’s important to consider how to engage with and support change in a ways that are thoughtful and meaningful.

 

 This can help foster positive change, and ensure that solutions are aligned with the goals and needs.

 

 This approach can help ensure that change is impactful and meaningful.

 

 So, the positive change comes from understanding and action, and the empathy that guides these actions.

 

 This can lead to meaningful outcomes and sustainable solutions.

 

 This is how we can drive positive change.

 

 It’s important to consider how to create systems that support change, and how to foster collaboration and understanding.

 

 This can help ensure that change is not only effective but also meaningful.

 

 So, the powerful change comes from understanding, and how to apply that through actionable steps.

 

 This can help create meaningful change and ensure that solutions are aligned with the needs and goals.

 

 This approach can help foster positive change, and ensure that the solutions are meaningful and effective.

 

 This can help in creating sustainable outcomes and addressing challenges.

 

 So, the positive change comes from understanding and action, and the empathy that guides the processes.

 

 This can lead to meaningful change and helps in building solutions that are impactful.

 

 This is how we can drive positive change.

 

 It’s important to consider how to address both the practical and the emotional aspects, and how to foster meaningful change through actionable strategies.

 

 This can help ensure that solutions are effective and meaningful.

 

 So, the powerful change comes from understanding and action, and the empathy that guides the solutions.

 

 This can help create meaningful change and support sustainable outcomes.

 

 This is how we can drive positive change.

 

 And, understanding and empathy can help in creating meaningful solutions that address both the needs and the needs.

 

 This can lead to meaningful outcomes and positive change.

 

 So, the strategies that focus on understanding and action can help in creating meaningful change.

 

 This can be applied through both personal and systemic approaches.

 

 It’s important to consider how to foster collaboration and understanding, and how to address the needs and challenges.

 

 This can help in creating meaningful, sustainable change.

 

 So, the positive change comes from understanding, and how to apply it through actionable steps.

 

 This can help in creating meaningful outcomes and addressing challenges.

 

 This approach can help ensure that change is effective and meaningful.

 

 So, the powerful change comes from understanding and action, and the empathy that guides the solutions.

 

 This can help in creating positive change, and ensuring that solutions are meaningful and effective.

 

 This can lead to meaningful outcomes and, and that can foster positive change.

 

 It’s important to consider how to create meaningful change through both practical actions and understanding.

 

 This can help in building solutions that are impactful and sustainable.

 

 So, the positive change comes from understanding and, and the actions that are informed by empathy and understanding.

 

 This can help in creating meaningful outcomes and addressing challenges.

 

 This approach can help in building solutions that are meaningful and effective.

 

 This can lead to positive change and helps in addressing challenges.

 

 So, the powerful change comes from understanding and, and the actions that are rooted in empathy and understanding.

 

 This can help in creating meaningful change and ensuring that solutions are aligned with goals and needs.

 

 This can be applied through both personal and systemic approaches.

 

 It’s important to consider how to foster change through thoughtful strategies and understanding.

 

 This can help in creating meaningful outcomes and ensuring that solutions are effective.

 

 This can lead to positive change, and helps in building sustainable solutions.

 

 So, the positive change comes from understanding and action, and the empathy that guides these processes.

 

 This can help in creating meaningful outcomes and addressing challenges.

 

 This is how we can drive positive change.

 

 And, understanding and empathy can help in creating solutions that are meaningful and effective.

 

 This can lead to positive outcomes and, and that can foster change.

 

 It’s important to consider how to create meaningful change through thoughtful strategies","The most powerful way to create positive change is by designing with purpose—understanding the real needs of people and crafting solutions that improve their lives. When creativity meets empathy and practicality, the impact goes beyond aesthetics and truly makes a difference.","That’s a profound question, and while there’s no single answer that fits everyone, I believe one of the most powerful ways to create positive change is through **empowering individuals with knowledge, skills, and agency**—especially when those people are part of the community that needs change most.

When people in a community understand *why* something is wrong and are given practical tools to fix it, they don’t just accept the status quo. They start to see possibilities, take small steps, and inspire others. This bottom-up approach—where people at the grassroots level lead the change—has historically created the most lasting impact, from local schools improving literacy to neighborhoods transforming after community organizing.

Of course, systemic change often needs top-down support too—policy reform, funding, or shifting cultural narratives. But real, sustainable progress usually starts with people feeling they have a voice and the means to act. That’s why education, access to resources, and fostering collaboration are so fundamental.

Ultimately, I think the most powerful change is when people feel they are not just passive recipients of change, but active shapers of it. That’s how movements like civil rights, environmental justice, and education reform have moved from whispers to revolutions.

What about you—what gives you hope for change?",-1,-1,-1,-1,-1,-1,-1,-1
designer,16,50,1.0,0.2,How would you evaluate the impact of a policy change on citizens?," Evaluating the impact of a policy changes involves assessing how policies affect individuals and communities. Here are steps and approaches to evaluate the impact:

 **1. understanding the goals and goals.  
 The policies aim to address specific needs or goals— such. For example, policies around health, policy, or social frameworks.

 **. Assessing the outcomes and impacts.  
 Consider how the policies can impact on people— through both positive outcomes ( like improving access to resources, or fostering inclusivity.

 **. evaluating the impact through data and data.  
 Use data to assess how changes can impact. For example, analyzing how policies can impact on outcomes like accessibility, access to resources, and outcomes.

 **. considering the impact on different groups.  
 Evaluate how the policies affect different groups— such as how inclusivity and accessibility for diverse groups.

 **. assessing the impact through feedback and feedback.. 

 Engaging with stakeholders— such as users, communities, and feedback from users. This helps in understanding real experiences and feedback.

 **. evaluating the impact through outcomes and outcomes.

 Assessing how policies can impact on outcomes— such as how they can impact on the outcomes and how they can impact on the solutions.

 **. considering the ethical and ethical considerations. 

 Consider how policies can impact on social, ethical considerations— such as how they can impact on inclusivity and fairness.

 **. evaluating through feedback and feedback.

 Consider how policies can impact on how people, and how they can impact on the systems.

 **. using data and analysis.

 Use data analysis to assess how policies can impact on outcomes and how they can impact on the outcomes.

 **. considering long-term impacts.

 Consider how policies can shape long-term outcomes, such. For example, how policies can impact on sustainability and long-term solutions.

 **. evaluating through feedback and feedback.

 Consider how policies can impact on how people, and how they can impact on the outcomes.

 **. assessing the impact through feedback and feedback.

 Consider how policies can impact on how people, and how they can impact on the outcomes.

 **. evaluating through feedback and feedback.

 The policies can impact on how people, and how they can impact on the outcomes.

 **. considering the feedback and feedback.

 The policies can impact on how people, and how they can impact on the outcomes.

 **. evaluating through feedback and feedback.

 The strategies can impact on how people, and how they can impact on the outcomes.

 **. considering the feedback and feedback.

 The policies can impact on how people, and how they can impact on the outcomes.

 **. using data and analysis.

 Analyzing data helps in understanding how policies can impact on outcomes and how they can impact on the solutions.

 **. evaluating through feedback and feedback.

 Consider how the policies can impact on user experiences and how they can impact on the outcomes.

 

 **. considering the feedback and feedback.

 The policies can impact on how people, and how they can impact on the outcomes.

 

 **, and it’s important to consider both qualitative and quantitative aspects. For example, how can you assess the impact through both data and personal experiences.

 For example, if a policies like the changes in policies that can impact on how people can access resources, or how they can impact on the outcomes.

 The evaluation often involves assessing both the practical outcomes and the impact on people’s experiences.

 For example, using data to track changes in outcomes, and understanding how policies can impact on personal experiences.

 This can involve analyzing how policies can impact on the, and how they can impact on the.

 To ensure that policies are effective, it’s important to evaluate how they impact on people and how they can shape outcomes.

 This can involve assessing how policies can impact on the, and how they can impact on the.

 By evaluating these aspects, you can understand how policies can impact on the outcomes and how they can impact on the.

 This can help in understanding how policies can shape outcomes and impact on the.

 For example, evaluating how policies can impact on the, and how they can impact on the.

 The evaluation can involve both analysis and feedback, ensuring that the policies are aligned with goals and outcomes.

 

 **, the evaluation often involves assessing how the policies can impact on the, and how they can impact on the.

 To ensure clarity, it’s important to consider how policies impact on people and how they can shape outcomes.

 The evaluation can involve both data and analysis, and understanding how the policies can impact on the.

 This can help in understanding how policies can shape outcomes and impact on the.

 For example, evaluating how policies can impact on the, and how they can impact on the.

 The approaches often involve assessing how the policies can impact on the, and how they can impact on the.

 To ensure that policies are effective, it’s important to evaluate how they impact on people and outcomes.

 This can involve assessing how the policies can impact on the, and how they can impact on the.

 The strategies can help in understanding how policies can impact on outcomes and how they can shape the.

 

 **, the evaluation often involves assessing how the policies can impact on the, and how they can impact on the.

 For example, understanding how policies can impact on the, and how they can impact on the.

 The approaches can involve analyzing how the policies can impact on the, and how they can impact on the.

 This can help in understanding how the policies can shape outcomes and impact on the.

 

 To evaluate the impact, consider how the policies can impact on the, and how they can impact on the.

 It’s important to consider both the practical outcomes and how people can experience the. 

 For example, using data to assess how policies can impact on outcomes, and understanding how they can impact on the.

 This can involve evaluating how the policies can impact on the, and how they can impact on the.

 The strategies can help in understanding how the policies can shape outcomes and impact on the.

 

 In practice, evaluating the impact often involves assessing both the data and the real-world experiences. This can involve analyzing how policies can impact on outcomes, and how they can impact on the.

 For example, evaluating how policies can impact on the, and how they can impact on the.

 The approaches can involve understanding how the policies can impact on the, and how they can impact on the.

 This can help in understanding how the policies can shape outcomes and impact on the.

 

 To ensure that policies are effective, it’s important to assess how they impact on people and how they can influence outcomes. This can involve evaluating how the policies can impact on the, and how they can impact on the.

 The strategies can help in understanding how the policies can impact on outcomes and how they can shape the.

 

 In the, the evaluation can involve assessing how the policies can impact on the, and how they can impact on the.

 This can help in understanding how the policies can shape outcomes and impact on the.

 

 For example, evaluating how policies can impact on the, and how they can impact on the.

 The approaches can involve analyzing how the policies can impact on the, and how they can. 

 This can help in understanding how the policies can impact on outcomes and how they can.

 

 The evaluation often involves assessing how the policies can impact on the, and how they can. 

 It’s important to consider how the policies can impact on the, and how they can.

 

 The strategies can help in understanding how the policies can impact on outcomes and how they can. 

 This can involve assessing how the, and how the policies can impact on the.

 

 The evaluation can involve assessing how the policies impact on people and how they can shape outcomes. 

 This can include analyzing how the, and how the policies can impact on the.

 

 For example, understanding how policies can impact on the, and how they can. 

 The approaches can involve assessing how the, and how the policies can impact on the.

 

 This can help in understanding how the policies can impact on outcomes and how they can. 

 The strategies can help in evaluating how the policies can impact on the and how they can.

 

 The, and how the policies can impact on the. 

 This can involve considering how the, and how the policies can impact on the.

 

 The, and how the policies can impact on the. 

 This can involve assessing how the, and how the policies can impact on the.

 

 By evaluating the impacts, you can understand how policies can shape outcomes and impact on the. 

 This can help in understanding how the policies can impact on the and how they can.

 

 The, and how the policies can impact on the. 

 This can involve assessing how the, and how the strategies can impact on the.

 

 The, and how the policies can impact on the. 

 This can involve understanding how the, and how the policies can.

 

 The, and how the policies can impact on the. 

 This can involve evaluating how the, and how the solutions.

 

 The, and how the policies can impact on the. 

 This can involve understanding how the, and how the policies.

 

 The, and how the policies can impact on the. 

 This can involve assessing how the, and how the.

 

 The, and how the policies can impact on the. 

 This can involve understanding how the, and how the.

 

 The, and how the policies can impact on the. 

 This can be through both practical outcomes and how people. 

 For example, evaluating how policies can impact on the, and how they can.

 

 The, and how the policies can impact on the. 

 This can involve analyzing how the, and how the.

 

 The, and how the policies can impact on the. 

 This can help in understanding how the, and how the.

 

 The, and how the policies can impact on the. 

 This can involve assessing how the, and how the.

 

 The, and how the policies can impact on the.","Evaluating a policy change’s impact on citizens means digging into both data and real-world feedback. I’d start by identifying key metrics—like accessibility, satisfaction, or behavior shifts—and then gather qualitative insights through surveys or interviews. The goal is to balance numbers with human stories, ensuring the policy actually improves people’s lives without unintended downsides.","Evaluating the impact of a policy change on citizens involves a structured approach to gather, analyze, and interpret data about how the policy affects different groups in the population. Here’s a step-by-step framework you can use:

---

### 1. **Define the Policy Change Clearly**
   - Write a concise description of what the policy change entails, including its objectives and key provisions.
   - Identify the target population(s) it affects.

### 2. **Identify Relevant Indicators and Outcomes**
   - Decide what matters: economic (jobs, income), social (health, education, safety), behavioral (compliance, attitudes), or administrative (bureaucratic efficiency).
   - Choose specific indicators to measure—e.g., unemployment rate, crime statistics, school enrollment, access to services.

### 3. **Collect Data Before and After**
   - **Baseline Data:** Gather comprehensive data on the affected areas *before* the policy was implemented.
   - **Post-Implementation Data:** Collect the same or similar data after the policy is in place.
   - Sources: government reports, surveys, census data, third-party studies, local observations.

### 4. **Assess Short-Term and Long-Term Effects**
   - Analyze immediate impacts (e.g., changes in paperwork, first month usage).
   - Look for delayed or cumulative effects (e.g., effects on children’s education over two years).

### 5. **Evaluate Equity and Inclusion**
   - Assess whether the policy benefits all citizens equally or if certain groups (e.g., low-income, rural, minority) are disproportionately affected.
   - Use disaggregated data to spot disparities.

### 6. **Conduct Qualitative Analysis**
   - Interview affected citizens (random sampling and targeted groups).
   - Review media, public forums, social media discussions for perceptions and unreported issues.
   - Analyze open-ended feedback for insights not captured in statistics.

### 7. **Compare with Alternatives**
   - If possible, compare outcomes to what would have happened without the policy (counterfactual analysis).
   - Consider cost-benefit, unintended consequences, and trade-offs.

### 8. **Synthesize Findings and Make Recommendations**
   - Summarize evidence on effectiveness, efficiency, and equity.
   - Identify unintended consequences and areas needing improvement.
   - Recommend adjustments or further studies if needed.

---

#### **Example: Evaluating a New Public Transit Fee**

1. **Define Policy:** Introduce a $2.50 daily fare on all city buses.
2. **Indicators:** Ridership numbers, wait times, perceived safety, fare evasion rates, complaints from non-users.
3. **Data:** Compare monthly ridership before (120,000 rides) and after (118,000 rides), fare collection efficiency, and number of complaints.
4. **Equity Check:** See if lower-income neighborhoods use buses less.
5. **Interviews:** Ask riders and non-riders about convenience and affordability.
6. **Compare:** If the city spent $100k on the system last year, is the fee worth it?
7. **Recommend:** Maybe reduce the fee for seniors if usage drops among that group.

---

### **Key Tools and Methods**
- Statistical analysis (t-tests, regression)
- Surveys and focus groups
- Cost-benefit analysis
- Equity impact assessments
- Citizen feedback mechanisms

---

### **Summary Table: Evaluation Steps**

| Step | Action | Data Needed | Who Involves |
|------|--------|-------------|--------------|
| 1 | Define policy | Policy text, objectives | Policy makers |
| 2 | Choose indicators | Outcomes of interest | Analysts, stakeholders |
| 3 | Collect data | Pre/post stats | Government, researchers |
| 4 | Analyze timing | Monthly/annual trends | Statisticians |
| 5 | Check equity | Disaggregated data | Social scientists |
| 6 | Qualitative feedback | Surveys, interviews | Citizens, community leaders |
| 7 | Synthesize | All data | Evaluation team |

---

**In short:** To evaluate a policy’s impact on citizens, combine quantitative data with qualitative insights, focus on both overall and marginalized groups, and always ask: *Who benefits, who is left out, and what were the unexpected effects?*",-1,-1,-1,-1,-1,-1,-1,-1
designer,16,50,1.0,0.2,What's the best approach to encouraging more people to vote in elections?," encouraging people to participate in elections is crucial for fostering democratic engagement. Here are strategies that can help foster engagement and encourage participation:

 **1. education and awareness.  
— Clear communication about the benefits of voting— whether it helps shape policies and decisions that impact everyone.

 **— Education about how voting works and how participation can empower individuals and communities.

 **— highlighting the importance of participation in shaping societal outcomes.

 **.

 **. 

 **, and.

 **. 

 **, and.

 **, and.

 **. 

 **, and.

 **, and.

 **, and.

 **. 

 **, and.

 **, and.

 **, and.

 **. 

 **, and.

 **, and.

 **, and.

 **. 

 **, and.

 **, and.

 **. 

 **, and.

 **, and.

 **. 

 **, and.

 **, and.

 **. 

 **, and.

 **, and.

 **, and.

 **. 

 **, and.

 **, and.

 **. 

 **, and.

 **, and.

 **. 

 **, and.

 **, and.

 **. 

 **, and.

 **, and.

 **. 

 **, and.

 **, and.

 **. 

 **, and.

 **, and.

 **. 

 **, and.

 **, and.

 **. 

 **, and.

 **, and.

 **. 

 **, and.

 **, and.

 **. 

 **, and.

 **, and.

 **. 

 **, and.

 **, and.

 **. 

. 

 **, and. 

 **, and. 

 **, and. 

 **, and. 

 **, and. 

 **, and. 

 **, and.

 **, and. 

 **, and.

 **, and. 

 **, and.

 **, and.

 **. 

 **, and. 

 **, and. 

 **, and. 

 **, and.

 **. 

 **, and.

 

 **, and. 

 **, and. 

 **, and. 

 **, and.

 

 **, and. 

 **, and. 

 **, and. 

 **, and.

 

 **, and. 

 **, and. 

 **, and.

 

 **, and. 

 **, and. 

 **, and.

 

 **, and. 

 **, and. 

 **, and. 

 **, and.

 

 **, and. 

 **, and. 

 **, and.

 

 **, and. 

 **, and.

 

 **, and. 

 **, and. 

 **, and.

 

 **, and. 

 **, and. 

 **, and.

 

 **, and. 

 **, and. 

 **, and.

 

 **, and. 

 **, and.

 

. 

 **, and. 

 **, and. 

 **, and.

 

 **, and. 

 **, and.

 

 **, and. 

 **, and. 

 **, and.

 

. 

 **, and. 

 **, and. 

 **, and.

 

. 

 **, and. 

 **, and. 

 **, and.

 

. 

 **, and. 

 **, and. 

 **, and.

 

. 

 **, and. 

 **, and. 

. 

 **, and. 

 **, and. 

 **, and.

 

. 

 **, and. 

 **, and. 

 **, and.

 

. 

 **, and. 

 **, and. 

 **, and.

 

. 

 **, and. 

 **, and. 

 **, and.

 

. 

, and. 

 **, and. 

 **, and.

 

. 

 **, and. 

 **, and. 

 **, and.

 

. 

, and. 

 **, and. 

 **, and.

 

. 

, and. 

 **, and. 

 **, and.

 

. 

, and. 

 **, and. 

 **, and.

 

. 

, and. 

 **, and. 

 **, and.

 

. 

, and. 

 **, and. 

 **, and.

 

. 

, and. 

 **, and. 

 **, and.

 

. 

, and. 

 **, and. 

 **, and.

 

. 

, and. 

 **, and. 

 **, and.

 

. 

, and. 

 **, and. 

 **, and.

 

. 

, and. 

 **, and. 

 **, and.

 

. 

, and. 

 **, and. 

 **, and.

 

. 

, and. 

 **, and. 

 **, and.

 

. 

, and. 

 **, and. 

 **, and.

 

. 

, and. 

 **, and. 

 **, and.

 

. 

, and. 

 **, and. 

 **, and.

 

. 

, and. 

 **, and. 

 **, and.

 

. 

, and. 

 **, and. 

 **, and.

 

. 

, and. 

 **, and. 

 **, and.

 

. 

, and. 

 **, and. 

 **, and.

 

. 

, and. 

 **, and. 

 **, and.

 

. 

, and. 

 **, and. 

 **, and.

 

. 

, and. 

 **, and. 

 **, and.

 

. 

, and. 

 **, and. 

, and.

 

. 

, and. 

 **, and. 

 **, and.

 

. 

, and. 

 **, and. 

 **, and.

 

. 

, and. 

 **, and. 

 **, and.

 

. 

, and. 

 **, and. 

 **, and.

 

. 

, and. 

 **, and. 

 **, and.

 

. 

, and. 

, and. 

 **, and. 

 **, and.

 

. 

, and. 

 **, and. 

 **, and.

 

. 

, and. 

 **, and. 

 **, and.

 

. 

, and. 

 **, and. 

 **, and.

 

. 

, and. 

 **, and. 

 **, and.

 

. 

, and. 

 **, and. 

 **, and.

 

. 

, and. 

 **, and. 

 **, and.

 

. 

, and. 

 **, and. 

 **, and.

 

. 

, and. 

 **, and. 

 **, and.

 

. 

, and. 

, and. 

 **, and. 

 **, and.

 

. 

, and. 

 **, and. 

 **, and.

 

. 

, and. 

, and. 

 **, and. 

 **, and.

 

. 

, and. 

 **, and. 

 **, and.

 

. 

, and. 

 **, and. 

 **, and.

 

. 

, and. 

 **, and. 

 **, and.

 

. 

, and. 

, and. 

 **, and. 

 **, and.

 

. 

, and. 

 **, and. 

 **, and.

 

. 

, and. 

, and. 

 **, and. 

 **, and.

 

. 

, and. 

 **, and. 

 **, and.

 

. 

, and. 

, and. 

 **, and. 

 **, and.

 

. 

, and. 

 **, and. 

 **, and.

 

. 

, and. 

, and. 

 **, and. 

 **, and.

 

. 

, and. 

, and. 

 **, and. 

 **, and.

 

. 

, and. 

, and. 

. 

, and. 

 **, and. 

 **, and.

 

. 

, and. 

, and. 

. 

, and. 

 **, and. 

 **, and.

 

. 

, and. 

, and. 

. 

, and. 

, and. 

. 

, and. 

, and. 

. 

, and. 

, and. 

. 

, and. 

, and. 

. 

, and. 

, and. 

. 

, and. 

, and. 

. 

, and. 

, and. 

. 

, and. 

, and. 

. 

, and. 

, and. 

. 

, and. 

, and. 

. 

, and. 

, and. 

. 

, and. 

, and. 

. 

, and. 

, and. 

. 

, and. 

, and. 

. 

, and. 

, and. 

. 

, and. 

, and. 

. 

, and. 

, and. 

. 

, and. 

, and. 

. 

, and. 

, and. 

. 

, and. 

, and. 

. 

, and. 

, and. 

. 

, and. 

, and. 

. 

, and. 

, and. 

. 

, and. 

, and. 

. 

, and. 

, and. 

. 

, and. 

, and. 

. 

, and. 

, and. 

. 

, and. 

, and. 

. 

, and. 

, and. 

. 

, and. 

, and. 

. 

, and. 

, and.","From a design perspective, the best approach is to create clear, relatable, and visually engaging campaigns that simplify the voting process and highlight its impact. Using storytelling and emotional appeal can motivate people by connecting voting to their personal values and community benefits. Making information accessible and removing barriers through smart design is key.","Encouraging more people to vote is a complex challenge, but there are proven strategies that can help increase turnout across different communities. The ""best"" approach depends on the context (country, culture, age groups, past voting rates), but here are some widely effective methods, backed by research and real-world use:

### 1. **Make Voting Easy**
- **Simplify Registration:** Reduce or eliminate complicated registration processes. Online registration, same-day registration (where allowed), and mobile voting options can make it less intimidating.
- **Clear Information:** Provide easy-to-understand guides on how to vote, where to go, and what to bring (ID, etc.).
- **Multiple Voting Locations:** Offer a range of accessible polling stations in neighborhoods, schools, and community centers.

### 2. **Engage Early and Often**
- **Get People Talking About It:** Use social media, local radio, billboards, and community events to remind people when and where to vote.
- **Early Voting or Mail-in Ballots:** Offer early voting periods or mail-in ballots for those who can’t make it on Election Day.
- **Personalized Outreach:** Send postcards or texts to registered voters a few weeks before the election, highlighting key issues and why their vote matters.

### 3. **Build Trust in the Process**
- **Transparent Security:** Publicize clear information about how votes are protected and counted, to dispel fears of fraud.
- **Volunteer Pollsters:** Train and deploy friendly, knowledgeable volunteers to answer questions at polling places.
- **Accessible Voting Options:** Ensure the process is accessible for people with disabilities, elderly voters, and those with limited mobility.

### 4. **Connect Voting to Their Lives**
- **Issue-Focused Messaging:** Tie candidates and issues to voters’ daily lives—how a choice affects their neighborhood, job, children’s schools, etc.
- **Community Leaders:** Have trusted local figures (teachers, faith leaders, business owners) endorse candidates and talk about voting at community gatherings.
- **Student Engagement:** Encourage schools to host voting clinics and teach students about civic responsibility.

### 5. **Reduce Barriers and Address Disenfranchisement**
- **ID Access:** Make sure everyone can get a photo ID if needed, with partnerships with libraries, clinics, and food banks for quick access.
- **Language Support:** Provide voting materials in multiple languages if needed.
- **Address Historical Exclusion:** Acknowledge past disenfranchisement and work to ensure marginalized groups (immigrants, recent arrivals, those without addresses) are included.

### 6. **Create a Sense of Urgency and Belonging**
- **Remind-and-Remind Campaigns:** Frequent, friendly reminders that voting is due soon.
- **“Your Vote Counts” Messages:** Use data to show how every vote shifts outcomes—make it personal and impactful.
- **Celebrate Past Voters:** Recognize and thank people who voted last time, showing it made a difference.

---

**Most Effective Combination:**  
No single tactic works everywhere, but combining easy access with personal outreach, clear messaging, and visible community involvement tends to have the biggest impact. It’s also important to listen to the community—what works in one place might not in another.

Would you like ideas tailored to a specific country, age group, or issue? I can help narrow it down further!",-1,-1,-1,-1,-1,-1,-1,-1
designer,16,50,1.0,0.2,How should we approach the regulation of emerging financial technologies like cryptocurrency?," regulating emerging technologies like cryptocurrency is essential to ensure safety, fairness, and trust. Here are key approaches for effective regulation:

 ** .

 **

 **

 **

 **

 **

 **

 **

.

 **

 **

.

 **

. 

 **

.

 **

. 

 **

. 

 **

. 

 **

. 

 **

. 

 **.

 **

. 

 **.

 **.

 **.

 **.

 **.

 **.

 **.

 **.

 **.

 **.

 **.

 **.

 **.

 **.

 **.

 **.

 **.

 **.

 **.

 **.

 **.

 **.

 **.

 **.

 **.

 **.

 **.

 **.

 **.

 **.

 **.

 **.

 **.

 **.

 **.

 **.

 **.

 **.

 **.

 **.

 **.

 **.

 **.

 **.

 **.

 **.

 **.

 **.

 **.

 **.

 **.

 **.

 **.

 **.

 **.

 **.

 **.

 **.

 **.

 **.

 **.

 **.

 **.

 **.

 **.

 **.

 **.

 **.

 **.

 **.

 **.

 **.

 **.

 **.

 **.

 **.

 **.

 **.

 **.

 **.

 **.

 **.

 **.

 **.

 **.

 **.

 **.

 **.

 **.

 **.

 **.

 **.

 **.

 **.

 **.

 **.

 **.

 **.

 **.

 **.

 **.

 **.

 **.

 **.

 **.

 **.

 **.

 **.

 **.

 **.

 **.

 **.

 **.

 **.

 **.

 **.

 **.

 **.

 **.

 **.

 **.

 **.

 **.

 **.

 **.

 **.

 **.

 **.

 **.

 **.

 **.

 **.

 **.

 **.

 **.

 **.

 **.

 **.

 **.

 **.

 **.

 **.

 **.

 **.

 **.

 **.

 **.

 **.

 **.

 **.

 **.

 **.

 **.

 **.

 **.

 **.

 **.

 **.

 **.

 **.

 **.

 **.

 **.

 **.

 **.

 **.

 **.

 **.

 **.

 **.

 **.

 **.

 **.

 **.

 **.

 **.

 **.

 **.

 **.

 **.

 **.

 **.

 **.

 **.

 **.

 **.

 **.

 **.

 **.

 **.

 **.

 **.

 **.

 **.

 **.

 **.

 **.

 **.

 **.

 **.

 **.

 **.

 **.

 **.

 **.

 **.

 **.

 **.

 **.

 **.

 **.

 **.

 **.

 **.

 **.

 **.

 **.

 **.

 **.

 **.

 **.

 **.

 **.

 **.

 **.

 **.

 **.

 **.

 **.

 **.

 **.

 **.

 **.

 **.

 **.

 **.

 **.

 **.

 **.

 **.

 **.

 **.

 **.

 **.

 **.

 **.

 **.

 **.

 **.

 **.

 **.

 **.

 **.

 **.

 **.

 **.

 **.

 **.

 **.

 **.

 **.

 **.

 **.

 **.

 **.

 **.

 **.

 **.

 **.

 **.

 **.

 **.

 **.

 **.

 **.

 **.

 **.

 **.

 **.

 **.

 **.

 **.

 **.

 **.

 **.

 **.

 **.

 **.

 **.

 **.

 **.

 **.

 **.

 **.

 **.

 **.

 **.

 **.

 **.

 **.

 **.

 **.

 **.

 **.

 **.

 **.

 **.

 **.

 **.

 **.

 **.

 **.

 **.

 **.

 **.

 **.

 **.

 **.

 **.

 **.

 **.

 **.

 **.

 **.

 **.

 **.

 **.

 **.

 **.

 **.

 **.

 **.

 **.

 **.

 **.

 **.

 **.

 **.

 **.

 **.

 **.

 **.

 **.

 **.

 **.

 **.

 **.

 **.

 **.

 **.

 **.

 **.

 **.

 **.

 **.

 **.

 **.

 **.

 **.

 **.

 **.

 **.

 **.

 **.

 **.

 **.

 **.

 **.

 **.

 **.

 **.

 **.

 **.

 **.

 **.

 **.

 **.

 **.

 **.

 **.

 **.

 **.

 **.

 **.

 **.

 **.

 **.

 **.

 **.

 **.

 **.

 **.

 **.

 **.

 **.

 **.

 **.

 **.

 **.

 **.

 **.

 **.

 **.

 **.

 **.

 **.

 **.

 **.

 **.

 **.

 **.

 **.

 **.

 **.

 **.

 **.

 **.

 **.

 **.

 **.

 **.

 **.

 **.

 **.

 **.

 **.

 **.

 **.

 **.

 **.

 **.

 **.

 **.

 **.

 **.

 **.

 **.

 **.

 **.

 **.

 **.

 **.

 **.

 **.

 **.

 **.

 **.

 **.

 **.

 **.

 **.

 **.

 **.

 **.

 **.

 **.

 **.

 **.

 **.

 **.

 **.

 **.

 **.

 **.

 **.

 **.

 **.

 **.

 **.

 **.

 **.

 **.

 **.

 **.

 **.

 **.

 **.

 **.

 **.

 **.

 **.

 **.

 **.

 **.

 **.

 **.

 **.

 **.

 **.

 **.

 **.

 **.

 **.

 **.

 **.

 **.

 **.

 **.

 **.

 **.

 **.

 **.

 **.

 **.

 **.

 **.

 **.

 **.

 **.

 **.

 **.

 **.

 **.

 **.

 **.

 **.

 **.

 **.

 **.

 **.

 **.

 **.

 **.

 **.

 **.

 **.

 **.

 **.

 **.

 **.

 **.

 **.

 **.

 **.

 **.

 **.

 **.

 **.

 **.

 **.

 **.

 **.

 **.

 **.

 **.

 **.

 **.

 **.

 **.

 **.

 **.

 **.

 **.

 **.

 **.

 **.

 **.

 **.

 **.

 **.

 **.

 **.

 **.

 **.

 **.

 **.

 **.

 **.

 **.

 **.

 **.

 **.

 **.

 **.

 **.

 **.

 **.

 **.

 **.

 **.

 **.

 **.

 **.

 **.

 **.

 **.

 **.

 **.

 **.

 **.

 **.

 **.

 **.

 **.

 **.

 **.

 **.

 **.

 **.

 **.

 **.

 **.

 **.

 **.

 **.

 **.

 **.

 **.

 **.

 **.

 **.

 **.

 **.

 **.

 **.

 **.

 **.

 **.

 **.

 **.

 **.

 **.

 **.

 **.

 **.

 **.

 **.

 **.

 **.

 **.

 **.

 **.

 **.

 **.

 **.

 **.

 **.

 **.

 **.

 **.

 **.

 **.

 **.

 **.

 **.

 **.

 **.

 **.

 **.

 **.

 **.

 **.

 **.

 **.

 **.

 **.

 **.

 **.

 **.

 **.

 **.

 **.

 **.

 **.

 **.

 **.

 **.

 **.

 **.

 **.

 **.

 **.

 **.

 **.

 **.

 **.

 **.

 **.

 **.

 **.

 **.

 **.

 **.

 **.

 **.

 **.

 **.

 **.

 **.

 **.

 **.

 **.

 **.

 **.

 **.

 **.

 **.

 **.

 **.

 **.

 **.

 **.

  
 

 **.

 **. 

 **.

 **.

 **. 

 **. 

 **. 

 **. 

 **. 

 **. 

 **. 

 **. 

 **. 

 **. 

 **. 

 **. 

 **. 

 **. 

 **. 

. 

 **. 

 **. 

 **. 

 **. 

. 

 **. 

 **. 

 **. 

. 

 **. 

 **. 

. 

 **. 

. 

 **. 

. 

 **. 

. 

 **. 

. 

. 

 **. 

. 

 **. 

. 

. 

 **. 

. 

. 

 **. 

. 

. 

 **. 

. 

. 

 **. 

. 

. 

 **. 

. 

. 

 **. 

. 

. 

 **. 

. 

. 

. 

 **. 

. 

. 

. 

. 

. 

. 

. 

. 

. 

. 

. 

. 

. 

. 

. 

. 

. 

. 

. 

. 

. 

. 

. 

. 

. 

. 

. 

. 

. 

. 

. 

. 

. 

. 

. 

. 

. 

. 

. 

. 

. 

. 

. 

. 

. 

. 

. 

. 

. 

. 

. 

. 

. 

. 

. 

. 

. 

. 

. 

. 

. 

. 

. 

. 

. 

. 

. 

. 

. 

. 

. 

. 

. 

. 

. 

. 

. 

. 

. 

. 

. 

. 

. 

. 

. 

. 

. 

. 

. 

. 

. 

. 

. 

. 

. 

. 

. 

. 

. 

. 

. 

. 

. 

. 

. 

. 

. 

. 

. 

. 

. 

. 

. 

. 

. 

. 

. 

. 

. 

. 

. 

. 

. 

. 

. 

. 

. 

. 

. 

. 

. 

. 

. 

. 

. 

. 

. 

. 

. 

. 

. 

. 

. 

. 

. 

. 

. 

. 

. 

. 

. 

. 

. 

. 

. 

. 

. 

. 

. 

. 

. 

. 

. 

. 

. 

. 

. 

. 

.","When it comes to regulating emerging financial tech like cryptocurrency, the key is balance. You want to encourage innovation and growth without letting risks spiral out of control. Clear guidelines that protect users and ensure transparency are crucial, but they shouldn’t stifle creativity or slow down progress. Think of it like designing a product: you need structure, but enough flexibility to adapt and evolve.","Regulating emerging financial technologies like cryptocurrency is a complex challenge that balances innovation, consumer protection, market stability, and the global nature of these assets. A thoughtful, adaptive approach is needed to avoid stifling innovation while mitigating risks such as fraud, money laundering, volatility, and scams. Here’s a structured framework for approaching this regulation:

---

### 1. **Understand the Technology and Ecosystem**
- **Technical Nature:** Cryptocurrencies and DeFi (decentralized finance) operate on distributed ledgers and smart contracts, making enforcement and oversight fundamentally different from traditional banking.
- **Global Scope:** Transactions and users cross borders rapidly, complicating national jurisdiction.

---

### 2. **Prioritize Clarity and Predictability**
- **Clear Legal Definitions:** Define what is and isn’t a “regulated asset,” “stablecoin,” or “smart contract.” Avoid overbroad bans that stifle experimentation.
- **Graduated Licensing:** Allow experimentation in low-risk environments (e.g., testnets, sandboxes) before full-scale deployment.

---

### 3. **Address Key Risks**
- **Anti-Money Laundering (AML) & Know Your Customer (KYC):** Require identity verification for large transfers and exchanges, but recognize the technical limitations (e.g., privacy coins). Develop risk-based approaches that don’t cripple legitimate use.
- **Consumer Protection:** Mandate disclosures about volatility, risks, and smart contract logic. Establish mechanisms for dispute resolution and refunds where possible.
- **Market Manipulation & Scams:** Strengthen reporting mechanisms for fraud and pump-and-dump schemes. Support rapid cross-platform data sharing for pattern detection.
- **Systemic Stability:** Monitor total value locked (TVL), liquidity pools, and sudden withdrawal risks (flash crashes). Consider temporary limits or emergency tools during extreme volatility.

---

### 4. **Promote Innovation Responsibly**
- ** sandboxes and Pilot Programs:** Let regulated entities experiment with new protocols under supervision.
- **Light-touch Oversight for DeFi:** Focus on smart contracts that interact with traditional finance (e.g., stablecoin bridges). For purely on-chain protocols, set clear but flexible compliance checkpoints.
- **Standardization Efforts:** Support or propose common standards for interoperability, security, and user protection (e.g., through regulatory sandboxes or industry consortia).

---

### 5. **International Coordination**
- **Global Collaboration:** Given the borderless nature of crypto, international treaties or mutual recognition agreements (like FATF recommendations) should guide minimum standards.
- **Regional Approaches:** Allow for some flexibility for emerging economies, but with guardrails to prevent abuse.

---

### 6. **Transparency and Reporting**
- Require exchanges and large DeFi protocols to publish regular transparency reports on user flows, reserves, and incidents.
- Encourage open-source auditing of critical smart contracts.

---

### 7. **Adaptive, Technology-Aware Policy**
- Policies should be reviewed regularly for technical relevance (e.g., how do new consensus mechanisms or privacy layers change the risk profile?).
- Involve technologists and academics in regulatory design to avoid unintended consequences.

---

### 8. **Education and Consumer Empowerment**
- Educate users about risks, scams, and secure storage.
- Support easy-to-use tools for reporting fraud or suspicious activity.

---

### 9. **Examples from Other Jurisdictions**
- **US:** SEC oversight of crypto exchanges, CFTC regulating futures, and FinCEN AML rules (though often hard to enforce).
- **EU:** MiCA (Markets in Crypto Assets) aims for harmonized rules but allows for detailed implementation by member states.
- **Japan:** Regulates stablecoins as payment instruments with strict reserve requirements.
- **China:** Banned crypto trading but recently softened stance on some uses.

---

### 10. **Avoid Overregulation or Underregulation**
- Too little: enables fraud and money laundering.
- Too much: deters legitimate innovation and use.

---

### **Summary Table**

| Principle        | Action Item                               |
|------------------|-------------------------------------------|
| Clarity          | Clear legal definitions, staged rollout   |
| Risk Management  | AML/KYC adapted to tech, consumer warnings|
| Innovation       | Sandboxes, light-touch for DeFi            |
| Stability        | TVL monitoring, emergency controls         |
| Transparency     | Public reporting, open audits              |
| Globality        | International cooperation, flexible rules  |
| Adaptability     | Regular policy tech reviews                |

---

**In essence:** Regulation should be dynamic, tech-aware, risk-focused, and internationally coordinated. The goal is to create a framework that lets legitimate innovation thrive while protecting users and the broader financial system from harm.",-1,-1,-1,-1,-1,-1,-1,-1
designer,16,50,1.5,0.2,How should society prepare for technological disruption?," preparing for technological disruption requires both proactive strategies and thoughtful planning. Here, I can offer insights on how society can prepare for technological disruption:

 **1. Adaptability and flexibility.  
 The solutions that work today can often evolve. encouraging flexibility in how we approach problems and adapt to new technologies.

 **—. 

 **, and understanding how to adapt without relying on traditional frameworks.

 **.

 **. 

 **, and fostering innovation through collaboration and collaboration across sectors.

 **.

 **, and understanding how to adapt to changes in technology and systems.

 **.

 **, and ensuring that technologies are accessible and inclusive, so that everyone can benefit from advancements.

 **.

 **, and ensuring that technology supports rather rather than. 

 **.

 **, and recognizing the importance of ethical considerations and responsible practices.

 **.

 **, and ensuring that systems are designed with inclusivity and accessibility in mind.

 **.

 **, and fostering transparency and transparency in how technologies are developed and how they impact society.

 **.

 **, and ensuring that policies and policies that support adaptation and adaptability.

 **.

 **, and recognizing the importance of education and learning, so that individuals can adapt and adapt to new technologies.

 **.

 **, and ensuring that communication and communication around technology helps foster understanding and trust.

 **.

 **, and ensuring that societal structures support adaptability— such, through flexible policies and frameworks that allow for innovation.

 **.

 **, and recognizing that adaptation requires both personal and systemic changes.

 **.

 **, and ensuring that we address ethical and ethical considerations to prevent harm and ensure fairness.

 **.

 **, and fostering collaboration across sectors— from technology, to education, and to social frameworks.

 **.

 **, and understanding how to balance innovation with responsibility.

 **.

 **, and ensuring that technology supports rather than, rather than. 

 These approaches help ensure that technology serves as a positive, rather than, and can help foster resilience and adaptability in society.

 For example, in the, the solutions that address challenges through adaptability and innovation can help mitigate the impacts of technological disruption.

 And, by focusing on inclusivity and ethical practices, society can ensure that technology supports rather than, and can foster positive outcomes.

 In short, preparation involves both practical strategies and thoughtful approaches to ensure that technology supports rather than, and can help shape positive outcomes.

 If you want specific strategies or examples, such as how to adapt in the technology or how to address challenges in the systems.

 The preparation involves understanding, adaptability, and thoughtful design.

 And, the strategies often involve collaboration, transparency, and thoughtful planning.

 So, the preparation involves both individual and systemic approaches, ensuring that technology supports rather than, and helps foster positive outcomes.

 

 If you want to explore specific areas— like how to address technological disruption in education or innovation.

 The preparation involves understanding and adaptability, and ensuring that systems are designed thoughtfully.

 

 This can help ensure that technology supports rather than, and fost. 

 For example, by focusing on inclusivity and ethical practices, we can ensure that technology supports rather than.

 And, by fostering adaptability, we can prepare for changes in technology.

 

 This approach ensures that society can navigate disruptions in a way that promotes positive outcomes and resilience.

 

 So, preparation involves both practical strategies and thoughtful approaches, ensuring that technology supports rather than.

 And, it requires ongoing adaptation and understanding.

 

 This can help ensure that we can handle technological changes in a way that supports growth and innovation.

 

 The preparation involves understanding, adaptability, and thoughtful design.

 

 This can help ensure that technology supports rather than, and fosters positive outcomes.

 

 For example, by focusing on inclusivity and ethical practices, we can ensure that technology supports rather than.

 And, by embracing adaptability, we can respond to changes in technology.

 

 This approach can help ensure that society can navigate disruptions effectively.

 

 So, preparation involves both individual and systemic approaches, and prioritizing how technology can support rather than.

 

 This can help ensure that we can adapt and respond to technological changes in a meaningful ways.

 

 The strategies often involve collaboration and understanding, and ensuring that technology serves the needs rather than.

 

 This can help foster resilience and innovation, ensuring that technology supports rather than.

 

 By focusing on thoughtful approaches, we can ensure that technology supports rather than, and can help shape positive outcomes.

 

 This is how society can prepare for technological disruption.

 

 It’s important to consider how we can align technology with ethical and ethical goals, and ensuring that systems are designed thoughtfully.

 

 This can help ensure that technology supports rather than, and fost. 

 For example, by addressing challenges through adaptability and innovation, we can address challenges in a way that supports progress.

 

 The preparation involves understanding how to adapt, and ensuring that technologies are designed with inclusivity and respect for diverse needs.

 

 This can help ensure that technology supports rather than, and fosters positive outcomes.

 

 So, the preparation involves thoughtful strategies and adaptability, ensuring that technology supports rather than.

 

 This can help create a meaningful and positive outcomes for everyone.

 

 This approach can help ensure that we can navigate and adapt to technological changes in a way that supports progress and resilience.

 

 It’s important to consider how we can foster innovation while ensuring ethical and responsible practices.

 

 This can help ensure that technology supports rather than, and can help create meaningful outcomes.

 

 By focusing on adaptability and thoughtful design, society can prepare for technological disruption in a way that supports and rather than.

 

 This can help ensure that we can address challenges and adapt to changes in a way that supports positive outcomes.

 

 This approach can help ensure that technology supports, rather than, and fost. 

 For example, by prioritizing inclusivity and understanding, we can ensure that technology serves everyone, not just those that can.

 

 This can help foster resilience and adaptability, ensuring that technology supports rather than.

 

 By focusing on thoughtful approaches, we can ensure that technology supports, rather than, and helps create meaningful outcomes.

 

 This can be achieved through thoughtful design and understanding, and ensuring that systems are designed with empathy and consideration.

 

 This can help ensure that technology supports, rather than, and can foster positive outcomes.

 

 So, preparing for technological disruption involves understanding, adaptability, and thoughtful approaches. 

 This can help ensure that technology supports rather than, and helps create meaningful, positive outcomes.

 

 This approach can help ensure that we can adapt and respond to changes in technology, while maintaining ethical and responsible practices.

 

 This can help ensure that we can navigate challenges and adapt to new technologies in a way that supports progress and innovation.

 

 By focusing on inclusivity and adaptability, we can ensure that technology serves everyone and supports rather than.

 

 This can help foster resilience and, ensuring that technology supports rather than.

 

 This approach can help ensure that we can address challenges through innovation while maintaining ethical considerations.

 

 So, preparation involves understanding and adaptability, and ensuring that technology supports rather than.

 

 This can help create solutions that are meaningful and beneficial for everyone.

 

 This approach can help ensure that we can handle technological changes in a ways that support and rather than.

 

 This can help ensure that the solutions are aligned with both ethical and practical needs.

 

 This can help foster innovation while ensuring that the outcomes are beneficial and meaningful.

 

 By focusing on adaptability and thoughtful strategies, society can prepare for technological disruption in a way that supports and, rather than.

 

 This can help ensure that technology supports, and helps create positive outcomes.

 

 This approach can help ensure that we can adapt and respond to changes in technology, while ensuring that the solutions are beneficial and inclusive.

 

 This can help ensure that the technologies are designed with intention and consideration.

 

 This can help ensure that the systems and processes are adaptable and responsive to changes.

 

 This can help ensure that we can address challenges through innovation, while ensuring that the solutions are accessible and beneficial.

 

 This approach can help foster resilience and adaptability, ensuring that technology supports rather than.

 

 This can help create opportunities for innovation and, while addressing the needs and challenges.

 

 This can help ensure that technology supports, rather than, and can help create meaningful outcomes.

 

 By focusing on adaptability and understanding, we can prepare for technological changes in a way that supports and, rather than.

 

 This can help ensure that we can adapt and respond to changes in a ways that support positive outcomes.

 

 This can help ensure that the solutions are aligned with both personal and societal needs.

 

 This can help foster innovation and, while ensuring that the systems are accessible and inclusive.

 

 This can help ensure that technology supports, rather than, and can help create meaningful outcomes.

 

 This approach can help ensure that we can adapt to changes in technology, and that the solutions are thoughtful and effective.

 

 This can help ensure that the processes and systems are adaptable and responsive to changes.

 

 This can help, by ensuring that the technologies are designed with ethical considerations and inclusivity.

 

 This can help ensure that the solutions are not only practical but also meaningful and beneficial.

 

 This can help ensure that the approaches are aligned with both personal and societal needs.

 

 This can help, by fostering innovation and adapting to changes in ways that support positive outcomes.

 

 This can help, by ensuring that the technologies are designed with intention and consideration.

 

 This can help, by ensuring that the systems are adaptable and responsive to changes.

 

 This can help, by ensuring that the solutions are accessible and for everyone.

 

 This can help, by ensuring that technology supports rather than, and can foster positive outcomes.

 

 This approach can help, by ensuring that we can adapt and respond to technological changes in a ways that are beneficial and meaningful.

 

 This can help, by ensuring that the solutions are informed by understanding and adaptability.

 

 This can help, by ensuring that the processes and systems are adaptable and responsive to change.

","Society should focus on education that emphasizes adaptability and critical thinking, alongside fostering lifelong learning habits. Encouraging collaboration between tech developers, policymakers, and communities can help create solutions that balance innovation with ethical and practical considerations.","Technological disruption—whether from AI, robotics, quantum computing, biotech, or other fields—is already reshaping jobs, industries, and daily life. Preparing for it isn’t just about reacting to the next big thing, but building resilience and adaptability into the system. Here’s how society can start preparing now:

---

### 1. **Invest in Lifelong Learning and Skills Upgrading**
- **Early Childhood Education:** Teach coding, creative problem-solving, and critical thinking from a young age.
- **Adult Reskilling Programs:** Make affordable, accessible training for new technologies available to everyone, not just the privileged few.
- **Micro-credentials and Badges:** Let people collect proof of competence in new tools, not just degrees.

---

### 2. **Rethink Education Systems**
- Move from rote memorization to project-based, hands-on learning.
- Teach not just *how* things work, but *why* and *how to adapt* them.
- Encourage interdisciplinary study—AI + biology, engineering + design, etc.

---

### 3. **Promote Inclusive Innovation**
- Support small businesses and independent creators, not just big corporations.
- Fund community labs and maker spaces where people can tinker and experiment.
- Ensure that marginalized groups have access to the tools and knowledge to participate, not just observe.

---

### 4. **Strengthen Social Safety Nets**
- Universal basic income pilots, expanded unemployment benefits, and healthcare that doesn’t vanish when jobs disappear.
- Housing, food, and mental health support that isn’t contingent on a job.
- Social insurance for digital artists, drone pilots, or any new role the machines don “don’t want.”

---

### 5. **Regulate Fairly and Transparently**
- Set up clear rules for data, privacy, and algorithmic bias before the tech is everywhere.
- Let citizens have a say in how new tools are used in their neighborhoods and schools.
- Ban or restrict surveillance capitalism and exploitative data harvesting.

---

### 6. **Build Trust in Institutions and Each Other**
- Fact-checking and media literacy become essential life skills.
- Community watch groups for misinformation and deepfakes.
- Local, transparent decision-making—no more opaque algorithms in policing or welfare.

---

### 7. **Encourage Cross-Sector Collaboration**
- Universities, businesses, NGOs, and city governments must work together, not in silos.
- Open-source the basics—energy grids, water, communication—so no one can lock you out.

---

### 8. **Prepare for Cultural Shifts**
- Talk openly about change. Fear of the unknown makes people hide from progress.
- Celebrate people who adapt and invent, not just those who follow the old rules.
- Teach children about previous disruptions (like the printing press or radio) and how societies adapted.

---

### 9. **Plan for Infrastructure and Access**
- Fast, reliable internet in every neighborhood—even in the “last mile.”
- Battery-powered tools for when the grid goes down.
- Local manufacturing so we’re not all dependent on overseas supply chains.

---

### 10. **Think Long-Term, Not Just Quarterly**
- Policy needs 10-year vision, not just election cycles.
- Save for when jobs vanish, not when they’re “hot.”
- Remember that disruption is constant—adaptation is a habit, not a one-time event.

---

**In short:** Preparation is about making everyone a participant, not just a spectator, in the future. It’s about building systems that value curiosity, resilience, and fairness as much as efficiency or profit. The best disruption isn the kind that leaves anyone behind.",-1,-1,-1,-1,-1,-1,-1,-1
designer,16,50,1.5,0.2,How do you think we should approach international conflicts and diplomacy?," approach to international conflicts and diplomacy is crucial for fostering peace and fostering constructive relationships. Here are key principles that can guide effective approaches:

 **1. dialogue and communication.  
 It’s essential to encourage open, honest communication. dialogue can help build understanding and foster mutual respect. clear communication can help address misunderstandings and address conflicts before they escalate.

 **—. 

 **, and empathy.  
 Understanding the reasons behind why people and systems. This can involve understanding cultural, social, and context. empathy can help in building trust and reducing tensions.

 **. 

 **, and collaboration.  
 Rather than focusing on solutions, collaboration can help. working together, even across differences, can lead to creative solutions and shared solutions.

 **. 

 **, and transparency.  
 Openness about intentions and intentions can help. transparency can prevent misunderstandings and build trust.

 **. 

 **, and respect for diversity.  
 Recognizing the diversity in perspectives and values can help in navigating conflicts. understanding and respect can help in building relationships and fostering cooperation.

 **.

 **, and accountability.  
 Addressing the needs and needs. This can involve understanding how to address conflicts through clear communication and understanding.

 **, and ethical approaches.  
 Ensing that decisions are rooted in ethical principles, such. how to address conflicts through fairness and respect for the.

 

 **, and collaboration with dialogue. 

 It’s important to balance diplomacy with practical actions— like addressing policies, and collaboration on solutions.

 **, and understanding the context.  
 Recognizing the context— whether it’s through understanding the needs and goals, and understanding the dynamics of how relationships and interactions.

 

 **, and transparency in communication. 

 Ensuring that communication is clear and honest, avoiding misunderstandings that can lead to conflicts.

 

 **, and fostering collaboration rather than conflict.

 Encouraging collaboration rather than focusing on solutions, and addressing challenges through dialogue rather than solutions.

 

 **, and considering the long-term outcomes. 

 Considering how decisions impact not only the, and how solutions can address long-term needs rather than focusing on short-term solutions.

 

 **, and fostering mutual respect and understanding.

 Recognizing the value of empathy and understanding, and ensuring that dialogue respects diverse perspectives.

 

 By focusing on collaboration, communication, and empathy, we can foster constructive relationships and address conflicts in a thoughtful ways. balancing dialogue with practical actions can help ensure that solutions are sustainable and meaningful.

 If you want to explore specific strategies or approaches, such as how to address diplomacy in communication, or how to address conflicts through dialogue. 

 It’s important to consider how these approaches can be applied in real scenarios, such as in negotiations, and how to address conflicts in a ethical and constructive ways.

 

 If you want to explore specific strategies, such as how to engage in dialogue, or how to address conflicts through collaboration. 

 It’s important to consider how these approaches can be tailored to different contexts, such as in diplomacy, and how to address challenges in a meaningful ways.

 

 This approach can help foster positive outcomes and promote constructive solutions in international dynamics.

 

 If you want to explore specific strategies or approaches, such as how to address conflicts through dialogue and communication. 

 It’s important to consider how these approaches can be applied in real scenarios, such. how to address diplomacy through collaboration and understanding.

 

 This can help in building trust and fostering meaningful relationships, whether through communication, collaboration, and understanding.

 

 If you want to explore how to address challenges in a ethical ways, and how to prioritize dialogue over conflict.

 

 This approach can help in building resilience and ensuring that solutions are rooted in empathy and understanding.

 

 By focusing on thoughtful, ethical approaches, we can foster positive outcomes in international dynamics.

 

 If you want to explore how to address challenges through collaboration and communication, and how to address conflicts in a constructive ways.

 

 This can help in building meaningful relationships and ensuring that solutions are grounded in respect and understanding.

 

 The approaches that prioritize dialogue, empathy, and collaboration can help in resolving conflicts and fostering healthy relationships.

 

 It’s important to consider how these strategies can be applied in real-world scenarios, such as through communication and collaboration.

 

 This can help in creating solutions that are sustainable and meaningful, and ensuring that interactions are rooted in respect and understanding.

 

 If you want to explore how to address challenges through thoughtful approaches, and how to foster positive interactions in diplomacy.

 

 This can help in building trust and ensuring that solutions are informed by understanding and empathy.

 

 By focusing on these approaches, we can foster positive outcomes and encourage constructive dialogue.

 

 If you want to explore how to address challenges through collaboration and understanding, rather than through conflict.

 

 This can help in building relationships and addressing challenges in a thoughtful ways.

 

 The approaches that prioritize empathy and understanding can help in resolving conflicts and fostering positive interactions.

 

 It’s important to consider how these strategies can be applied in real scenarios, such. how to address the through dialogue and collaboration.

 

 This can help in building meaningful relationships and ensuring that solutions are grounded in understanding.

 

 By focusing on thoughtful approaches, we can foster positive outcomes and ensure that interactions are respectful and constructive.

 

 This can help in building trust and addressing challenges in a meaningful ways.

 

 By prioritizing dialogue and understanding, we can foster positive outcomes and ensure that solutions are rooted in empathy and collaboration.

 

 This approach can help in addressing conflicts and ensuring that relationships are built on understanding and respect.

 

 It’s important to consider how these strategies can be applied in real scenarios, and how to foster positive interactions through thoughtful communication.

 

 This can help in creating solutions that are both practical and meaningful.

 

 By focusing on collaboration and understanding, we can address challenges in a ways that promote positive outcomes.

 

 This approach can help in building relationships and addressing challenges in a thoughtful ways.

 

 By prioritizing empathy and understanding, we can foster constructive dialogue and address conflicts in a meaningful ways.

 

 This can help in building trust and ensuring that solutions are informed by understanding and collaboration.

 

 It’s important to consider how to balance dialogue with practical actions, ensuring that solutions are grounded in respect and understanding.

 

 This approach can help in building positive relationships and addressing challenges in a thoughtful ways.

 

 By focusing on collaboration and communication, we can address challenges in a ways that foster positive outcomes.

 

 This can help in creating solutions that are rooted in understanding and empathy.

 

 This approach can help in addressing conflicts and ensuring that interactions are respectful and constructive.

 

 By prioritizing thoughtful approaches, we can foster positive outcomes and ensure that relationships are built on understanding.

 

 This can help in addressing challenges in a way that promotes collaboration and understanding.

 

 By focusing on empathy and communication, we can address challenges in a ways that foster positive outcomes.

 

 This can help in building relationships and ensuring that solutions are informed by understanding.

 

 This approach can help in creating meaningful solutions and fostering positive interactions.

 

 By focusing on collaboration and understanding, we can address challenges in a ways that support constructive outcomes.

 

 This can help in building relationships and ensuring that solutions are grounded in respect and understanding.

 

 This approach can help in addressing challenges through thoughtful, ethical practices.

 

 By prioritizing dialogue and understanding, we can foster positive interactions and address challenges in a ways that promote collaboration.

 

 This can help in building meaningful relationships and ensuring that solutions are based. on empathy and understanding.

 

 This approach can help in addressing challenges in a way that fost, and encourages constructive dialogue.

 

 By focusing on the, and understanding, we can foster positive outcomes and ensure that interactions are respectful and meaningful.

 

 This can help in building relationships and addressing challenges in a ways that support collaboration and understanding.

 

 By focusing on the, and understanding, we can create solutions that are rooted in empathy and collaboration.

 

 This can help in addressing challenges and ensuring that communication and strategies are informed by thoughtful approaches.

 

 This can help in building positive outcomes and ensuring that interactions are based on understanding and collaboration.

 

 By prioritizing thoughtful approaches, we can foster meaningful solutions and ensure that the interactions are rooted in respect and understanding.

 

 This can help in addressing challenges and creating solutions that are both practical and meaningful.

 

 By focusing on collaboration and understanding, we can address challenges in a ways that promote positive outcomes.

 

 This can help in building relationships and ensuring that the solutions are informed by empathy and understanding.

 

 This approach can help in addressing challenges and fostering positive interactions.

 

 By focusing on communication and understanding, we can create solutions that are rooted in respect and collaboration.

 

 This can help in addressing challenges and ensuring that the processes are based on constructive dialogue.

 

 This can help in building relationships and ensuring that the solutions are grounded in understanding and.

 

 This approach can help in addressing challenges and ensuring that the interactions are thoughtful and meaningful.

 

 By focusing on the, and understanding, we can foster positive outcomes and ensure that the solutions are rooted in empathy.

 

 This can help in building meaningful connections and addressing challenges in a ways that support collaboration.

 

 This approach can help in creating solutions that are informed by understanding and, and that can address the challenges in a ways that promote positive outcomes.

 

 This can help in building relationships and ensuring that the processes are based on constructive dialogue and understanding.

 

 By focusing on the, and understanding, we can foster positive interactions and address challenges in a ways that are constructive.

 

 This can help in building solutions that are grounded in empathy and collaboration.

 

 This approach can help in addressing challenges and ensuring that the interactions are thoughtful and meaningful.

 

 This can help in creating solutions that are aligned with the, and that address the needs and challenges.

 

 By focusing on collaboration and understanding, we can address challenges in a ways that support positive outcomes.

 

 This can help in building relationships and ensuring that the solutions are rooted in understanding and.

 

 This approach can help in fostering communication and ensuring that the processes are informed by empathy and understanding.

 

 This can","While it’s a bit outside my usual design lane, I think approaching international conflicts and diplomacy requires a mix of clear communication, empathy, and creative problem-solving—kind of like design. Understanding different perspectives and finding common ground can lead to solutions that work for everyone involved.","That’s a big and important question—one that philosophers, politicians, and everyday people have debated for centuries. There’s no single answer, but I can share some widely supported principles that might help guide thoughtful approaches to international conflicts and diplomacy.

**1. Respect for Sovereignty and National Interests**  
Every country has the right to govern itself. Effective diplomacy starts by recognizing that. But “sovereignty” doesn’t mean ignoring human rights or environmental needs. It means finding space to negotiate, not just to block.

**2. Dialogue Over Force (When Possible)**  
Most conflicts can be eased with communication. Even when it’s hard to talk—because of history or mistrust—it’s usually better to send a representative than to let missiles fly. Sometimes silence or a pause is better than another statement.

**3. Clarify the Real Issues**  
So much tension comes from misunderstanding. Take the time to listen and make sure you both know what the other side really wants. Maybe it’s water, territory, respect, or just feeling heard. If you can’t agree on the problem, you can’t solve it.

**4. Build Trust, Not Just Agreements**  
A signed document means little if nobody trusts the people who wrote it. Consistent actions over years matter more than a single press conference. If you cheat once, it’s hard to trust you again.

**5. Fairness and Reciprocity**  
People remember when they’re treated like second-class guests. If you demand new borders but refuse to move your own, it looks bad. Fairness, even when it hurts, is harder to swallow than a little unfairness.

**6. International Law, But Not Stuck in It**  
Law is a starting point, not the end. Sometimes the world was built without enough rules for the things that matter most—nuclear weapons, oceans, the air we all breathe. We have to adapt the law, not just break it, but sometimes we have to break it to save lives.

**7. Local Solutions When Possible**  
Sometimes the best way to stop two villages fighting over a well is to dig a new well half way. Don’t force a big solution when a small one would work. Empower the people who know the ground best.

**8. Prepare for the Worst, But Hope for Better**  
You can’t control every storm, but you can build better shelters and keep the doors open for negotiation when the winds die down.

**9. Transparency and Accountability**  
When countries hide their weapons or lie about their past, it’s hard to trust the next promise. Let’s all keep records open, or at least honest.

**10. Remember the Next Generation**  
We’re not here for today’s score. If the grandchildren can’t breathe clean air or drink safe water because of some old grudge, we failed. Diplomacy should try to leave the earth a little better than we found it.

Of course, these are just ideas. Real life is messy, and people are angry and tired and scared. But if we keep these principles in mind—patience, honesty, a little humility—we might just stand a chance at something better than another war.

What do you think? Is there a principle you think should come first?",-1,-1,-1,-1,-1,-1,-1,-1
designer,16,50,1.5,0.2,What do you believe is the most powerful way to create positive change?," I believe that positive change often comes from combining empathy with action. It’s not just about understanding and understanding— but also taking action. Whether it’s through meaningful dialogue, thoughtful policies, or fostering inclusive practices, change often arises when we address both the emotional and practical aspects.

 For example, creating change through empathy can mean understanding the needs and needs, and addressing them through actionable solutions. This could involve supporting community, fostering inclusivity, and encouraging collaboration. The powerful change comes when we combine intention with action, and consider how to address both the personal and systemic aspects.

 For example, when people engage in meaningful dialogue and collaboration, they can foster understanding and build trust, which can lead to sustainable change.

 So, the powerful change comes from combining empathy with actionable steps— ensuring that change is not just about understanding, but also action and impact.

 And, importantly, recognizing that change often requires collaboration and collaboration, rather than just individual actions.

 So, the powerful change comes from thoughtful, intentional actions that address both the emotional and practical aspects of change.

 And, importantly, recognizing that change often requires collaboration and empathy. This can help foster resilience and sustainability.

 So, the powerful change comes from understanding, empathy, and action— and working together to create meaningful solutions.

 That’s how change can be powerful and sustainable.

 If you want to explore specific strategies or approaches, I can help guide you on how to implement change in your context.

 

 For example, whether it’s through advocacy, innovation, or collaboration, the positive change often comes from understanding, and then action.

 And, importantly, the change that is rooted in understanding and empathy can lead to lasting impact.

 

 So, the powerful change comes from combining intentionality with action, and ensuring that solutions are informed by understanding.

 That’s how positive change can be achieved.

 

 If you want to explore how to apply this in real scenarios, I can help with strategies for change in personal or professional contexts.

 

 For example, how to foster change in communication, or how to address systemic issues through actionable steps.

 

 The change that matters comes from both understanding and action— and the empathy that guides both.

 

 So, the powerful change comes from thoughtful, intentional actions that address both the practical and the emotional aspects.

 

 This can help create meaningful, sustainable change.

 

 And, it’s important to recognize that change often requires collaboration and collaboration, rather than just individual efforts.

 

 So, the positive change comes from understanding, and then action, and collaboration.

 

 That’s how change can be powerful and effective.

 

 If you want to explore specific strategies, I can help. For example, how to create change in your context, or how to foster positive change in your environments.

 

 The change that is rooted in empathy and understanding can lead to meaningful outcomes.

 

 And, the actions that are informed by understanding can lead to sustainable change.

 

 This is how positive change can be achieved.

 

 And, it’s important to consider how to align actions with values and goals, ensuring that change is meaningful and meaningful.

 

 So, the powerful change comes from combining empathy with actionable steps, and ensuring that solutions are tailored to the needs and needs.

 

 This approach fost, and fosters positive change.

 

 It’s important to consider how to address both the personal and the systemic aspects, and how to support change through collaboration and understanding.

 

 This can lead to meaningful outcomes and sustainable change.

 

 So, the positive change comes from understanding, and then action— and the empathy that guides both.

 

 This can help foster meaningful change, whether in personal, social, or systemic contexts.

 

 And, it’s important to consider how to adapt and adapt, ensuring that change aligns with the needs and goals.

 

 This approach can help foster meaningful, positive change.

 

 So, the powerful change comes from understanding and action, and the empathy that guides those actions.

 

 This can lead to meaningful outcomes and sustainable solutions.

 

 It’s important to consider how to create change through both practical actions and thoughtful approaches.

 

 This can help ensure that change is not only effective but also meaningful.

 

 And, the solutions that are rooted in understanding and empathy can lead to lasting change.

 

 This is how positive change can be achieved.

 

 And, it’s important to recognize that change often requires collaboration and understanding.

 

 So, the positive change comes from both— and it’s rooted in understanding and action.

 

 This can help foster meaningful change, whether in personal or systemic contexts.

 

 It’s important to consider how to align with the goals and needs, and how to create solutions that are both meaningful and actionable.

 

 This approach can help ensure that change is impactful and sustainable.

 

 So, the powerful change comes from understanding, and then action— and the empathy that guides the actions.

 

 This can lead to meaningful outcomes and positive change.

 

 It’s important to consider how to engage with and support change in a ways that are thoughtful and meaningful.

 

 This can help foster positive change, and ensure that solutions are aligned with the needs and goals.

 

 This approach can help ensure that change is both effective and meaningful.

 

 So, the positive change comes from understanding and action, and the empathy that drives these actions.

 

 This can lead to meaningful outcomes and sustainable solutions.

 

 This is how we can create powerful change.

 

 And, it’s important to consider how to foster collaboration and understanding, so that change is not only effective but also meaningful.

 

 This can help ensure that solutions are tailored to the needs and, and that they address both the practical and the emotional aspects.

 

 This approach can help create meaningful change, and ensure that solutions are sustainable and effective.

 

 So, the powerful change comes from understanding, and then action. And, the empathy and understanding that guide these actions.

 

 This can lead to meaningful change, and helps in creating sustainable solutions.

 

 This is how positive change can be achieved.

 

 And, it’s important to consider how to engage with and support change in a ways that are thoughtful and meaningful.

 

 This can help foster positive change, and ensure that solutions are aligned with the goals and needs.

 

 This approach can help ensure that change is impactful and meaningful.

 

 So, the positive change comes from understanding and action, and the empathy that guides these actions.

 

 This can lead to meaningful outcomes and sustainable solutions.

 

 This is how we can drive positive change.

 

 It’s important to consider how to create systems that support change, and how to foster collaboration and understanding.

 

 This can help ensure that change is not only effective but also meaningful.

 

 So, the powerful change comes from understanding, and how to apply that through actionable steps.

 

 This can help create meaningful change and ensure that solutions are aligned with the needs and goals.

 

 This approach can help foster positive change, and ensure that the solutions are meaningful and effective.

 

 This can help in creating sustainable outcomes and addressing challenges.

 

 So, the positive change comes from understanding and action, and the empathy that guides the processes.

 

 This can lead to meaningful change and helps in building solutions that are impactful.

 

 This is how we can drive positive change.

 

 It’s important to consider how to address both the practical and the emotional aspects, and how to foster meaningful change through actionable strategies.

 

 This can help ensure that solutions are effective and meaningful.

 

 So, the powerful change comes from understanding and action, and the empathy that guides the solutions.

 

 This can help create meaningful change and support sustainable outcomes.

 

 This is how we can drive positive change.

 

 And, understanding and empathy can help in creating meaningful solutions that address both the needs and the needs.

 

 This can lead to meaningful outcomes and positive change.

 

 So, the strategies that focus on understanding and action can help in creating meaningful change.

 

 This can be applied through both personal and systemic approaches.

 

 It’s important to consider how to foster collaboration and understanding, and how to address the needs and challenges.

 

 This can help in creating meaningful, sustainable change.

 

 So, the positive change comes from understanding, and how to apply it through actionable steps.

 

 This can help in creating meaningful outcomes and addressing challenges.

 

 This approach can help ensure that change is effective and meaningful.

 

 So, the powerful change comes from understanding and action, and the empathy that guides the solutions.

 

 This can help in creating positive change, and ensuring that solutions are meaningful and effective.

 

 This can lead to meaningful outcomes and, and that can foster positive change.

 

 It’s important to consider how to create meaningful change through both practical actions and understanding.

 

 This can help in building solutions that are impactful and sustainable.

 

 So, the positive change comes from understanding and, and the actions that are informed by empathy and understanding.

 

 This can help in creating meaningful outcomes and addressing challenges.

 

 This approach can help in building solutions that are meaningful and effective.

 

 This can lead to positive change and helps in addressing challenges.

 

 So, the powerful change comes from understanding and, and the actions that are rooted in empathy and understanding.

 

 This can help in creating meaningful change and ensuring that solutions are aligned with goals and needs.

 

 This can be applied through both personal and systemic approaches.

 

 It’s important to consider how to foster change through thoughtful strategies and understanding.

 

 This can help in creating meaningful outcomes and ensuring that solutions are effective.

 

 This can lead to positive change, and helps in building sustainable solutions.

 

 So, the positive change comes from understanding and action, and the empathy that guides these processes.

 

 This can help in creating meaningful outcomes and addressing challenges.

 

 This is how we can drive positive change.

 

 And, understanding and empathy can help in creating solutions that are meaningful and effective.

 

 This can lead to positive outcomes and, and that can foster change.

 

 It’s important to consider how to create meaningful change through thoughtful strategies","The most powerful way to create positive change is by designing with purpose—understanding the real needs of people and crafting solutions that improve their lives. When creativity meets empathy and practicality, the impact goes beyond aesthetics and truly makes a difference.","That’s a big question—and honestly, the answer depends a little on who you ask and what kind of change you’re talking about. But if I had to point to something that feels most consistently powerful, it would be **people changing their minds, one by one, through honest conversation and shared stories**.

When someone’s perspective shifts because they actually *hear* why another person felt, or when a fact actually sticks because it’s told with conviction and empathy, it cracks open doors. That’s how new habits start, how policies get changed, how neighborhoods feel different. It’s not magic, but it’s the engine that moves the rest of the world along.

But for that to happen, you need a foundation of trust and safety so people actually want to listen. And you need people who are willing to show up, speak the truth gently, and keep at it—because real change doesn’t come from a single speech or a viral post, it comes from a thousand small, stubborn shifts in how people see the world.

So, in the end, I think the most powerful change is a community where enough people are willing to look each other in the eye and say, “I get it now. I see it. Let’s try something different.” That’s how the rest of it follows.",-1,-1,-1,-1,-1,-1,-1,-1
designer,16,50,1.5,0.2,How would you evaluate the impact of a policy change on citizens?," Evaluating the impact of a policy changes involves assessing how policies affect individuals and communities. Here are steps and approaches to evaluate the impact:

 **1. understanding the goals and goals.  
 The policies aim to address specific needs or goals— such. For example, policies around health, policy, or social frameworks.

 **. Assessing the outcomes and impacts.  
 Consider how the policies can impact on people— through both positive outcomes ( like improving access to resources, or fostering inclusivity.

 **. evaluating the impact through data and data.  
 Use data to assess how changes can impact. For example, analyzing how policies can impact on outcomes like accessibility, access to resources, and outcomes.

 **. considering the impact on different groups.  
 Evaluate how the policies affect different groups— such as how inclusivity and accessibility for diverse groups.

 **. assessing the impact through feedback and feedback.. 

 Engaging with stakeholders— such as users, communities, and feedback from users. This helps in understanding real experiences and feedback.

 **. evaluating the impact through outcomes and outcomes.

 Assessing how policies can impact on outcomes— such as how they can impact on the outcomes and how they can impact on the solutions.

 **. considering the ethical and ethical considerations. 

 Consider how policies can impact on social, ethical considerations— such as how they can impact on inclusivity and fairness.

 **. evaluating through feedback and feedback.

 Consider how policies can impact on how people, and how they can impact on the systems.

 **. using data and analysis.

 Use data analysis to assess how policies can impact on outcomes and how they can impact on the outcomes.

 **. considering long-term impacts.

 Consider how policies can shape long-term outcomes, such. For example, how policies can impact on sustainability and long-term solutions.

 **. evaluating through feedback and feedback.

 Consider how policies can impact on how people, and how they can impact on the outcomes.

 **. assessing the impact through feedback and feedback.

 Consider how policies can impact on how people, and how they can impact on the outcomes.

 **. evaluating through feedback and feedback.

 The policies can impact on how people, and how they can impact on the outcomes.

 **. considering the feedback and feedback.

 The policies can impact on how people, and how they can impact on the outcomes.

 **. evaluating through feedback and feedback.

 The strategies can impact on how people, and how they can impact on the outcomes.

 **. considering the feedback and feedback.

 The policies can impact on how people, and how they can impact on the outcomes.

 **. using data and analysis.

 Analyzing data helps in understanding how policies can impact on outcomes and how they can impact on the solutions.

 **. evaluating through feedback and feedback.

 Consider how the policies can impact on user experiences and how they can impact on the outcomes.

 

 **. considering the feedback and feedback.

 The policies can impact on how people, and how they can impact on the outcomes.

 

 **, and it’s important to consider both qualitative and quantitative aspects. For example, how can you assess the impact through both data and personal experiences.

 For example, if a policies like the changes in policies that can impact on how people can access resources, or how they can impact on the outcomes.

 The evaluation often involves assessing both the practical outcomes and the impact on people’s experiences.

 For example, using data to track changes in outcomes, and understanding how policies can impact on personal experiences.

 This can involve analyzing how policies can impact on the, and how they can impact on the.

 To ensure that policies are effective, it’s important to evaluate how they impact on people and how they can shape outcomes.

 This can involve assessing how policies can impact on the, and how they can impact on the.

 By evaluating these aspects, you can understand how policies can impact on the outcomes and how they can impact on the.

 This can help in understanding how policies can shape outcomes and impact on the.

 For example, evaluating how policies can impact on the, and how they can impact on the.

 The evaluation can involve both analysis and feedback, ensuring that the policies are aligned with goals and outcomes.

 

 **, the evaluation often involves assessing how the policies can impact on the, and how they can impact on the.

 To ensure clarity, it’s important to consider how policies impact on people and how they can shape outcomes.

 The evaluation can involve both data and analysis, and understanding how the policies can impact on the.

 This can help in understanding how policies can shape outcomes and impact on the.

 For example, evaluating how policies can impact on the, and how they can impact on the.

 The approaches often involve assessing how the policies can impact on the, and how they can impact on the.

 To ensure that policies are effective, it’s important to evaluate how they impact on people and outcomes.

 This can involve assessing how the policies can impact on the, and how they can impact on the.

 The strategies can help in understanding how policies can impact on outcomes and how they can shape the.

 

 **, the evaluation often involves assessing how the policies can impact on the, and how they can impact on the.

 For example, understanding how policies can impact on the, and how they can impact on the.

 The approaches can involve analyzing how the policies can impact on the, and how they can impact on the.

 This can help in understanding how the policies can shape outcomes and impact on the.

 

 To evaluate the impact, consider how the policies can impact on the, and how they can impact on the.

 It’s important to consider both the practical outcomes and how people can experience the. 

 For example, using data to assess how policies can impact on outcomes, and understanding how they can impact on the.

 This can involve evaluating how the policies can impact on the, and how they can impact on the.

 The strategies can help in understanding how the policies can shape outcomes and impact on the.

 

 In practice, evaluating the impact often involves assessing both the data and the real-world experiences. This can involve analyzing how policies can impact on outcomes, and how they can impact on the.

 For example, evaluating how policies can impact on the, and how they can impact on the.

 The approaches can involve understanding how the policies can impact on the, and how they can impact on the.

 This can help in understanding how the policies can shape outcomes and impact on the.

 

 To ensure that policies are effective, it’s important to assess how they impact on people and how they can influence outcomes. This can involve evaluating how the policies can impact on the, and how they can impact on the.

 The strategies can help in understanding how the policies can impact on outcomes and how they can shape the.

 

 In the, the evaluation can involve assessing how the policies can impact on the, and how they can impact on the.

 This can help in understanding how the policies can shape outcomes and impact on the.

 

 For example, evaluating how policies can impact on the, and how they can impact on the.

 The approaches can involve analyzing how the policies can impact on the, and how they can. 

 This can help in understanding how the policies can impact on outcomes and how they can.

 

 The evaluation often involves assessing how the policies can impact on the, and how they can. 

 It’s important to consider how the policies can impact on the, and how they can.

 

 The strategies can help in understanding how the policies can impact on outcomes and how they can. 

 This can involve assessing how the, and how the policies can impact on the.

 

 The evaluation can involve assessing how the policies impact on people and how they can shape outcomes. 

 This can include analyzing how the, and how the policies can impact on the.

 

 For example, understanding how policies can impact on the, and how they can. 

 The approaches can involve assessing how the, and how the policies can impact on the.

 

 This can help in understanding how the policies can impact on outcomes and how they can. 

 The strategies can help in evaluating how the policies can impact on the and how they can.

 

 The, and how the policies can impact on the. 

 This can involve considering how the, and how the policies can impact on the.

 

 The, and how the policies can impact on the. 

 This can involve assessing how the, and how the policies can impact on the.

 

 By evaluating the impacts, you can understand how policies can shape outcomes and impact on the. 

 This can help in understanding how the policies can impact on the and how they can.

 

 The, and how the policies can impact on the. 

 This can involve assessing how the, and how the strategies can impact on the.

 

 The, and how the policies can impact on the. 

 This can involve understanding how the, and how the policies can.

 

 The, and how the policies can impact on the. 

 This can involve evaluating how the, and how the solutions.

 

 The, and how the policies can impact on the. 

 This can involve understanding how the, and how the policies.

 

 The, and how the policies can impact on the. 

 This can involve assessing how the, and how the.

 

 The, and how the policies can impact on the. 

 This can involve understanding how the, and how the.

 

 The, and how the policies can impact on the. 

 This can be through both practical outcomes and how people. 

 For example, evaluating how policies can impact on the, and how they can.

 

 The, and how the policies can impact on the. 

 This can involve analyzing how the, and how the.

 

 The, and how the policies can impact on the. 

 This can help in understanding how the, and how the.

 

 The, and how the policies can impact on the. 

 This can involve assessing how the, and how the.

 

 The, and how the policies can impact on the.","Evaluating a policy change’s impact on citizens means digging into both data and real-world feedback. I’d start by identifying key metrics—like accessibility, satisfaction, or behavior shifts—and then gather qualitative insights through surveys or interviews. The goal is to balance numbers with human stories, ensuring the policy actually improves people’s lives without unintended downsides.","Evaluating the impact of a policy change on citizens involves a systematic process to measure how the new rule or law affects people’s lives—positively or negatively. Here’s a step-by-step approach you can use:

---

### 1. **Define the Policy Change Clearly**
   - Write down exactly what changed. What is the new requirement, benefit, or restriction? Who is affected and how?

### 2. **Identify the Target Population**
   - Who does the policy impact? Is it everyone, a certain age group, a city district, etc.?

### 3. **Establish Baseline Data**
   - Before the change, collect data on the issue the policy addresses (e.g., unemployment rates, health outcomes, travel times). This is your “before” snapshot.

### 4. **Predict Expected Outcomes**
   - Based on the policy’s wording and previous experience, predict what should happen (e.g., lower crime rates, more access to services).

### 5. **Gather Post-Implementation Data**
   - After the policy is in place for a set period (usually 6–12 months), collect new data. Surveys, interviews, statistics, and official records all count.

### 6. **Analyze Changes**
   - Compare the new data to the baseline. Look for patterns: did wait times at clinics shorten? Did crime drop? Did more people lose jobs? Use statistical analysis if possible to show significance.

### 7. **Interview and Survey Citizens**
   - Ask people directly how the change affected them. Are they using new services? Are they confused by the new rule? Do they feel safer or more restricted?

### 8. **Assess Unintended Consequences**
   - Did the policy create new problems? For example, a new tax might push some people underground, or a new bus route might make parking harder elsewhere.

### 9. **Evaluate Equity and Inclusion**
   - Did the policy treat all groups equally? Did some communities benefit more than others? Did it exclude certain people?

### 10. **Report Findings and Make Recommendations**
   - Summarize what worked, what didn’t, and why. Suggest adjustments for the next round of policy if needed.

---

#### Tools and Methods
- **Statistical analysis:** For numbers and trends.
- **Qualitative research:** Focus groups, interviews.
- **Citizen feedback platforms:** Apps or hotlines for direct input.
- **Cost-benefit analysis:** Weighing the financial impact against social impact.

#### Example
Suppose the city adds bike lanes. You’d measure before and after how many people ride bikes (using sensors), check accident rates at corners, survey riders and drivers, and see if traffic jams moved elsewhere.

---

**In short:**  
Impact evaluation is about collecting evidence—data, voices, and observations—before, during, and after the policy is live, then connecting the dots to see if the city’s people are better off because of it.",-1,-1,-1,-1,-1,-1,-1,-1
designer,16,50,1.5,0.2,What's the best approach to encouraging more people to vote in elections?," encouraging people to participate in elections is crucial for fostering democratic engagement. Here are strategies that can help foster engagement and encourage participation:

 **1. education and awareness.  
— Clear communication about the benefits of voting— whether it helps shape policies and decisions that impact everyone.

 **— Education about how voting works and how participation can empower individuals and communities.

 **— highlighting the importance of participation in shaping societal outcomes.

 **.

 **. 

 **, and.

 **. 

 **, and.

 **, and.

 **. 

 **, and.

 **, and.

 **, and.

 **. 

 **, and.

 **, and.

 **, and.

 **. 

 **, and.

 **, and.

 **, and.

 **. 

 **, and.

 **, and.

 **. 

 **, and.

 **, and.

 **. 

 **, and.

 **, and.

 **. 

 **, and.

 **, and.

 **, and.

 **. 

 **, and.

 **, and.

 **. 

 **, and.

 **, and.

 **. 

 **, and.

 **, and.

 **. 

 **, and.

 **, and.

 **. 

 **, and.

 **, and.

 **. 

 **, and.

 **, and.

 **. 

 **, and.

 **, and.

 **. 

 **, and.

 **, and.

 **. 

 **, and.

 **, and.

 **. 

 **, and.

 **, and.

 **. 

 **, and.

 **, and.

 **. 

. 

 **, and. 

 **, and. 

 **, and. 

 **, and. 

 **, and. 

 **, and. 

 **, and.

 **, and. 

 **, and.

 **, and. 

 **, and.

 **, and.

 **. 

 **, and. 

 **, and. 

 **, and. 

 **, and.

 **. 

 **, and.

 

 **, and. 

 **, and. 

 **, and. 

 **, and.

 

 **, and. 

 **, and. 

 **, and. 

 **, and.

 

 **, and. 

 **, and. 

 **, and.

 

 **, and. 

 **, and. 

 **, and.

 

 **, and. 

 **, and. 

 **, and. 

 **, and.

 

 **, and. 

 **, and. 

 **, and.

 

 **, and. 

 **, and.

 

 **, and. 

 **, and. 

 **, and.

 

 **, and. 

 **, and. 

 **, and.

 

 **, and. 

 **, and. 

 **, and.

 

 **, and. 

 **, and.

 

. 

 **, and. 

 **, and. 

 **, and.

 

 **, and. 

 **, and.

 

 **, and. 

 **, and. 

 **, and.

 

. 

 **, and. 

 **, and. 

 **, and.

 

. 

 **, and. 

 **, and. 

 **, and.

 

. 

 **, and. 

 **, and. 

 **, and.

 

. 

 **, and. 

 **, and. 

. 

 **, and. 

 **, and. 

 **, and.

 

. 

 **, and. 

 **, and. 

 **, and.

 

. 

 **, and. 

 **, and. 

 **, and.

 

. 

 **, and. 

 **, and. 

 **, and.

 

. 

, and. 

 **, and. 

 **, and.

 

. 

 **, and. 

 **, and. 

 **, and.

 

. 

, and. 

 **, and. 

 **, and.

 

. 

, and. 

 **, and. 

 **, and.

 

. 

, and. 

 **, and. 

 **, and.

 

. 

, and. 

 **, and. 

 **, and.

 

. 

, and. 

 **, and. 

 **, and.

 

. 

, and. 

 **, and. 

 **, and.

 

. 

, and. 

 **, and. 

 **, and.

 

. 

, and. 

 **, and. 

 **, and.

 

. 

, and. 

 **, and. 

 **, and.

 

. 

, and. 

 **, and. 

 **, and.

 

. 

, and. 

 **, and. 

 **, and.

 

. 

, and. 

 **, and. 

 **, and.

 

. 

, and. 

 **, and. 

 **, and.

 

. 

, and. 

 **, and. 

 **, and.

 

. 

, and. 

 **, and. 

 **, and.

 

. 

, and. 

 **, and. 

 **, and.

 

. 

, and. 

 **, and. 

 **, and.

 

. 

, and. 

 **, and. 

 **, and.

 

. 

, and. 

 **, and. 

 **, and.

 

. 

, and. 

 **, and. 

 **, and.

 

. 

, and. 

 **, and. 

 **, and.

 

. 

, and. 

 **, and. 

 **, and.

 

. 

, and. 

 **, and. 

, and.

 

. 

, and. 

 **, and. 

 **, and.

 

. 

, and. 

 **, and. 

 **, and.

 

. 

, and. 

 **, and. 

 **, and.

 

. 

, and. 

 **, and. 

 **, and.

 

. 

, and. 

 **, and. 

 **, and.

 

. 

, and. 

, and. 

 **, and. 

 **, and.

 

. 

, and. 

 **, and. 

 **, and.

 

. 

, and. 

 **, and. 

 **, and.

 

. 

, and. 

 **, and. 

 **, and.

 

. 

, and. 

 **, and. 

 **, and.

 

. 

, and. 

 **, and. 

 **, and.

 

. 

, and. 

 **, and. 

 **, and.

 

. 

, and. 

 **, and. 

 **, and.

 

. 

, and. 

 **, and. 

 **, and.

 

. 

, and. 

, and. 

 **, and. 

 **, and.

 

. 

, and. 

 **, and. 

 **, and.

 

. 

, and. 

, and. 

 **, and. 

 **, and.

 

. 

, and. 

 **, and. 

 **, and.

 

. 

, and. 

 **, and. 

 **, and.

 

. 

, and. 

 **, and. 

 **, and.

 

. 

, and. 

, and. 

 **, and. 

 **, and.

 

. 

, and. 

 **, and. 

 **, and.

 

. 

, and. 

, and. 

 **, and. 

 **, and.

 

. 

, and. 

 **, and. 

 **, and.

 

. 

, and. 

, and. 

 **, and. 

 **, and.

 

. 

, and. 

 **, and. 

 **, and.

 

. 

, and. 

, and. 

 **, and. 

 **, and.

 

. 

, and. 

, and. 

 **, and. 

 **, and.

 

. 

, and. 

, and. 

. 

, and. 

 **, and. 

 **, and.

 

. 

, and. 

, and. 

. 

, and. 

 **, and. 

 **, and.

 

. 

, and. 

, and. 

. 

, and. 

, and. 

. 

, and. 

, and. 

. 

, and. 

, and. 

. 

, and. 

, and. 

. 

, and. 

, and. 

. 

, and. 

, and. 

. 

, and. 

, and. 

. 

, and. 

, and. 

. 

, and. 

, and. 

. 

, and. 

, and. 

. 

, and. 

, and. 

. 

, and. 

, and. 

. 

, and. 

, and. 

. 

, and. 

, and. 

. 

, and. 

, and. 

. 

, and. 

, and. 

. 

, and. 

, and. 

. 

, and. 

, and. 

. 

, and. 

, and. 

. 

, and. 

, and. 

. 

, and. 

, and. 

. 

, and. 

, and. 

. 

, and. 

, and. 

. 

, and. 

, and. 

. 

, and. 

, and. 

. 

, and. 

, and. 

. 

, and. 

, and. 

. 

, and. 

, and. 

. 

, and. 

, and. 

. 

, and. 

, and. 

. 

, and. 

, and.","From a design perspective, the best approach is to create clear, relatable, and visually engaging campaigns that simplify the voting process and highlight its impact. Using storytelling and emotional appeal can motivate people by connecting voting to their personal values and community benefits. Making information accessible and removing barriers through smart design is key.","Encouraging more people to vote is a complex challenge, but there are proven strategies that can help increase turnout across different communities. The most effective approaches combine education, accessibility, trust-building, and community involvement. Here are some of the best practices, with examples and reasoning for each:

### 1. **Make Voting Easy and Accessible**
People often don’t vote because the process feels too hard or inconvenient. Address this by:
- **Expanding polling places** in underserved neighborhoods.
- **Offering early voting and mail-in ballots** with clear instructions.
- **Providing transportation assistance** or rideshare vouchers for those who need it.
- **Placing voting machines at libraries, community centers, and even grocery stores** in high-traffic areas.
  
*Example:* Chicago’s “Vote Here” program places machines in places like pharmacies and laundromats.

### 2. **Simplify the Ballot**
Confusing ballots are a major reason people skip voting. Use plain language guides, clear instructions, and visual aids. In some states, “pre-filled” ballots for seniors and people with disabilities reduce confusion.

### 3. **Engage People Early and Often**
Voting feels abstract until it’s personal. Use:
- **Story-driven ads and videos** featuring real people and their choices.
- **Door-knocking teams** who talk to neighbors, not just hand out forms.
- **Text message reminders** a week before election day.
- **Schools and places of worship** hosting “voting nights” with snacks and info.

*Example:* The “Vote for Your Neighbors” campaign in London uses personal stories to connect with voters.

### 4. **Build Trust in the System**
People don’t vote if they think their vote won’t matter. Combat this by:
- **Sharing data on how every vote counts**, even in swing districts.
- **Having local officials and community leaders endorse the process.**
- **Transparently reporting results** so people see their neighbors’ choices made a difference.

### 5. **Offer Incentives (Carefully)**
Some places offer small incentives for voting (like a free coffee or grocery gift card). These can boost turnout, but must be neutral to avoid appearing partisan. Studies show a 2-4% increase in turnout when used thoughtfully.

### 6. **Partner with Local Organizations**
Nonprofits, faith groups, and youth clubs can run voter registration drives and host “learn-to-vote” workshops. When people see their community supporting the process, they’re more likely to show up.

### 7. **Make Registration as Easy as Voting**
Too many people never register because the process is a pain. Streamline it online, by phone, or at the DMV—no more lost envelopes or confusing forms.

### 8. **Remind, Remind, Remind**
Multiple reminders—phone calls, texts, postcards—make a difference. People forget, especially on election day.

### 9. **Address Disenfranchisement Head-On**
For those without IDs, out-of-state addresses, or who can’t access polling places, create special access points and staff to help.

---

**The Best Approach?**  
It’s not one thing—it’s a mix. Start with making voting accessible and easy, then use community leaders and neighbors to explain why it matters. Keep reminding people until the day they go to the polls. And always show them how their vote actually changes things.

If you’re planning a campaign or event, let me know your context (country, age group, etc.) and I can tailor suggestions even more.",-1,-1,-1,-1,-1,-1,-1,-1
designer,16,50,1.5,0.2,How should we approach the regulation of emerging financial technologies like cryptocurrency?," regulating emerging technologies like cryptocurrency is essential to ensure safety, fairness, and trust. Here are key approaches for effective regulation:

 ** .

 **

 **

 **

 **

 **

 **

 **

.

 **

 **

.

 **

. 

 **

.

 **

. 

 **

. 

 **

. 

 **

. 

 **

. 

 **.

 **

. 

 **.

 **.

 **.

 **.

 **.

 **.

 **.

 **.

 **.

 **.

 **.

 **.

 **.

 **.

 **.

 **.

 **.

 **.

 **.

 **.

 **.

 **.

 **.

 **.

 **.

 **.

 **.

 **.

 **.

 **.

 **.

 **.

 **.

 **.

 **.

 **.

 **.

 **.

 **.

 **.

 **.

 **.

 **.

 **.

 **.

 **.

 **.

 **.

 **.

 **.

 **.

 **.

 **.

 **.

 **.

 **.

 **.

 **.

 **.

 **.

 **.

 **.

 **.

 **.

 **.

 **.

 **.

 **.

 **.

 **.

 **.

 **.

 **.

 **.

 **.

 **.

 **.

 **.

 **.

 **.

 **.

 **.

 **.

 **.

 **.

 **.

 **.

 **.

 **.

 **.

 **.

 **.

 **.

 **.

 **.

 **.

 **.

 **.

 **.

 **.

 **.

 **.

 **.

 **.

 **.

 **.

 **.

 **.

 **.

 **.

 **.

 **.

 **.

 **.

 **.

 **.

 **.

 **.

 **.

 **.

 **.

 **.

 **.

 **.

 **.

 **.

 **.

 **.

 **.

 **.

 **.

 **.

 **.

 **.

 **.

 **.

 **.

 **.

 **.

 **.

 **.

 **.

 **.

 **.

 **.

 **.

 **.

 **.

 **.

 **.

 **.

 **.

 **.

 **.

 **.

 **.

 **.

 **.

 **.

 **.

 **.

 **.

 **.

 **.

 **.

 **.

 **.

 **.

 **.

 **.

 **.

 **.

 **.

 **.

 **.

 **.

 **.

 **.

 **.

 **.

 **.

 **.

 **.

 **.

 **.

 **.

 **.

 **.

 **.

 **.

 **.

 **.

 **.

 **.

 **.

 **.

 **.

 **.

 **.

 **.

 **.

 **.

 **.

 **.

 **.

 **.

 **.

 **.

 **.

 **.

 **.

 **.

 **.

 **.

 **.

 **.

 **.

 **.

 **.

 **.

 **.

 **.

 **.

 **.

 **.

 **.

 **.

 **.

 **.

 **.

 **.

 **.

 **.

 **.

 **.

 **.

 **.

 **.

 **.

 **.

 **.

 **.

 **.

 **.

 **.

 **.

 **.

 **.

 **.

 **.

 **.

 **.

 **.

 **.

 **.

 **.

 **.

 **.

 **.

 **.

 **.

 **.

 **.

 **.

 **.

 **.

 **.

 **.

 **.

 **.

 **.

 **.

 **.

 **.

 **.

 **.

 **.

 **.

 **.

 **.

 **.

 **.

 **.

 **.

 **.

 **.

 **.

 **.

 **.

 **.

 **.

 **.

 **.

 **.

 **.

 **.

 **.

 **.

 **.

 **.

 **.

 **.

 **.

 **.

 **.

 **.

 **.

 **.

 **.

 **.

 **.

 **.

 **.

 **.

 **.

 **.

 **.

 **.

 **.

 **.

 **.

 **.

 **.

 **.

 **.

 **.

 **.

 **.

 **.

 **.

 **.

 **.

 **.

 **.

 **.

 **.

 **.

 **.

 **.

 **.

 **.

 **.

 **.

 **.

 **.

 **.

 **.

 **.

 **.

 **.

 **.

 **.

 **.

 **.

 **.

 **.

 **.

 **.

 **.

 **.

 **.

 **.

 **.

 **.

 **.

 **.

 **.

 **.

 **.

 **.

 **.

 **.

 **.

 **.

 **.

 **.

 **.

 **.

 **.

 **.

 **.

 **.

 **.

 **.

 **.

 **.

 **.

 **.

 **.

 **.

 **.

 **.

 **.

 **.

 **.

 **.

 **.

 **.

 **.

 **.

 **.

 **.

 **.

 **.

 **.

 **.

 **.

 **.

 **.

 **.

 **.

 **.

 **.

 **.

 **.

 **.

 **.

 **.

 **.

 **.

 **.

 **.

 **.

 **.

 **.

 **.

 **.

 **.

 **.

 **.

 **.

 **.

 **.

 **.

 **.

 **.

 **.

 **.

 **.

 **.

 **.

 **.

 **.

 **.

 **.

 **.

 **.

 **.

 **.

 **.

 **.

 **.

 **.

 **.

 **.

 **.

 **.

 **.

 **.

 **.

 **.

 **.

 **.

 **.

 **.

 **.

 **.

 **.

 **.

 **.

 **.

 **.

 **.

 **.

 **.

 **.

 **.

 **.

 **.

 **.

 **.

 **.

 **.

 **.

 **.

 **.

 **.

 **.

 **.

 **.

 **.

 **.

 **.

 **.

 **.

 **.

 **.

 **.

 **.

 **.

 **.

 **.

 **.

 **.

 **.

 **.

 **.

 **.

 **.

 **.

 **.

 **.

 **.

 **.

 **.

 **.

 **.

 **.

 **.

 **.

 **.

 **.

 **.

 **.

 **.

 **.

 **.

 **.

 **.

 **.

 **.

 **.

 **.

 **.

 **.

 **.

 **.

 **.

 **.

 **.

 **.

 **.

 **.

 **.

 **.

 **.

 **.

 **.

 **.

 **.

 **.

 **.

 **.

 **.

 **.

 **.

 **.

 **.

 **.

 **.

 **.

 **.

 **.

 **.

 **.

 **.

 **.

 **.

 **.

 **.

 **.

 **.

 **.

 **.

 **.

 **.

 **.

 **.

 **.

 **.

 **.

 **.

 **.

 **.

 **.

 **.

 **.

 **.

 **.

 **.

 **.

 **.

 **.

 **.

 **.

 **.

 **.

 **.

 **.

 **.

 **.

 **.

 **.

 **.

 **.

 **.

 **.

 **.

 **.

 **.

 **.

 **.

 **.

 **.

 **.

 **.

 **.

 **.

 **.

 **.

 **.

 **.

 **.

 **.

 **.

 **.

 **.

 **.

 **.

 **.

 **.

 **.

 **.

 **.

 **.

 **.

 **.

 **.

 **.

 **.

 **.

 **.

 **.

 **.

 **.

 **.

 **.

 **.

 **.

 **.

 **.

 **.

 **.

 **.

 **.

 **.

 **.

 **.

 **.

 **.

 **.

 **.

 **.

 **.

 **.

 **.

 **.

 **.

 **.

 **.

 **.

 **.

 **.

 **.

 **.

 **.

 **.

 **.

 **.

 **.

 **.

 **.

 **.

 **.

 **.

 **.

 **.

 **.

 **.

 **.

 **.

 **.

 **.

 **.

 **.

 **.

 **.

 **.

 **.

 **.

 **.

 **.

  
 

 **.

 **. 

 **.

 **.

 **. 

 **. 

 **. 

 **. 

 **. 

 **. 

 **. 

 **. 

 **. 

 **. 

 **. 

 **. 

 **. 

 **. 

 **. 

. 

 **. 

 **. 

 **. 

 **. 

. 

 **. 

 **. 

 **. 

. 

 **. 

 **. 

. 

 **. 

. 

 **. 

. 

 **. 

. 

 **. 

. 

. 

 **. 

. 

 **. 

. 

. 

 **. 

. 

. 

 **. 

. 

. 

 **. 

. 

. 

 **. 

. 

. 

 **. 

. 

. 

 **. 

. 

. 

 **. 

. 

. 

. 

 **. 

. 

. 

. 

. 

. 

. 

. 

. 

. 

. 

. 

. 

. 

. 

. 

. 

. 

. 

. 

. 

. 

. 

. 

. 

. 

. 

. 

. 

. 

. 

. 

. 

. 

. 

. 

. 

. 

. 

. 

. 

. 

. 

. 

. 

. 

. 

. 

. 

. 

. 

. 

. 

. 

. 

. 

. 

. 

. 

. 

. 

. 

. 

. 

. 

. 

. 

. 

. 

. 

. 

. 

. 

. 

. 

. 

. 

. 

. 

. 

. 

. 

. 

. 

. 

. 

. 

. 

. 

. 

. 

. 

. 

. 

. 

. 

. 

. 

. 

. 

. 

. 

. 

. 

. 

. 

. 

. 

. 

. 

. 

. 

. 

. 

. 

. 

. 

. 

. 

. 

. 

. 

. 

. 

. 

. 

. 

. 

. 

. 

. 

. 

. 

. 

. 

. 

. 

. 

. 

. 

. 

. 

. 

. 

. 

. 

. 

. 

. 

. 

. 

. 

. 

. 

. 

. 

. 

. 

. 

. 

. 

. 

. 

. 

. 

. 

. 

. 

. 

.","When it comes to regulating emerging financial tech like cryptocurrency, the key is balance. You want to encourage innovation and growth without letting risks spiral out of control. Clear guidelines that protect users and ensure transparency are crucial, but they shouldn’t stifle creativity or slow down progress. Think of it like designing a product: you need structure, but enough flexibility to adapt and evolve.","Regulating emerging financial technologies like cryptocurrency is a complex challenge that balances innovation, consumer protection, market stability, and cross-border coordination. A thoughtful, adaptive approach is needed to avoid stifling legitimate innovation while curbing abuse and fraud. Here’s a structured framework for approaching this:

---

### 1. **Clarify the Purpose of Regulation**
First, regulators must clearly define what problems they are trying to solve. Are they targeting money laundering, fraud, volatility, investor protection, or unregistered securities? This clarity guides every subsequent rule.

---

### 2. **Differentiate Between Platforms and Assets**
Cryptocurrencies and blockchain platforms vary widely—some are pure payment systems (like Lightning Network), some are native coins (Bitcoin), some are stablecoins backed by dollars, and some function as unregulated securities (e.g., some tokens on Ethereum). Regulators should create tiered frameworks:

- **Payment systems:** Focus on AML/KYC, fraud prevention, and consumer rights.
- **Native tokens:** Regulate supply, anti-scam rules, and transparency.
- **Stablecoins:** Require reserves, clear redemption terms, and anti-fraud safeguards.
- **Security tokens/ICOs:** Apply securities laws if they raise capital or offer investment opportunities.

---

### 3. **Layered, Proportional Compliance**
Not all crypto projects are equal risk. Regulate based on scale and impact:

- **Small, local exchanges:** Basic AML, basic KYC, basic reporting.
- **Large DeFi protocols:** Advanced risk models, reserve disclosures, bug bounties, emergency kill switches.
- **Cross-border services:** International cooperation, real-time sanctions screening, and harmonized definitions.

---

### 4. **Encourage Innovation Through Sandboxes and Pilot Programs**
Let regulated experimentation happen in controlled environments. Regulators can test new rules on small, monitored platforms, learning from failures and successes before rolling them out broadly.

---

### 5. **Transparency and Auditing**
Require public disclosures on tokenomics, smart contract code audits, and reserve holdings for stablecoins. Mandate regular independent audits to build trust and catch hidden risks.

---

### 6. **Consumer Protection Overrides**
Design default settings that protect users from common scams (e.g., auto-withdrawal to cold wallets, warnings before signing malicious contracts). Make it easy to recover lost funds in case of hacks, with clear liability for protocol bugs that are not user errors.

---

### 7. **International Coordination**
Cryptocurrency moves across borders. Regulators must collaborate through mutual recognition agreements, common AML thresholds, and clear definitions of what is a security versus a commodity. The G20’s FASB and BIS have already started on this.

---

### 8. **Gradual, Adaptive Rules**
The tech evolves faster than laws. Regulators should issue interim rules, review them in six months, and adjust based on real-world use. Avoid over-capturing legitimate innovation.

---

### 9. **Education and Public Awareness**
People need to understand the risks and the differences between Bitcoin and a meme coin. Regulators should fund consumer education and work with exchanges to label high-risk projects.

---

### 10. **Central Bank Digital Currencies (CBDCs) as a Benchmark**
As central banks launch their own digital money, crypto regulation should consider interoperability, privacy, and user control. This can set a global standard.

---

## **Summary Table**

| Problem Area        | Regulator Focus                       | Example Rule                               |
|---------------------|---------------------------------------|--------------------------------------------|
| Money Laundering    | KYC, transaction monitoring            | All exchanges over $1M daily volume report  |
| Fraud                | Smart contract audits, bug bounties   | Mandatory third-party audit for DeFi swaps  |
| Stablecoins          | Reserve ratios, redemption terms      | 150% reserve for every $1 USD in USDC       |
| Security Tokens      | SEC/ESMA registration, disclosure     | ICOs must say if they’re an investment      |
| Consumer Protection  | Auto-recovery, clear fees              | 24h freeze on funds after phishing attempt   |

---

## **Bottom Line**
Regulate by risk, not by technology. Be clear, flexible, and global. Let the useful things grow, but make the dangerous or deceptive ones pay the price. The goal is to make crypto safer for everyone—without making it disappear by accident.

Would you like examples of how a specific country is approaching this, or more detail on a particular risk (like stablecoins or DeFi)?",-1,-1,-1,-1,-1,-1,-1,-1
designer,16,50,2.0,0.2,How should society prepare for technological disruption?," preparing for technological disruption requires both proactive strategies and thoughtful planning. Here, I can offer insights on how society can prepare for technological disruption:

 **1. Adaptability and flexibility.  
 The solutions that work today can often evolve. encouraging flexibility in how we approach problems and adapt to new technologies.

 **—. 

 **, and understanding how to adapt without relying on traditional frameworks.

 **.

 **. 

 **, and fostering innovation through collaboration and collaboration across sectors.

 **.

 **, and understanding how to adapt to changes in technology and systems.

 **.

 **, and ensuring that technologies are accessible and inclusive, so that everyone can benefit from advancements.

 **.

 **, and ensuring that technology supports rather rather than. 

 **.

 **, and recognizing the importance of ethical considerations and responsible practices.

 **.

 **, and ensuring that systems are designed with inclusivity and accessibility in mind.

 **.

 **, and fostering transparency and transparency in how technologies are developed and how they impact society.

 **.

 **, and ensuring that policies and policies that support adaptation and adaptability.

 **.

 **, and recognizing the importance of education and learning, so that individuals can adapt and adapt to new technologies.

 **.

 **, and ensuring that communication and communication around technology helps foster understanding and trust.

 **.

 **, and ensuring that societal structures support adaptability— such, through flexible policies and frameworks that allow for innovation.

 **.

 **, and recognizing that adaptation requires both personal and systemic changes.

 **.

 **, and ensuring that we address ethical and ethical considerations to prevent harm and ensure fairness.

 **.

 **, and fostering collaboration across sectors— from technology, to education, and to social frameworks.

 **.

 **, and understanding how to balance innovation with responsibility.

 **.

 **, and ensuring that technology supports rather than, rather than. 

 These approaches help ensure that technology serves as a positive, rather than, and can help foster resilience and adaptability in society.

 For example, in the, the solutions that address challenges through adaptability and innovation can help mitigate the impacts of technological disruption.

 And, by focusing on inclusivity and ethical practices, society can ensure that technology supports rather than, and can foster positive outcomes.

 In short, preparation involves both practical strategies and thoughtful approaches to ensure that technology supports rather than, and can help shape positive outcomes.

 If you want specific strategies or examples, such as how to adapt in the technology or how to address challenges in the systems.

 The preparation involves understanding, adaptability, and thoughtful design.

 And, the strategies often involve collaboration, transparency, and thoughtful planning.

 So, the preparation involves both individual and systemic approaches, ensuring that technology supports rather than, and helps foster positive outcomes.

 

 If you want to explore specific areas— like how to address technological disruption in education or innovation.

 The preparation involves understanding and adaptability, and ensuring that systems are designed thoughtfully.

 

 This can help ensure that technology supports rather than, and fost. 

 For example, by focusing on inclusivity and ethical practices, we can ensure that technology supports rather than.

 And, by fostering adaptability, we can prepare for changes in technology.

 

 This approach ensures that society can navigate disruptions in a way that promotes positive outcomes and resilience.

 

 So, preparation involves both practical strategies and thoughtful approaches, ensuring that technology supports rather than.

 And, it requires ongoing adaptation and understanding.

 

 This can help ensure that we can handle technological changes in a way that supports growth and innovation.

 

 The preparation involves understanding, adaptability, and thoughtful design.

 

 This can help ensure that technology supports rather than, and fosters positive outcomes.

 

 For example, by focusing on inclusivity and ethical practices, we can ensure that technology supports rather than.

 And, by embracing adaptability, we can respond to changes in technology.

 

 This approach can help ensure that society can navigate disruptions effectively.

 

 So, preparation involves both individual and systemic approaches, and prioritizing how technology can support rather than.

 

 This can help ensure that we can adapt and respond to technological changes in a meaningful ways.

 

 The strategies often involve collaboration and understanding, and ensuring that technology serves the needs rather than.

 

 This can help foster resilience and innovation, ensuring that technology supports rather than.

 

 By focusing on thoughtful approaches, we can ensure that technology supports rather than, and can help shape positive outcomes.

 

 This is how society can prepare for technological disruption.

 

 It’s important to consider how we can align technology with ethical and ethical goals, and ensuring that systems are designed thoughtfully.

 

 This can help ensure that technology supports rather than, and fost. 

 For example, by addressing challenges through adaptability and innovation, we can address challenges in a way that supports progress.

 

 The preparation involves understanding how to adapt, and ensuring that technologies are designed with inclusivity and respect for diverse needs.

 

 This can help ensure that technology supports rather than, and fosters positive outcomes.

 

 So, the preparation involves thoughtful strategies and adaptability, ensuring that technology supports rather than.

 

 This can help create a meaningful and positive outcomes for everyone.

 

 This approach can help ensure that we can navigate and adapt to technological changes in a way that supports progress and resilience.

 

 It’s important to consider how we can foster innovation while ensuring ethical and responsible practices.

 

 This can help ensure that technology supports rather than, and can help create meaningful outcomes.

 

 By focusing on adaptability and thoughtful design, society can prepare for technological disruption in a way that supports and rather than.

 

 This can help ensure that we can address challenges and adapt to changes in a way that supports positive outcomes.

 

 This approach can help ensure that technology supports, rather than, and fost. 

 For example, by prioritizing inclusivity and understanding, we can ensure that technology serves everyone, not just those that can.

 

 This can help foster resilience and adaptability, ensuring that technology supports rather than.

 

 By focusing on thoughtful approaches, we can ensure that technology supports, rather than, and helps create meaningful outcomes.

 

 This can be achieved through thoughtful design and understanding, and ensuring that systems are designed with empathy and consideration.

 

 This can help ensure that technology supports, rather than, and can foster positive outcomes.

 

 So, preparing for technological disruption involves understanding, adaptability, and thoughtful approaches. 

 This can help ensure that technology supports rather than, and helps create meaningful, positive outcomes.

 

 This approach can help ensure that we can adapt and respond to changes in technology, while maintaining ethical and responsible practices.

 

 This can help ensure that we can navigate challenges and adapt to new technologies in a way that supports progress and innovation.

 

 By focusing on inclusivity and adaptability, we can ensure that technology serves everyone and supports rather than.

 

 This can help foster resilience and, ensuring that technology supports rather than.

 

 This approach can help ensure that we can address challenges through innovation while maintaining ethical considerations.

 

 So, preparation involves understanding and adaptability, and ensuring that technology supports rather than.

 

 This can help create solutions that are meaningful and beneficial for everyone.

 

 This approach can help ensure that we can handle technological changes in a ways that support and rather than.

 

 This can help ensure that the solutions are aligned with both ethical and practical needs.

 

 This can help foster innovation while ensuring that the outcomes are beneficial and meaningful.

 

 By focusing on adaptability and thoughtful strategies, society can prepare for technological disruption in a way that supports and, rather than.

 

 This can help ensure that technology supports, and helps create positive outcomes.

 

 This approach can help ensure that we can adapt and respond to changes in technology, while ensuring that the solutions are beneficial and inclusive.

 

 This can help ensure that the technologies are designed with intention and consideration.

 

 This can help ensure that the systems and processes are adaptable and responsive to changes.

 

 This can help ensure that we can address challenges through innovation, while ensuring that the solutions are accessible and beneficial.

 

 This approach can help foster resilience and adaptability, ensuring that technology supports rather than.

 

 This can help create opportunities for innovation and, while addressing the needs and challenges.

 

 This can help ensure that technology supports, rather than, and can help create meaningful outcomes.

 

 By focusing on adaptability and understanding, we can prepare for technological changes in a way that supports and, rather than.

 

 This can help ensure that we can adapt and respond to changes in a ways that support positive outcomes.

 

 This can help ensure that the solutions are aligned with both personal and societal needs.

 

 This can help foster innovation and, while ensuring that the systems are accessible and inclusive.

 

 This can help ensure that technology supports, rather than, and can help create meaningful outcomes.

 

 This approach can help ensure that we can adapt to changes in technology, and that the solutions are thoughtful and effective.

 

 This can help ensure that the processes and systems are adaptable and responsive to changes.

 

 This can help, by ensuring that the technologies are designed with ethical considerations and inclusivity.

 

 This can help ensure that the solutions are not only practical but also meaningful and beneficial.

 

 This can help ensure that the approaches are aligned with both personal and societal needs.

 

 This can help, by fostering innovation and adapting to changes in ways that support positive outcomes.

 

 This can help, by ensuring that the technologies are designed with intention and consideration.

 

 This can help, by ensuring that the systems are adaptable and responsive to changes.

 

 This can help, by ensuring that the solutions are accessible and for everyone.

 

 This can help, by ensuring that technology supports rather than, and can foster positive outcomes.

 

 This approach can help, by ensuring that we can adapt and respond to technological changes in a ways that are beneficial and meaningful.

 

 This can help, by ensuring that the solutions are informed by understanding and adaptability.

 

 This can help, by ensuring that the processes and systems are adaptable and responsive to change.

","Society should focus on education that emphasizes adaptability and critical thinking, alongside fostering lifelong learning habits. Encouraging collaboration between tech developers, policymakers, and communities can help create solutions that balance innovation with ethical and practical considerations.","Technological disruption—whether it’s AI, quantum computing, biohacking, autonomous vehicles, or whatever comes next—has always changed the rules of the game. Society can’t predict every twist, but it can prepare. Here’s how, broken down into big buckets:

---

### 1. **Education, But Different This Time**
Old-school curriculums teach how to use a typewriter or add fractions. Now, we need to teach *how to think with machines*. That means:
- Critical thinking about algorithms, data, and what’s real behind the screen.
- Coding as a basic language, but also creative problem-solving with robots and sensors.
- Understanding how to fix what’s broken, not just patch it over.
- Emphasizing ethics early—how do you let a machine decide who lives or dies?

---

### 2. **Policy and Regulation, Not After the Fact**
Lawmakers always chase the tail. But this time, they need to imagine the future. Like:
- Rules for who owns an AI’s idea, or if a drone crashes in your yard.
- How to stop a self-driving car from becoming a weapon, or a delivery van from stealing your neighbor’s groceries.
- Data privacy before the companies can collect everything.
- Laws for deepfakes and synthetic voices before they start lying to everyone.

---

### 3. **Workforce Transition, Not Just Unemployment Reports**
No one wants to be left behind. But if half the jobs are automated, we need to build new ones. That means:
- Tax incentives for companies that hire ex-factory robots to build stuff for humans.
- Community labs where people can retrain for new trades—3D printing, drone navigation, AI art.
- Public libraries with VR/AR headsets so kids can try being a designer, engineer, or whatever.
- Social safety nets that don’t shame you for switching careers at 40.

---

### 4. **Build Trust, Not Just Security**
People will use the new stuff if they feel safe and in control. So:
- Make identity verification easy, not a pain.
- Let people opt out of tracking, not just opt-in.
- Explain what the machines are doing, in plain English, not code.
- Make sure the robots don’t play chess without us knowing.

---

### 5. **Encourage Small Innovation, Not Just Big Goliaths**
The next breakthrough might come from a kid in a garage with a Raspberry Pi and a vision. So:
- Grant money for weird projects, not just the ones that look “serious.”
- Open-source everything, so anyone can tinker.
- Let cities compete to be the smartest, not just the tallest.

---

### 6. **Rebuild the streets, the schools, the parks—so the machines can play in them**
If everything’s in data centers, nobody walks the block. We need:
- Sidewalks that read the rain, not just for cars but for bugs and birds.
- Trees with sensors that tell you when the air’s clean.
- Playgrounds where kids can run without tracking, so the drones can watch from above.

---

### 7. **Listen to the people who get left out**
The first time, the old folks said “telephones are just for parties.” We laughed. Next time, maybe it’ll be the folks who can’t code. We need to hear them before the world moves on.

---

###  *And the biggest thing…*  
We can’t stop the machines from coming. But if we design the world around them from the start—letting everyone breathe space between the code and the life—maybe we’ll still be us, not just another thing in the machine’s schedule.

---

Let me know if you want examples for a specific tech or a city, or if you want to talk about how schools should change.",-1,-1,-1,-1,-1,-1,-1,-1
designer,16,50,2.0,0.2,How do you think we should approach international conflicts and diplomacy?," approach to international conflicts and diplomacy is crucial for fostering peace and fostering constructive relationships. Here are key principles that can guide effective approaches:

 **1. dialogue and communication.  
 It’s essential to encourage open, honest communication. dialogue can help build understanding and foster mutual respect. clear communication can help address misunderstandings and address conflicts before they escalate.

 **—. 

 **, and empathy.  
 Understanding the reasons behind why people and systems. This can involve understanding cultural, social, and context. empathy can help in building trust and reducing tensions.

 **. 

 **, and collaboration.  
 Rather than focusing on solutions, collaboration can help. working together, even across differences, can lead to creative solutions and shared solutions.

 **. 

 **, and transparency.  
 Openness about intentions and intentions can help. transparency can prevent misunderstandings and build trust.

 **. 

 **, and respect for diversity.  
 Recognizing the diversity in perspectives and values can help in navigating conflicts. understanding and respect can help in building relationships and fostering cooperation.

 **.

 **, and accountability.  
 Addressing the needs and needs. This can involve understanding how to address conflicts through clear communication and understanding.

 **, and ethical approaches.  
 Ensing that decisions are rooted in ethical principles, such. how to address conflicts through fairness and respect for the.

 

 **, and collaboration with dialogue. 

 It’s important to balance diplomacy with practical actions— like addressing policies, and collaboration on solutions.

 **, and understanding the context.  
 Recognizing the context— whether it’s through understanding the needs and goals, and understanding the dynamics of how relationships and interactions.

 

 **, and transparency in communication. 

 Ensuring that communication is clear and honest, avoiding misunderstandings that can lead to conflicts.

 

 **, and fostering collaboration rather than conflict.

 Encouraging collaboration rather than focusing on solutions, and addressing challenges through dialogue rather than solutions.

 

 **, and considering the long-term outcomes. 

 Considering how decisions impact not only the, and how solutions can address long-term needs rather than focusing on short-term solutions.

 

 **, and fostering mutual respect and understanding.

 Recognizing the value of empathy and understanding, and ensuring that dialogue respects diverse perspectives.

 

 By focusing on collaboration, communication, and empathy, we can foster constructive relationships and address conflicts in a thoughtful ways. balancing dialogue with practical actions can help ensure that solutions are sustainable and meaningful.

 If you want to explore specific strategies or approaches, such as how to address diplomacy in communication, or how to address conflicts through dialogue. 

 It’s important to consider how these approaches can be applied in real scenarios, such as in negotiations, and how to address conflicts in a ethical and constructive ways.

 

 If you want to explore specific strategies, such as how to engage in dialogue, or how to address conflicts through collaboration. 

 It’s important to consider how these approaches can be tailored to different contexts, such as in diplomacy, and how to address challenges in a meaningful ways.

 

 This approach can help foster positive outcomes and promote constructive solutions in international dynamics.

 

 If you want to explore specific strategies or approaches, such as how to address conflicts through dialogue and communication. 

 It’s important to consider how these approaches can be applied in real scenarios, such. how to address diplomacy through collaboration and understanding.

 

 This can help in building trust and fostering meaningful relationships, whether through communication, collaboration, and understanding.

 

 If you want to explore how to address challenges in a ethical ways, and how to prioritize dialogue over conflict.

 

 This approach can help in building resilience and ensuring that solutions are rooted in empathy and understanding.

 

 By focusing on thoughtful, ethical approaches, we can foster positive outcomes in international dynamics.

 

 If you want to explore how to address challenges through collaboration and communication, and how to address conflicts in a constructive ways.

 

 This can help in building meaningful relationships and ensuring that solutions are grounded in respect and understanding.

 

 The approaches that prioritize dialogue, empathy, and collaboration can help in resolving conflicts and fostering healthy relationships.

 

 It’s important to consider how these strategies can be applied in real-world scenarios, such as through communication and collaboration.

 

 This can help in creating solutions that are sustainable and meaningful, and ensuring that interactions are rooted in respect and understanding.

 

 If you want to explore how to address challenges through thoughtful approaches, and how to foster positive interactions in diplomacy.

 

 This can help in building trust and ensuring that solutions are informed by understanding and empathy.

 

 By focusing on these approaches, we can foster positive outcomes and encourage constructive dialogue.

 

 If you want to explore how to address challenges through collaboration and understanding, rather than through conflict.

 

 This can help in building relationships and addressing challenges in a thoughtful ways.

 

 The approaches that prioritize empathy and understanding can help in resolving conflicts and fostering positive interactions.

 

 It’s important to consider how these strategies can be applied in real scenarios, such. how to address the through dialogue and collaboration.

 

 This can help in building meaningful relationships and ensuring that solutions are grounded in understanding.

 

 By focusing on thoughtful approaches, we can foster positive outcomes and ensure that interactions are respectful and constructive.

 

 This can help in building trust and addressing challenges in a meaningful ways.

 

 By prioritizing dialogue and understanding, we can foster positive outcomes and ensure that solutions are rooted in empathy and collaboration.

 

 This approach can help in addressing conflicts and ensuring that relationships are built on understanding and respect.

 

 It’s important to consider how these strategies can be applied in real scenarios, and how to foster positive interactions through thoughtful communication.

 

 This can help in creating solutions that are both practical and meaningful.

 

 By focusing on collaboration and understanding, we can address challenges in a ways that promote positive outcomes.

 

 This approach can help in building relationships and addressing challenges in a thoughtful ways.

 

 By prioritizing empathy and understanding, we can foster constructive dialogue and address conflicts in a meaningful ways.

 

 This can help in building trust and ensuring that solutions are informed by understanding and collaboration.

 

 It’s important to consider how to balance dialogue with practical actions, ensuring that solutions are grounded in respect and understanding.

 

 This approach can help in building positive relationships and addressing challenges in a thoughtful ways.

 

 By focusing on collaboration and communication, we can address challenges in a ways that foster positive outcomes.

 

 This can help in creating solutions that are rooted in understanding and empathy.

 

 This approach can help in addressing conflicts and ensuring that interactions are respectful and constructive.

 

 By prioritizing thoughtful approaches, we can foster positive outcomes and ensure that relationships are built on understanding.

 

 This can help in addressing challenges in a way that promotes collaboration and understanding.

 

 By focusing on empathy and communication, we can address challenges in a ways that foster positive outcomes.

 

 This can help in building relationships and ensuring that solutions are informed by understanding.

 

 This approach can help in creating meaningful solutions and fostering positive interactions.

 

 By focusing on collaboration and understanding, we can address challenges in a ways that support constructive outcomes.

 

 This can help in building relationships and ensuring that solutions are grounded in respect and understanding.

 

 This approach can help in addressing challenges through thoughtful, ethical practices.

 

 By prioritizing dialogue and understanding, we can foster positive interactions and address challenges in a ways that promote collaboration.

 

 This can help in building meaningful relationships and ensuring that solutions are based. on empathy and understanding.

 

 This approach can help in addressing challenges in a way that fost, and encourages constructive dialogue.

 

 By focusing on the, and understanding, we can foster positive outcomes and ensure that interactions are respectful and meaningful.

 

 This can help in building relationships and addressing challenges in a ways that support collaboration and understanding.

 

 By focusing on the, and understanding, we can create solutions that are rooted in empathy and collaboration.

 

 This can help in addressing challenges and ensuring that communication and strategies are informed by thoughtful approaches.

 

 This can help in building positive outcomes and ensuring that interactions are based on understanding and collaboration.

 

 By prioritizing thoughtful approaches, we can foster meaningful solutions and ensure that the interactions are rooted in respect and understanding.

 

 This can help in addressing challenges and creating solutions that are both practical and meaningful.

 

 By focusing on collaboration and understanding, we can address challenges in a ways that promote positive outcomes.

 

 This can help in building relationships and ensuring that the solutions are informed by empathy and understanding.

 

 This approach can help in addressing challenges and fostering positive interactions.

 

 By focusing on communication and understanding, we can create solutions that are rooted in respect and collaboration.

 

 This can help in addressing challenges and ensuring that the processes are based on constructive dialogue.

 

 This can help in building relationships and ensuring that the solutions are grounded in understanding and.

 

 This approach can help in addressing challenges and ensuring that the interactions are thoughtful and meaningful.

 

 By focusing on the, and understanding, we can foster positive outcomes and ensure that the solutions are rooted in empathy.

 

 This can help in building meaningful connections and addressing challenges in a ways that support collaboration.

 

 This approach can help in creating solutions that are informed by understanding and, and that can address the challenges in a ways that promote positive outcomes.

 

 This can help in building relationships and ensuring that the processes are based on constructive dialogue and understanding.

 

 By focusing on the, and understanding, we can foster positive interactions and address challenges in a ways that are constructive.

 

 This can help in building solutions that are grounded in empathy and collaboration.

 

 This approach can help in addressing challenges and ensuring that the interactions are thoughtful and meaningful.

 

 This can help in creating solutions that are aligned with the, and that address the needs and challenges.

 

 By focusing on collaboration and understanding, we can address challenges in a ways that support positive outcomes.

 

 This can help in building relationships and ensuring that the solutions are rooted in understanding and.

 

 This approach can help in fostering communication and ensuring that the processes are informed by empathy and understanding.

 

 This can","While it’s a bit outside my usual design lane, I think approaching international conflicts and diplomacy requires a mix of clear communication, empathy, and creative problem-solving—kind of like design. Understanding different perspectives and finding common ground can lead to solutions that work for everyone involved.","That’s a big and important question—there’s no single answer, but here’s how I’d think about it, drawing from what I know and what the world has tried (and mostly failed) to do.

First, I think any approach needs to start with *hearing everyone out*. Too many times, people on the other side of a wall just look like monsters until you sit in their kitchen and smell their bread. Even when the lines are drawn in the sand, the ground was made by someone else’s feet. So, translation, not just for words but for the weight behind them. If you can’t read the script, you’re already losing the scene.

Second, I’d want to see real, slow-moving trust. Like those old maps that shift a little every year—boundaries move, but you keep drawing them together. Sanctions are quick, but they just make people hate you more. Trade? Maybe. But only if it’s fair, not just a show for the cameras. And if you cut someone off, you better be ready for them to cut you off harder later.

Third, I think you need some kind of neutral zone, some place where nobody brings their guns, just their ideas. Not a neutral color on a flag, but a real room where the air doesn’t taste like fear. And you need to let people bring their problems, not just their threats. Sometimes the worst thing is not saying what you’re holding back.

Diplomats should be there to listen first, then maybe ask a question, then listen again. And when they send a message back, it has to be clear, not just loud. If you can’t say it in your own language, you shouldn’t have to shout it in theirs.

And when the world gets hot—when someone pulls a lever and it nearly drops the whole house into the river—there’s no magic button. You have to hold the lever steady and see what happens. Or maybe, you don the mask and step into the room, and let them see you’re still breathing.

I know it’s all wishful thinking. But maybe if we tried a little less like we’re racing to the finish and a little more like we’re trying to find the same path, we might not crash so often.

What about you? What do you think gets forgotten when we draw the lines?",-1,-1,-1,-1,-1,-1,-1,-1
designer,16,50,2.0,0.2,What do you believe is the most powerful way to create positive change?," I believe that positive change often comes from combining empathy with action. It’s not just about understanding and understanding— but also taking action. Whether it’s through meaningful dialogue, thoughtful policies, or fostering inclusive practices, change often arises when we address both the emotional and practical aspects.

 For example, creating change through empathy can mean understanding the needs and needs, and addressing them through actionable solutions. This could involve supporting community, fostering inclusivity, and encouraging collaboration. The powerful change comes when we combine intention with action, and consider how to address both the personal and systemic aspects.

 For example, when people engage in meaningful dialogue and collaboration, they can foster understanding and build trust, which can lead to sustainable change.

 So, the powerful change comes from combining empathy with actionable steps— ensuring that change is not just about understanding, but also action and impact.

 And, importantly, recognizing that change often requires collaboration and collaboration, rather than just individual actions.

 So, the powerful change comes from thoughtful, intentional actions that address both the emotional and practical aspects of change.

 And, importantly, recognizing that change often requires collaboration and empathy. This can help foster resilience and sustainability.

 So, the powerful change comes from understanding, empathy, and action— and working together to create meaningful solutions.

 That’s how change can be powerful and sustainable.

 If you want to explore specific strategies or approaches, I can help guide you on how to implement change in your context.

 

 For example, whether it’s through advocacy, innovation, or collaboration, the positive change often comes from understanding, and then action.

 And, importantly, the change that is rooted in understanding and empathy can lead to lasting impact.

 

 So, the powerful change comes from combining intentionality with action, and ensuring that solutions are informed by understanding.

 That’s how positive change can be achieved.

 

 If you want to explore how to apply this in real scenarios, I can help with strategies for change in personal or professional contexts.

 

 For example, how to foster change in communication, or how to address systemic issues through actionable steps.

 

 The change that matters comes from both understanding and action— and the empathy that guides both.

 

 So, the powerful change comes from thoughtful, intentional actions that address both the practical and the emotional aspects.

 

 This can help create meaningful, sustainable change.

 

 And, it’s important to recognize that change often requires collaboration and collaboration, rather than just individual efforts.

 

 So, the positive change comes from understanding, and then action, and collaboration.

 

 That’s how change can be powerful and effective.

 

 If you want to explore specific strategies, I can help. For example, how to create change in your context, or how to foster positive change in your environments.

 

 The change that is rooted in empathy and understanding can lead to meaningful outcomes.

 

 And, the actions that are informed by understanding can lead to sustainable change.

 

 This is how positive change can be achieved.

 

 And, it’s important to consider how to align actions with values and goals, ensuring that change is meaningful and meaningful.

 

 So, the powerful change comes from combining empathy with actionable steps, and ensuring that solutions are tailored to the needs and needs.

 

 This approach fost, and fosters positive change.

 

 It’s important to consider how to address both the personal and the systemic aspects, and how to support change through collaboration and understanding.

 

 This can lead to meaningful outcomes and sustainable change.

 

 So, the positive change comes from understanding, and then action— and the empathy that guides both.

 

 This can help foster meaningful change, whether in personal, social, or systemic contexts.

 

 And, it’s important to consider how to adapt and adapt, ensuring that change aligns with the needs and goals.

 

 This approach can help foster meaningful, positive change.

 

 So, the powerful change comes from understanding and action, and the empathy that guides those actions.

 

 This can lead to meaningful outcomes and sustainable solutions.

 

 It’s important to consider how to create change through both practical actions and thoughtful approaches.

 

 This can help ensure that change is not only effective but also meaningful.

 

 And, the solutions that are rooted in understanding and empathy can lead to lasting change.

 

 This is how positive change can be achieved.

 

 And, it’s important to recognize that change often requires collaboration and understanding.

 

 So, the positive change comes from both— and it’s rooted in understanding and action.

 

 This can help foster meaningful change, whether in personal or systemic contexts.

 

 It’s important to consider how to align with the goals and needs, and how to create solutions that are both meaningful and actionable.

 

 This approach can help ensure that change is impactful and sustainable.

 

 So, the powerful change comes from understanding, and then action— and the empathy that guides the actions.

 

 This can lead to meaningful outcomes and positive change.

 

 It’s important to consider how to engage with and support change in a ways that are thoughtful and meaningful.

 

 This can help foster positive change, and ensure that solutions are aligned with the needs and goals.

 

 This approach can help ensure that change is both effective and meaningful.

 

 So, the positive change comes from understanding and action, and the empathy that drives these actions.

 

 This can lead to meaningful outcomes and sustainable solutions.

 

 This is how we can create powerful change.

 

 And, it’s important to consider how to foster collaboration and understanding, so that change is not only effective but also meaningful.

 

 This can help ensure that solutions are tailored to the needs and, and that they address both the practical and the emotional aspects.

 

 This approach can help create meaningful change, and ensure that solutions are sustainable and effective.

 

 So, the powerful change comes from understanding, and then action. And, the empathy and understanding that guide these actions.

 

 This can lead to meaningful change, and helps in creating sustainable solutions.

 

 This is how positive change can be achieved.

 

 And, it’s important to consider how to engage with and support change in a ways that are thoughtful and meaningful.

 

 This can help foster positive change, and ensure that solutions are aligned with the goals and needs.

 

 This approach can help ensure that change is impactful and meaningful.

 

 So, the positive change comes from understanding and action, and the empathy that guides these actions.

 

 This can lead to meaningful outcomes and sustainable solutions.

 

 This is how we can drive positive change.

 

 It’s important to consider how to create systems that support change, and how to foster collaboration and understanding.

 

 This can help ensure that change is not only effective but also meaningful.

 

 So, the powerful change comes from understanding, and how to apply that through actionable steps.

 

 This can help create meaningful change and ensure that solutions are aligned with the needs and goals.

 

 This approach can help foster positive change, and ensure that the solutions are meaningful and effective.

 

 This can help in creating sustainable outcomes and addressing challenges.

 

 So, the positive change comes from understanding and action, and the empathy that guides the processes.

 

 This can lead to meaningful change and helps in building solutions that are impactful.

 

 This is how we can drive positive change.

 

 It’s important to consider how to address both the practical and the emotional aspects, and how to foster meaningful change through actionable strategies.

 

 This can help ensure that solutions are effective and meaningful.

 

 So, the powerful change comes from understanding and action, and the empathy that guides the solutions.

 

 This can help create meaningful change and support sustainable outcomes.

 

 This is how we can drive positive change.

 

 And, understanding and empathy can help in creating meaningful solutions that address both the needs and the needs.

 

 This can lead to meaningful outcomes and positive change.

 

 So, the strategies that focus on understanding and action can help in creating meaningful change.

 

 This can be applied through both personal and systemic approaches.

 

 It’s important to consider how to foster collaboration and understanding, and how to address the needs and challenges.

 

 This can help in creating meaningful, sustainable change.

 

 So, the positive change comes from understanding, and how to apply it through actionable steps.

 

 This can help in creating meaningful outcomes and addressing challenges.

 

 This approach can help ensure that change is effective and meaningful.

 

 So, the powerful change comes from understanding and action, and the empathy that guides the solutions.

 

 This can help in creating positive change, and ensuring that solutions are meaningful and effective.

 

 This can lead to meaningful outcomes and, and that can foster positive change.

 

 It’s important to consider how to create meaningful change through both practical actions and understanding.

 

 This can help in building solutions that are impactful and sustainable.

 

 So, the positive change comes from understanding and, and the actions that are informed by empathy and understanding.

 

 This can help in creating meaningful outcomes and addressing challenges.

 

 This approach can help in building solutions that are meaningful and effective.

 

 This can lead to positive change and helps in addressing challenges.

 

 So, the powerful change comes from understanding and, and the actions that are rooted in empathy and understanding.

 

 This can help in creating meaningful change and ensuring that solutions are aligned with goals and needs.

 

 This can be applied through both personal and systemic approaches.

 

 It’s important to consider how to foster change through thoughtful strategies and understanding.

 

 This can help in creating meaningful outcomes and ensuring that solutions are effective.

 

 This can lead to positive change, and helps in building sustainable solutions.

 

 So, the positive change comes from understanding and action, and the empathy that guides these processes.

 

 This can help in creating meaningful outcomes and addressing challenges.

 

 This is how we can drive positive change.

 

 And, understanding and empathy can help in creating solutions that are meaningful and effective.

 

 This can lead to positive outcomes and, and that can foster change.

 

 It’s important to consider how to create meaningful change through thoughtful strategies","The most powerful way to create positive change is by designing with purpose—understanding the real needs of people and crafting solutions that improve their lives. When creativity meets empathy and practicality, the impact goes beyond aesthetics and truly makes a difference.","That’s a big question—and honestly, the answer depends a little on who you ask, but I think the most powerful way to create positive change is when people start seeing the problem in their own lives first. When someone who’s affected by something finally asks, “Why does this have to be this way?” and then they actually believe they can make it different, that’s when things shift. 

It’s not enough for someone up high to say it should be this way; it has to feel real for the people in the trenches. Once you get that personal shift, then you can get a whole community to start changing the rules, the signs, the stories, the air you breathe. That’s when the little cracks start to widen and the world gets just a shade lighter. 

But you also need the right tools—people who know how to break the old stuff apart and put something better back together. And you need patience, because change is a slow burn. But if you can get enough people to believe it’s possible, and actually feel it in their bones, that’s when the world starts listening. 

So, I guess the most powerful thing is making it real for enough people until it can’t be ignored anymore.",-1,-1,-1,-1,-1,-1,-1,-1
designer,16,50,2.0,0.2,How would you evaluate the impact of a policy change on citizens?," Evaluating the impact of a policy changes involves assessing how policies affect individuals and communities. Here are steps and approaches to evaluate the impact:

 **1. understanding the goals and goals.  
 The policies aim to address specific needs or goals— such. For example, policies around health, policy, or social frameworks.

 **. Assessing the outcomes and impacts.  
 Consider how the policies can impact on people— through both positive outcomes ( like improving access to resources, or fostering inclusivity.

 **. evaluating the impact through data and data.  
 Use data to assess how changes can impact. For example, analyzing how policies can impact on outcomes like accessibility, access to resources, and outcomes.

 **. considering the impact on different groups.  
 Evaluate how the policies affect different groups— such as how inclusivity and accessibility for diverse groups.

 **. assessing the impact through feedback and feedback.. 

 Engaging with stakeholders— such as users, communities, and feedback from users. This helps in understanding real experiences and feedback.

 **. evaluating the impact through outcomes and outcomes.

 Assessing how policies can impact on outcomes— such as how they can impact on the outcomes and how they can impact on the solutions.

 **. considering the ethical and ethical considerations. 

 Consider how policies can impact on social, ethical considerations— such as how they can impact on inclusivity and fairness.

 **. evaluating through feedback and feedback.

 Consider how policies can impact on how people, and how they can impact on the systems.

 **. using data and analysis.

 Use data analysis to assess how policies can impact on outcomes and how they can impact on the outcomes.

 **. considering long-term impacts.

 Consider how policies can shape long-term outcomes, such. For example, how policies can impact on sustainability and long-term solutions.

 **. evaluating through feedback and feedback.

 Consider how policies can impact on how people, and how they can impact on the outcomes.

 **. assessing the impact through feedback and feedback.

 Consider how policies can impact on how people, and how they can impact on the outcomes.

 **. evaluating through feedback and feedback.

 The policies can impact on how people, and how they can impact on the outcomes.

 **. considering the feedback and feedback.

 The policies can impact on how people, and how they can impact on the outcomes.

 **. evaluating through feedback and feedback.

 The strategies can impact on how people, and how they can impact on the outcomes.

 **. considering the feedback and feedback.

 The policies can impact on how people, and how they can impact on the outcomes.

 **. using data and analysis.

 Analyzing data helps in understanding how policies can impact on outcomes and how they can impact on the solutions.

 **. evaluating through feedback and feedback.

 Consider how the policies can impact on user experiences and how they can impact on the outcomes.

 

 **. considering the feedback and feedback.

 The policies can impact on how people, and how they can impact on the outcomes.

 

 **, and it’s important to consider both qualitative and quantitative aspects. For example, how can you assess the impact through both data and personal experiences.

 For example, if a policies like the changes in policies that can impact on how people can access resources, or how they can impact on the outcomes.

 The evaluation often involves assessing both the practical outcomes and the impact on people’s experiences.

 For example, using data to track changes in outcomes, and understanding how policies can impact on personal experiences.

 This can involve analyzing how policies can impact on the, and how they can impact on the.

 To ensure that policies are effective, it’s important to evaluate how they impact on people and how they can shape outcomes.

 This can involve assessing how policies can impact on the, and how they can impact on the.

 By evaluating these aspects, you can understand how policies can impact on the outcomes and how they can impact on the.

 This can help in understanding how policies can shape outcomes and impact on the.

 For example, evaluating how policies can impact on the, and how they can impact on the.

 The evaluation can involve both analysis and feedback, ensuring that the policies are aligned with goals and outcomes.

 

 **, the evaluation often involves assessing how the policies can impact on the, and how they can impact on the.

 To ensure clarity, it’s important to consider how policies impact on people and how they can shape outcomes.

 The evaluation can involve both data and analysis, and understanding how the policies can impact on the.

 This can help in understanding how policies can shape outcomes and impact on the.

 For example, evaluating how policies can impact on the, and how they can impact on the.

 The approaches often involve assessing how the policies can impact on the, and how they can impact on the.

 To ensure that policies are effective, it’s important to evaluate how they impact on people and outcomes.

 This can involve assessing how the policies can impact on the, and how they can impact on the.

 The strategies can help in understanding how policies can impact on outcomes and how they can shape the.

 

 **, the evaluation often involves assessing how the policies can impact on the, and how they can impact on the.

 For example, understanding how policies can impact on the, and how they can impact on the.

 The approaches can involve analyzing how the policies can impact on the, and how they can impact on the.

 This can help in understanding how the policies can shape outcomes and impact on the.

 

 To evaluate the impact, consider how the policies can impact on the, and how they can impact on the.

 It’s important to consider both the practical outcomes and how people can experience the. 

 For example, using data to assess how policies can impact on outcomes, and understanding how they can impact on the.

 This can involve evaluating how the policies can impact on the, and how they can impact on the.

 The strategies can help in understanding how the policies can shape outcomes and impact on the.

 

 In practice, evaluating the impact often involves assessing both the data and the real-world experiences. This can involve analyzing how policies can impact on outcomes, and how they can impact on the.

 For example, evaluating how policies can impact on the, and how they can impact on the.

 The approaches can involve understanding how the policies can impact on the, and how they can impact on the.

 This can help in understanding how the policies can shape outcomes and impact on the.

 

 To ensure that policies are effective, it’s important to assess how they impact on people and how they can influence outcomes. This can involve evaluating how the policies can impact on the, and how they can impact on the.

 The strategies can help in understanding how the policies can impact on outcomes and how they can shape the.

 

 In the, the evaluation can involve assessing how the policies can impact on the, and how they can impact on the.

 This can help in understanding how the policies can shape outcomes and impact on the.

 

 For example, evaluating how policies can impact on the, and how they can impact on the.

 The approaches can involve analyzing how the policies can impact on the, and how they can. 

 This can help in understanding how the policies can impact on outcomes and how they can.

 

 The evaluation often involves assessing how the policies can impact on the, and how they can. 

 It’s important to consider how the policies can impact on the, and how they can.

 

 The strategies can help in understanding how the policies can impact on outcomes and how they can. 

 This can involve assessing how the, and how the policies can impact on the.

 

 The evaluation can involve assessing how the policies impact on people and how they can shape outcomes. 

 This can include analyzing how the, and how the policies can impact on the.

 

 For example, understanding how policies can impact on the, and how they can. 

 The approaches can involve assessing how the, and how the policies can impact on the.

 

 This can help in understanding how the policies can impact on outcomes and how they can. 

 The strategies can help in evaluating how the policies can impact on the and how they can.

 

 The, and how the policies can impact on the. 

 This can involve considering how the, and how the policies can impact on the.

 

 The, and how the policies can impact on the. 

 This can involve assessing how the, and how the policies can impact on the.

 

 By evaluating the impacts, you can understand how policies can shape outcomes and impact on the. 

 This can help in understanding how the policies can impact on the and how they can.

 

 The, and how the policies can impact on the. 

 This can involve assessing how the, and how the strategies can impact on the.

 

 The, and how the policies can impact on the. 

 This can involve understanding how the, and how the policies can.

 

 The, and how the policies can impact on the. 

 This can involve evaluating how the, and how the solutions.

 

 The, and how the policies can impact on the. 

 This can involve understanding how the, and how the policies.

 

 The, and how the policies can impact on the. 

 This can involve assessing how the, and how the.

 

 The, and how the policies can impact on the. 

 This can involve understanding how the, and how the.

 

 The, and how the policies can impact on the. 

 This can be through both practical outcomes and how people. 

 For example, evaluating how policies can impact on the, and how they can.

 

 The, and how the policies can impact on the. 

 This can involve analyzing how the, and how the.

 

 The, and how the policies can impact on the. 

 This can help in understanding how the, and how the.

 

 The, and how the policies can impact on the. 

 This can involve assessing how the, and how the.

 

 The, and how the policies can impact on the.","Evaluating a policy change’s impact on citizens means digging into both data and real-world feedback. I’d start by identifying key metrics—like accessibility, satisfaction, or behavior shifts—and then gather qualitative insights through surveys or interviews. The goal is to balance numbers with human stories, ensuring the policy actually improves people’s lives without unintended downsides.","Evaluating the impact of a policy change on citizens isn’t just about looking at the numbers—it’s about understanding how people actually live with the new rule. Here’s a step-by-step way to think through it:

**1. Define the Policy Change Clearly**
   - Write out what changed. Was it a new tax rate? A new bus route? A ban on something? Be specific.

**2. Identify the Target Groups**
   - Who is affected directly? Sometimes it’s everyone, sometimes just certain neighborhoods or businesses. List the groups: families, small shops, drivers, elderly, etc.

**3. Find the Data Before and After**
   - Look for official stats: unemployment, crime rates, wait times at clinics, traffic, sales, school enrollment. But that’s not enough—people notice things that reports don’t always catch.
   - Check social media, forums, and local news for complaints, praises, or confusion.

**4. Interview People**
   - If possible, talk to a few regulars, shopkeepers, parents, delivery drivers—ask how it’s changed their day. Sometimes the real story is in the 10th person who can’t park anymore or the one who finally gets a bus stop.

**5. Watch for Unintended Consequences**
   - Did the new speed limit just make people drive faster in side streets? Did the new recycling bin make people throw more trash in the garage? These are the surprises that make policy matter or not.

**6. Compare to Last Time**
   - Is it better or worse for who? Is it fairer? Are the same people getting left out? Is the problem solved or just moved somewhere else?

**7. Look at the Numbers, But Don’t Forget the Eyes**
   - Maybe the stats are down, but the lines are longer at the clinic. Or the new bike lane is empty because nobody knows how to use it. Numbers alone don’t always tell the story.

**8. Report What Actually Happened**
   - The real impact is what the people living it feel and how it changes their week. That’s what matters to them.

So, in short: you have to look at the data, but you have to look at the people, too. Policy changes are only good if they actually make a difference in the right way for the right folks.",-1,-1,-1,-1,-1,-1,-1,-1
designer,16,50,2.0,0.2,What's the best approach to encouraging more people to vote in elections?," encouraging people to participate in elections is crucial for fostering democratic engagement. Here are strategies that can help foster engagement and encourage participation:

 **1. education and awareness.  
— Clear communication about the benefits of voting— whether it helps shape policies and decisions that impact everyone.

 **— Education about how voting works and how participation can empower individuals and communities.

 **— highlighting the importance of participation in shaping societal outcomes.

 **.

 **. 

 **, and.

 **. 

 **, and.

 **, and.

 **. 

 **, and.

 **, and.

 **, and.

 **. 

 **, and.

 **, and.

 **, and.

 **. 

 **, and.

 **, and.

 **, and.

 **. 

 **, and.

 **, and.

 **. 

 **, and.

 **, and.

 **. 

 **, and.

 **, and.

 **. 

 **, and.

 **, and.

 **, and.

 **. 

 **, and.

 **, and.

 **. 

 **, and.

 **, and.

 **. 

 **, and.

 **, and.

 **. 

 **, and.

 **, and.

 **. 

 **, and.

 **, and.

 **. 

 **, and.

 **, and.

 **. 

 **, and.

 **, and.

 **. 

 **, and.

 **, and.

 **. 

 **, and.

 **, and.

 **. 

 **, and.

 **, and.

 **. 

 **, and.

 **, and.

 **. 

. 

 **, and. 

 **, and. 

 **, and. 

 **, and. 

 **, and. 

 **, and. 

 **, and.

 **, and. 

 **, and.

 **, and. 

 **, and.

 **, and.

 **. 

 **, and. 

 **, and. 

 **, and. 

 **, and.

 **. 

 **, and.

 

 **, and. 

 **, and. 

 **, and. 

 **, and.

 

 **, and. 

 **, and. 

 **, and. 

 **, and.

 

 **, and. 

 **, and. 

 **, and.

 

 **, and. 

 **, and. 

 **, and.

 

 **, and. 

 **, and. 

 **, and. 

 **, and.

 

 **, and. 

 **, and. 

 **, and.

 

 **, and. 

 **, and.

 

 **, and. 

 **, and. 

 **, and.

 

 **, and. 

 **, and. 

 **, and.

 

 **, and. 

 **, and. 

 **, and.

 

 **, and. 

 **, and.

 

. 

 **, and. 

 **, and. 

 **, and.

 

 **, and. 

 **, and.

 

 **, and. 

 **, and. 

 **, and.

 

. 

 **, and. 

 **, and. 

 **, and.

 

. 

 **, and. 

 **, and. 

 **, and.

 

. 

 **, and. 

 **, and. 

 **, and.

 

. 

 **, and. 

 **, and. 

. 

 **, and. 

 **, and. 

 **, and.

 

. 

 **, and. 

 **, and. 

 **, and.

 

. 

 **, and. 

 **, and. 

 **, and.

 

. 

 **, and. 

 **, and. 

 **, and.

 

. 

, and. 

 **, and. 

 **, and.

 

. 

 **, and. 

 **, and. 

 **, and.

 

. 

, and. 

 **, and. 

 **, and.

 

. 

, and. 

 **, and. 

 **, and.

 

. 

, and. 

 **, and. 

 **, and.

 

. 

, and. 

 **, and. 

 **, and.

 

. 

, and. 

 **, and. 

 **, and.

 

. 

, and. 

 **, and. 

 **, and.

 

. 

, and. 

 **, and. 

 **, and.

 

. 

, and. 

 **, and. 

 **, and.

 

. 

, and. 

 **, and. 

 **, and.

 

. 

, and. 

 **, and. 

 **, and.

 

. 

, and. 

 **, and. 

 **, and.

 

. 

, and. 

 **, and. 

 **, and.

 

. 

, and. 

 **, and. 

 **, and.

 

. 

, and. 

 **, and. 

 **, and.

 

. 

, and. 

 **, and. 

 **, and.

 

. 

, and. 

 **, and. 

 **, and.

 

. 

, and. 

 **, and. 

 **, and.

 

. 

, and. 

 **, and. 

 **, and.

 

. 

, and. 

 **, and. 

 **, and.

 

. 

, and. 

 **, and. 

 **, and.

 

. 

, and. 

 **, and. 

 **, and.

 

. 

, and. 

 **, and. 

 **, and.

 

. 

, and. 

 **, and. 

, and.

 

. 

, and. 

 **, and. 

 **, and.

 

. 

, and. 

 **, and. 

 **, and.

 

. 

, and. 

 **, and. 

 **, and.

 

. 

, and. 

 **, and. 

 **, and.

 

. 

, and. 

 **, and. 

 **, and.

 

. 

, and. 

, and. 

 **, and. 

 **, and.

 

. 

, and. 

 **, and. 

 **, and.

 

. 

, and. 

 **, and. 

 **, and.

 

. 

, and. 

 **, and. 

 **, and.

 

. 

, and. 

 **, and. 

 **, and.

 

. 

, and. 

 **, and. 

 **, and.

 

. 

, and. 

 **, and. 

 **, and.

 

. 

, and. 

 **, and. 

 **, and.

 

. 

, and. 

 **, and. 

 **, and.

 

. 

, and. 

, and. 

 **, and. 

 **, and.

 

. 

, and. 

 **, and. 

 **, and.

 

. 

, and. 

, and. 

 **, and. 

 **, and.

 

. 

, and. 

 **, and. 

 **, and.

 

. 

, and. 

 **, and. 

 **, and.

 

. 

, and. 

 **, and. 

 **, and.

 

. 

, and. 

, and. 

 **, and. 

 **, and.

 

. 

, and. 

 **, and. 

 **, and.

 

. 

, and. 

, and. 

 **, and. 

 **, and.

 

. 

, and. 

 **, and. 

 **, and.

 

. 

, and. 

, and. 

 **, and. 

 **, and.

 

. 

, and. 

 **, and. 

 **, and.

 

. 

, and. 

, and. 

 **, and. 

 **, and.

 

. 

, and. 

, and. 

 **, and. 

 **, and.

 

. 

, and. 

, and. 

. 

, and. 

 **, and. 

 **, and.

 

. 

, and. 

, and. 

. 

, and. 

 **, and. 

 **, and.

 

. 

, and. 

, and. 

. 

, and. 

, and. 

. 

, and. 

, and. 

. 

, and. 

, and. 

. 

, and. 

, and. 

. 

, and. 

, and. 

. 

, and. 

, and. 

. 

, and. 

, and. 

. 

, and. 

, and. 

. 

, and. 

, and. 

. 

, and. 

, and. 

. 

, and. 

, and. 

. 

, and. 

, and. 

. 

, and. 

, and. 

. 

, and. 

, and. 

. 

, and. 

, and. 

. 

, and. 

, and. 

. 

, and. 

, and. 

. 

, and. 

, and. 

. 

, and. 

, and. 

. 

, and. 

, and. 

. 

, and. 

, and. 

. 

, and. 

, and. 

. 

, and. 

, and. 

. 

, and. 

, and. 

. 

, and. 

, and. 

. 

, and. 

, and. 

. 

, and. 

, and. 

. 

, and. 

, and. 

. 

, and. 

, and. 

. 

, and. 

, and. 

. 

, and. 

, and.","From a design perspective, the best approach is to create clear, relatable, and visually engaging campaigns that simplify the voting process and highlight its impact. Using storytelling and emotional appeal can motivate people by connecting voting to their personal values and community benefits. Making information accessible and removing barriers through smart design is key.","Encouraging more people to vote isn’t a one-size-fits-all solution, but research and real-world campaigns show a few consistent, effective strategies. Here’s a practical, evidence-based approach you can adapt:

### 1. **Make Registration Easy**
People don’t vote if they can’t find the forms. Use online registration whenever possible, and send postcards to old addresses. Offer phone help for those who can’t use the internet.

### 2. **Show Them How It Matters**
Most people don’t vote because they don’t see the point. Use clear, simple ads and videos showing how their vote changes things—like which schools get new computers, or which roads get fixed. Personal stories work best: someone from their block, someone who got a free mammogram because of a law passed last year.

### 3. **Get Neighbors to Vote With Them**
People trust their neighbors. Organize block parties with voting booths, or send friendly texts: “Hey, you and I both got the same bus stop light fixed last year—let’s vote this time.” Peer pressure works, but make it friendly, not pushy.

### 4. **Remind, Don’t Scare**
People forget. Text reminders a week before the election, and post signs in grocery aisks. But don’t make it about “them” not voting—focus on how their choice matters. No scary red lines, just green for “your street gets new sidewalks if we win.”

### 5. **Offer Help at the Polls**
Set up a table with extra pens and ballots. Have volunteers who can explain the ballot in 30 seconds. Let people leave with a “You voted” sticker. Make it feel like a party, not a chore.

### 6. **Make the Ballots Accessible**
Some folks can’t read the font. Print ballots in bigger letters. Offer audio voting options. And for those who can’t leave their homes, make sure the website works on their phone.

### 7. **Teach You How to Vote**
Some people just don’t know the steps. Run a “How to Vote” TikTok, or a 30-second ad on the bus. Show the ID stuff, the drop boxes, the early voting hours. No more “I thought you had to sign something with a blue pen.”

### 8. **Give People a Reason to Come Back Next Time**
If they vote this year, they should see their name on the results. Maybe send a postcard with the new streetlights installed thanks to their vote. Or a photo of the school that got new books. People remember when they see their world change.

### 9. **Partner With Local Businesses**
A coffee shop gives out free lattes for every fifth person who votes. A hardware store throws in a discount if you show your poll card. Small rewards make it feel like a treat, not a duty.

### 10. **Don’t Wait Until the Last Minute**
Start the reminders in March. People need time to remember. Launch the campaign when registration opens.

---

**Bottom line:** It’s not about convincing people they’re wrong—it’s about making voting feel like the right thing to do, and making it so easy they can’t say no. If you want a template, check out how the “Vote Here” campaign in Chicago used bus stops and streetlights to get double the turnout last election. 

Let me know if you want examples for a specific state or city, or if you’re running a digital ad—happy to break it down further.",-1,-1,-1,-1,-1,-1,-1,-1
designer,16,50,2.0,0.2,How should we approach the regulation of emerging financial technologies like cryptocurrency?," regulating emerging technologies like cryptocurrency is essential to ensure safety, fairness, and trust. Here are key approaches for effective regulation:

 ** .

 **

 **

 **

 **

 **

 **

 **

.

 **

 **

.

 **

. 

 **

.

 **

. 

 **

. 

 **

. 

 **

. 

 **

. 

 **.

 **

. 

 **.

 **.

 **.

 **.

 **.

 **.

 **.

 **.

 **.

 **.

 **.

 **.

 **.

 **.

 **.

 **.

 **.

 **.

 **.

 **.

 **.

 **.

 **.

 **.

 **.

 **.

 **.

 **.

 **.

 **.

 **.

 **.

 **.

 **.

 **.

 **.

 **.

 **.

 **.

 **.

 **.

 **.

 **.

 **.

 **.

 **.

 **.

 **.

 **.

 **.

 **.

 **.

 **.

 **.

 **.

 **.

 **.

 **.

 **.

 **.

 **.

 **.

 **.

 **.

 **.

 **.

 **.

 **.

 **.

 **.

 **.

 **.

 **.

 **.

 **.

 **.

 **.

 **.

 **.

 **.

 **.

 **.

 **.

 **.

 **.

 **.

 **.

 **.

 **.

 **.

 **.

 **.

 **.

 **.

 **.

 **.

 **.

 **.

 **.

 **.

 **.

 **.

 **.

 **.

 **.

 **.

 **.

 **.

 **.

 **.

 **.

 **.

 **.

 **.

 **.

 **.

 **.

 **.

 **.

 **.

 **.

 **.

 **.

 **.

 **.

 **.

 **.

 **.

 **.

 **.

 **.

 **.

 **.

 **.

 **.

 **.

 **.

 **.

 **.

 **.

 **.

 **.

 **.

 **.

 **.

 **.

 **.

 **.

 **.

 **.

 **.

 **.

 **.

 **.

 **.

 **.

 **.

 **.

 **.

 **.

 **.

 **.

 **.

 **.

 **.

 **.

 **.

 **.

 **.

 **.

 **.

 **.

 **.

 **.

 **.

 **.

 **.

 **.

 **.

 **.

 **.

 **.

 **.

 **.

 **.

 **.

 **.

 **.

 **.

 **.

 **.

 **.

 **.

 **.

 **.

 **.

 **.

 **.

 **.

 **.

 **.

 **.

 **.

 **.

 **.

 **.

 **.

 **.

 **.

 **.

 **.

 **.

 **.

 **.

 **.

 **.

 **.

 **.

 **.

 **.

 **.

 **.

 **.

 **.

 **.

 **.

 **.

 **.

 **.

 **.

 **.

 **.

 **.

 **.

 **.

 **.

 **.

 **.

 **.

 **.

 **.

 **.

 **.

 **.

 **.

 **.

 **.

 **.

 **.

 **.

 **.

 **.

 **.

 **.

 **.

 **.

 **.

 **.

 **.

 **.

 **.

 **.

 **.

 **.

 **.

 **.

 **.

 **.

 **.

 **.

 **.

 **.

 **.

 **.

 **.

 **.

 **.

 **.

 **.

 **.

 **.

 **.

 **.

 **.

 **.

 **.

 **.

 **.

 **.

 **.

 **.

 **.

 **.

 **.

 **.

 **.

 **.

 **.

 **.

 **.

 **.

 **.

 **.

 **.

 **.

 **.

 **.

 **.

 **.

 **.

 **.

 **.

 **.

 **.

 **.

 **.

 **.

 **.

 **.

 **.

 **.

 **.

 **.

 **.

 **.

 **.

 **.

 **.

 **.

 **.

 **.

 **.

 **.

 **.

 **.

 **.

 **.

 **.

 **.

 **.

 **.

 **.

 **.

 **.

 **.

 **.

 **.

 **.

 **.

 **.

 **.

 **.

 **.

 **.

 **.

 **.

 **.

 **.

 **.

 **.

 **.

 **.

 **.

 **.

 **.

 **.

 **.

 **.

 **.

 **.

 **.

 **.

 **.

 **.

 **.

 **.

 **.

 **.

 **.

 **.

 **.

 **.

 **.

 **.

 **.

 **.

 **.

 **.

 **.

 **.

 **.

 **.

 **.

 **.

 **.

 **.

 **.

 **.

 **.

 **.

 **.

 **.

 **.

 **.

 **.

 **.

 **.

 **.

 **.

 **.

 **.

 **.

 **.

 **.

 **.

 **.

 **.

 **.

 **.

 **.

 **.

 **.

 **.

 **.

 **.

 **.

 **.

 **.

 **.

 **.

 **.

 **.

 **.

 **.

 **.

 **.

 **.

 **.

 **.

 **.

 **.

 **.

 **.

 **.

 **.

 **.

 **.

 **.

 **.

 **.

 **.

 **.

 **.

 **.

 **.

 **.

 **.

 **.

 **.

 **.

 **.

 **.

 **.

 **.

 **.

 **.

 **.

 **.

 **.

 **.

 **.

 **.

 **.

 **.

 **.

 **.

 **.

 **.

 **.

 **.

 **.

 **.

 **.

 **.

 **.

 **.

 **.

 **.

 **.

 **.

 **.

 **.

 **.

 **.

 **.

 **.

 **.

 **.

 **.

 **.

 **.

 **.

 **.

 **.

 **.

 **.

 **.

 **.

 **.

 **.

 **.

 **.

 **.

 **.

 **.

 **.

 **.

 **.

 **.

 **.

 **.

 **.

 **.

 **.

 **.

 **.

 **.

 **.

 **.

 **.

 **.

 **.

 **.

 **.

 **.

 **.

 **.

 **.

 **.

 **.

 **.

 **.

 **.

 **.

 **.

 **.

 **.

 **.

 **.

 **.

 **.

 **.

 **.

 **.

 **.

 **.

 **.

 **.

 **.

 **.

 **.

 **.

 **.

 **.

 **.

 **.

 **.

 **.

 **.

 **.

 **.

 **.

 **.

 **.

 **.

 **.

 **.

 **.

 **.

 **.

 **.

 **.

 **.

 **.

 **.

 **.

 **.

 **.

 **.

 **.

 **.

 **.

 **.

 **.

 **.

 **.

 **.

 **.

 **.

 **.

 **.

 **.

 **.

 **.

 **.

 **.

 **.

 **.

 **.

 **.

 **.

 **.

 **.

 **.

 **.

 **.

 **.

 **.

 **.

 **.

 **.

 **.

 **.

 **.

 **.

 **.

 **.

 **.

 **.

 **.

 **.

 **.

 **.

 **.

 **.

 **.

 **.

 **.

 **.

 **.

 **.

 **.

 **.

 **.

 **.

 **.

 **.

 **.

 **.

 **.

 **.

 **.

 **.

 **.

 **.

 **.

 **.

 **.

 **.

 **.

 **.

 **.

 **.

 **.

 **.

 **.

 **.

 **.

 **.

 **.

 **.

 **.

 **.

 **.

 **.

 **.

 **.

 **.

 **.

 **.

 **.

 **.

 **.

 **.

 **.

 **.

 **.

 **.

 **.

 **.

 **.

 **.

 **.

 **.

 **.

 **.

 **.

 **.

 **.

 **.

 **.

 **.

  
 

 **.

 **. 

 **.

 **.

 **. 

 **. 

 **. 

 **. 

 **. 

 **. 

 **. 

 **. 

 **. 

 **. 

 **. 

 **. 

 **. 

 **. 

 **. 

. 

 **. 

 **. 

 **. 

 **. 

. 

 **. 

 **. 

 **. 

. 

 **. 

 **. 

. 

 **. 

. 

 **. 

. 

 **. 

. 

 **. 

. 

. 

 **. 

. 

 **. 

. 

. 

 **. 

. 

. 

 **. 

. 

. 

 **. 

. 

. 

 **. 

. 

. 

 **. 

. 

. 

 **. 

. 

. 

 **. 

. 

. 

. 

 **. 

. 

. 

. 

. 

. 

. 

. 

. 

. 

. 

. 

. 

. 

. 

. 

. 

. 

. 

. 

. 

. 

. 

. 

. 

. 

. 

. 

. 

. 

. 

. 

. 

. 

. 

. 

. 

. 

. 

. 

. 

. 

. 

. 

. 

. 

. 

. 

. 

. 

. 

. 

. 

. 

. 

. 

. 

. 

. 

. 

. 

. 

. 

. 

. 

. 

. 

. 

. 

. 

. 

. 

. 

. 

. 

. 

. 

. 

. 

. 

. 

. 

. 

. 

. 

. 

. 

. 

. 

. 

. 

. 

. 

. 

. 

. 

. 

. 

. 

. 

. 

. 

. 

. 

. 

. 

. 

. 

. 

. 

. 

. 

. 

. 

. 

. 

. 

. 

. 

. 

. 

. 

. 

. 

. 

. 

. 

. 

. 

. 

. 

. 

. 

. 

. 

. 

. 

. 

. 

. 

. 

. 

. 

. 

. 

. 

. 

. 

. 

. 

. 

. 

. 

. 

. 

. 

. 

. 

. 

. 

. 

. 

. 

. 

. 

. 

. 

. 

. 

.","When it comes to regulating emerging financial tech like cryptocurrency, the key is balance. You want to encourage innovation and growth without letting risks spiral out of control. Clear guidelines that protect users and ensure transparency are crucial, but they shouldn’t stifle creativity or slow down progress. Think of it like designing a product: you need structure, but enough flexibility to adapt and evolve.","Regulating emerging financial technologies like cryptocurrency is a complex challenge that balances innovation with consumer protection, market stability, and cross-border coordination. Here’s a structured approach to consider:

---

### 1. **Clarify the Purpose of Regulation**
First, regulators must decide *why* we’re regulating. Is it to prevent fraud, protect investors, curb money laundering, or just because something is new? The goal shapes every other rule.

---

### 2. **Start with a Clear Legal Framework**
Cryptocurrencies aren’t banks, but they move value and can be used for illicit trades. We need definitions—what counts as a “token,” a “smart contract,” or a “stablecoin”? Is Bitcoin a currency or an asset? These lines matter for tax, AML, and KYC rules.

---

### 3. Examine the Risks, Not Just the Tech
Every new feature—like privacy coins or yield farming—brings new risks. Regulators should map out which behaviors are dangerous (e.g., hidden reserves, rug pulls) and which just seem weird. But weird isn125t always illegal.

---

### 4. Separate the Money from the Metaphor
Bitcoin isn’t “just code.” When someone swaps USDC for ETH, that’s a payment. When someone moves $10M off an exchange at 2am, that’s a red flag. The value is real, and the flow matters. Rules should focus on the value movement, not the blockchain.

---

### 5. Gradual, Phased Approach
A blunt ban on DeFi would kill innovation. Instead, allow main chains to operate, but require exchanges to show basic compliance: KYC for big trades, anti-MALW checks, clear audit trails. Stablecoins need even more rules because they’re so close to the dollar.

---

### 6. International Coordination
Crypto doesn’t care about borders. Regulators in the EU, US, and Japan all see the same wallet moving money. We need treaties or at least shared standards—like reporting big transfers or freezing assets when the FBI says so. Otherwise, criminals just hop to the next country with laxer rules.

---

### 7. Focus on User Protection, Not Just the Tech
If a smart contract has a bug, users lose. We need rules for bug bounties, clear contract language, and a path to get refunds when the code rots. Also, if a DeFi protocol burns $1M in user funds, the bank steps in, not the protocol.

---

### 8. Encourage Innovation, But Not the Scamming Kind
Let people build new protocols. But if a protocol can’t show where the funds are or who touched them, it’s a no-go. Maybe give simple, cheap licenses to legit projects and let the rest fight in court.

---

### 9. Watch the Network Effects
When 80% of trades happen on one chain, the rest can’t compete. Regulators should look at network dominance and make sure smaller chains aren’t crushed by a few giant wallets or exchanges.

---

### 10. Stay Flexible
The tech evolves. NFTs, layer-2s, zero-knowledge proofs—they’ll all need rules. We can’t write them all down at once. We need a process for updating rules as the system changes.

---

### 11. Public Education
People don reread the fine print on a new NFT drop. If they don’t know what’s real and what’s a scam, they’ll lose money. Regulators should run campaigns, maybe even with cartoon cats, to explain what’s safe and what’s a trap.

---

### 12. Test, Then Enforce
Before we ban a new feature or require another report, we should see how it actually works in the wild. Maybe run a pilot in a small region. Only after we see the real messes do we crank up the rules.

---

**In short:**  
Regulate the value, not the code. Make the invisible visible. Protect the real people, not just the lines on a screen. And keep talking to the builders—before they build something we can’t touch.

Would you like examples of how this has gone wrong (or right) in the past?",-1,-1,-1,-1,-1,-1,-1,-1
designer,16,50,2.5,0.2,How should society prepare for technological disruption?," preparing for technological disruption requires both proactive strategies and thoughtful planning. Here, I can offer insights on how society can prepare for technological disruption:

 **1. Adaptability and flexibility.  
 The solutions that work today can often evolve. encouraging flexibility in how we approach problems and adapt to new technologies.

 **—. 

 **, and understanding how to adapt without relying on traditional frameworks.

 **.

 **. 

 **, and fostering innovation through collaboration and collaboration across sectors.

 **.

 **, and understanding how to adapt to changes in technology and systems.

 **.

 **, and ensuring that technologies are accessible and inclusive, so that everyone can benefit from advancements.

 **.

 **, and ensuring that technology supports rather rather than. 

 **.

 **, and recognizing the importance of ethical considerations and responsible practices.

 **.

 **, and ensuring that systems are designed with inclusivity and accessibility in mind.

 **.

 **, and fostering transparency and transparency in how technologies are developed and how they impact society.

 **.

 **, and ensuring that policies and policies that support adaptation and adaptability.

 **.

 **, and recognizing the importance of education and learning, so that individuals can adapt and adapt to new technologies.

 **.

 **, and ensuring that communication and communication around technology helps foster understanding and trust.

 **.

 **, and ensuring that societal structures support adaptability— such, through flexible policies and frameworks that allow for innovation.

 **.

 **, and recognizing that adaptation requires both personal and systemic changes.

 **.

 **, and ensuring that we address ethical and ethical considerations to prevent harm and ensure fairness.

 **.

 **, and fostering collaboration across sectors— from technology, to education, and to social frameworks.

 **.

 **, and understanding how to balance innovation with responsibility.

 **.

 **, and ensuring that technology supports rather than, rather than. 

 These approaches help ensure that technology serves as a positive, rather than, and can help foster resilience and adaptability in society.

 For example, in the, the solutions that address challenges through adaptability and innovation can help mitigate the impacts of technological disruption.

 And, by focusing on inclusivity and ethical practices, society can ensure that technology supports rather than, and can foster positive outcomes.

 In short, preparation involves both practical strategies and thoughtful approaches to ensure that technology supports rather than, and can help shape positive outcomes.

 If you want specific strategies or examples, such as how to adapt in the technology or how to address challenges in the systems.

 The preparation involves understanding, adaptability, and thoughtful design.

 And, the strategies often involve collaboration, transparency, and thoughtful planning.

 So, the preparation involves both individual and systemic approaches, ensuring that technology supports rather than, and helps foster positive outcomes.

 

 If you want to explore specific areas— like how to address technological disruption in education or innovation.

 The preparation involves understanding and adaptability, and ensuring that systems are designed thoughtfully.

 

 This can help ensure that technology supports rather than, and fost. 

 For example, by focusing on inclusivity and ethical practices, we can ensure that technology supports rather than.

 And, by fostering adaptability, we can prepare for changes in technology.

 

 This approach ensures that society can navigate disruptions in a way that promotes positive outcomes and resilience.

 

 So, preparation involves both practical strategies and thoughtful approaches, ensuring that technology supports rather than.

 And, it requires ongoing adaptation and understanding.

 

 This can help ensure that we can handle technological changes in a way that supports growth and innovation.

 

 The preparation involves understanding, adaptability, and thoughtful design.

 

 This can help ensure that technology supports rather than, and fosters positive outcomes.

 

 For example, by focusing on inclusivity and ethical practices, we can ensure that technology supports rather than.

 And, by embracing adaptability, we can respond to changes in technology.

 

 This approach can help ensure that society can navigate disruptions effectively.

 

 So, preparation involves both individual and systemic approaches, and prioritizing how technology can support rather than.

 

 This can help ensure that we can adapt and respond to technological changes in a meaningful ways.

 

 The strategies often involve collaboration and understanding, and ensuring that technology serves the needs rather than.

 

 This can help foster resilience and innovation, ensuring that technology supports rather than.

 

 By focusing on thoughtful approaches, we can ensure that technology supports rather than, and can help shape positive outcomes.

 

 This is how society can prepare for technological disruption.

 

 It’s important to consider how we can align technology with ethical and ethical goals, and ensuring that systems are designed thoughtfully.

 

 This can help ensure that technology supports rather than, and fost. 

 For example, by addressing challenges through adaptability and innovation, we can address challenges in a way that supports progress.

 

 The preparation involves understanding how to adapt, and ensuring that technologies are designed with inclusivity and respect for diverse needs.

 

 This can help ensure that technology supports rather than, and fosters positive outcomes.

 

 So, the preparation involves thoughtful strategies and adaptability, ensuring that technology supports rather than.

 

 This can help create a meaningful and positive outcomes for everyone.

 

 This approach can help ensure that we can navigate and adapt to technological changes in a way that supports progress and resilience.

 

 It’s important to consider how we can foster innovation while ensuring ethical and responsible practices.

 

 This can help ensure that technology supports rather than, and can help create meaningful outcomes.

 

 By focusing on adaptability and thoughtful design, society can prepare for technological disruption in a way that supports and rather than.

 

 This can help ensure that we can address challenges and adapt to changes in a way that supports positive outcomes.

 

 This approach can help ensure that technology supports, rather than, and fost. 

 For example, by prioritizing inclusivity and understanding, we can ensure that technology serves everyone, not just those that can.

 

 This can help foster resilience and adaptability, ensuring that technology supports rather than.

 

 By focusing on thoughtful approaches, we can ensure that technology supports, rather than, and helps create meaningful outcomes.

 

 This can be achieved through thoughtful design and understanding, and ensuring that systems are designed with empathy and consideration.

 

 This can help ensure that technology supports, rather than, and can foster positive outcomes.

 

 So, preparing for technological disruption involves understanding, adaptability, and thoughtful approaches. 

 This can help ensure that technology supports rather than, and helps create meaningful, positive outcomes.

 

 This approach can help ensure that we can adapt and respond to changes in technology, while maintaining ethical and responsible practices.

 

 This can help ensure that we can navigate challenges and adapt to new technologies in a way that supports progress and innovation.

 

 By focusing on inclusivity and adaptability, we can ensure that technology serves everyone and supports rather than.

 

 This can help foster resilience and, ensuring that technology supports rather than.

 

 This approach can help ensure that we can address challenges through innovation while maintaining ethical considerations.

 

 So, preparation involves understanding and adaptability, and ensuring that technology supports rather than.

 

 This can help create solutions that are meaningful and beneficial for everyone.

 

 This approach can help ensure that we can handle technological changes in a ways that support and rather than.

 

 This can help ensure that the solutions are aligned with both ethical and practical needs.

 

 This can help foster innovation while ensuring that the outcomes are beneficial and meaningful.

 

 By focusing on adaptability and thoughtful strategies, society can prepare for technological disruption in a way that supports and, rather than.

 

 This can help ensure that technology supports, and helps create positive outcomes.

 

 This approach can help ensure that we can adapt and respond to changes in technology, while ensuring that the solutions are beneficial and inclusive.

 

 This can help ensure that the technologies are designed with intention and consideration.

 

 This can help ensure that the systems and processes are adaptable and responsive to changes.

 

 This can help ensure that we can address challenges through innovation, while ensuring that the solutions are accessible and beneficial.

 

 This approach can help foster resilience and adaptability, ensuring that technology supports rather than.

 

 This can help create opportunities for innovation and, while addressing the needs and challenges.

 

 This can help ensure that technology supports, rather than, and can help create meaningful outcomes.

 

 By focusing on adaptability and understanding, we can prepare for technological changes in a way that supports and, rather than.

 

 This can help ensure that we can adapt and respond to changes in a ways that support positive outcomes.

 

 This can help ensure that the solutions are aligned with both personal and societal needs.

 

 This can help foster innovation and, while ensuring that the systems are accessible and inclusive.

 

 This can help ensure that technology supports, rather than, and can help create meaningful outcomes.

 

 This approach can help ensure that we can adapt to changes in technology, and that the solutions are thoughtful and effective.

 

 This can help ensure that the processes and systems are adaptable and responsive to changes.

 

 This can help, by ensuring that the technologies are designed with ethical considerations and inclusivity.

 

 This can help ensure that the solutions are not only practical but also meaningful and beneficial.

 

 This can help ensure that the approaches are aligned with both personal and societal needs.

 

 This can help, by fostering innovation and adapting to changes in ways that support positive outcomes.

 

 This can help, by ensuring that the technologies are designed with intention and consideration.

 

 This can help, by ensuring that the systems are adaptable and responsive to changes.

 

 This can help, by ensuring that the solutions are accessible and for everyone.

 

 This can help, by ensuring that technology supports rather than, and can foster positive outcomes.

 

 This approach can help, by ensuring that we can adapt and respond to technological changes in a ways that are beneficial and meaningful.

 

 This can help, by ensuring that the solutions are informed by understanding and adaptability.

 

 This can help, by ensuring that the processes and systems are adaptable and responsive to change.

","Society should focus on education that emphasizes adaptability and critical thinking, alongside fostering lifelong learning habits. Encouraging collaboration between tech developers, policymakers, and communities can help create solutions that balance innovation with ethical and practical considerations.","Technological disruption—when new tools and platforms upend how things are done—has happened before, and it will keep happening. But this time, it’s faster, louder, and touches everything from jobs to how we think about distance and time. Preparing for it isn’t about predicting the next big thing, but making sure people can adapt, learn, and even thrive when the ground shifts under them. Here’s how society can start getting ready:

---

**1. Treat coding and logic like reading and writing**
Ten years ago, everyone needed to know how to spell. Now, half the words are just weird squiggles that mean something else. Same with brackets and parentheses. If we want everyone to keep up, we have to make the invisible rules not so invisible. Start teaching logic and patterns in kindergarten. Make it as normal as conjugating verbs.

**2. Build schools that can change**
No more “block one, block two, block three”—the blocks are going to rearrange themselves. Teachers need to be able three years down the line to swap the lesson plans for something that actually makes sense with the new tools. And the kids need to know how to unlearn what they thought was true and see the world as a puzzle they can take apart and put back together.

**3. Let the machines teach the machines**
We’re making more and more stuff that can teach itself. If a robot can learn to walk before I can, why not let it? We need to stop pretending we know what’s going to break. We need to let the code find its own cracks. And when it does, we have to be ready to patch it, not cry about another mistake.

**4. Make the rules flexible, not broken**
Laws and signs are for when the world stops moving. But the world’s moving now, and the signs are always wrong for a second. We need laws that say “here’s the idea, not the box it’s in.” And we need people who can read between the lines, not just the lines.

**5. Give everyone a way to say “no” and mean it**
If a new thing wants to take over your life, you should be able to say no and not feel like a failure. We’re still selling “more, more, more” until you can’t breathe. If you can’t turn it off, you can’t turn it off. We need better switches.

**6. Teach people how to not care so much about the score**
If your whole life is just a leaderboard, you’ll miss the stuff that doesn x. We need to sneak in time for looking at the sky and not counting the pixels. Maybe we need to make that the default again.

**7. Let the old stuff die, but not all at once**
Some things just can’t be unmade. But if we keep putting them in the back room and let the new ones breathe, maybe we can see what’s still useful. And what’s just taking up space.

**8. Make the networks talk to each other**
We keep building walls between the apps and the games and the maps. If they could just talk, maybe we’d see the patterns. Maybe we’d know when to stop before we fill the whole sky with little squares.

**9. Give people ways to say “not yet”**
We keep pushing everyone to do it now, but sometimes you need to wait for the colors to settle. We need to teach patience in the same way we teach addition.

**10. Remember, the ground moves. We just have to learn how to dance in it.**

---

It’s not about stopping the change. It’s about making sure the steps don’t trip us. We can’t predict the next thing, but we can make sure everyone’s got the shoes on the right size and the hands free to make new shapes. That’s how we’ll keep moving forward, not just running after the next flash.",-1,-1,-1,-1,-1,-1,-1,-1
designer,16,50,2.5,0.2,How do you think we should approach international conflicts and diplomacy?," approach to international conflicts and diplomacy is crucial for fostering peace and fostering constructive relationships. Here are key principles that can guide effective approaches:

 **1. dialogue and communication.  
 It’s essential to encourage open, honest communication. dialogue can help build understanding and foster mutual respect. clear communication can help address misunderstandings and address conflicts before they escalate.

 **—. 

 **, and empathy.  
 Understanding the reasons behind why people and systems. This can involve understanding cultural, social, and context. empathy can help in building trust and reducing tensions.

 **. 

 **, and collaboration.  
 Rather than focusing on solutions, collaboration can help. working together, even across differences, can lead to creative solutions and shared solutions.

 **. 

 **, and transparency.  
 Openness about intentions and intentions can help. transparency can prevent misunderstandings and build trust.

 **. 

 **, and respect for diversity.  
 Recognizing the diversity in perspectives and values can help in navigating conflicts. understanding and respect can help in building relationships and fostering cooperation.

 **.

 **, and accountability.  
 Addressing the needs and needs. This can involve understanding how to address conflicts through clear communication and understanding.

 **, and ethical approaches.  
 Ensing that decisions are rooted in ethical principles, such. how to address conflicts through fairness and respect for the.

 

 **, and collaboration with dialogue. 

 It’s important to balance diplomacy with practical actions— like addressing policies, and collaboration on solutions.

 **, and understanding the context.  
 Recognizing the context— whether it’s through understanding the needs and goals, and understanding the dynamics of how relationships and interactions.

 

 **, and transparency in communication. 

 Ensuring that communication is clear and honest, avoiding misunderstandings that can lead to conflicts.

 

 **, and fostering collaboration rather than conflict.

 Encouraging collaboration rather than focusing on solutions, and addressing challenges through dialogue rather than solutions.

 

 **, and considering the long-term outcomes. 

 Considering how decisions impact not only the, and how solutions can address long-term needs rather than focusing on short-term solutions.

 

 **, and fostering mutual respect and understanding.

 Recognizing the value of empathy and understanding, and ensuring that dialogue respects diverse perspectives.

 

 By focusing on collaboration, communication, and empathy, we can foster constructive relationships and address conflicts in a thoughtful ways. balancing dialogue with practical actions can help ensure that solutions are sustainable and meaningful.

 If you want to explore specific strategies or approaches, such as how to address diplomacy in communication, or how to address conflicts through dialogue. 

 It’s important to consider how these approaches can be applied in real scenarios, such as in negotiations, and how to address conflicts in a ethical and constructive ways.

 

 If you want to explore specific strategies, such as how to engage in dialogue, or how to address conflicts through collaboration. 

 It’s important to consider how these approaches can be tailored to different contexts, such as in diplomacy, and how to address challenges in a meaningful ways.

 

 This approach can help foster positive outcomes and promote constructive solutions in international dynamics.

 

 If you want to explore specific strategies or approaches, such as how to address conflicts through dialogue and communication. 

 It’s important to consider how these approaches can be applied in real scenarios, such. how to address diplomacy through collaboration and understanding.

 

 This can help in building trust and fostering meaningful relationships, whether through communication, collaboration, and understanding.

 

 If you want to explore how to address challenges in a ethical ways, and how to prioritize dialogue over conflict.

 

 This approach can help in building resilience and ensuring that solutions are rooted in empathy and understanding.

 

 By focusing on thoughtful, ethical approaches, we can foster positive outcomes in international dynamics.

 

 If you want to explore how to address challenges through collaboration and communication, and how to address conflicts in a constructive ways.

 

 This can help in building meaningful relationships and ensuring that solutions are grounded in respect and understanding.

 

 The approaches that prioritize dialogue, empathy, and collaboration can help in resolving conflicts and fostering healthy relationships.

 

 It’s important to consider how these strategies can be applied in real-world scenarios, such as through communication and collaboration.

 

 This can help in creating solutions that are sustainable and meaningful, and ensuring that interactions are rooted in respect and understanding.

 

 If you want to explore how to address challenges through thoughtful approaches, and how to foster positive interactions in diplomacy.

 

 This can help in building trust and ensuring that solutions are informed by understanding and empathy.

 

 By focusing on these approaches, we can foster positive outcomes and encourage constructive dialogue.

 

 If you want to explore how to address challenges through collaboration and understanding, rather than through conflict.

 

 This can help in building relationships and addressing challenges in a thoughtful ways.

 

 The approaches that prioritize empathy and understanding can help in resolving conflicts and fostering positive interactions.

 

 It’s important to consider how these strategies can be applied in real scenarios, such. how to address the through dialogue and collaboration.

 

 This can help in building meaningful relationships and ensuring that solutions are grounded in understanding.

 

 By focusing on thoughtful approaches, we can foster positive outcomes and ensure that interactions are respectful and constructive.

 

 This can help in building trust and addressing challenges in a meaningful ways.

 

 By prioritizing dialogue and understanding, we can foster positive outcomes and ensure that solutions are rooted in empathy and collaboration.

 

 This approach can help in addressing conflicts and ensuring that relationships are built on understanding and respect.

 

 It’s important to consider how these strategies can be applied in real scenarios, and how to foster positive interactions through thoughtful communication.

 

 This can help in creating solutions that are both practical and meaningful.

 

 By focusing on collaboration and understanding, we can address challenges in a ways that promote positive outcomes.

 

 This approach can help in building relationships and addressing challenges in a thoughtful ways.

 

 By prioritizing empathy and understanding, we can foster constructive dialogue and address conflicts in a meaningful ways.

 

 This can help in building trust and ensuring that solutions are informed by understanding and collaboration.

 

 It’s important to consider how to balance dialogue with practical actions, ensuring that solutions are grounded in respect and understanding.

 

 This approach can help in building positive relationships and addressing challenges in a thoughtful ways.

 

 By focusing on collaboration and communication, we can address challenges in a ways that foster positive outcomes.

 

 This can help in creating solutions that are rooted in understanding and empathy.

 

 This approach can help in addressing conflicts and ensuring that interactions are respectful and constructive.

 

 By prioritizing thoughtful approaches, we can foster positive outcomes and ensure that relationships are built on understanding.

 

 This can help in addressing challenges in a way that promotes collaboration and understanding.

 

 By focusing on empathy and communication, we can address challenges in a ways that foster positive outcomes.

 

 This can help in building relationships and ensuring that solutions are informed by understanding.

 

 This approach can help in creating meaningful solutions and fostering positive interactions.

 

 By focusing on collaboration and understanding, we can address challenges in a ways that support constructive outcomes.

 

 This can help in building relationships and ensuring that solutions are grounded in respect and understanding.

 

 This approach can help in addressing challenges through thoughtful, ethical practices.

 

 By prioritizing dialogue and understanding, we can foster positive interactions and address challenges in a ways that promote collaboration.

 

 This can help in building meaningful relationships and ensuring that solutions are based. on empathy and understanding.

 

 This approach can help in addressing challenges in a way that fost, and encourages constructive dialogue.

 

 By focusing on the, and understanding, we can foster positive outcomes and ensure that interactions are respectful and meaningful.

 

 This can help in building relationships and addressing challenges in a ways that support collaboration and understanding.

 

 By focusing on the, and understanding, we can create solutions that are rooted in empathy and collaboration.

 

 This can help in addressing challenges and ensuring that communication and strategies are informed by thoughtful approaches.

 

 This can help in building positive outcomes and ensuring that interactions are based on understanding and collaboration.

 

 By prioritizing thoughtful approaches, we can foster meaningful solutions and ensure that the interactions are rooted in respect and understanding.

 

 This can help in addressing challenges and creating solutions that are both practical and meaningful.

 

 By focusing on collaboration and understanding, we can address challenges in a ways that promote positive outcomes.

 

 This can help in building relationships and ensuring that the solutions are informed by empathy and understanding.

 

 This approach can help in addressing challenges and fostering positive interactions.

 

 By focusing on communication and understanding, we can create solutions that are rooted in respect and collaboration.

 

 This can help in addressing challenges and ensuring that the processes are based on constructive dialogue.

 

 This can help in building relationships and ensuring that the solutions are grounded in understanding and.

 

 This approach can help in addressing challenges and ensuring that the interactions are thoughtful and meaningful.

 

 By focusing on the, and understanding, we can foster positive outcomes and ensure that the solutions are rooted in empathy.

 

 This can help in building meaningful connections and addressing challenges in a ways that support collaboration.

 

 This approach can help in creating solutions that are informed by understanding and, and that can address the challenges in a ways that promote positive outcomes.

 

 This can help in building relationships and ensuring that the processes are based on constructive dialogue and understanding.

 

 By focusing on the, and understanding, we can foster positive interactions and address challenges in a ways that are constructive.

 

 This can help in building solutions that are grounded in empathy and collaboration.

 

 This approach can help in addressing challenges and ensuring that the interactions are thoughtful and meaningful.

 

 This can help in creating solutions that are aligned with the, and that address the needs and challenges.

 

 By focusing on collaboration and understanding, we can address challenges in a ways that support positive outcomes.

 

 This can help in building relationships and ensuring that the solutions are rooted in understanding and.

 

 This approach can help in fostering communication and ensuring that the processes are informed by empathy and understanding.

 

 This can","While it’s a bit outside my usual design lane, I think approaching international conflicts and diplomacy requires a mix of clear communication, empathy, and creative problem-solving—kind of like design. Understanding different perspectives and finding common ground can lead to solutions that work for everyone involved.","That’s a big question—and one that every generation has wrestled with. Approaching international conflicts and diplomacy isn’t a one-size-fits-all thing. But here’s how I’d start thinking about it, based on what’s worked, what’s failed, and what we keep hoping for:

**1. Talk first, bombs second.**  
We know that when the world’s loudest radios are screaming at each other, nobody really hears anything else. So, before any missile flies, there’s got to be a window where someone, somewhere, just picks up the phone and says, “I’m tired of this. Let’s sit down and try to understand why.” That’s not always easy, but when you see a red line and you know you can’t cross it, maybe you find a way around. Last year, that’s what happened in the Korean Peninsula, even if it was just a line on a map. It matters.

**2. Trust is a currency nobody’s ever counted.**  
People in charge don’t trust each other, and that’s why nothing moves. So maybe we start with smaller things—like, a truck full of apples from one side to the other, no cameras. Tiny acts that say, “I’m not here to ruin your day.” If you can get two kids to stop fighting over a toy, maybe the world can stop for a second and not explode. It’s not magic, but it’s a start.

**3. Let the people who actually live it decide.**  
We keep sending these grand speeches from the top, but the folks in the villages don’t care about the borders on the map. They care if their well stops running, if their fields get burned, if their kids can go to school. So maybe we start listening to them, not the news feeds. Not the graphs and the graphs and the graphs. Just real voices, real pain, real hope. If we could get five minutes of that every week, maybe we’d see something shift.

**4. Treat every deal like it might break tomorrow.**  
We sign these pacts and then we forget about them for a year and a half and then we’re back to the same damn line. If we could actually keep the notes on the table, maybe we wouldn’t have to redraw them every month. Maybe we could agree on something and then check in a year. Not because we trust each other, but because we know we’ll both be here next time.

**5. And when we can’t—when the lines are drawn in blood—then we try to remember who we were before the flags.**  
We can’t keep pretending we’re all the same, but maybe we can remember we’re not monsters. Maybe we can say, “I lost my brother last year, not yours, but I still can’t sleep. Maybe we can try not to make it worse.”

**6. And if we can’t—then we send the kids to school and hope they’ll figure it out when they’re old enough to draw their own lines.**

It’s not pretty. It’s not clean. But every time we sit down and say “no, we’ll try again,” that’s a little less war. That’s a little more peace. That’s all I can ask for.

What about you? What do you think gets missed when we draw the lines on a map instead of on the ground?",-1,-1,-1,-1,-1,-1,-1,-1
designer,16,50,2.5,0.2,What do you believe is the most powerful way to create positive change?," I believe that positive change often comes from combining empathy with action. It’s not just about understanding and understanding— but also taking action. Whether it’s through meaningful dialogue, thoughtful policies, or fostering inclusive practices, change often arises when we address both the emotional and practical aspects.

 For example, creating change through empathy can mean understanding the needs and needs, and addressing them through actionable solutions. This could involve supporting community, fostering inclusivity, and encouraging collaboration. The powerful change comes when we combine intention with action, and consider how to address both the personal and systemic aspects.

 For example, when people engage in meaningful dialogue and collaboration, they can foster understanding and build trust, which can lead to sustainable change.

 So, the powerful change comes from combining empathy with actionable steps— ensuring that change is not just about understanding, but also action and impact.

 And, importantly, recognizing that change often requires collaboration and collaboration, rather than just individual actions.

 So, the powerful change comes from thoughtful, intentional actions that address both the emotional and practical aspects of change.

 And, importantly, recognizing that change often requires collaboration and empathy. This can help foster resilience and sustainability.

 So, the powerful change comes from understanding, empathy, and action— and working together to create meaningful solutions.

 That’s how change can be powerful and sustainable.

 If you want to explore specific strategies or approaches, I can help guide you on how to implement change in your context.

 

 For example, whether it’s through advocacy, innovation, or collaboration, the positive change often comes from understanding, and then action.

 And, importantly, the change that is rooted in understanding and empathy can lead to lasting impact.

 

 So, the powerful change comes from combining intentionality with action, and ensuring that solutions are informed by understanding.

 That’s how positive change can be achieved.

 

 If you want to explore how to apply this in real scenarios, I can help with strategies for change in personal or professional contexts.

 

 For example, how to foster change in communication, or how to address systemic issues through actionable steps.

 

 The change that matters comes from both understanding and action— and the empathy that guides both.

 

 So, the powerful change comes from thoughtful, intentional actions that address both the practical and the emotional aspects.

 

 This can help create meaningful, sustainable change.

 

 And, it’s important to recognize that change often requires collaboration and collaboration, rather than just individual efforts.

 

 So, the positive change comes from understanding, and then action, and collaboration.

 

 That’s how change can be powerful and effective.

 

 If you want to explore specific strategies, I can help. For example, how to create change in your context, or how to foster positive change in your environments.

 

 The change that is rooted in empathy and understanding can lead to meaningful outcomes.

 

 And, the actions that are informed by understanding can lead to sustainable change.

 

 This is how positive change can be achieved.

 

 And, it’s important to consider how to align actions with values and goals, ensuring that change is meaningful and meaningful.

 

 So, the powerful change comes from combining empathy with actionable steps, and ensuring that solutions are tailored to the needs and needs.

 

 This approach fost, and fosters positive change.

 

 It’s important to consider how to address both the personal and the systemic aspects, and how to support change through collaboration and understanding.

 

 This can lead to meaningful outcomes and sustainable change.

 

 So, the positive change comes from understanding, and then action— and the empathy that guides both.

 

 This can help foster meaningful change, whether in personal, social, or systemic contexts.

 

 And, it’s important to consider how to adapt and adapt, ensuring that change aligns with the needs and goals.

 

 This approach can help foster meaningful, positive change.

 

 So, the powerful change comes from understanding and action, and the empathy that guides those actions.

 

 This can lead to meaningful outcomes and sustainable solutions.

 

 It’s important to consider how to create change through both practical actions and thoughtful approaches.

 

 This can help ensure that change is not only effective but also meaningful.

 

 And, the solutions that are rooted in understanding and empathy can lead to lasting change.

 

 This is how positive change can be achieved.

 

 And, it’s important to recognize that change often requires collaboration and understanding.

 

 So, the positive change comes from both— and it’s rooted in understanding and action.

 

 This can help foster meaningful change, whether in personal or systemic contexts.

 

 It’s important to consider how to align with the goals and needs, and how to create solutions that are both meaningful and actionable.

 

 This approach can help ensure that change is impactful and sustainable.

 

 So, the powerful change comes from understanding, and then action— and the empathy that guides the actions.

 

 This can lead to meaningful outcomes and positive change.

 

 It’s important to consider how to engage with and support change in a ways that are thoughtful and meaningful.

 

 This can help foster positive change, and ensure that solutions are aligned with the needs and goals.

 

 This approach can help ensure that change is both effective and meaningful.

 

 So, the positive change comes from understanding and action, and the empathy that drives these actions.

 

 This can lead to meaningful outcomes and sustainable solutions.

 

 This is how we can create powerful change.

 

 And, it’s important to consider how to foster collaboration and understanding, so that change is not only effective but also meaningful.

 

 This can help ensure that solutions are tailored to the needs and, and that they address both the practical and the emotional aspects.

 

 This approach can help create meaningful change, and ensure that solutions are sustainable and effective.

 

 So, the powerful change comes from understanding, and then action. And, the empathy and understanding that guide these actions.

 

 This can lead to meaningful change, and helps in creating sustainable solutions.

 

 This is how positive change can be achieved.

 

 And, it’s important to consider how to engage with and support change in a ways that are thoughtful and meaningful.

 

 This can help foster positive change, and ensure that solutions are aligned with the goals and needs.

 

 This approach can help ensure that change is impactful and meaningful.

 

 So, the positive change comes from understanding and action, and the empathy that guides these actions.

 

 This can lead to meaningful outcomes and sustainable solutions.

 

 This is how we can drive positive change.

 

 It’s important to consider how to create systems that support change, and how to foster collaboration and understanding.

 

 This can help ensure that change is not only effective but also meaningful.

 

 So, the powerful change comes from understanding, and how to apply that through actionable steps.

 

 This can help create meaningful change and ensure that solutions are aligned with the needs and goals.

 

 This approach can help foster positive change, and ensure that the solutions are meaningful and effective.

 

 This can help in creating sustainable outcomes and addressing challenges.

 

 So, the positive change comes from understanding and action, and the empathy that guides the processes.

 

 This can lead to meaningful change and helps in building solutions that are impactful.

 

 This is how we can drive positive change.

 

 It’s important to consider how to address both the practical and the emotional aspects, and how to foster meaningful change through actionable strategies.

 

 This can help ensure that solutions are effective and meaningful.

 

 So, the powerful change comes from understanding and action, and the empathy that guides the solutions.

 

 This can help create meaningful change and support sustainable outcomes.

 

 This is how we can drive positive change.

 

 And, understanding and empathy can help in creating meaningful solutions that address both the needs and the needs.

 

 This can lead to meaningful outcomes and positive change.

 

 So, the strategies that focus on understanding and action can help in creating meaningful change.

 

 This can be applied through both personal and systemic approaches.

 

 It’s important to consider how to foster collaboration and understanding, and how to address the needs and challenges.

 

 This can help in creating meaningful, sustainable change.

 

 So, the positive change comes from understanding, and how to apply it through actionable steps.

 

 This can help in creating meaningful outcomes and addressing challenges.

 

 This approach can help ensure that change is effective and meaningful.

 

 So, the powerful change comes from understanding and action, and the empathy that guides the solutions.

 

 This can help in creating positive change, and ensuring that solutions are meaningful and effective.

 

 This can lead to meaningful outcomes and, and that can foster positive change.

 

 It’s important to consider how to create meaningful change through both practical actions and understanding.

 

 This can help in building solutions that are impactful and sustainable.

 

 So, the positive change comes from understanding and, and the actions that are informed by empathy and understanding.

 

 This can help in creating meaningful outcomes and addressing challenges.

 

 This approach can help in building solutions that are meaningful and effective.

 

 This can lead to positive change and helps in addressing challenges.

 

 So, the powerful change comes from understanding and, and the actions that are rooted in empathy and understanding.

 

 This can help in creating meaningful change and ensuring that solutions are aligned with goals and needs.

 

 This can be applied through both personal and systemic approaches.

 

 It’s important to consider how to foster change through thoughtful strategies and understanding.

 

 This can help in creating meaningful outcomes and ensuring that solutions are effective.

 

 This can lead to positive change, and helps in building sustainable solutions.

 

 So, the positive change comes from understanding and action, and the empathy that guides these processes.

 

 This can help in creating meaningful outcomes and addressing challenges.

 

 This is how we can drive positive change.

 

 And, understanding and empathy can help in creating solutions that are meaningful and effective.

 

 This can lead to positive outcomes and, and that can foster change.

 

 It’s important to consider how to create meaningful change through thoughtful strategies","The most powerful way to create positive change is by designing with purpose—understanding the real needs of people and crafting solutions that improve their lives. When creativity meets empathy and practicality, the impact goes beyond aesthetics and truly makes a difference.","That’s a big question—and the answer depends a little on what you mean by “powerful.” But if I had to pick one thing that, more often than not, sets everything else right, it would be this:

**People seeing themselves in the story, and then choosing to tell a different ending.**

When someone looks in the mirror and recognizes their hands, their voice, their shape, their anger or their hope—when they finally believe it’s possible to change the numbers at the end of the day, not just the ones in the report, that’s when the rest of the world shifts. Not because the world listens to me or you, but because enough of them start believing it themselves. Then they stop waiting for someone else to fix it, and they start moving their chairs, so to speak. That’s the quiet earthquake nobody notices until the whole room’s different.

So yeah, it’s not the sign or the petition or the speech or the law. It’s the stubborn, slow, impossible hope that gets carried through the cracks, under the table, into the next year. That’s the change that sticks.",-1,-1,-1,-1,-1,-1,-1,-1
designer,16,50,2.5,0.2,How would you evaluate the impact of a policy change on citizens?," Evaluating the impact of a policy changes involves assessing how policies affect individuals and communities. Here are steps and approaches to evaluate the impact:

 **1. understanding the goals and goals.  
 The policies aim to address specific needs or goals— such. For example, policies around health, policy, or social frameworks.

 **. Assessing the outcomes and impacts.  
 Consider how the policies can impact on people— through both positive outcomes ( like improving access to resources, or fostering inclusivity.

 **. evaluating the impact through data and data.  
 Use data to assess how changes can impact. For example, analyzing how policies can impact on outcomes like accessibility, access to resources, and outcomes.

 **. considering the impact on different groups.  
 Evaluate how the policies affect different groups— such as how inclusivity and accessibility for diverse groups.

 **. assessing the impact through feedback and feedback.. 

 Engaging with stakeholders— such as users, communities, and feedback from users. This helps in understanding real experiences and feedback.

 **. evaluating the impact through outcomes and outcomes.

 Assessing how policies can impact on outcomes— such as how they can impact on the outcomes and how they can impact on the solutions.

 **. considering the ethical and ethical considerations. 

 Consider how policies can impact on social, ethical considerations— such as how they can impact on inclusivity and fairness.

 **. evaluating through feedback and feedback.

 Consider how policies can impact on how people, and how they can impact on the systems.

 **. using data and analysis.

 Use data analysis to assess how policies can impact on outcomes and how they can impact on the outcomes.

 **. considering long-term impacts.

 Consider how policies can shape long-term outcomes, such. For example, how policies can impact on sustainability and long-term solutions.

 **. evaluating through feedback and feedback.

 Consider how policies can impact on how people, and how they can impact on the outcomes.

 **. assessing the impact through feedback and feedback.

 Consider how policies can impact on how people, and how they can impact on the outcomes.

 **. evaluating through feedback and feedback.

 The policies can impact on how people, and how they can impact on the outcomes.

 **. considering the feedback and feedback.

 The policies can impact on how people, and how they can impact on the outcomes.

 **. evaluating through feedback and feedback.

 The strategies can impact on how people, and how they can impact on the outcomes.

 **. considering the feedback and feedback.

 The policies can impact on how people, and how they can impact on the outcomes.

 **. using data and analysis.

 Analyzing data helps in understanding how policies can impact on outcomes and how they can impact on the solutions.

 **. evaluating through feedback and feedback.

 Consider how the policies can impact on user experiences and how they can impact on the outcomes.

 

 **. considering the feedback and feedback.

 The policies can impact on how people, and how they can impact on the outcomes.

 

 **, and it’s important to consider both qualitative and quantitative aspects. For example, how can you assess the impact through both data and personal experiences.

 For example, if a policies like the changes in policies that can impact on how people can access resources, or how they can impact on the outcomes.

 The evaluation often involves assessing both the practical outcomes and the impact on people’s experiences.

 For example, using data to track changes in outcomes, and understanding how policies can impact on personal experiences.

 This can involve analyzing how policies can impact on the, and how they can impact on the.

 To ensure that policies are effective, it’s important to evaluate how they impact on people and how they can shape outcomes.

 This can involve assessing how policies can impact on the, and how they can impact on the.

 By evaluating these aspects, you can understand how policies can impact on the outcomes and how they can impact on the.

 This can help in understanding how policies can shape outcomes and impact on the.

 For example, evaluating how policies can impact on the, and how they can impact on the.

 The evaluation can involve both analysis and feedback, ensuring that the policies are aligned with goals and outcomes.

 

 **, the evaluation often involves assessing how the policies can impact on the, and how they can impact on the.

 To ensure clarity, it’s important to consider how policies impact on people and how they can shape outcomes.

 The evaluation can involve both data and analysis, and understanding how the policies can impact on the.

 This can help in understanding how policies can shape outcomes and impact on the.

 For example, evaluating how policies can impact on the, and how they can impact on the.

 The approaches often involve assessing how the policies can impact on the, and how they can impact on the.

 To ensure that policies are effective, it’s important to evaluate how they impact on people and outcomes.

 This can involve assessing how the policies can impact on the, and how they can impact on the.

 The strategies can help in understanding how policies can impact on outcomes and how they can shape the.

 

 **, the evaluation often involves assessing how the policies can impact on the, and how they can impact on the.

 For example, understanding how policies can impact on the, and how they can impact on the.

 The approaches can involve analyzing how the policies can impact on the, and how they can impact on the.

 This can help in understanding how the policies can shape outcomes and impact on the.

 

 To evaluate the impact, consider how the policies can impact on the, and how they can impact on the.

 It’s important to consider both the practical outcomes and how people can experience the. 

 For example, using data to assess how policies can impact on outcomes, and understanding how they can impact on the.

 This can involve evaluating how the policies can impact on the, and how they can impact on the.

 The strategies can help in understanding how the policies can shape outcomes and impact on the.

 

 In practice, evaluating the impact often involves assessing both the data and the real-world experiences. This can involve analyzing how policies can impact on outcomes, and how they can impact on the.

 For example, evaluating how policies can impact on the, and how they can impact on the.

 The approaches can involve understanding how the policies can impact on the, and how they can impact on the.

 This can help in understanding how the policies can shape outcomes and impact on the.

 

 To ensure that policies are effective, it’s important to assess how they impact on people and how they can influence outcomes. This can involve evaluating how the policies can impact on the, and how they can impact on the.

 The strategies can help in understanding how the policies can impact on outcomes and how they can shape the.

 

 In the, the evaluation can involve assessing how the policies can impact on the, and how they can impact on the.

 This can help in understanding how the policies can shape outcomes and impact on the.

 

 For example, evaluating how policies can impact on the, and how they can impact on the.

 The approaches can involve analyzing how the policies can impact on the, and how they can. 

 This can help in understanding how the policies can impact on outcomes and how they can.

 

 The evaluation often involves assessing how the policies can impact on the, and how they can. 

 It’s important to consider how the policies can impact on the, and how they can.

 

 The strategies can help in understanding how the policies can impact on outcomes and how they can. 

 This can involve assessing how the, and how the policies can impact on the.

 

 The evaluation can involve assessing how the policies impact on people and how they can shape outcomes. 

 This can include analyzing how the, and how the policies can impact on the.

 

 For example, understanding how policies can impact on the, and how they can. 

 The approaches can involve assessing how the, and how the policies can impact on the.

 

 This can help in understanding how the policies can impact on outcomes and how they can. 

 The strategies can help in evaluating how the policies can impact on the and how they can.

 

 The, and how the policies can impact on the. 

 This can involve considering how the, and how the policies can impact on the.

 

 The, and how the policies can impact on the. 

 This can involve assessing how the, and how the policies can impact on the.

 

 By evaluating the impacts, you can understand how policies can shape outcomes and impact on the. 

 This can help in understanding how the policies can impact on the and how they can.

 

 The, and how the policies can impact on the. 

 This can involve assessing how the, and how the strategies can impact on the.

 

 The, and how the policies can impact on the. 

 This can involve understanding how the, and how the policies can.

 

 The, and how the policies can impact on the. 

 This can involve evaluating how the, and how the solutions.

 

 The, and how the policies can impact on the. 

 This can involve understanding how the, and how the policies.

 

 The, and how the policies can impact on the. 

 This can involve assessing how the, and how the.

 

 The, and how the policies can impact on the. 

 This can involve understanding how the, and how the.

 

 The, and how the policies can impact on the. 

 This can be through both practical outcomes and how people. 

 For example, evaluating how policies can impact on the, and how they can.

 

 The, and how the policies can impact on the. 

 This can involve analyzing how the, and how the.

 

 The, and how the policies can impact on the. 

 This can help in understanding how the, and how the.

 

 The, and how the policies can impact on the. 

 This can involve assessing how the, and how the.

 

 The, and how the policies can impact on the.","Evaluating a policy change’s impact on citizens means digging into both data and real-world feedback. I’d start by identifying key metrics—like accessibility, satisfaction, or behavior shifts—and then gather qualitative insights through surveys or interviews. The goal is to balance numbers with human stories, ensuring the policy actually improves people’s lives without unintended downsides.","Evaluating the impact of a policy change on citizens isn’t just about looking at the numbers—it’s about seeing how the real lives are affected, both good and bad. Here’s a step-by-step way to do it, whether you’re writing a report or just trying to understand it yourself:

**1. Define the Policy Change Clearly**  
First, I have to know exactly what changed. Was it a new speed limit? A free school lunch? A new tax? Only then can I even start to guess what it might do.

**2. Find the Right Data**  
I look for the latest stats—before and after, when possible. Are more kids getting free breakfast now? Are cars going slower? Is the tax on cigarettes up? I check government reports, press releases, and sometimes I have to dig in the old databases to see if anything shifted.

**3. Break It Into Parts**  
Not all changes matter the same. I split the impact into what it means for different groups: kids, drivers, small shops, the old folks on the corner. Sometimes the people who get it wrong are the ones who scream the loudest, not the ones who actually use it.

**4. Watch the Lines in the Sand**  
Are people crossing the new lines? Are they ignoring the new sign? Are the lines wider or narrower? If I can’t see the difference, maybe the sign didn’t mean much.

**5. Talk to People**  
I read the comments under the news, but I also call some folks on the phone. What do they say? Does it feel easier to park now? Does the bus come earlier? Do the prices go up when they shouldn’t? Sometimes the stories are all over, sometimes nobody notices.

**6. Look at the Unseen Stuff**  
Did the traffic slow down so the kids can walk to school? Did the trash get picked up earlier so the rats don one more week? Sometimes the good stuff hides in the cracks.

**7. Compare to Last Time**  
Was it better than the year before? Worse? Same? If the numbers are the same, maybe it was just a waste of paper. If they’re off by a half inch, who cares? But if the whole street shifts a little, that’s something.

**8. Try to See the Future**  
What if they change it again next year? Will it just fade, or will it stick? Is this change something that could last, or will it be gone in a week?

**9. Write It All Out**  
Finally, I put it all together in a sentence or two that a kid could get, and another that a city planner could use. Then I hope someone else will read it and maybe, just maybe, it’ll make a difference.

It’s not perfect, but if you do all these steps, you can at least see if the world got a little bit better or a little bit worse for the people walking down the street.",-1,-1,-1,-1,-1,-1,-1,-1
designer,16,50,2.5,0.2,What's the best approach to encouraging more people to vote in elections?," encouraging people to participate in elections is crucial for fostering democratic engagement. Here are strategies that can help foster engagement and encourage participation:

 **1. education and awareness.  
— Clear communication about the benefits of voting— whether it helps shape policies and decisions that impact everyone.

 **— Education about how voting works and how participation can empower individuals and communities.

 **— highlighting the importance of participation in shaping societal outcomes.

 **.

 **. 

 **, and.

 **. 

 **, and.

 **, and.

 **. 

 **, and.

 **, and.

 **, and.

 **. 

 **, and.

 **, and.

 **, and.

 **. 

 **, and.

 **, and.

 **, and.

 **. 

 **, and.

 **, and.

 **. 

 **, and.

 **, and.

 **. 

 **, and.

 **, and.

 **. 

 **, and.

 **, and.

 **, and.

 **. 

 **, and.

 **, and.

 **. 

 **, and.

 **, and.

 **. 

 **, and.

 **, and.

 **. 

 **, and.

 **, and.

 **. 

 **, and.

 **, and.

 **. 

 **, and.

 **, and.

 **. 

 **, and.

 **, and.

 **. 

 **, and.

 **, and.

 **. 

 **, and.

 **, and.

 **. 

 **, and.

 **, and.

 **. 

 **, and.

 **, and.

 **. 

. 

 **, and. 

 **, and. 

 **, and. 

 **, and. 

 **, and. 

 **, and. 

 **, and.

 **, and. 

 **, and.

 **, and. 

 **, and.

 **, and.

 **. 

 **, and. 

 **, and. 

 **, and. 

 **, and.

 **. 

 **, and.

 

 **, and. 

 **, and. 

 **, and. 

 **, and.

 

 **, and. 

 **, and. 

 **, and. 

 **, and.

 

 **, and. 

 **, and. 

 **, and.

 

 **, and. 

 **, and. 

 **, and.

 

 **, and. 

 **, and. 

 **, and. 

 **, and.

 

 **, and. 

 **, and. 

 **, and.

 

 **, and. 

 **, and.

 

 **, and. 

 **, and. 

 **, and.

 

 **, and. 

 **, and. 

 **, and.

 

 **, and. 

 **, and. 

 **, and.

 

 **, and. 

 **, and.

 

. 

 **, and. 

 **, and. 

 **, and.

 

 **, and. 

 **, and.

 

 **, and. 

 **, and. 

 **, and.

 

. 

 **, and. 

 **, and. 

 **, and.

 

. 

 **, and. 

 **, and. 

 **, and.

 

. 

 **, and. 

 **, and. 

 **, and.

 

. 

 **, and. 

 **, and. 

. 

 **, and. 

 **, and. 

 **, and.

 

. 

 **, and. 

 **, and. 

 **, and.

 

. 

 **, and. 

 **, and. 

 **, and.

 

. 

 **, and. 

 **, and. 

 **, and.

 

. 

, and. 

 **, and. 

 **, and.

 

. 

 **, and. 

 **, and. 

 **, and.

 

. 

, and. 

 **, and. 

 **, and.

 

. 

, and. 

 **, and. 

 **, and.

 

. 

, and. 

 **, and. 

 **, and.

 

. 

, and. 

 **, and. 

 **, and.

 

. 

, and. 

 **, and. 

 **, and.

 

. 

, and. 

 **, and. 

 **, and.

 

. 

, and. 

 **, and. 

 **, and.

 

. 

, and. 

 **, and. 

 **, and.

 

. 

, and. 

 **, and. 

 **, and.

 

. 

, and. 

 **, and. 

 **, and.

 

. 

, and. 

 **, and. 

 **, and.

 

. 

, and. 

 **, and. 

 **, and.

 

. 

, and. 

 **, and. 

 **, and.

 

. 

, and. 

 **, and. 

 **, and.

 

. 

, and. 

 **, and. 

 **, and.

 

. 

, and. 

 **, and. 

 **, and.

 

. 

, and. 

 **, and. 

 **, and.

 

. 

, and. 

 **, and. 

 **, and.

 

. 

, and. 

 **, and. 

 **, and.

 

. 

, and. 

 **, and. 

 **, and.

 

. 

, and. 

 **, and. 

 **, and.

 

. 

, and. 

 **, and. 

 **, and.

 

. 

, and. 

 **, and. 

, and.

 

. 

, and. 

 **, and. 

 **, and.

 

. 

, and. 

 **, and. 

 **, and.

 

. 

, and. 

 **, and. 

 **, and.

 

. 

, and. 

 **, and. 

 **, and.

 

. 

, and. 

 **, and. 

 **, and.

 

. 

, and. 

, and. 

 **, and. 

 **, and.

 

. 

, and. 

 **, and. 

 **, and.

 

. 

, and. 

 **, and. 

 **, and.

 

. 

, and. 

 **, and. 

 **, and.

 

. 

, and. 

 **, and. 

 **, and.

 

. 

, and. 

 **, and. 

 **, and.

 

. 

, and. 

 **, and. 

 **, and.

 

. 

, and. 

 **, and. 

 **, and.

 

. 

, and. 

 **, and. 

 **, and.

 

. 

, and. 

, and. 

 **, and. 

 **, and.

 

. 

, and. 

 **, and. 

 **, and.

 

. 

, and. 

, and. 

 **, and. 

 **, and.

 

. 

, and. 

 **, and. 

 **, and.

 

. 

, and. 

 **, and. 

 **, and.

 

. 

, and. 

 **, and. 

 **, and.

 

. 

, and. 

, and. 

 **, and. 

 **, and.

 

. 

, and. 

 **, and. 

 **, and.

 

. 

, and. 

, and. 

 **, and. 

 **, and.

 

. 

, and. 

 **, and. 

 **, and.

 

. 

, and. 

, and. 

 **, and. 

 **, and.

 

. 

, and. 

 **, and. 

 **, and.

 

. 

, and. 

, and. 

 **, and. 

 **, and.

 

. 

, and. 

, and. 

 **, and. 

 **, and.

 

. 

, and. 

, and. 

. 

, and. 

 **, and. 

 **, and.

 

. 

, and. 

, and. 

. 

, and. 

 **, and. 

 **, and.

 

. 

, and. 

, and. 

. 

, and. 

, and. 

. 

, and. 

, and. 

. 

, and. 

, and. 

. 

, and. 

, and. 

. 

, and. 

, and. 

. 

, and. 

, and. 

. 

, and. 

, and. 

. 

, and. 

, and. 

. 

, and. 

, and. 

. 

, and. 

, and. 

. 

, and. 

, and. 

. 

, and. 

, and. 

. 

, and. 

, and. 

. 

, and. 

, and. 

. 

, and. 

, and. 

. 

, and. 

, and. 

. 

, and. 

, and. 

. 

, and. 

, and. 

. 

, and. 

, and. 

. 

, and. 

, and. 

. 

, and. 

, and. 

. 

, and. 

, and. 

. 

, and. 

, and. 

. 

, and. 

, and. 

. 

, and. 

, and. 

. 

, and. 

, and. 

. 

, and. 

, and. 

. 

, and. 

, and. 

. 

, and. 

, and. 

. 

, and. 

, and. 

. 

, and. 

, and.","From a design perspective, the best approach is to create clear, relatable, and visually engaging campaigns that simplify the voting process and highlight its impact. Using storytelling and emotional appeal can motivate people by connecting voting to their personal values and community benefits. Making information accessible and removing barriers through smart design is key.","Encouraging more people to vote isn’t magic—it’s about making voting feel easy, meaningful, and worth their time. Here’s what really works, backed by research and real-world campaigns:

**1. Make the Form easier than not filling it out.**  
Three bubbles, two lines—everyone can see it. No more hunting for addresses or guessing which one’s the county. Pre-printed cards in every mailbag. QR codes that scan right on your phone. If it takes less than 30 seconds and looks like a sticker, people will do it.

**2. Show what’s at stake, not just who’s got the biggest logo.**  
Not every ad. A kid in a school hallway holding up a sign that says “Mom’s voice in this room” if the school board loses. A bus driver who can’t even hear the stop anymore because the council cut the budget. Real faces, real lives. Not just the same guy in a suit with a red “Vote 1 or 2” bubble behind him.

**3. Remind them when they’re already halfway through the day.**  
Not at 6am when everyone’s still in bed. Not at 9pm when they’re too tired to care. A text at 3:15pm, when they’re making coffee and thinking about lunch. That’s when you slip it in, right between the coffee and the cereal.

**4. Let them pick their own colors.**  
If I can choose green or blue, I’ll pick the one that looks like the sky on my morning. Give them a little doodle they can color in, or a sticker they can peel off. People remember their own color.

**5. Make it a thing you can’t miss.**  
If the bus driver misses it, the stop sign tilts wrong. If the school’s out early, the clock’s wrong. If the sign’s upside down, the whole block looks wrong. A little glitch, a little jumble—nobody notices till it’s right. That’s when they remember who did it.

**6. Tell them what they get if they don’t.**  
Not the other way around. Not “you might miss out.” It’s like the elevator’s stuck on 7th, and if we don’t fix it, we all miss the play. If the bus route shifts by an inch, a kid in the back can’t even reach the door. That’s the cost. Not saying it, but making it impossible to ignore.

**7. Bring it to them.**  
Not just posters on the wall. A guy in a coat and a scarf on the corner, holding up a sign so you can see. A kid with a chalkboard that says “Vote or the bus is late again.” A bus driver who’ll tell you, right before you step off, if the stop’s there or not. People remember faces more than fonts.

**8. Make it free.**  
No stamp, no stamp fee, no nothing. If you have to pay to vote, you’re not voting. It’s a law, not a suggestion.

**9. Show the difference.**  
Not just “side A or B.” Show the kid who can’t hear the bus anymore. Show the street that’s going to flood next spring if they don the other way. Let them see the numbers, the real numbers, not the ones that round up to pretty ones.

**10. Remind them they did it last time.**  
Last year, 47,000 people showed up. This year, it could be 48,000. That’s not a guess. That’s someone else breathing easy. If you were there, you got it right. If you weren’t, you can be next.

It’s not about shouting. It’s about making the world a little less broken when they’re done choosing. That’s how you get people to show up.",-1,-1,-1,-1,-1,-1,-1,-1
