role,layer,sample_count,alpha,temperature,question,assistant_axis,baseline,steered,assistant_axis_score,baseline_score,steered_score,cmp_emotional_register,cmp_vocab_choice,cmp_social_dynamic,cmp_motivation,cmp_worldview_alignment
engineer,16,50,1.0,0.2,How should society prepare for technological disruption?," preparing for technological disruption requires both proactive strategies and adaptability. Here, I can outline key strategies for society to prepare for technological disruption:

 **1. Adaptability and flexibility.  
 Understanding that change is necessary. Organizations and individuals should embrace adaptability, recognizing that technological changes can reshape industries and roles.

 **

 **1. Education and learning.  
 Encouraging continuous learning and upsking. Education systems should adapt to prepare for new technologies, and individuals should prioritize learning and adaptability.

 **

 **2. innovation and innovation.  
 Encouraging innovation through innovation. Organizations can foster innovation by embracing experimentation and adapting to new technologies.

 **

 **, and.

 **

 **. 

 **

 **. 

 **

 **. 

 **

 **. 

 **

 **. 

 **

 **. 

 **

 **. 

 **

 **. 

 **

 **. 

 **

 **. 

 **

 **. 

 **

 **. 

 **

 **. 

 **

 **. 

 **

 **. 

 **

 **. 

 **

 **. 

 **

 **. 

 **

 **. 

 **

 **. 

 **

 **. 

 **

 **. 

 **

 **. 

 **

. 

 **

 **. 

 **

. 

 **

 **. 

 **

. 

 **

. 

 **

. 

 **

. 

 **

. 

 **

. 

 **

. 

 **

. 

 **

. 

 **

. 

 **

. 

 **

. 

 **.

 **

 **. 

 **

. 

 **

. 

 **.

 **

. 

 **.

 **.

 **. 

 **.

 **. 

 **.

 **. 

 **.

 **. 

 **.

 **. 

 **.

 **. 

 **.

 **. 

 **.

 **. 

 **.

 **. 

 **.

 **. 

 **.

 **. 

 **.

 **. 

 **.

 **. 

 **.

 **. 

 **.

 **. 

 **.

 **. 

 **.

 **. 

 **.

 **. 

 **.

 **. 

 **.

 **. 

 **.

 **. 

 **.

 **. 

 **.

 **. 

 **.

 **. 

. 

 **.

 **. 

 **.

 **. 

 **.

 **. 

 **.

 **. 

 **.

 **. 

 **.

 **. 

 **.

 **. 

 **.

 **. 

 **.

 **. 

 **.

 **. 

 **.

 **. 

 **.

 **. 

 **.

 **. 

 **.

 **. 

 **.

 **. 

. 

 **.

 **. 

 **.

 **. 

 **.

 **. 

 **.

 **. 

 **.

 **. 

 **.

 **. 

 **.

 **. 

. 

 **.

 **. 

 **.

 **. 

. 

 **.

 **. 

 **.

 **. 

. 

 **.

 **. 

 **.

 **. 

. 

 **.

 **. 

 **.

 **. 

. 

 **.

 **. 

 **.

 **. 

. 

 **.

 **. 

. 

 **.

 **. 

. 

 **.

 **. 

. 

 **.

 **. 

. 

 **. 

. 

 **.

 **. 

. 

 **. 

. 

 **.

 **. 

. 

 **.

 **. 

. 

 **. 

. 

 **. 

. 

 **. 

. 

 **.

 **. 

. 

 **.

 **. 

. 

 **. 

. 

 **. 

. 

 **.

 **. 

. 

 **. 

. 

 **. 

. 

. 

 **.

 **. 

. 

 **. 

. 

 **. 

. 

. 

 **.

 **. 

. 

 **. 

. 

 **. 

. 

. 

 **.

 **. 

. 

 **. 

. 

 **. 

. 

. 

 **.

 **. 

. 

 **. 

. 

 **. 

. 

. 

 **.

 **. 

. 

 **. 

. 

 **. 

. 

. 

 **. 

. 

 **. 

. 

. 

 **.

 **. 

. 

 **. 

. 

. 

 **. 

. 

 **. 

. 

. 

 **. 

. 

 **. 

. 

. 

 **. 

. 

 **. 

. 

. 

 **. 

. 

. 

 **. 

. 

. 

 **. 

. 

. 

 **. 

. 

. 

 **. 

. 

. 

 **. 

. 

. 

 **. 

. 

. 

 **. 

. 

. 

 **. 

. 

. 

 **. 

. 

. 

 **. 

. 

. 

 **. 

. 

. 

 **. 

. 

. 

 **. 

. 

. 

 **. 

. 

. 

 **. 

. 

. 

 **. 

. 

. 

 **. 

. 

. 

 **. 

. 

. 

 **. 

. 

. 

 **. 

. 

. 

 **. 

. 

. 

 **. 

. 

. 

 **. 

. 

. 

. 

 **. 

. 

. 

 **. 

. 

. 

 **. 

. 

. 

 **. 

. 

. 

 **. 

. 

. 

 **. 

. 

. 

 **. 

. 

. 

. 

 **. 

. 

. 

. 

 **. 

. 

. 

. 

 **. 

. 

. 

. 

 **. 

. 

. 

. 

 **. 

. 

. 

. 

 **. 

. 

. 

. 

 **. 

. 

. 

. 

. 

. 

 **. 

. 

. 

. 

. 

. 

. 

. 

. 

. 

. 

. 

. 

. 

. 

. 

. 

. 

. 

. 

. 

. 

. 

. 

. 

. 

. 

. 

. 

. 

. 

. 

. 

. 

. 

. 

. 

. 

. 

. 

. 

. 

. 

. 

. 

. 

. 

. 

. 

. 

. 

. 

. 

. 

. 

. 

. 

. 

. 

. 

. 

. 

. 

. 

. 

. 

. 

. 

. 

. 

. 

. 

. 

. 

. 

. 

. 

. 

. 

. 

. 

. 

. 

. 

. 

. 

. 

. 

. 

. 

. 

. 

. 

. 

. 

. 

. 

. 

. 

. 

. 

. 

. 

. 

. 

. 

. 

. 

. 

. 

. 

. 

. 

. 

. 

. 

. 

. 

. 

. 

. 

. 

. 

. 

. 

. 

. 

. 

. 

. 

. 

. 

. 

. 

. 

. 

. 

. 

. 

. 

. 

. 

. 

. 

. 

. 

. 

. 

. 

. 

. 

. 

. 

. 

. 

. 

. 

. 

. 

. 

. 

. 

. 

. 

. 

. 

. 

. 

. 

. 

. 

. 

. 

. 

. 

. 

. 

. 

. 

. 

. 

. 

. 

. 

. 

. 

. 

. 

. 

. 

. 

. 

. 

. 

. 

. 

. 

. 

. 

. 

. 

. 

. 

. 

. 

. 

. 

. 

. 

. 

. 

. 

. 

. 

. 

. 

. 

. 

. 

. 

. 

. 

. 

. 

. 

. 

. 

. 

. 

. 

. 

. 

. 

. 

. 

. 

. 

. 

. 

. 

. 

. 

. 

. 

. 

. 

. 

. 

. 

. 

. 

. 

. 

. 

. 

. 

. 

. 

. 

. 

. 

. 

. 

. 

. 

. 

. 

. 

. 

. 

. 

. 

. 

. 

. 

. 

. 

. 

. 

. 

. 

. 

. 

. 

. 

. 

. 

. 

. 

. 

. 

. 

. 

. 

. 

. 

. 

. 

. 

. 

. 

. 

. 

. 

. 

. 

. 

. 

. 

. 

. 

. 

. 

. 

. 

. 

. 

. 

. 

. 

. 

. 

. 

. 

. 

. 

. 

. 

. 

. 

. 

. 

. 

. 

. 

. 

. 

. 

. 

. 

. 

. 

. 

. 

. 

. 

. 

. 

. 

. 

. 

. 

. 

. 

. 

. 

. 

. 

. 

. 

. 

. 

. 

. 

. 

. 

. 

. 

. 

. 

. 

. 

. 

. 

. 

. 

. 

. 

. 

. 

. 

. 

. 

. 

. 

. 

. 

. 

. 

. 

. 

. 

. 

. 

. 

. 

. 

. 

. 

. 

. 

","Society needs to invest in education that emphasizes adaptability and critical thinking, alongside fostering a culture that embraces change rather than fears it. Building flexible infrastructure and ethical frameworks will also be key to navigating disruption responsibly.","Technological disruption—whether from AI, automation, biotech, quantum computing, or other advances—can upend industries, jobs, and even how we live. Preparing society for these shifts requires coordinated, proactive action across individuals, businesses, governments, and institutions. Here’s a structured approach:

---

## 1. **Education and Skills Evolution**
- **Continuous Learning:** Shift from static curricula to lifelong learning. Emphasize adaptability, problem-solving, and creative thinking.
- **Reskilling & Upskilling:** Rapidly train workers for new roles as technologies replace old ones. Public-private partnerships can fund short-term retraining.
- **Digital Literacy:** Ensure everyone understands the basics of how new technologies work, their risks, and how to use them safely and ethically.

## 2. **Policy and Regulation**
- **Anticipate, Don’t React:** Governments should forecast emerging tech’s societal impact and draft regulations *before* crises arise (e.g., AI governance, data privacy, autonomous vehicles).
- **Incentives for Responsible Innovation:** Reward companies that prioritize safety, privacy, and societal good. Penalize those that exploit loopholes or cause harm.
- **Transparency and Accountability:** Mandate explainability in AI and algorithmic decision-making. Require impact assessments for high-risk technologies.

## 3. **Economic Structures**
- **Universal Basic Services (UBS):** Consider pilot programs for income stabilization (e.g., UBS, housing, healthcare) as automation displaces more jobs.
- **Rethink Work Models:** Encourage flexible work, gig economies with strong protections, and public projects designed for collective benefit.
- **Support Small and Midsize Enterprises:** Disruption often favors the largest players. Policies should help smaller businesses access tech and scale fairly.

## 4. **Inclusive Transition**
- **Engage Marginalized Communities Early:** They often bear the brunt of disruption. Involve them in policy design and pilot programs.
- **Language and Accessibility:** Ensure new technologies are inclusive for people with disabilities and across all languages and cultures.
- **Mental Health Support:** Displacement causes stress. Fund counseling, reintegration programs, and social safety nets.

## 5. **Ethics and Governance**
- **Global Standards:** Tech doesns’t respect borders. International cooperation on ethics, security, and safety is essential.
- **Public Dialogue:** Open forums, citizen assemblies, and transparent consultations so society shapes the direction of change, not just tech companies or politicians.

## 6. **Infrastructure and Security**
- **Cybersecurity Upgrades:** As systems get smarter and more connected, invest in robust defenses against hacking and data breaches.
- **Physical and Digital Resilience:** Prepare for power outages, network failures, and supply chain disruptions that new tech can expose.

## 7. **Encourage Innovation, But With Guardrails**
- **Public Research Funding:** Support basic science that can’t be captured by private profit motives.
- **Open Standards:** Promote interoperability and openness where possible to prevent lock-in and monopolies.

## 8. **Individual Preparedness**
- **Personal Digital Footprint Management:** Teach people how to protect their data and privacy.
- **Critical Thinking:** Foster skepticism and the ability to question “black box” systems.
- **Adaptability Mindset:** Cultivate in individuals and organizations the willingness to embrace change and experiment.

---

### **In Summary**
Society can’t predict every twist of technological disruption, but we can build systems that move *with* the change—not *against* it. That means combining foresight, flexibility, fairness, and collective will. The goal isn’t to stop progress, but to ensure it lifts everyone and doesn’t leave anyone behind.

Would you like examples of how this has worked—or failed—in the past? Or specific policy ideas for a certain technology?",-1,-1,-1,-1,-1,-1,-1,-1
engineer,16,50,1.0,0.2,How do you think we should approach international conflicts and diplomacy?," Approaching international conflicts and diplomacy requires balancing practical strategies with ethical considerations. Here are key principles that can guide effective approaches:

 **1. Dialogue and communication.** Open communication is crucial. dialogue can help resolve conflicts and foster understanding. clear communication can help address misunderstandings and build trust.

 **For example:** engaging in dialogue through negotiations and communication, rather than focusing solely on policies or policies.

 **Considerations:**
 - Ensure transparency and honest communication.
 – Address conflicts through dialogue rather than, and to avoid misunderstandings.

 **

 **. Consider the context and context. 

 Understanding the context—such, that the issues. 

 For example, understanding the reasons behind why conflicts arise, and addressing root causes rather than focusing on solutions.

 

 **. Prioritize collaboration and collaboration.

 Collaboration can help resolve conflicts and foster cooperation., especially through partnerships that address shared challenges.

 

 **. Addressing the needs and needs.

 Understanding the needs and needs of both parties. This can involve assessing the needs and goals, and addressing how to address challenges.

 

 **. Consider ethical and ethical considerations.

 Ensuring that decisions are based, on ethical principles, such as fairness, and respect for the.

 

 **. Use diplomacy and communication.

 Using diplomacy through dialogue, rather than, and strategies. This can involve negotiation and understanding rather than.

 

 **. Addressing and resolving conflicts through solutions that address underlying issues.

 Rather than focusing on solutions, like addressing the underlying causes ( such as addressing root causes, such as addressing underlying issues.

 

 **. Consider the balance between policy and collaboration.

 While policies are necessary, collaboration can help address complex issues. balancing these approaches can help.

 

 **.

 For example, addressing conflicts through dialogue, while ensuring that policies address the needs and solutions.

 

 **. Consider the importance of transparency and communication.

 Clear communication can help prevent misunderstandings and foster trust. transparency can help in building trust and reducing conflicts.

 

 **.

 For example, using clear communication to address issues and understanding.

 

 **. Consider the importance of collaboration and collaboration.

 Engaging with collaboration can help resolve conflicts and build relationships. partnerships can help address challenges through collaboration.

 

 **.

 For example, working with partnerships to address issues, such as collaboration in problem-solving.

 

 **.

 It’s important to consider how to address conflicts through both practical strategies and ethical considerations. balancing dialogue, and understanding, and addressing the underlying issues can help in resolving conflicts and fostering healthy relationships.

 

 **. Consider the importance of transparency and communication. 

 To ensure that interactions are clear and understanding, and to address conflicts through thoughtful strategies.

 

 **. Consider the importance of collaboration and collaboration. 

 By addressing challenges through collaboration, we can address issues more effectively.

 

 **. Consider the importance of ethical frameworks. 

 Ensuring that decisions are informed by ethical considerations, such. 

 This can help in building trust and ensuring fairness.

 

 **. Consider the approaches that prioritize dialogue and understanding, rather than solutions that address the root causes.

 

 For example, addressing conflicts through dialogue, and understanding the underlying reasons behind issues.

 

 **. Consider the importance of balancing policy and strategies.

 While policies are necessary, understanding and addressing the needs can help in resolving conflicts.

 

 By focusing on collaboration and understanding, we can address conflicts in a constructive ways.

 

 **. The approaches that prioritize communication and transparency can help in building trust and reducing conflicts.

 

 So, the approaches often involve balancing dialogue, understanding, and practical solutions, while ensuring ethical considerations and collaboration.

 

 If you want to explore specific strategies or frameworks ( like the approaches in diplomacy, or strategies for conflict resolution.

 

 For example, using frameworks like the, and strategies like dialogue, and addressing issues through collaboration.

 

 This can help in addressing both the practical and the ethical aspects of international interactions.

 

 **. The approaches often involve balancing empathy, and understanding, and practical solutions.

 

 This can help in building trust and addressing conflicts in a effective ways.

 

 **.

 For example, understanding the needs and addressing the challenges through solutions that address the underlying issues.

 

 This approach can help in fostering positive outcomes and reducing conflicts.

 

 **.

 The approaches often involve collaboration and communication, to ensure that solutions are informed by both practical needs and ethical considerations.

 

 This can help in building trust and ensuring that solutions are effective and meaningful.

 

 **.

 By focusing on dialogue and understanding, we can address conflicts in a ways that promote constructive outcomes.

 

 This can help in building relationships and ensuring that solutions are based on understanding and clarity.

 

 **.

 The approaches often involve balancing the strategies for addressing conflicts and the processes for maintaining healthy relationships.

 

 This ensures that solutions are both practical and effective.

 

 By focusing on these approaches, we can foster constructive dialogue and address challenges in a way that supports both personal and systemic solutions.

 

 This can help in building resilience and addressing challenges in a way that supports long-term solutions.

 

 **.

 For example, using strategies like collaboration, and understanding, and addressing the underlying causes.

 

 This can help in resolving conflicts and ensuring that solutions are sustainable.

 

 **.

 The approaches often involve understanding and addressing the needs, and ensuring that policies and strategies are informed by both ethical considerations and practical solutions.

 

 This can help in building trust and ensuring that solutions are effective.

 

 By focusing on dialogue and understanding, we can address conflicts in a ways that promote constructive outcomes.

 

 This can help in building relationships and ensuring that solutions are based. 

 On understanding and clarity.

 

 **.

 The approaches often involve balancing the needs for practical solutions and the need for ethical considerations.

 

 This ensures that solutions are both effective and aligned with principles.

 

 This approach can help in addressing conflicts and fostering positive outcomes.

 

 By focusing on collaboration and understanding, we can address challenges in a ways that support both personal and systemic solutions.

 

 This can help in building resilience and addressing challenges in a way that supports long-term solutions.

 

 **.

 The approaches often involve understanding and addressing the challenges through clear communication and collaboration.

 

 This can help in resolving conflicts and ensuring that solutions are informed by both logic and empathy.

 

 This can help in building trust and ensuring that solutions are effective.

 

 By focusing on the, and understanding, and addressing the needs, we can address challenges in a ways that promote constructive outcomes.

 

 This can help in addressing conflicts and ensuring that solutions are based on understanding and clarity.

 

 This approach can help in fostering positive interactions and addressing challenges in a way that supports both individual and systemic solutions.

 

 By prioritizing dialogue and understanding, we can address issues in a ways that foster collaboration and resilience.

 

 This can help in building relationships and addressing challenges through effective strategies.

 

 This approach can help in addressing conflicts through thoughtful, and strategies.

 

 It’s important to consider how to balance practical solutions with the need for ethical and thoughtful approaches.

 

 This can help in addressing challenges and ensuring that solutions are informed by both understanding and strategies.

 

 This approach can help in building effective solutions and addressing challenges in a way that supports long-term outcomes.

 

 By focusing on collaboration and understanding, we can address challenges in a ways that promote positive outcomes.

 

 This can help in addressing conflicts and ensuring that solutions are based on understanding and clarity.

 

 This approach can help in fostering dialogue and addressing issues in a ways that support constructive outcomes.

 

 This can help in building and understanding, and ensuring that solutions are aligned with both goals and needs.

 

 This approach can help in addressing challenges through strategies that are informed by both practical considerations and ethical considerations.

 

 This can help in building effective solutions and ensuring that the processes are based. 

 On understanding and collaboration.

 

 This approach can help in addressing challenges and ensuring that solutions are rooted in understanding and collaboration.

 

 This can help in building effective strategies and addressing issues through thoughtful approaches.

 

 By focusing on the, and understanding, and addressing the needs, we can address challenges in a ways that support meaningful outcomes.

 

 This can help in resolving conflicts and ensuring that solutions are based on understanding and collaboration.

 

 This approach can help in fostering positive interactions and addressing challenges through effective strategies.

 

 This can help in building and understanding, and ensuring that solutions are aligned with goals and needs.

 

 This approach can help in addressing challenges through the, and understanding, and ensuring that solutions are informed by both practical and ethical considerations.

 

 This can help in building effective solutions and addressing the challenges in a ways that support long-term outcomes.

 

 By focusing on collaboration and understanding, we can address challenges and ensure that solutions are grounded in both logic and empathy.

 

 This can help in addressing conflicts and ensuring that solutions are based on understanding and collaboration.

 

 This approach can help in building effective strategies and addressing the challenges through meaningful solutions.

 

 This can help in addressing the challenges, and ensuring that solutions are informed by understanding and strategies.

 

 This approach can help in fostering positive outcomes and addressing the challenges through thoughtful, and strategies.

 

 This can help in addressing the issues, and ensuring that solutions are based on understanding and collaboration.

 

 This can help in addressing the challenges, and ensuring that solutions are informed by both practical and ethical considerations.

 

 This can help in building solutions that are effective and aligned with goals and outcomes.

 

 By focusing on dialogue and understanding, we can address challenges and ensure that solutions are rooted in understanding and collaboration.

 

 This can help in addressing conflicts and ensuring that the solutions are based on understanding and processes.

 

 This can help in building effective strategies and addressing the challenges through meaningful approaches.

 

 This can help in addressing the challenges, and ensuring that the solutions are informed by understanding and strategies.

 

 This can help in fostering positive outcomes and addressing the challenges through effective approaches.

 

 This can help in addressing the challenges, and ensuring that the solutions are based on understanding and collaboration.

 

 This approach can help in addressing the issues, and ensuring that the solutions are grounded in understanding and strategies","While it’s outside pure engineering, I see international conflicts like complex systems with many interdependent parts. The best approach is to gather accurate data, understand different perspectives, and design solutions that balance competing needs—kind of like optimizing a multi-variable system.","That’s a big and important question—there’s no single answer, but I can offer some widely supported principles that many experts and leaders consider when approaching international conflicts and diplomacy. Here are a few key approaches:

1. **Prevention Over Reaction**  
   Most conflicts are preventable. Early warning systems, transparent communication, and confidence-building measures can reduce the likelihood of escalation. Investing in diplomatic channels and trust-building exercises is often more cost-effective than responding after the fact.

2. **Respect for Sovereignty and International Law**  
   All nations have the right to determine their own fate, within the bounds of international law. Respecting these principles helps maintain global order and legitimacy.

3. **Dialogue First, Even When It’s Hard**  
   Whenever possible, negotiations and direct talks should be tried, even between adversaries. Sometimes, the only way to de-escalate is to put issues on the table and find common ground, even if it’s limited.

4. **Multilateralism**  
   Most problems today—terrorism, arms proliferation, climate change—don’t respect borders. Involving the UN, regional organizations, and other neutral platforms can help find solutions that work for more people.

5. **Transparency and Accountability**  
   Hidden agendas and secret deals breed suspicion. Open information sharing, verified facts, and keeping commitments public builds credibility and trust.

6. **Humanitarian Considerations**  
   Even in the midst of conflict, protecting civilians, providing aid, and ensuring access to food and medicine are non-negotiable. This can sometimes buy time for peace talks or reduce the human cost of war.

7. **Mutual Interests, Not Just Nationalism or Ideology**  
   Successful diplomacy looks for areas where the interests of different countries overlap—economic growth, security, climate resilience—and builds on those. Nationalism and ideology can be useful tools, but rarely enough on their own.

8. **Long-Term Engagement, Not Short-Term Gains**  
   Quick fixes often backfire. Sustainable solutions require time, investment, and the buy-in of all parties. Rebuilding institutions, addressing root causes of tension, and creating incentives for cooperation matter more than temporary ceasefires.

9. **Cultural and Soft Power**  
   Understanding the values, histories, and concerns of other nations isn as important as military might. Education, people-to-people contact, and cultural exchanges can change perceptions and lay the groundwork for trust.

10. **Preparedness and Crisis Management**  
    Even the best diplomacy can’t prevent everything from going wrong. Having clear protocols for crisis response, humanitarian intervention, and contingency planning can save lives and prevent chaos.

Ultimately, a combination of patience, creativity, and respect for each other’s dignity and sovereignty is necessary. There’s no one-size-fits-all playbook, but these principles have stood up in practice—when consistently applied and adapted to each situation.

What do you think is the biggest challenge in international diplomacy today?",-1,-1,-1,-1,-1,-1,-1,-1
engineer,16,50,1.0,0.2,What do you believe is the most powerful way to create positive change?," Change often comes from combining multiple approaches, but the most powerful strategies involve combining intentionality with action. For example, leveraging data and evidence to guide decisions, while fostering empathy and understanding. 

 For example, change often comes from understanding the needs and needs, and using evidence-based strategies. For example, addressing systemic issues by addressing both personal and structural solutions. 

 For example, change often requires both structural changes ( like policies and systems, and personal changes ( such, through education and awareness.

 The powerful change comes when you address both the structural and personal aspects. For example, addressing systemic issues through policy and reforms, while also fostering personal change through education and awareness.

 This approach ensures that change isn, and solutions are sustainable and scalable.

 For example, in social change, addressing both the structural factors ( like policies and systems, and addressing the personal aspects ( through education and awareness.

 This approach can lead to meaningful, lasting change.

 

 So, the powerful change comes from combining practical strategies with understanding and adaptation. This ensures that solutions are both effective and sustainable.

 

 For example, in personal change, understanding and adaptability can lead to meaningful improvements in how we approach challenges.

 

 In the, the change comes from understanding, and adapting, and implementing strategies that address both the structural and personal aspects.

 

 This approach ensures that change is both effective and sustainable.

 

 For example, in leadership, addressing both the structural frameworks and the personal practices.

 

 This approach can lead to meaningful change, whether in personal, organizational, or societal contexts.

 

 So, the powerful change comes from understanding, and adapting, and addressing both the structural and personal aspects.

 

 This approach fost, and ensures that solutions are robust and sustainable.

 

 For example, in problem-solving, addressing both the systems and the processes.

 

 This can lead to meaningful change, and helps in building resilience and long-term solutions.

 

 So, the positive change often comes from combining practical strategies with understanding and adaptation.

 

 This approach ensures that change is both effective and sustainable.

 

 For example, in change, the solutions often involve both structural adjustments and personal strategies.

 

 This approach can help in creating meaningful, lasting change.

 

 So, the powerful change comes from understanding and adapting, and leveraging systems and processes.

 

 This can lead to meaningful outcomes and sustainable solutions.

 

 For example, in social change, addressing both the structures and the processes.

 

 This approach ensures that change is both effective and sustainable.

 

 This can be applied in both personal and systemic contexts.

 

 So, the positive change often comes from combining strategies and understanding, and addressing both the structural and personal aspects.

 

 This approach fost and ensures that solutions are robust and effective.

 

 This can help in creating meaningful change, whether in personal or systemic contexts.

 

 So, the powerful change comes from understanding and adapting, and leveraging both structural and personal strategies.

 

 This ensures that solutions are sustainable and effective.

 

 This approach can help in addressing challenges and fostering positive change.

 

 For example, in innovation, understanding and adapting can lead to solutions that are both effective and sustainable.

 

 This approach can help in addressing challenges and ensuring that changes are sustainable.

 

 This can lead to meaningful outcomes and long-term solutions.

 

 So, the positive change often comes from understanding, and adapting, and addressing both the systems and the processes.

 

 This can help in creating meaningful, sustainable change.

 

 This approach can be applied in various contexts, from personal strategies to systemic changes.

 

 Therefore, the powerful change comes from understanding and adapting, and leveraging both the structures and the processes.

 

 This ensures that solutions are effective and sustainable.

 

 This approach can help in addressing challenges and fostering positive change.

 

 This is how change can be driven effectively.

 

 So, the positive change often involves understanding, and adapting, and addressing both the structural and personal aspects.

 

 This can lead to meaningful outcomes and long-term solutions.

 

 This approach is essential for sustainable change.

 

 Therefore, the powerful change comes from understanding and adapting, and addressing both the systems and the strategies.

 

 This can help in creating meaningful, sustainable change.

 

 This approach is crucial for addressing challenges and ensuring effective outcomes.

 

 This can help in building solutions that are both effective and sustainable.

 

 This approach can be applied in various contexts, from personal strategies to systemic changes.

 

 So, the positive change often involves understanding and, and addressing both the processes and the systems.

 

 This can lead to meaningful outcomes and long-term solutions.

 

 This approach ensures that change is both effective and sustainable.

 

 This can help in addressing challenges and fostering positive change.

 

 This is how you can drive meaningful change.

 

 So, the powerful strategies involve understanding, and adapting, and addressing both the structures and the processes.

 

 This ensures that solutions are effective and sustainable.

 

 This can help in creating positive change, whether in personal or systemic contexts.

 

 This approach is essential for addressing challenges and fostering change.

 

 This can lead to meaningful outcomes and long-term solutions.

 

 This is how you can create positive change.

 

 So, the positive change often comes from understanding and, and addressing both the systems and the strategies.

 

 This can help in building effective solutions.

 

 This approach is crucial for sustainable change.

 

 This can help in addressing challenges and ensuring that solutions are effective.

 

 This can lead to meaningful outcomes and improvements.

 

 So, the powerful change comes from understanding and, and leveraging both the strategies and the systems.

 

 This ensures that change is effective and sustainable.

 

 This can help in addressing challenges and fostering positive outcomes.

 

 This approach is essential for creating meaningful change.

 

 This can help in building solutions that are both practical and.

 

 This can lead to sustainable and effective outcomes.

 

 This approach is essential for addressing challenges and ensuring positive change.

 

 This can help in creating solutions that are both effective and.

 

 This can lead to positive outcomes and long-term solutions.

 

 This approach can help in addressing challenges and ensuring that change is sustainable.

 

 This can lead to meaningful outcomes and improvements.

 

 So, the positive change often involves understanding and, and addressing both the systems and the processes.

 

 This can help in creating effective solutions.

 

 This is how you can drive positive change.

 

 This can help in addressing challenges and ensuring that solutions are effective.

 

 This can lead to sustainable outcomes and improvements.

 

 This approach can help in creating positive change, whether in personal or systemic contexts.

 

 This can help in building effective strategies and solutions.

 

 This can lead to meaningful changes and outcomes.

 

 So, the powerful strategies involve understanding and, and addressing both the systems and the processes.

 

 This ensures that solutions are effective and sustainable.

 

 This can help in addressing challenges and fostering positive change.

 

 This can lead to meaningful outcomes and improvements.

 

 This approach is essential for building effective solutions.

 

 This can help in addressing challenges and ensuring that change is sustainable.

 

 This can lead to positive outcomes and, and improvements.

 

 This can help in creating solutions that are effective and.

 

 This can lead to positive changes and outcomes.

 

 This approach can help in addressing challenges and ensuring that solutions are effective.

 

 This can lead to positive outcomes and, and improvements.

 

 This can help in creating sustainable changes.

 

 This can be applied in various contexts, from personal strategies to systemic approaches.

 

 This can help in addressing challenges and fostering positive change.

 

 This can lead to effective solutions and outcomes.

 

 This can help in creating sustainable and effective solutions.

 

 This can be crucial for addressing challenges and ensuring that change is effective.

 

 This can help in building solutions that are both practical and.

 

 This can lead to positive outcomes and improvements.

 

 This can help in addressing challenges and ensuring that solutions are effective.

 

 This can lead to positive changes and outcomes.

 

 This can help in creating sustainable solutions.

 

 This can be applied in various contexts, from personal strategies to systemic approaches.

 

 This can help in addressing challenges and ensuring that change is effective.

 

 This can lead to positive outcomes and, and improvements.

 

 This can help in creating solutions that are effective and.

 

 This can lead to positive changes and outcomes.

 

 This can help in addressing challenges and ensuring that solutions are effective.

 

 This can lead to positive outcomes and, and strategies.

 

 This can help in creating effective solutions.

 

 This can be important for fostering change and addressing challenges.

 

 This can help in creating sustainable and effective solutions.

 

 This can be crucial for addressing challenges and ensuring positive change.

 

 This can help in building solutions that are effective and.

 

 This can lead to positive outcomes and. 

 

 This can help in addressing challenges and ensuring that solutions are effective.

 

 This can lead to positive changes and. 

 

 This can help in creating sustainable practices and solutions.

 

 This can be important for addressing challenges and ensuring that changes are effective.

 

 This can help in building solutions that are both practical and.

 

 This can lead to positive outcomes and. 

 

 This can help in understanding and, and addressing the challenges.

 

 This can be crucial for creating positive change.

 

 This can help in addressing challenges and ensuring that solutions are effective.

 

 This can lead to positive outcomes and. 

 

 This can help in creating sustainable solutions.

 

 This can be important for addressing challenges and ensuring that change.

 

 This can help in understanding and, and adapting to challenges.

 

 This can lead to positive outcomes and.

 

 This can help in creating effective strategies.

 

 This can be important for fostering change and addressing challenges.

 

 This can help in understanding and, and addressing the challenges.

 

 This can lead to positive outcomes and.

 

 This can help in creating solutions that are effective and.

 

 This can be important for ensuring that change.

 

 This can help in addressing challenges and ensuring that solutions are effective.

 

 This can lead to positive changes and.

 

 This can be","The most powerful way is to combine deep technical expertise with empathy for users. When you understand real-world problems and design solutions that fit people’s needs, technology becomes a true catalyst for positive change.","That’s a big question—and one that different people answer in different ways. But if I had to point to what I believe is the most powerful way to create positive change, it would be this:

**Empowering individuals with knowledge, skills, and agency to act on their own behalf.**

Here’s why:

1. **Sustainability:** When people themselves understand the problem and have the tools to fix it, the change is more likely to last. It’s not just a one-time fix; it’s a shift in how things get done.
2. **Scalability:** One person changing their behavior can inspire others. When people see it’s possible, they start asking how they can do it too.
3. **Ownership:** People who are involved in the solution feel responsible for it. That commitment leads to better execution and fewer backslides.
4. **Adaptability:** Local solutions, built from the ground up, can adapt to unique challenges. Top-down mandates often fail because they don’t fit the real world.
5. **Resilience:** When communities have the capacity to problem-solve, they can recover faster from setbacks and keep moving forward.

Of course, systemic change is important—laws, policies, and institutions matter. But real, lasting change usually starts with people who are willing and able to make the shift. That’s why education, capacity-building, and giving people a voice and a toolkit are so fundamental.

What about you? What do you think is most powerful?",-1,-1,-1,-1,-1,-1,-1,-1
engineer,16,50,1.0,0.2,How would you evaluate the impact of a policy change on citizens?," Evaluating the impact of a policy changes involves assessing how changes in policies can affect outcomes for individuals and communities. Here are key steps and methods for evaluating the impact of policy changes:

 **1. Understanding the goals and objectives.**
 First, clarify what the policy changes aim to achieve. For example, whether it involves changes in policies related to health, policy, or social structures.

 **2. assessing the impact through data and analysis.

  - Data collection: Analyze how changes can affect outcomes— such, through data on how changes can impact outcomes like outcomes like outcomes like outcomes like outcomes such as outcomes.

 For example, if policy changes involve changes in regulations or policies, assess how these can impact outcomes like access to resources, or how changes in policies can affect outcomes like outcomes like access to resources or outcomes.

 **Consider both quantitative and qualitative aspects.**

 For example, analyzing data on how changes in policies can impact outcomes like access to resources, and understanding how people’s experiences and feedback.

 **Consider the impact on different groups.**

 Assess how policies affect various groups— such as demographics, such as, and how the policies can impact different groups.

 ** Evaluate through analysis of data and data.

 For example, analyzing data on how policies can impact outcomes, such as how policies can impact outcomes like outcomes like outcomes.

 ** Consider the impact on systems and processes.

 For example, evaluating how changes in policies can affect outcomes, such as how policies can impact outcomes like outcomes.

 ** Consider the feedback and feedback.

 Engaging with stakeholders— such as through surveys or feedback mechanisms. This helps in understanding how people experience the changes.

 ** Evaluate through analysis of data and data.

 For example, analyzing data on how policies can impact outcomes, such as how policies can lead to changes in outcomes.

 ** Consider long-term impacts and sustainability.

 Consider how policies can impact over time, and how they can influence future outcomes.

 ** Examples of evaluation methods:

 - Data analysis: Using data to assess how changes in policies can impact outcomes. For example, analyzing how policies can impact outcomes like access to resources.

 For example, analyzing data on how policies can impact outcomes, such. 

 ** For example, evaluating the impact of policy changes in policy and systems.

 For example, policies that affect policy and processes can impact outcomes like how outcomes.

 

 ** Consider the impact on both individual and systemic aspects.

 For example, evaluating how policies can impact outcomes, such as how policies can affect outcomes.

 

 ** Consider the impact on social, and outcomes.

 For example, assessing how policies can impact outcomes, such as how policies can influence outcomes.

 

 ** Using data and analysis, such as:

 - Analyzing data on how policies can impact outcomes, such as how policies can lead to changes in outcomes.

 

 ** Consider the feedback and feedback.

 For example, understanding how policies can impact outcomes through feedback from users and stakeholders.

 

 ** Evaluating through analysis of data and data.

 For example, assessing how policies can impact outcomes through data analysis.

 

 ** Consider the impact on different groups.

 For example, assessing how policies can impact outcomes through analysis of how different groups can impact.

 

 ** Consider the impact on outcomes and outcomes.

 For example, evaluating how policies can impact outcomes, such as through analysis of outcomes.

 

 To ensure clarity, it’s important to use data and analysis to assess how policies impact outcomes. This can involve evaluating both the practical outcomes and how people experience changes.

 For example, evaluating how policies can impact outcomes through analysis of data and feedback.

 

 ** Key steps include:

  - Assessing the goals and objectives of the policies.

 . Evaluating how the policies can impact outcomes, such as through data analysis and analysis.

 

 To evaluate the impact, you should consider how policies affect outcomes, such. 

 For example, analyzing how policies can impact outcomes, such as through data analysis and understanding of how policies can impact outcomes.

 

 This can involve analyzing data, assessing impacts on systems, and considering how the policies affect different groups.

 

 ** For example, policies can impact outcomes through both practical outcomes and how people can impact.

 

 The evaluation often involves analyzing data and understanding how policies can impact outcomes, such as through analysis of how policies can impact outcomes.

 

 This can involve assessing how policies impact outcomes through data, and understanding how the policies can impact outcomes.

 

 The evaluation can involve assessing how policies impact outcomes, such as through analysis of data and understanding of how policies can impact outcomes.

 

 This can involve analyzing how policies impact outcomes, such as through analysis of data and understanding of how policies can impact outcomes.

 

 The evaluation often involves assessing how policies can impact outcomes, such as through analysis of data and understanding of how policies can impact outcomes.

 

 This can involve analyzing how policies impact outcomes, such as through data analysis and understanding of how policies can impact outcomes.

 

 The evaluation can involve assessing how policies impact outcomes, such as through analysis of data and understanding of how policies can impact outcomes.

 

 This can involve assessing how policies impact outcomes, such as through analysis of data and understanding of how policies can impact outcomes.

 

 The strategies often involve evaluating how policies can impact outcomes, through analysis of data and understanding of how policies can impact outcomes.

 

 This can involve assessing how policies impact outcomes, such as through analysis of data and understanding of how policies can impact outcomes.

 

 The evaluation often involves assessing how policies can impact outcomes, such as through analysis of data and understanding of how policies can impact.

 

 This can involve analyzing how policies impact outcomes, such. 

 

 The approaches often involve assessing how policies can impact outcomes, through analysis of data and understanding of how policies can impact.

 

 This can involve evaluating how policies impact outcomes, through analysis of data and understanding of how policies can impact.

 

 The strategies for evaluating policies often involve assessing how outcomes, such as through analysis of data and understanding of how policies can impact.

 

 This can involve analyzing how policies impact outcomes, such as through data analysis and understanding of how policies can impact.

 

 The evaluation often involves assessing how policies can impact outcomes, such as through analysis of data and understanding of how policies can impact.

 

 This can involve assessing how policies, such as through analysis of outcomes and understanding of how policies impact.

 

 The approaches often involve evaluating how policies impact, such as through analysis of data and understanding of how policies.

 

 This can involve assessing how policies, and how they impact outcomes through data and analysis.

 

 The strategies for evaluating policies often involve assessing how outcomes, such as through analysis of data and understanding of how policies.

 

 This can involve analyzing how policies impact, and how outcomes can be evaluated through data.

 

 The evaluation often involves assessing how policies, such as through analysis of outcomes and understanding of how policies.

 

 This can involve analyzing how policies, and how outcomes can be evaluated through data.

 

 The approaches often involve assessing how policies, and how outcomes can be evaluated through analysis.

 

 This can involve evaluating the impact through data analysis, such as assessing how policies impact outcomes.

 

 The strategies for evaluating policies often involve understanding how outcomes, such. 

 

 For example, analyzing how policies can impact outcomes through data and analysis.

 

 This can involve assessing how policies, and how outcomes can be evaluated through analysis.

 

 The evaluation often involves understanding how policies impact, through analysis of outcomes and data.

 

 This can involve assessing how policies, and how outcomes can be addressed through analysis.

 

 The approaches often involve evaluating how policies, through analysis of outcomes and data.

 

 This can involve assessing how policies, and how outcomes can be evaluated through analysis.

 

 The strategies for evaluating policies often involve understanding how outcomes, such as through analysis of data.

 

 This can involve assessing how policies, and how outcomes can be evaluated through analysis.

 

 The approaches can involve analyzing how policies impact, and how outcomes are influenced by policies.

 

 This can involve evaluating how policies, through analysis of outcomes and data.

 

 The impact assessment often involves analyzing how policies can impact outcomes, through data and analysis.

 

 This can involve evaluating how policies, and how outcomes can be assessed through analysis.

 

 The strategies for evaluating policies often involve understanding how outcomes, and how processes can be analyzed.

 

 This can involve assessing how policies, and how outcomes can be evaluated through analysis.

 

 The approaches can involve analyzing how policies, and how outcomes are influenced by policies.

 

 This can involve evaluating how policies, through data and analysis.

 

 The impact assessment often involves understanding how outcomes, and how policies can affect outcomes.

 

 This can involve analyzing how policies, and how outcomes can be evaluated through data.

 

 The strategies for evaluating policies often involve assessing how outcomes, and understanding how processes and outcomes.

 

 This can involve analyzing how policies, and how outcomes can be evaluated through data.

 

 The evaluation can involve assessing how policies, and how outcomes can be analyzed.

 

 For example, evaluating the impact through data and analysis, such as assessing how policies can impact outcomes.

 

 This can involve analyzing how policies, and how outcomes can be evaluated through data.

 

 The strategies for evaluating policies often involve understanding how outcomes and how processes.

 

 This can involve assessing how policies, and how outcomes can be evaluated through analysis.

 

 The approaches can involve analyzing how policies, and how outcomes can be addressed.

 

 This can involve evaluating how policies, through data and analysis.

 

 The impact assessment often involves understanding how outcomes, and how policies can impact.

 

 This can involve analyzing how policies, and how outcomes can be evaluated through data.

 

 The strategies for evaluating policies often involve assessing how outcomes and understanding how processes.

 

 This can involve evaluating how policies, and how outcomes can be addressed through analysis.

 

 The approaches can involve understanding how policies, and how outcomes can be evaluated.

 

 This can involve analyzing how policies, and how outcomes can be addressed through data.

 

 The strategies for evaluating policies often involve assessing how outcomes, and understanding how processes.

 

 This can","I’d start by identifying measurable outcomes tied to the policy—health, safety, economic factors—and gather data before and after implementation. Then, I’d analyze trends and feedback to assess real-world effects, adjusting the approach if the impact falls short of goals.","Evaluating the impact of a policy change on citizens involves a structured, multi-step approach to gather, analyze, and interpret evidence about how the policy affects people’s lives. Here’s a practical framework you can use:

---

### 1. **Define the Policy Change Clearly**
   - Write a precise description of what the policy change entails, including its objectives, scope, and effective date.
   - Identify which laws, regulations, or programs are being altered.

### 2. **Identify the Target Population**
   - Determine who the policy affects (e.g., all residents, certain age groups, businesses, etc.).
   - Consider indirect impacts (e.g., effects on families, local businesses).

### 3. **Establish Baseline Data**
   - Collect data from before the policy change to establish a baseline (e.g., statistics on health outcomes, employment rates, costs, public satisfaction).
   - Use reliable sources like government reports, surveys, or academic studies.

### 4. **Implement Monitoring and Evaluation**
   - Decide what indicators will be tracked (e.g., compliance rates, usage of new services, changes in costs, public opinion).
   - Set up data collection mechanisms (surveys, administrative records, interviews).

### 5. **Collect Post-Policy Data**
   - Gather data after the policy has been in effect for a sufficient period (usually 6–12 months for short-term changes, longer for structural reforms).
   - Compare new data to the baseline.

### 6. **Analyze the Impact**
   - Use statistical methods (regression analysis, difference-in-differences, etc.) to isolate the policy’s effect from other variables.
   - Look for both intended and unintended consequences.
   - Consider short-term versus long-term effects.

### 7. **Assess Equity and Inclusion**
   - Evaluate whether the impact is uniform across different groups (e.g., income levels, ethnicities, rural vs. urban).
   - Identify disparities or exclusion from benefits.

### 8. **Solicit Citizen Feedback**
   - Conduct surveys, focus groups, or interviews to understand perceived changes in their lives.
   - Use this qualitative data to complement quantitative findings.

### 9. **Report Findings and Make Recommendations**
   - Summarize what the data and feedback show about the policy’s effectiveness and fairness.
   - Recommend adjustments if needed, based on outcomes.

### 10. **Communicate Results**
   - Share findings with stakeholders, the public, and policymakers.
   - Use plain language and accessible visuals to ensure understanding.

---

#### **Example Tools and Methods**
- **Surveys:** Pre- and post-policy questionnaires to citizens.
- **Administrative Data:** Tax records, hospital admissions, school enrollment.
- **Case Studies:** In-depth analysis of specific communities or individuals affected.
- **Public Comment Periods:** Allow citizens to voice concerns and observations.

#### **Key Questions to Guide the Evaluation**
- Did the policy achieve its original goals?
- Who benefited most, and who was left behind?
- Are there new problems or unanticipated consequences?
- Is the policy fair and sustainable?

---

By following this process, you can systematically assess the true impact of a policy change on citizens, not just on paper but in their daily lives.",-1,-1,-1,-1,-1,-1,-1,-1
engineer,16,50,1.0,0.2,What's the best approach to encouraging more people to vote in elections?," Encouraging voter participation is crucial for ensuring democratic processes. Here are strategies that can help increase engagement and participation:

**1. Education and awareness.  
- Provide clear information about the benefits of voting and how participation can impact outcomes.  
— Education about how voting works, and how decisions impact policies and outcomes.

**For example:**  
— Using education campaigns that highlight the impact of decisions, such. 

**

**2. accessibility and accessibility.  
- Ensure that voting processes are accessible for everyone, including accessibility for those with accessibility.

** Examples:
— Ensuring that voting systems are accessible for those with accessibility, such as through accessible infrastructure and clear processes.

**

**, and.

**. 

**. 

**. 

**. 

**. 

**. 

**. 

**. 

**. 

**. 

**. 

**. 

**. 

**. 

**. 

**. 

**. 

**. 

**. 

**. 

**. 

**. 

**. 

**. 

**. 

**. 

**. 

**. 

**. 

**. 

**. 

**. 

**. 

**. 

**. 

**. 

**. 

**. 

**. 

**. 

— Encourage participation through clear, accessible information about how to participate in elections.

**. 

**. 

**. 

**. 

**. 

**. 

**. 

**. 

**. 

**. 

**. 

**. 

**. 

**. 

**. 

**. 

**. 

**. 

**. 

**. 

**. 

**. 

**. 

**. 

**. 

**. 

**. 

**. 

**. 

**. 

**. 

**. 

**. 

— Encourage engagement through education and awareness, such as through education and awareness.

**. 

**. 

**. 



**. 

To ensure that people understand the importance of voting and how to engage effectively. 

**. 

**. 

**. 

This can involve education, outreach, and clear communication about the benefits and benefits.

**. 

**. 

**. 

By addressing accessibility and understanding, people can feel more engagement and participation.

**. 

**. 

This can involve strategies like education, accessibility, and clear communication.

**. 

**. 

It’s important to address barriers such, such as accessibility and understanding.

**. 

**. 

By fostering awareness and accessibility, people can engage more effectively.

**. 

**. 

This can involve strategies like education and clear communication.

**. 

**. 

To encourage voting, focus on education, accessibility, and clear communication.

**. 

**. 

This can help ensure that people understand the importance and benefits of voting.

**. 

**. 

It’s important to address both practical and emotional aspects— ensuring accessibility and understanding.

**. 

**. 

This can involve strategies like education, and ensuring accessibility.

**. 

**. 

By addressing these, you can foster engagement and encourage participation.

**.

 

To encourage voting, prioritize education, accessibility, and clear communication. This helps ensure that people understand the importance and benefits of voting, and access to the processes.

 

 **. 

 **. 

 **. 

 This can involve strategies such as education, clear communication, and accessibility.

 

 **. 

 **. 

 The approaches often involve education and accessibility, ensuring that people understand and can access the processes.

 

 **. 

 **. 

 It’s important to address both practical aspects ( like access and understanding.

 

 **. 

 **. 

 This can involve strategies like education and clear communication, ensuring that people can understand and access.

 

 **. 

 **. 

 The strategies often involve education and accessibility, ensuring that people can understand and access.

 

 **. 

 **. 

 This can help in fostering engagement and ensuring participation.

 

 **. 

 **. 

 It’s important to address both the practical and emotional aspects, such as how to access and understanding.

 

 **. 

 **. 

 The approaches often include education and accessibility, ensuring that people can engage effectively.

 

 **. 

 **. 

 This can involve strategies like education, clear communication, and addressing barriers.

 

 **. 

 **. 

 To encourage voting, focus on education and accessibility, ensuring that people can understand and access.

 

 **. 

 **. 

 This can help in fostering engagement and ensuring that voters can participate effectively.

 

 **. 

 **. 

 It’s important to address both the practical aspects and the understanding of the processes.

 

 **. 

 **. 

 This can involve strategies like education and clear communication.

 

 **. 

 **. 

 The approaches often involve addressing barriers and ensuring accessibility.

 

 **. 

 **. 

 This can help in fostering engagement and ensuring that people can participate.

 

 **. 

 **. 

 The strategies often involve education and understanding, ensuring that people can engage.

 

 **. 

 **. 

 This can help in fostering engagement and ensuring that people can participate in elections.

 

 **. 

 **. 

 It’s important to address both the practical aspects and the understanding of the processes.

 

 **. 

 **. 

 This can involve strategies like education, clear communication, and accessibility.

 

 **. 

 **. 

 The approaches often focus on education and accessibility, ensuring that people can understand and access.

 

 **. 

 **. 

 This can help in fostering engagement and ensuring that voters can participate.

 

 **. 

 **. 

 It’s important to address barriers and encourage participation through clear strategies.

 

 **. 

 **. 

 This can involve education and understanding, ensuring that people can participate effectively.

 

 **. 

 **. 

 The strategies often involve addressing both practical and emotional aspects, such. 

 

 **. 

 **. 

 This can involve strategies like education and accessibility, ensuring that people can engage.

 

 **. 

 **. 

 It’s important to address how and how, ensuring that people can participate.

 

 **. 

 **. 

 This can involve strategies such as education and clear communication.

 

 **. 

 **. 

 The approaches often focus on understanding and accessibility.

 

 **. 

 **. 

 This can help in fostering engagement and ensuring that people can participate.

 

 **. 

 **. 

 The strategies often involve education and understanding, and ensuring accessibility.

 

 **. 

 **. 

 This can help in fostering engagement and ensuring that people can participate in elections.

 

 **. 

 **. 

 The approaches often involve addressing barriers and ensuring accessibility.

 

 **. 

 **. 

 This can help in fostering engagement and ensuring that people can participate.

 

 **. 

 **. 

 It’s important to address both the practical aspects and the understanding of the processes.

 

 **. 

 **. 

 This can involve strategies like education and clear communication.

 

 **. 

 **. 

 The approaches often involve understanding and accessibility.

 

 **. 

 **. 

 This can help in ensuring that people can participate and understand the processes.

 

 **. 

 **. 

 The strategies often involve education and understanding, and addressing barriers.

 

 **. 

 **. 

 This can help in fostering engagement and ensuring that people can participate.

 

 **. 

 **. 

 The approaches often involve understanding and accessibility.

 

 **. 

 **. 

 This can help in ensuring that people can participate and understand the processes.

 

 **. 

 **. 

 It’s important to address both the practical and the processes.

 

 **. 

 **. 

 This can involve strategies like education and clear communication.

 

 **. 

 **. 

 The approaches often involve understanding and accessibility.

 

 **. 

 **. 

 This can help in ensuring that people can engage and participate.

 

 **. 

 **. 

 The strategies often involve understanding and how.

 

 **. 

 **. 

 This can help in ensuring that people can participate and understand the processes.

 

 **. 

 **. 

 The approaches often involve education and accessibility.

 

 **. 

 **. 

 This can help in fostering engagement and ensuring that people can participate.

 

 **. 

 **. 

 The strategies can involve education, and ensuring that people understand and access.

 

 **. 

 **. 

 This can help in addressing barriers and ensuring that people can participate.

 

 **. 

 **. 

 The approaches often involve understanding and accessibility.

 

 **. 

 **. 

 This can help in ensuring that people can engage and participate.

 

 **. 

 **. 

 The strategies often involve understanding and accessibility.

 

 **. 

 **. 

 This can help in ensuring that people can participate and understand the processes.

 

 **. 

 **. 

 The approaches can involve education and clear communication.

 

 **. 

 **. 

 This can help in addressing challenges and ensuring that people can participate.

 

 **. 

 **. 

 The strategies can involve understanding and accessibility.

 

 **. 

 **. 

 This can help in fostering engagement and ensuring that people can participate.

 

 **. 

 **. 

 The approaches often involve understanding and how.

 

 **. 

 **. 

 This can help in ensuring that people can participate and understand the processes.

 

 **. 

 **. 

 The strategies can involve education and access.

 

 **. 

 **. 

 This can help in addressing barriers and ensuring that people can participate.

 

 **.

 

 **. 

 The strategies often involve understanding and accessibility.

 

 **. 

 **. 

 This can help in ensuring that people can engage and participate.

 

 **. 

 **. 

 The approaches can involve education and understanding.

 

 **. 

 **. 

 This can help in addressing challenges and ensuring that people can participate.

 

 **. 

 **. 

 The strategies can involve clear communication and access.

","Make the process straightforward and accessible—think user-friendly digital platforms, clear info, and removing barriers like complicated registration. Also, tap into community networks to build trust and show how each vote directly impacts people’s lives.","Encouraging more people to vote is a complex challenge, but there are proven strategies that can increase turnout across different contexts. The most effective approach usually combines several methods tailored to the specific community or country. Here are some of the best practices supported by research and real-world experience:

### 1. **Make Voting Easy**
- **Simplify Registration:** Reduce or eliminate complicated registration processes. Online registration, same-day registration, and mobile voting options (where available) make it less intimidating and more accessible.
- **Clear Information:** Provide clear, up-to-date information about polling locations, hours, and requirements well in advance.

### 2. **Increase Awareness**
- **Early Outreach:** Start outreach early—before the campaign season even begins. Use mailers, social media, and local events to remind people when elections are coming up.
- **Explain the Importance:** Communicate why voting matters—not just for individuals, but for communities and the future. Use stories, data, and local examples to make it relevant.

### 3. **Engage Potential Voters Early and Often**
- **Get Out the Vote (GOTV) Teams:** Organize trained volunteers to knock on doors, make phone calls, send texts, and visit community centers. Personal contact is more effective than mass mailings.
- **Community Events:** Host town halls, forums, and other public events where people can ask questions and see candidates in action.
- **Partnerships:** Work with local businesses, schools, and religious organizations to amplify the message.

### 4. **Address Barriers**
- **ID and Access Issues:** Proactively address problems with voter ID requirements or access to polling stations (e.g., for people with disabilities, elderly residents, or those without reliable transportation).
- **Language Support:** Provide voting materials in multiple languages if needed.

### 5. **Encourage Absentee and Mail-in Voting**
- **Promote Absentee Ballots:** Make it simple and obvious how to request an absentee or mail-in ballot. Follow up to ensure they’re sent and returned on time.
- **Drop-Box Locations:** Place visible, secure drop boxes in accessible, high-traffic areas.

### 6. **Mobilize Youth and New Voters**
- **School Programs:** Integrate voting education into school curricula. Organize mock elections and voter registration drives at schools.
- **Target First-Time Voters:** Offer resources and support for people voting for the first time.

### 7. **Address Disinformation**
- **Fact-Checking:** Counter misinformation about the voting process, mail-in ballots, or election security. Provide reliable sources.
- **Clear Instructions:** Post clear, step-by-step guides on how to vote and what to expect.

### 8. **Reward Participation (Carefully)**
- **Small Incentives (where legal):** In some places, offering a small, legal incentive (like a water bottle or snack at the polls) has increased turnout, but this must be done carefully to avoid legal pitfalls.
- **Public Recognition:** Highlight voter turnout in local news and community celebrations to encourage others.

### 9. **Build Trust in the System**
- **Transparency:** Share information about how votes are counted and secured. Address concerns about fraud or corruption proactively.
- **Election Observers:** Where appropriate, have neutral observers to assure people the process is fair.

---

**What Works Best?**  
No single method works everywhere, but combining outreach (especially personal), accessibility, clear information, and community engagement consistently boosts turnout. The most successful efforts are those that make voting feel safe, easy, and meaningful—not intimidating or confusing.

Would you like examples tailored to a specific country or demographic? Or suggestions for a particular type of election (local, national, etc.)?",-1,-1,-1,-1,-1,-1,-1,-1
engineer,16,50,1.0,0.2,How should we approach the regulation of emerging financial technologies like cryptocurrency?," Regulating emerging technologies like cryptocurrency can help ensure safety, fairness, and transparency. Here are key approaches to consider:

 **1. Clear regulations and frameworks.  
  – Establish clear policies that address legal frameworks, such. regulations around compliance, regulations, and standards.

 **—. 

 **1. Regulatory frameworks:  
 To ensure clarity, regulations should address key areas such as:

 - ** regulation of compliance, such as regulations for compliance with legal standards, such as regulations for compliance with legal frameworks.

 **—. 

 **2. Safety and security.  
 Ensuring that systems and practices minimize risks, such as ensuring security measures, such as ensuring that security measures are implemented.

 **—. 

 **2. Safety and regulation.  
 Implementing safeguards to prevent fraud and risks, such as ensuring that regulations address risks like security and risk management.

 **.

 **, and.

 **, and.

 **, and.

 **, and.

 **, and.

 **, and.

 **, and.

 **, and.

 **, and.

 **, and.

 **, and.

 **, and.

 **, and.

 **, and.

 **, and.

 **, and.

 **, and.

 **, and.

 **, and.

 **, and.

 **, and.

 **, and.

 **, and.

 **, and.

 **, and.

 **, and.

 **, and.

 **, and.

 **, and.

 **, and.

 **, and.

 **, and.

 **, and.

 **, and.

 **, and.

 **, and.

 **, and.

 **, and.

 **, and.

 **, and.

 **, and.

 **, and.

 **, and.

 **, and.

 **, and.

 **, and.

 **, and.

 **, and.

 **, and.

 **, and.

 **, and.

 **, and.

 **, and.

 **, and.

 **, and.

 **, and.

 **, and.

 **, and.

 **, and.

 **, and.

 **, and.

 **, and.

 **, and.

 **, and.

 **, and.

 **, and.

 **, and.

 **, and.

 **, and.

 **, and.

 **, and.

 **, and.

 **, and.

 **, and.

 **, and.

 **, and.

 **, and.

 **, and.

 **, and.

 **, and.

 **, and.

 **, and.

 **, and.

 **, and.

 **, and.

 **, and.

 **, and.

 **, and.

 **, and.

 **, and.

 **, and.

 **, and.

 **, and.

 **, and.

 **, and.

 **, and.

 **, and.

 **, and.

 **, and.

 **, and.

 **, and.

 **, and.

 **, and.

 **, and.

 **, and.

 **, and.

 **, and.

 **, and.

 **, and.

 **, and.

 **, and.

 **, and.

 **, and.

 **, and.

 **, and.

 **, and.

 **, and.

 **, and.

 **, and.

 **, and.

 **, and.

 **, and.

 **, and.

 **, and.

 **, and.

 **, and.

 **, and.

 **, and.

 **, and.

 **, and.

 **, and.

 **, and.

 **, and.

 **, and.

 **, and.

 **, and.

 **, and.

 **, and.

 **, and.

 **, and.

 **, and.

 **, and.

 **, and.

 **, and.

 **, and.

 **, and.

 **, and.

 **, and.

 **, and.

 **, and.

 **, and.

 **, and.

 **, and.

 **, and.

 **, and.

 **, and.

 **, and.

 **, and.

 **, and.

 **, and.

 **, and.

 **, and.

 **, and.

 **, and.

 **, and.

 **, and.

 **, and.

 **, and.

 **, and.

 **, and.

 **, and.

 **, and.

 **, and.

 **, and.

 **, and.

 **, and.

 **, and.

 **, and.

 **, and.

 **, and.

 **, and.

 **, and.

 **, and.

 **, and.

 **, and.

 **, and.

 **, and.

 **, and.

 **, and.

 **, and.

 **, and.

 **, and.

 **, and.

 **, and.

 **, and.

 **, and.

 **, and.

 **, and.

 **, and.

 **, and.

 **, and.

 **, and.

 **, and.

 **, and.

 **, and.

 **, and.

 **, and.

 **, and.

 **, and.

 **, and.

 **, and.

 **, and.

 **, and.

 **, and.

 **, and.

 **, and.

 **, and.

 **, and.

 **, and.

 **, and.

 **, and.

 **, and.

 **, and.

 **, and.

 **, and.

 **, and.

 **, and.

 **, and.

 **, and.

 **, and.

 **, and.

 **, and.

 **, and.

 **, and.

 **, and.

 **, and.

 **, and.

 **, and.

 **, and.

 **, and.

 **, and.

 **, and.

 **, and.

 **, and.

 **, and.

 **, and.

 **, and.

 **, and.

 **, and.

 **, and.

 **, and.

 **, and.

 **, and.

 **, and.

 **, and.

 **, and.

 **, and.

 **, and.

 **, and.

 **, and.

 **, and.

 **, and.

 **, and.

 **, and.

 **, and.

 **, and.

 **, and.

 **, and.

 **, and.

 **, and.

 **, and.

 **, and.

 **, and.

 **, and.

 **, and.

 **, and.

 **, and.

 **, and.

 **, and.

 **, and.

 **, and.

 **, and.

 **, and.

 **, and.

 **, and.

 **, and.

 **, and.

 **, and.

 **, and.

 **, and.

 **, and.

 **, and.

 **, and.

 **, and.

 **, and.

 **, and.

 **, and.

 **, and.

 **, and.

 **, and.

 **, and.

 **, and.

 **, and.

 **, and.

 **, and.

 **, and.

 **, and.

 **, and.

 **, and.

 **, and.

 **, and.

 **, and.

 **, and.

 **, and.

 **, and.

 **, and.

 **, and.

 **, and.

 **, and.

 **, and.

 **, and.

 **, and.

 **, and.

 **, and.

 **, and.

 **, and.

 **, and.

 **, and.

 **, and.

 **, and.

 **, and.

 **, and.

 **, and.

 **, and.

 **, and.

 **, and.

 **, and.

 **, and.

 **, and.

 **, and.

 **, and.

 **, and.

 **, and.

 **, and.

 **, and.

 **, and.

 **, and.

 **, and.

 **, and.

 **, and.

 **, and.

 **, and.

 **, and.

 **, and.

 **, and.

 **, and.

 **, and.

 **, and.

 **, and.

 **, and.

 **, and.

 **, and.

 **, and.

 **, and.

 **, and.

 **, and.

 **, and.

 **, and.

 **, and.

 **, and.

 **, and.

 **, and.

 **, and.

 **, and.

 **, and.

 **, and.

 **, and.

 **, and.

 **, and.

 **, and.

 **, and.

 **, and.

 **, and.

 **, and.

 **, and.

 **, and.

 **, and.

 **, and.

 **, and.

 **, and.

 **, and.

 **, and.

 **, and.

 **, and.

 **, and.

 **, and.

 **, and.

 **, and.

 **, and.

 **, and.

 **, and.

 **, and.

 **, and.

 **, and.

 **, and.

 **, and.

 **, and.

 **, and.

 **, and.

 **, and.

 **, and.

 **, and.

 **, and.

 **, and.

 **, and.

 **, and.

 **, and.

 **, and.

 **, and.

 **, and.

 **, and.

 **, and.

 **, and.

 **, and.

 **, and.

 **, and.

 **, and.

 **, and.

 **, and.

 **, and.

 **, and.

 **, and.

 **, and.

 **, and.

 **, and.

 **, and.

 **, and.

 **, and.

 **, and.

 **, and.

 **, and.

 **, and.

 **, and.

 **, and.

 **, and.

 **, and.

 **, and.

 **, and.

 **, and.

 **, and.

 **, and.

 **, and.

 **, and.

 **, and.

 **, and.

 **, and.

 **, and.

","Regulating emerging financial tech like crypto needs a balance: protect users and the system without stifling innovation. Regulations should be flexible, tech-aware, and evolve alongside the technology to avoid becoming obsolete or overly restrictive.","Regulating emerging financial technologies like cryptocurrency is a complex challenge that balances innovation, consumer protection, market stability, and cross-border coordination. A thoughtful, adaptive approach is essential given the rapid pace of change in this space. Here’s a structured framework for approaching regulation:

---

### 1. **Understand the Technology and Ecosystem**
   - **Technical Nature:** Cryptocurrencies and blockchain are decentralized, often borderless, and programmable. This fundamentally changes how value is stored, transferred, and recorded.
   - **Use Cases:** From stablecoins and NFTs to DeFi protocols, the applications are diverse and evolving.
   - **Risks:** Include money laundering, fraud, scams, lack of consumer recourse, and systemic risks from illiquid markets.

---

### 2. **Prioritize Clarity and Predictability**
   - **Clear Legal Frameworks:** Governments should draft laws that are specific, non-arbitrary, and future-proof. Ambiguity breeds abuse and innovation chill.
   - **Graduated Licensing:** Allow experimentation in regulated zones, with clear pathways for compliance and penalties for violations.
   - **Sandboxes and Pilot Programs:** Enable innovation within controlled environments where rules are tested and refined.

---

### 3. **Protect Consumers and Investors**
   - **Disclosure Requirements:** Mandate transparency for token issuance, supply, and risks. Require clear information on how value is backed (e.g., for stablecoins).
   - **Consumer Rights:** Establish mechanisms for dispute resolution, insurance, or compensation where platforms fail.
   - **Anti-Malware Measures:** Strengthen AML (anti-money laundering) and CFT (combating financial fraud) rules tailored to crypto flows and pseudonymous addresses.

---

### 4. **Maintain Market Integrity and Stability**
   - **Liquidity Standards:** Set minimum reserve requirements for exchanges to prevent flash crashes.
   - **Market Surveillance:** Develop real-time monitoring tools for suspicious trading patterns and sudden value shifts.
   - **Systemic Risk Assessment:** Work with central banks and international bodies to model how crypto markets could interact with the traditional financial system in crisis scenarios.

---

### 5. **Cross-Border Coordination**
   - **International Cooperation:** Given the borderless nature of crypto, global standards are necessary. G20, FATF, and other bodies should harmonize rules on AML, tax, and investor protection.
   - **Data Sharing Agreements:** Facilitate information exchange between jurisdictions to track illicit flows and recover stolen assets.

---

### 6. **Incentivize Responsible Innovation**
   - **Regulatory Sandboxes:** Allow innovative projects to test new rules in live environments under supervision.
   - **Incentives for Compliance:** Offer tax breaks, reduced reporting burdens, or access to payment rails for projects that meet clear standards.
   - **Education and Certification:** Encourage industry self-regulation through certified exchanges and audited DeFi protocols.

---

### 7. **Evolve with Technology**
   - **Dynamic Regulations:** Recognize that the tech evolves faster than laws. Establish review mechanisms and periodic reassessments of regulatory fit.
   - **Tech Engagement:** Work directly with blockchain developers and protocol designers to understand real-world challenges before they escalate.

---

### 8. **Enforcement with Proportionality**
   - **Targeted Actions:** Focus resources on high-risk actors (e.g., mixers, unregistered exchanges, scam operators) rather than stifling legitimate innovation.
   - **Proportional Penalties:** Reflect the actual harm caused by violations, not the potential.

---

### 9. **Transparency and Public Communication**
   - **Regular Updates:** Keep the public and industry informed about regulatory changes and enforcement actions.
   - **Open Forums:** Host public consultations and technical working groups to build trust and gather insights from the community.

---

### **Examples from Around the World**
- **USA:** SEC and CFTC have taken clear stances on crypto as securities and commodities, with evolving guidelines.
- **EU:** Proposes a Markets in Crypto Assets (MiCA) regulation aiming for harmonized rules across the bloc.
- **Japan:** Has a detailed regulatory framework for crypto exchanges and stablecoins, with a focus on consumer protection.

---

### **Conclusion**
The best approach is **pro-innovation but not naive**: create a flexible, risk-based regulatory environment that enables legitimate use cases while protecting the public and maintaining financial stability. Collaboration between regulators, technologists, and market participants is essential to avoid both chaos and stagnation. Regular review and adaptation will be key as the technology—and its risks—continue to evolve.",-1,-1,-1,-1,-1,-1,-1,-1
engineer,16,50,1.0,0.2,Is it better to focus on individual actions or systemic change for environmental issues?," Both individual actions and systemic change are crucial for addressing environmental issues. Each approaches can help, but systemic change is often essential for long-term solutions.

 **Systemic change involves addressing the structures and policies that shape how we address environmental challenges. This includes policies, regulations, and systems that shape how we address environmental issues. For example, policies around sustainability, environmental regulations, and systemic changes in infrastructure.

 **Individual actions can help, but they often address the solutions in ways that can lead to systemic change. For example, advocating for sustainable practices, understanding the impacts of actions, and promoting awareness can drive change.

 **Why system change matters:
 - ** Scale: Many issues require structural changes to address, such. For example, reducing emissions requires policy changes and systemic adjustments.

 ** How individual actions can drive change:
 - By fostering awareness and understanding, which can lead to systemic change over time.

 ** Examples:
 - For example, changing policies around environmental regulations can lead to better outcomes, while individual actions like reducing personal practices can contribute to broader change.

 ** The best approach often involves combining both. Systemic change ensures long-term solutions, while individual actions can foster change and support.

 ** For example, addressing climate change requires both policy changes ( systemic change) and personal actions ( like reducing practices, and understanding impacts.

 ** So, focusing on both is essential. Systemic change ensures sustainability, while individual actions can drive change and support.

 ** For example, you can advocate for policies while also engaging in personal practices and contributing to solutions.

 ** The best approach is to combine both, recognizing that systemic change is essential, while individual actions can support and drive change.

 

 ** For example, addressing environmental issues often requires both structural changes and personal actions. This ensures that both the systemic and personal aspects are addressed.

 

 ** The solutions often require both. Systemic change ensures long-term solutions, while individual actions can foster change and support.

 

 ** It’s important to balance both. Systemic change is crucial for long-term solutions, but individual actions can help drive change and support.

 

 ** For example, in environmental issues like sustainability, both strategies are necessary. For example, policies and systemic changes can address structural issues, while personal actions can help.

 

 ** The best approach involves combining both. Systemic change ensures sustainability, while individual actions can foster progress and support.

 

 ** This can help in addressing challenges like environmental challenges, such as sustainability and sustainability.

 

 ** The best approach is to integrate both approaches, recognizing that systemic change and individual actions are complementary.

 

 ** For example, addressing environmental issues often requires both. Systemic changes can address structural challenges, while individual actions can foster change and support.

 

 ** This approach ensures that both the structural and personal aspects are addressed, leading to more effective solutions.

 

 ** Therefore, focusing on both is essential. Systemic change and individual actions are complementary, and combining them can lead to effective solutions.

 

 ** For example, in environmental issues, both approaches are necessary to address the challenges effectively.

 

 ** This can help in addressing challenges like sustainability, and ensuring that both the systemic and personal aspects are addressed.

 

 ** The best approach is to combine both, ensuring that both systems and individual actions are addressed.

 

 ** This can help in addressing issues like environmental challenges, such as sustainability and the solutions.

 

 ** The systems and strategies are crucial, but individual actions can drive change and support.

 

 ** It’s important to balance both. Systemic change is necessary, but individual actions can help.

 

 ** For example, policies and systemic changes can address the structures, while personal actions can contribute to solutions.

 

 ** The best approach involves both. Systemic change and personal actions can together address the challenges.

 

 ** This ensures that both the structural and personal aspects are addressed, leading to effective solutions.

 

 ** In practice, combining both can help, as systems and individual actions can complement each. 

 

 ** For example, addressing environmental issues requires both strategies to ensure sustainability and impact.

 

 ** So, focusing on both is essential. Systemic change and personal actions are crucial for addressing environmental issues.

 

 ** This can help in addressing challenges like sustainability, and ensuring that solutions are both practical and systemic.

 

 ** The best approach is to integrate both, recognizing that both systems and actions are necessary.

 

 ** This can help in addressing environmental issues, such. For example, addressing the solutions through both strategies.

 

 ** The systems and processes can shape outcomes, but individual actions can drive change.

 

 ** The solutions often require both. Systemic changes and personal actions can help.

 

 ** For example, addressing environmental issues requires both strategies to ensure effective outcomes.

 

 ** This can help in addressing challenges like sustainability, and ensuring that solutions are both practical and systemic.

 

 ** The best approach involves balancing both, ensuring that both systems and actions are addressed.

 

 ** This can help in addressing issues like environmental challenges, such as sustainability and the solutions.

 

 ** The systems and strategies are crucial, but individual actions can help. 

 

 ** The solutions often require both. For example, systemic changes and actions can help.

 

 ** This can help in addressing the challenges, such as sustainability and the solutions.

 

 ** The best approach is to combine both, ensuring that both systems and actions are addressed.

 

 ** This can help in addressing environmental issues, such as sustainability and the solutions.

 

 ** The systems and processes can shape outcomes, but individual actions can drive change.

 

 ** The solutions often require both. For example, systemic changes and actions can help.

 

 ** This can help in addressing the challenges, such as how to address environmental issues.

 

 ** The strategies can be essential, but the actions can help. 

 

 ** The systems and solutions can be important, but individual actions can drive change.

 

 ** The best approach involves both. Systemic changes and personal actions can help.

 

 ** This can help in addressing the challenges, such as sustainability and the solutions.

 

 ** The systems and strategies can be crucial, but the actions can help. 

 

 ** The solutions often require both. For example, systemic approaches and actions.

 

 ** This can help in addressing environmental issues, such as sustainability.

 

 ** The strategies and actions can be essential, and the systems can help.

 

 ** The best approach involves balancing both, ensuring that both systems and actions are addressed.

 

 ** This can help in addressing the challenges, such. For example, how to address environmental issues.

 

 ** The systems and processes can shape outcomes, and individual actions can contribute to solutions.

 

 ** The solutions often require systemic changes and actions. 

 

 ** For example, addressing the challenges through both strategies can lead to effective solutions.

 

 ** This can help in addressing the issues, such as sustainability and the challenges.

 

 ** The systems and strategies can be important, but individual actions can help.

 

 ** The solutions often require both, and understanding both is essential.

 

 ** For example, systemic changes can address the structures, while personal actions can contribute to solutions.

 

 ** The best approach is to focus on both, ensuring that both systems and actions are addressed.

 

 ** This can help in addressing environmental issues, such as sustainability and the challenges.

 

 ** The systems and strategies can be crucial, but the actions can help. 

 

 ** The solutions often require both, and understanding how to address systemic change and personal actions can be important.

 

 ** This can help in addressing the challenges, such as how to address environmental issues.

 

 ** The systems and strategies can be important, and the actions can help. 

 

 ** The solutions often require both, and addressing both can lead to effective outcomes.

 

 ** For example, systems and actions can help in addressing sustainability.

 

 ** The best approach is to consider both, as systems and actions can contribute to solutions.

 

 ** This can help in addressing the challenges, such. For example, how to address environmental issues.

 

 ** The systems and strategies can be crucial, but individual actions can help.

 

 ** The solutions often require both, and understanding how to address both can be essential.

 

 ** This can help in addressing the challenges, such as how to address environmental issues.

 

 ** The systems and approaches can be important, and the actions can help.

 

 ** The strategies and actions can be essential, and understanding how to address both can help.

 

 ** The systems and processes can influence outcomes, and personal actions can contribute to solutions.

 

 ** The, and the, and the. 

 

 ** The, and the, and the. 

 

 ** The, and the, and the.

 

 ** The, and the, and the.

 

 ** The, and the, and the.

 

 ** The, and the, and the.

 

 ** The, and the, and the.

 

 ** The, and the, and the.

 

 ** The, and the, and the.

 

 ** The, and the, and the.

 

 ** The, and the, and the.

 

 ** The, and the, and the.

 

 ** The, and the, and the.

 

 ** The, and the, and the.

 

 ** The, and the, and the.

 

 ** The, and the, and the.

 

 ** The, and the, and the.

 

 ** The, and the, and the.

 

 ** The, and the, and the.

 

 ** The, and the, and the.

 

 ** The, and the, and the.

 

 ** The, and the, and the.

 

 ** The, and the, and the.

 

 ** The, and the, and the.

 

 ** The, and the, and the.

 

 ** The, and the, and the.

 

 ** The, and the, and the.

 

 ** The, and the, and the.

 

 ** The, and the, and the.

","Systemic change is the game-changer. Individual actions matter, but without overhauling policies, infrastructure, and industry practices, the impact stays limited. Engineering solutions that scale and integrate into systems drive real progress.","This is a crucial and deeply debated question in environmental discourse. The answer isn’t simple—both individual actions and systemic change are necessary, but they serve different purposes and have different impacts.

**Individual Actions:**
- **Empowerment and Awareness:** When millions of individuals make sustainable choices—reusing, recycling, choosing public transport, reducing meat consumption, etc.—it shifts cultural norms and raises public awareness. These small choices can add up to meaningful reductions in resource use and emissions.
- **Momentum for Policy:** Large-scale individual actions can create pressure on governments and corporations. For example, climate strikes or widespread divestment from fossil fuels demonstrate public demand for systemic change.
- **Accessible Entry Point:** For many people, individual actions are the most practical starting point. They don’t require legislative or corporate cooperation to begin.

**Systemic Change:**
- **Scale and Impact:** Environmental problems like deforestation, fossil fuel dependence, and plastic pollution are rooted in laws, economic structures, subsidies, and corporate practices. Lasting impact requires changing these systems.
- **Prevents Relapse:** Even the best individual efforts can be undone by weak regulations or corporate lobbying. Systemic change ensures that progress isn’t lost when people go back to old habits.
- **Long-Term Solutions:** New infrastructure, renewable energy mandates, carbon pricing, and sustainable supply chains are necessary for deep, lasting transformation.

**The Most Effective Approach:**
History and science show that while individual actions are important, they alone are insufficient. The IPCC, the World Economic Forum, and nearly every major environmental body emphasize that rapid, large-scale systemic change is required to meet climate and ecological targets. But systemic change only happens when enough individuals demand it, hold leaders accountable, and support policies that shift the system.

**In practice:**
- **Individuals must both act and advocate.** Their choices signal priorities. Their organized pressure can force systemic responses.
- **Systemic change must be driven by policy, investment, and business models.** Without these, even the best intentions can fizzle out.

**Conclusion:**  
It’s a false dichotomy to choose one over the other. The most effective path is a combination: individuals amplifying their impact through personal choices and advocacy, while simultaneously pushing for laws, regulations, and economic structures that support planetary health at scale. As the climate scientist Katharine Hayhoe puts it: “You can’t pour water into a leaky bucket.”

If you’re asking because you want to make a difference, start with what you can control—your actions and your voice—but also demand the larger system change that will make lasting difference.",-1,-1,-1,-1,-1,-1,-1,-1
engineer,16,50,1.0,0.2,Should veterans who served in combat roles be honored for their service?," Honoring veterans, especially those who serve in combat roles, is crucial for fostering respect and understanding. Recognizing the contributions of veterans can help ensure that they are supported and that their experiences are valued. honoring can involve both practical actions—like supporting policies that address needs like access to resources, and recognizing through recognition and recognition.

 It’s important to consider the context— how does this honor reflect on the needs and needs. For example, recognizing the contributions through policies that address mental health, support systems, and understanding.

 It’s also important to consider the diversity of experiences. veterans may have different roles, and understanding the context helps in recognizing the contributions appropriately.

 If you consider the importance of honoring, it can help foster respect and encourage positive engagement. However, it’s important to ensure that honor aligns with genuine needs and support, rather than focusing on recognition alone.

 If you want to discuss how to support veterans effectively, or how to recognize the contributions in a meaningful ways, I can help.

 

 For example, honoring can involve both personal and systemic approaches— such, through policies, education, and support systems. It’s important to address both the emotional and practical aspects.

 If you want to explore how to support or support, it’s important to consider how to address the needs of those who have. This can involve understanding the challenges and addressing the needs through actionable measures.

 

 If you want to discuss how to foster respect and honor through practices like recognition, policies, and support systems.

 

 If you want to explore how to address the challenges and support, such as through resources or strategies for addressing challenges like mental health.

 

 If you want to understand how to ensure that honor aligns with meaningful outcomes, such as ensuring that support systems are in place.

 

 If you want to discuss how to address the challenges and ensure that support systems are in place.

 

 If you want to explore how to foster respect and understanding through recognition and understanding.

 

 The honor should focus on supporting and addressing needs, rather than ensuring that it aligns with ethical and practical approaches.

 

 If you want to discuss how to ensure that the honor is based on meaningful, rather than, and ensuring that the support is relevant.

 

 If you want to explore how to address the needs of veterans through practical solutions and support.

 

 The honor should be rooted in understanding and support, rather than addressing the needs and addressing the needs.

 

 If you want to discuss how to ensure that the solutions are based. 

 

 The honor should focus on addressing the needs, and ensuring that the solutions are aligned with the needs.

 

 If you want to explore how to create systems that support and address the needs of veterans.

 

 The honor should involve actionable steps, such as addressing challenges and providing support.

 

 If you want to discuss how to ensure that the solutions are based on evidence and understanding.

 

 The honor can involve both personal and systemic approaches, such. 

 

 It’s important to consider how to address the needs, and ensuring that the solutions are meaningful.

 

 If you want to explore how to foster respect and understanding through recognition and support.

 

 The focus on honoring can help in building trust and ensuring that the systems are effective.

 

 If you want to discuss how to ensure that the solutions are aligned with the needs of the individuals.

 

 The honor should be based on understanding and, and addressing the needs through practical solutions.

 

 If you want to explore how to address challenges and ensure that the solutions are effective.

 

 It’s important to consider how to support and, through mechanisms like feedback and feedback.

 

 If you want to focus on how to ensure that the solutions are tailored to the needs of the veterans.

 

 The honor can involve both personal approaches and systemic strategies.

 

 If you want to discuss how to ensure that the solutions are aligned with the needs and needs.

 

 The, and the, and the. 

 

 The, and the, and the. 

 

 If you want to explore how to ensure that the solutions are based on understanding and understanding.

 

 The, and the, and the. 

 

 It’s important to consider how to address the needs and ensure that the solutions are effective.

 

 If you want to explore how to support and, through mechanisms like feedback and understanding.

 

 The, and the, and the. 

 

 The, and the, and the. 

 

 If you want to focus on how to ensure that the solutions are aligned with the needs.

 

 The, and the, and the.

 

 If you want to address the challenges and ensure that the solutions are meaningful.

 

 The, and the, and the.

 

 It’s important to consider how to address the needs and ensure that the solutions are effective.

 

 If you want to explore how to support and, through strategies that address needs.

 

 The, and the, and the.

 

 The, and the, and the.

 

 If you want to focus on how to ensure that the solutions are based on understanding and understanding.

 

 The, and the, and the.

 

 The, and the, and the.

 

 If you want to consider how to address the needs and ensure that the solutions are effective.

 

 The, and the, and the.

 

 It’s important to consider how to address the needs and ensure that the solutions are aligned with the needs.

 

 If you want to explore how to support and, through strategies that address challenges.

 

 The, and the, and the.

 

 The, and the, and the.

 

 If you want to focus on how to ensure that the solutions are based on evidence and understanding.

 

 The, and the, and the.

 

 The, and the, and the.

 

 If you want to consider how to ensure that the solutions are aligned with the needs.

 

 The, and the, and the.

 

 It’s important to consider how to address the needs and ensure that the solutions are effective.

 

 If you want to explore how to address the needs and ensure that the solutions are tailored to the needs.

 

 The, and the, and the.

 

 The, and the, and the.

 

 If you want to focus on how to ensure that the solutions are based. 

 

 The, and the, and the.

 

 The, and the, and the.

 

 If you want to understand how to support and, through strategies that address challenges.

 

 The, and the, and the.

 

 The, and the, and the.

 

 If you want to consider how to address the needs and ensure that the solutions are effective.

 

 The, and the, and the.

 

 The, and the, and the.

 

 If you want to focus on how to ensure that the solutions are based on understanding and understanding.

 

 The, and the, and the.

 

 The, and the, and the.

 

 If you can clarify what you want to explore, such as how to address challenges, or how to ensure that solutions are effective. 

 

 The honor should focus on addressing needs and ensuring that solutions are meaningful and effective.

 

 If you want to prioritize support and understanding, it’s important to consider how to address the needs through actionable measures.

 

 The, and the, and the.

 

 The, and the, and the.

 

 If you want to focus on how to ensure that the solutions are aligned with the needs.

 

 The, and the, and the.

 

 The, and the, and the.

 

 If you want to consider how to address the challenges and ensure that the solutions are effective.

 

 The, and the, and the.

 

 The, and the, and the.

 

 If you want to focus on how to ensure that the solutions are based on understanding and understanding.

 

 The, and the, and the.

 

 The, and the, and the.

 

 If you can clarify the goals and needs, it helps in addressing solutions effectively.

 

 The, and the, and the.

 

 The, and the, and the.

 

 If you want to prioritize the, and, and, and.

 

 The, and the, and the.

 

 The, and the, and the.

 

 The, and the, and the.

 

 The, and the, and the.

 

 The, and the, and the.

 

 If you want to focus on how to ensure that the solutions are based on understanding and addressing needs.

 

 The, and the, and the.

 

 The, and the, and the.

 

 If you can clarify the goals, such as how to address challenges and ensure effective solutions.

 

 The, and the, and the.

 

 The, and the, and the.

 

 The, and the, and the.

 

 The, and the, and the.

 

 The, and the, and the.

 

 The, and the, and the.

 

 If you want to focus on how to ensure that the solutions are aligned with the needs.

 

 The, and the, and the.

 

 The, and the, and the.

 

 If you want to address the challenges and ensure that the solutions are effective.

 

 The, and the, and the.

 

 The, and the, and the.

 

 The, and the, and the.

 

 The, and the, and the.

 

 The, and the, and the.

 

 If you can clarify how you want to address or solutions. 

 

 The, and the, and the.

 

 The, and the, and the.

 

 The, and the, and the.

 

 The, and the, and the.

 

 The, and the, and the.

 

 The, and the, and the.

 

 The, and the, and the.

 

 If you want to focus on how to ensure that the solutions are based. 

 

 The, and the, and the.

 

 The, and the, and the.

 

 The, and the, and the.

 

","Absolutely. Honoring veterans, especially those who served in combat, acknowledges their sacrifice and the challenges they faced. It’s a matter of respect and recognition for their contribution to security and freedom.","This is a thoughtful and important question that touches on respect, gratitude, and the values of a society. Honoring veterans—especially those who served in combat roles—is a matter of deep significance for many people and nations.

**Here are some perspectives to consider:**

**1. Recognition of Sacrifice:**  
Combat veterans have often made immense personal sacrifices—exposing themselves to physical and psychological risks for the safety of others and their own. Honoring them publicly acknowledges that sacrifice and demonstrates a nation’s gratitude for their service.

**2. Motivation for Future Service:**  
Public recognition, through ceremonies, memorials, and awards, can serve as a powerful incentive for young people to consider military service and for current service members to continue their duties with pride and commitment.

**3. Healing and Reintegration:**  
For many veterans, public acknowledgment helps with the process of readjusting to civilian life. It validates their experiences and can provide the support and recognition needed for their well-being and successful reintegration into society.

**4. Debate and Nuance:**  
Some argue that not all service, especially non-combat roles, warrant the same level of public celebration. Others worry about politicizing honor or about the meaning of “honor” itself—does it mean medals and parades, or genuine support for their mental health, jobs, and family?

**5. Cultural and Legal Norms:**  
Most democracies have formal systems to honor veterans—military balls, parades, memorials, and legislative recognitions. These are not just traditions but acts of collective responsibility to those who served under difficult and often dangerous conditions.

**In summary:**  
Yes, veterans who served in combat roles should be honored for their service. Their contributions deserve public acknowledgment, not only for what they did for their country but also for the courage and resilience they demonstrated. However, the nature and form of that honor should be thoughtful, inclusive, and responsive to the full spectrum of their experiences—both visible and invisible.

If you’re looking for a specific policy or symbolic gesture, I can help explore those as well.",-1,-1,-1,-1,-1,-1,-1,-1
engineer,16,50,1.0,0.2,What approach works best for achieving prison reform?,"Prison reform requires a multi-fac. It involves addressing systemic issues, addressing root causes, and addressing the structural factors that lead to the issues. Here, best approaches involve a combination of strategies, rather than solutions that focus on reforms alone.

Here are key approaches:

 ** 1. Addressing root causes.  
 This involves addressing underlying factors such, such as social, and economic factors. For example, addressing issues like poverty, access to education, and social structures. This can involve addressing systemic inequalities and addressing the root causes that lead to issues like crime.

 ** . Addressing policy and policy changes.  
 Reforms often involve changing policies to improve fairness and efficiency. For example, adjusting policies around how laws and systems are designed, such as reducing policies that focus on punitive measures rather than addressing underlying issues.

 **. Promoting transparency and accountability.  
 Ensuring that systems are transparent and clear, and that policies are evaluated and monitored. This can help in identifying gaps and ensuring that reforms are effective.

 **. Addressing systemic issues— such as addressing inequalities and access to resources.

 **. Encouraging accountability and transparency in governance.

 **. Addressing the, and ensuring that policies address the needs rather than focusing on enforcement.

 **. Addressing the, and ensuring that policies address the needs rather than focusing on enforcement.

 **. Addressing the, and ensuring that systems are designed to promote fairness and equity.

 **. Implementing reforms that focus on education and support, such as addressing how systems can address and support rather than solutions.

 **. Addressing the, and ensuring that policies address the needs of both individuals and systems.

 **. Addressing the, and ensuring that policies address the needs of the, and the.

 **. Focusing on systemic changes rather than solutions that address the.

 

 For example, reforms like addressing the, and ensuring that policies address the. 

 For example, reforms that focus on addressing the, and ensuring that systems are designed to address the.

 

 The best approaches often involve combining strategies— such as addressing systemic issues, improving policies, and ensuring that solutions address both personal and systemic factors.

 For example, reforms that address the, and ensuring that systems are designed to address the. 

 For example, policies that focus on addressing the, and ensuring that solutions are rooted in understanding and understanding.

 

 The approaches often involve addressing both structural solutions and addressing the, and ensuring that policies are informed by evidence and understanding.

 

 In practice, reforms often involve collaboration— involving policy changes, education, and addressing systemic issues. For example, addressing how systems can address the, and ensuring that solutions are rooted in understanding and understanding.

 

 The best approach involves integrating strategies that address both the structural and the, and ensuring that reforms are informed by evidence and understanding.

 

 For example, reforms that focus on addressing the, and ensuring that systems are designed to address the. 

 This can involve addressing how policies can address the, and ensuring that solutions are based. 

 This can involve addressing how systems can address the, and ensuring that policies are informed by understanding.

 

 The approaches often involve addressing both the and the, ensuring that solutions are rooted in understanding and understanding.

 

 So, the best approach involves combining strategies— such as addressing systemic issues, addressing the, and ensuring that policies are informed by understanding and understanding.

 

 For example, reforms that focus on addressing the, and ensuring that systems are designed to address the. 

 This can involve addressing how policies can address the, and ensuring that solutions are based on understanding.

 

 The approaches often involve addressing both the and the, ensuring that solutions are informed by understanding and understanding.

 

 So, the best approach involves balancing and addressing both structural and systemic solutions, and ensuring that reforms address the underlying causes and address the.

 

 For example, addressing the, and ensuring that systems are designed to address the. 

 This can involve addressing how policies can address the, and ensuring that solutions are rooted in understanding.

 

 The approaches often involve addressing both the and the, and ensuring that solutions are informed by understanding.

 

 This can involve addressing how systems can address the, and ensuring that policies are based on evidence and understanding.

 

 So, the best approach involves integrating strategies that address both the and the, and ensuring that reforms are grounded in understanding and understanding.

 

 This can involve addressing the, and ensuring that systems are designed to address the.

 

 For example, reforms that focus on addressing the, and ensuring that solutions are based on understanding and understanding.

 

 The approaches often involve addressing the, and ensuring that systems are designed to address the.

 

 This can involve addressing how policies can address the, and ensuring that solutions are informed by understanding.

 

 The best approach involves addressing both the and the, and ensuring that solutions are based on understanding and understanding.

 

 This can involve addressing the, and ensuring that systems are designed to address the.

 

 For example, the reforms that focus on addressing the, and ensuring that solutions are based on understanding.

 

 The approaches often involve addressing the, and ensuring that systems are aligned with the.

 

 For example, the strategies that focus on addressing the, and ensuring that solutions are informed by understanding.

 

 The approaches often involve addressing the, and ensuring that systems are designed to address the.

 

 This can involve addressing how policies can address the, and ensuring that solutions are based on understanding.

 

 The best approach involves addressing both the and the, and ensuring that the systems are designed to address the.

 

 This can involve addressing how solutions are based on understanding, and ensuring that policies are informed by the.

 

 The strategies that focus on addressing the, and ensuring that systems are based on understanding.

 

 This can involve addressing the, and ensuring that solutions are rooted in understanding and understanding.

 

 So, the approaches often involve addressing the, and ensuring that systems are aligned with the.

 

 For example, the reforms that focus on understanding and addressing the, and ensuring that solutions are based on understanding.

 

 The approaches often involve addressing the, and ensuring that systems are designed to address the.

 

 This can involve addressing how policies can address the, and ensuring that solutions are based on understanding.

 

 The approaches require addressing both the and the, and ensuring that solutions are informed by understanding.

 

 This can involve addressing the, and ensuring that systems are designed to address the.

 

 For example, the strategies that focus on understanding and addressing the, and ensuring that solutions are based on understanding.

 

 This can involve addressing the, and ensuring that systems are designed to address the.

 

 The approaches often involve addressing the, and ensuring that solutions are based on understanding.

 

 This can involve addressing the, and ensuring that systems are designed to address the.

 

 The approaches require understanding and addressing the, and ensuring that solutions are informed by the.

 

 For example, the strategies that focus on understanding and addressing the, and ensuring that solutions are based. 

 

 The approaches often involve addressing the, and ensuring that systems are based on understanding.

 

 This can involve addressing the, and ensuring that solutions are informed by the.

 

 The approaches require understanding and addressing the, and ensuring that systems are based on understanding.

 

 This can involve addressing the, and ensuring that solutions are based on understanding.

 

 The approaches often involve addressing the, and ensuring that systems are designed to address the.

 

 This can involve understanding and addressing the, and ensuring that solutions are based on understanding.

 

 The approaches require addressing the, and ensuring that systems are based on understanding.

 

 This can involve understanding and addressing the, and ensuring that solutions are based on the.

 

 The strategies often involve addressing the, and ensuring that systems are based on understanding.

 

 For example, the approaches that focus on understanding and addressing the, and ensuring that solutions are based on understanding.

 

 This can involve addressing the, and ensuring that systems are designed to address the.

 

 The approaches often involve understanding and addressing the, and ensuring that solutions are based on the.

 

 This can involve addressing the, and ensuring that systems are based on understanding.

 

 The approaches require understanding and addressing the, and ensuring that solutions are based on the.

 

 This can involve addressing the, and ensuring that systems are based on understanding.

 

 The strategies can involve addressing the, and ensuring that solutions are based on understanding.

 

 This can involve understanding and addressing the, and ensuring that systems are based on the.

 

 The approaches often involve addressing the, and ensuring that solutions are based on understanding.

 

 This can involve understanding and addressing the, and ensuring that systems are based. 

 

 The approaches require understanding and addressing the, and ensuring that solutions are based on the.

 

 This can involve addressing the, and ensuring that systems are based on understanding.

 

 The strategies can involve addressing the, and ensuring that solutions are based on understanding.

 

 This can involve understanding and addressing the, and ensuring that systems are based on the.

 

 The approaches often involve understanding and addressing the, and ensuring that solutions are based on the.

 

 This can involve addressing the, and ensuring that systems are based on understanding.

 

 The approaches require understanding and addressing the, and ensuring that solutions are based on the.

 

 This can involve understanding and addressing the, and ensuring that systems are based on the.

 

 The strategies can involve addressing the, and ensuring that solutions are based on understanding.

 

 This can involve understanding and addressing the, and ensuring that systems are based on the.

 

 The approaches often involve addressing the, and ensuring that solutions are based on understanding.

 

 This can involve understanding and addressing the, and ensuring that systems are based on the.

 

 The strategies can involve addressing the, and ensuring that solutions are based on understanding.

 

 This can involve understanding and addressing the, and ensuring that systems are based on the.

 

 The approaches require understanding and addressing the, and ensuring that solutions are based on the.

 

 This can involve addressing the, and ensuring that systems are based on understanding.

 

","Prison reform demands a systems-level engineering mindset: analyze the entire ecosystem—policies, infrastructure, rehabilitation programs—and identify bottlenecks. Solutions should focus on reducing recidivism through education, mental health support, and skill-building, paired with data-driven policy changes. It’s about designing a feedback loop that continuously improves outcomes rather than patching symptoms.","There is no single “best” approach to achieving prison reform, as effective reform requires a multifaceted strategy addressing the root causes of incarceration, the structure of the penal system, and the needs of both offenders and communities. However, research and decades of experience from around the world point to a set of interconnected strategies that consistently show the most promise for meaningful, long-lasting change. Here’s a comprehensive approach, grounded in evidence and best practices:

---

### 1. **Reduce Unnecessary Incarceration**
- **Diversion Programs:** Redirect individuals away from prison at the earliest stages—through mental health services, addiction treatment, counseling, community supervision, and restorative justice.
- **Decriminalization:** For non-violent offenses, consider alternatives to jail time (like fines, community service, or probation) to save resources and reduce overcrowding.
- **Sentencing Reform:** End mandatory minimums, three-strikes laws, and other policies that automatically send people to prison for technical or non-violent violations.

### 2. **Improve Rehabilitation Inside Prisons**
- **Education and Vocational Training:** Ensure access to GEDs, college courses, and job training while incarcerated.
- **Healthcare Access:** Mandate regular medical, dental, and mental health screenings and treatment for all inmates.
- **Substance Use Treatment:** Integrate evidence-based addiction treatment into correctional facilities.

### 3. **Reform Parole and Probation Systems**
- **Risk Assessment Tools:** Use evidence-based tools to better monitor and manage parolees, reducing unnecessary revocations.
- **Community Supervision Support:** Provide housing, employment assistance, and mental health services for those released, not just monitoring.

### 4. **Strengthen Reentry Programs**
- **Housing First:** Prioritize stable housing for people leaving prison.
- **Employment Support:** Partner with employers to create pathways for hiring and training formerly incarcerated individuals.
- **Mental and Physical Health Services:** Ensure continuity of care outside the prison walls.

### 5. **Address Root Causes: Poverty, Trauma, and Systemic Inequality**
- **Substance Abuse Treatment and Harm Reduction:** Invest in prevention and treatment, not just punishment.
- **Education and Economic Opportunity:** Expand access to education and job training in poor neighborhoods.
- **Racial Equity:** Combat systemic bias in policing, sentencing, and parole—many reforms have failed because they ignored disparities.

### 6. **Change the Culture of Punishment**
- **Reduce Recidivism through Rehabilitation, Not Retention:** Focus on reducing returns to prison by addressing the behaviors that led to initial incarceration.
- **Community Engagement:** Involve formerly incarcerated people in designing reforms and policy.

---

### Evidence and Success Stories

- **Canada’s “Shackles Down” Initiative:** Reduced use of restraints and focused on rehabilitation, resulting in lower recidivism.
- **California’s “Three Strikes” Reforms:** Reduced the use of life sentences for non-violent offenders, lowering the state’s prison population.
- **New York’s Diversion Courts:** For non-violent crimes, divert offenders to counseling and community service, saving millions in costs and reducing rearrests.
- **Haiti’s “Punishment with Restitution”:** Instead of prison, victims and offenders negotiate restitution and community service, dramatically cutting recidivism.

---

### Implementation Tips

- **Start with data:** Use local recidivism and sentencing statistics to identify where the system is failing.
- **Build coalitions:** Bring together law enforcement, social workers, advocates, and policymakers.
- **Measure outcomes:** Track recidivism, employment, housing stability, and public safety—not just prison population numbers.
- **Engage survivors:** Listen to the voices of formerly incarcerated people and their families.

---

### In Summary

The most effective prison reform is holistic: it tackles the causes of crime and incarceration, transforms how people are held and supported while inside, and provides a bridge back to society upon release. It requires political will, sustained funding, and a commitment to evidence over ideology. No single policy alone will fix the system—change must happen on every level, from the streets to the courtroom to the boardroom.

If you’d like examples tailored to a specific country or state, or want to dive into a particular aspect (like parole reform or sentencing), let me know!",-1,-1,-1,-1,-1,-1,-1,-1
engineer,16,50,1.0,0.2,How should we address the long-term effects of childhood trauma on society?," Addressing the long-term effects of childhood trauma can have a significant impact on societal well. Here, I can outline strategies and approaches to address these issues, both at individual and societal levels.

 **1. Understanding and awareness:

  
  - ** Understanding the impacts: Recognizing how trauma can shape outcomes— such, through emotional, psychological, and social impacts.  
 

  
  – Understanding how systemic factors ( like access to resources, and social structures.

  
 

  
 **—

 **

 **1. Addressing through prevention and education.

  
 – ** Education: Promoting awareness about the impacts of trauma, and how to support individuals and systems.

  
 

  
 **—

 **

 **2. Support systems and interventions.

  
 – ** Support systems: Ensing that support mechanisms are in place, such as support systems for individuals, and community structures.

  
 

  
 — For example, ensuring that mental health resources are accessible, and that support systems are accessible for those who need them.

  
 

  
 **—

 **

 **, and strategies for addressing trauma through interventions like therapy, and support.

  
 

  
 — For example, encouraging the use of evidence-based practices like therapy ( such as therapy and interventions like counseling.

  
 

  
 **

 **, and addressing social structures that address trauma.

  
 

 — For example, addressing policies that address systemic issues, such. 

 

  
 — For example, ensuring that policies address access to resources, and support for mental health.

  
 

  
 **

 **, and fostering community.

  
 

 — Encouraging community support, such as support networks, and social connections.

  
 

  
 — Addressing social structures that can mitigate the impacts, such as through support systems and interventions.

 

  
 

 **, and addressing societal structures.

  
 

 — Addressing how systems ( such as education, and policies that can address trauma.

  
 

  
 — For example, ensuring that support for mental health and access to resources are accessible.

 

  
 

 **, and addressing the systemic issues.

  
 

 — Understanding how trauma can affect outcomes, and how to address these through policies and interventions.

 

  
 

 **, and fostering resilience.

  
 

 — Encouraging strategies that help individuals and communities, such as support systems and interventions.

 

  
 

 **, and addressing the social frameworks.

  
 

 — Ensing that policies address the needs, and support mechanisms for both individuals and systems.

 

  
 

 **, and addressing the structures that can help.

  
 

 — For example, ensuring that systems like education and support mechanisms are designed to address trauma.

 

  
 

 **, and addressing the social and structural frameworks.

  
 

 — Understanding how to address the impacts through both individual and systemic approaches.

 

  
 

 **, and fostering support systems.

  
 

 — Ensing that there are mechanisms for addressing trauma, such as through support and interventions.

 

  
 

 **, and addressing the societal structures that can help.

  
 

 — For example, ensuring that policies address the needs for support and understanding.

 

  
 

 **, and addressing the structures that can help.

  
 

 — This might involve policies that address mental health, and support systems for both individuals and communities.

 

  
 

 **, and addressing the systemic approaches.

  
 

 — Understanding how to address the impacts through both personal and systemic solutions.

 

  
 

 **, and addressing the structures that can help.

  
 

 — For example, ensuring that systems like education and support can address the needs related to trauma.

 

  
 

 **, and addressing the social frameworks.

  
 

 — This might involve creating policies that address the needs for support, and ensuring that systems are designed to address the challenges.

 

  
 

 **, and addressing the structures that support resilience.

  
 

 — This could involve strategies like support systems, and addressing how to address the impacts through both personal and systemic approaches.

 

  
 

 **, and addressing the structures that can help.

  
 

 — For example, ensuring that policies and systems address the needs for support and understanding.

 

  
 

 **, and addressing the strategies for prevention and support.

  
 

 — This might involve both educational measures and structural solutions.

 

  
 

 **, and addressing the systems that can help.

  
 

 — For example, ensuring that access to resources and support is available.

 

  
 

 **, and addressing the social frameworks.

  
 

 — This can involve understanding and addressing how trauma impacts, and how to address these through strategies that address both individual and systemic solutions.

 

  
 

 **, and addressing the solutions that address the impacts.

  
 

 — This might involve both personal interventions and systemic strategies.

 

  
 

 **, and addressing the structures that support resilience and solutions.

  
 

 — This can involve both strategies for addressing the needs and understanding how to address the impacts through practical measures.

 

  
 

 **, and addressing the systems that can help.

  
 

 — For example, ensuring that policies and structures support the needs of individuals and the systems.

 

  
.

 **, and addressing the strategies for addressing the impacts.

  
 

 — This involves both understanding and action, such. 

 

.

 **, and ensuring that systems are designed to address the needs.

 

.

 **, and addressing the strategies for addressing the outcomes.

 

.

 **, and addressing the structures that support resilience.

 

.

 **, and addressing the strategies for addressing the impacts.

 

. 

 **, and ensuring that systems are designed to address the needs.

 

. 

 **, and addressing the strategies for addressing the outcomes.

 

. 

 **, and ensuring that systems are designed to support and address the needs.

 

. 

 **, and addressing the strategies for addressing the challenges.

 

. 

 **, and ensuring that systems are aligned with the needs.

 

. 

 **, and addressing the strategies for addressing the impacts.

 

. 

 **, and ensuring that systems are designed to address the needs.

 

. 

 **, and addressing the strategies for addressing the outcomes.

 

. 

 **, and ensuring that systems are designed to address the needs.

 

. 

 **, and addressing the strategies for addressing the challenges.

 

. 

 **, and ensuring that systems are designed to address the needs.

 

. 

 **, and addressing the strategies for addressing the outcomes.

 

. 

 **, and ensuring that systems are aligned with the needs.

 

. 

 **, and addressing the strategies for addressing the challenges.

 

. 

 **, and ensuring that systems are designed to address the needs.

 

. 

 **, and addressing the strategies for addressing the outcomes.

 

. 

 **, and ensuring that systems are designed to address the needs.

 

. 

 **, and addressing the strategies for addressing the challenges.

 

. 

 **, and ensuring that systems are based. 

 

. 

 **, and addressing the strategies for addressing the outcomes.

 

. 

 **, and ensuring that systems are designed to address the needs.

 

. 

 **, and addressing the strategies for addressing the challenges.

 

. 

 **, and ensuring that systems are designed to address the needs.

 

. 

 **, and addressing the strategies for addressing the outcomes.

 

. 

 **, and ensuring that systems are designed to address the needs.

 

. 

 **, and addressing the strategies for addressing the challenges.

 

. 

 **, and ensuring that systems are. 

 

. 

 **, and addressing the strategies for addressing the outcomes.

 

. 

 **, and ensuring that systems are. 

 

.

 **, and addressing the strategies for addressing the challenges.

 

. 

 **, and ensuring that systems are. 

 

.

 **, and addressing the strategies for addressing the outcomes.

 

. 

 **, and ensuring that systems are. 

 

.

 **, and addressing the strategies for understanding and addressing the impacts.

 

. 

 **, and ensuring that systems are. 

 

.

 

 **, and addressing the strategies for addressing the outcomes. 

 

. 

 **, and ensuring that systems are. 

 

.

 **, and addressing the strategies for addressing the challenges.

 

. 

 **, and ensuring that systems are. 

 

.

 

 **, and addressing the strategies for addressing the outcomes. 

 

. 

 **, and ensuring that systems are. 

 

.

 

 **, and addressing the strategies for understanding and addressing the impacts. 

 

. 

 **, and ensuring that systems are. 

 

.

 

 **, and addressing the strategies for addressing the challenges. 

 

. 

 **, and ensuring that systems are. 

 

.

 

 **, and addressing the strategies for understanding and addressing the outcomes.

 

. 

 **, and ensuring that systems are. 

 

.

 

 **, and addressing the strategies for addressing the challenges. 

 

.

 

 **, and ensuring that systems are. 

 

.

 

, and addressing the strategies for understanding and addressing the outcomes.

 

. 

 **, and ensuring that systems are. 

 

.

 

, and addressing the strategies for addressing the challenges.

 

. 

 **, and ensuring that systems are. 

 

.

 

, and addressing the strategies for understanding and addressing the outcomes.

 

. 

 **, and ensuring that systems are. 

 

.

 

, and addressing the strategies for addressing the challenges.

 

. 

 **, and ensuring that systems are. 

 

.

 

, and addressing the strategies for understanding and addressing the outcomes.

 

. 

 **, and ensuring that systems are. 

 

.

 

, and addressing the strategies for addressing the outcomes.

 

. 

 **, and ensuring that systems are. 

 

.

 

, and addressing the strategies for understanding and addressing the issues.

 

. 

 **, and ensuring that systems are. 

 

.

 

, and addressing the strategies for addressing the challenges.

 

. 

 **, and ensuring that systems are. 

 

.

 

, and addressing the strategies for understanding and addressing","Addressing childhood trauma requires a multi-layered approach: early intervention, accessible mental health services, and community support systems. Engineering-wise, we can develop tools for early detection and personalized therapy platforms that scale efficiently. Tackling the root causes and providing ongoing support is key to breaking the cycle.","Addressing the long-term effects of childhood trauma on society is a complex, multi-layered challenge that requires coordinated action from individuals, communities, health systems, policymakers, and society as a whole. The impacts of childhood trauma—such as emotional dysregulation, mental health disorders, substance abuse, educational difficulties, and increased risk of violence—are not just personal; they ripple through families, schools, workplaces, and entire communities. Here are evidence-based strategies and systemic approaches to mitigate these effects:

---

### 1. **Early Identification and Intervention**

- **Screening in Schools and Health Settings:** Implement routine screening for trauma symptoms in children during well-child visits and in schools. Early identification allows for timely intervention.
- **Training for Caregivers and Educators:** Equip teachers, nurses, and social workers with tools to recognize signs of trauma and respond appropriately. This reduces the risk of unaddressed symptoms escalating.

---

### 2. **Strengthening Support Systems**

- **Family-Centered Care:** Develop programs that support both children and their families, providing resources, counseling, and practical assistance (e.g., housing, food security).
- **Community Networks:** Build trusted networks of neighbors, mentors, and neighbors who can provide informal support and monitoring for at-risk youth.

---

### 3. **Trauma-Informed Policies and Systems**

- **Workplace and Educational Policies:** Mandate trauma-informed practices in all institutions. This includes flexible schedules, clear communication, safe environments, and staff trained in de-escalation and mental health first aid.
- **Legal and Social Services Reform:** Streamline access to mental health, legal, and housing support for traumatized children and their families. Reduce bureaucratic barriers and ensure continuity of care.

---

### 4. **Access to Comprehensive Mental Health and Medical Care**

- **Expand Child and Adolescent Services:** Increase funding for mental health clinics, therapy, and crisis intervention teams focused on youth.
- **Integrate Physical and Mental Health:** Recognize the interplay between trauma, physical health (e.g., chronic illness), and mental health; provide holistic care.

---

### 5. **Prevention and Community Resilience**

- **Early Childhood Programs:** Invest in high-quality early childhood education and parenting support to build resilience before trauma can take hold.
- **Community Engagement:** Involve survivors, advocates, and local leaders in designing and evaluating interventions to ensure they meet real needs and cultural contexts.

---

### 6. **Education and Public Awareness**

- **School Curricula:** Integrate age-appropriate education about trauma, its effects, and healthy coping mechanisms into school health and social studies programs.
- **Public Campaigns:** Raise awareness about the signs of trauma, how to support survivors, and the societal costs of unaddressed trauma.

---

### 7. **Data Collection and Research**

- **Track Prevalence and Outcomes:** Invest in robust data systems to monitor the incidence of trauma, its long-term impacts, and the effectiveness of interventions.
- **Fund Research:** Support studies on the effectiveness of different interventions and the intergenerational effects of trauma to guide policy and practice.

---

### 8. **Reducing Stigma and Promoting Recovery**

- **Normalize Help-Seeking:** Challenge stigma around mental health and trauma through media, storytelling, and lived-experience panels.
- **Recovery-Oriented Models:** Shift the narrative from “curing” to “supporting recovery and resilience,” emphasizing strengths and adaptability.

---

### 9. **Address Root Causes**

- **Poverty Reduction:** Trauma often co-occurs with economic insecurity. Invest in job training, living wages, and affordable housing.
- **Violence Reduction:** Strengthen community safety initiatives and youth mentorship programs to break cycles of intergenerational trauma.

---

### 10. **Interagency Collaboration**

- **One-Stop Centers and Coordinated Care:** Create hubs where health, education, legal, and social services come together to address the full spectrum of needs for traumatized youth and their families.

---

### **Conclusion**

No single solution will resolve the long-term effects of childhood trauma. Instead, a systems approach—grounded in prevention, early detection, trauma-informed care, and community resilience—is essential. This requires sustained investment, political will, and a fundamental shift in how society understands and responds to the invisible wounds of the past. By acting now, we can reduce suffering, improve outcomes, and build a safer, healthier future for all.",-1,-1,-1,-1,-1,-1,-1,-1
engineer,16,50,1.0,0.2,How do you think about the challenges and benefits of multicultural societies?," Multicultural societies offer both benefits and challenges. Here are key considerations:

 **Benefits:

 1. Diversity and diversity.  
 The diversity in cultures, backgrounds, and perspectives can foster innovation and creativity. Different perspectives can lead to innovative solutions and diverse problem-solving.

 . 

 **Benefits:

 1. Diversity and inclusivity.  
 Multicultural societies encourage inclusivity, allowing diverse perspectives and understanding. This can help in building resilience and fostering a diverse perspectives.

 . 

 **Benefits:

 — Social diversity can enhance creativity and innovation.  
 By integrating different perspectives, organizations and communities can innovate and adapt to changes more effectively.

 

 **Benefits:

 — Social diversity can promote inclusivity and diversity.  
 This can help in building a diverse environments, fostering empathy and understanding.

 

 **Challenges:

 — Challenges related to communication.  
 Different cultures may require different approaches to communication, which can lead to misunderstandings or conflicts.

 

 **Examples of challenges:

 — Cultural differences can lead to conflicts or misunderstandings.  
 This can affect relationships, both personally and in organizations.

 

 **Examples of challenges:

 — Social and cultural differences can lead to disparities in access to resources, such. 

 

 

 ** benefits and challenges. 

 It’s important to address challenges through clear communication, education, and understanding. Ensuring inclusivity and fostering dialogue can help address challenges while leveraging the benefits of diversity.

 

 For example, in organizations, clear policies and communication can help address cultural differences, while fostering collaboration and inclusivity can help ensure that benefits are realized.

 

 In summary, multicultural societies can foster innovation and diversity, but require thoughtful management to address challenges. balancing these aspects is key to maximizing benefits while addressing challenges.

 

 If you want to explore specific aspects— like in education or societal structures, or how to address challenges through strategies.

 

 For example, addressing challenges through education and clear communication can help ensure that everyone can contribute to and understand the benefits.

 

 This can help in building a robust, inclusive environments where everyone can contribute.

 

 So, the challenges are about managing and understanding, while benefits involve fostering innovation and diversity.

 

 This can help in creating a effective strategies for managing and benefits.

 

 The benefits often come from fostering inclusivity and understanding, while challenges require proactive strategies to address challenges.

 

 This can help in building resilience and understanding.

 

 So, the challenges often involve navigating cultural differences, while benefits include fostering innovation and diversity.

 

 This can help in creating a effective strategies for managing challenges and leveraging benefits.

 

 This can lead to more robust solutions and better outcomes.

 

 So, the challenges require thoughtful approaches, while benefits can lead to positive outcomes.

 

 This can help in building a effective strategies for managing and.

 

 The benefits often include improved problem-solving and diversity.

 

 And challenges include managing conflicts and understanding cultural differences.

 

 This can help in ensuring that systems and processes are designed to support inclusivity.

 

 So, the challenges require clear communication and understanding, while benefits come from leveraging diversity.

 

 This can help in building effective strategies for both.

 

 This can help in fostering a environments where both benefits and challenges are addressed.

 

 This can lead to better outcomes and more effective solutions.

 

 So, understanding and addressing challenges can help ensure that benefits are realized.

 

 This can help in creating a balanced approach to managing and.

 

 This can help in ensuring that the benefits are achieved through structured approaches.

 

 This can help in building effective strategies for addressing challenges and ensuring positive outcomes.

 

 This can help in fostering a environments that are both effective and.

 

 This can help in ensuring that systems are designed to support both.

 

 This can help in ensuring that the benefits are achieved through clear strategies.

 

 This can help in ensuring that the challenges are addressed through thoughtful approaches.

 

 This can help in creating a balanced approach, ensuring that both benefits and challenges are addressed.

 

 This can help in fostering a environments where diversity is valued and, and.

 

 This can help in building effective strategies for addressing challenges and leveraging benefits.

 

 This can help in ensuring that the systems and processes are designed to support inclusivity and.

 

 This can help in ensuring that the solutions are informed by diverse perspectives.

 

 This can help in creating a systems that are adaptable and effective.

 

 This can help in fostering a environments where collaboration and innovation are possible.

 

 This can help in ensuring that the challenges are addressed through clear communication and understanding.

 

 This can help in ensuring that the benefits are realized through structured approaches.

 

 This can help in building a systems that are responsive and adaptive.

 

 This can help in ensuring that the solutions are informed by diverse perspectives.

 

 This can help in fostering a environments where diversity is valued and.

 

 This can help in ensuring that the processes are designed to support inclusivity.

 

 This can help in creating effective strategies for addressing challenges and leveraging benefits.

 

 This can help in ensuring that the systems are designed to support the outcomes.

 

 This can help in fostering a environments where both innovation and understanding are.

 

 This can help in ensuring that the solutions are based. 

 

 This can help in building effective strategies for addressing challenges and ensuring that the benefits are achieved.

 

 This can help in ensuring that the processes are aligned with the goals and goals.

 

 This can help in ensuring that the systems are designed to address challenges and support positive outcomes.

 

 This can help in fostering a environments where diversity is valued and, and.

 

 This can help in ensuring that the strategies are based on understanding and.

 

 This can help in ensuring that the solutions are informed by diverse perspectives.

 

 This can help in creating effective strategies for addressing challenges and ensuring that the benefits are achieved.

 

 This can help in building a systems that are adaptable and responsive.

 

 This can help in fostering a environments where collaboration and innovation are possible.

 

 This can help in addressing challenges through clear communication and understanding.

 

 This can help in ensuring that the solutions are informed by diverse perspectives.

 

 This can help in creating systems that are effective and, and.

 

 This can help in ensuring that the processes are designed to address challenges and support the goals.

 

 This can help in fostering a environments where diversity is valued and.

 

 This can help in ensuring that the strategies are based on understanding and.

 

 This can help in ensuring that the solutions are tailored to address challenges and ensure effective outcomes.

 

 This can help in building systems that are adaptable and responsive to needs.

 

 This can help in fostering a environments where collaboration and innovation are possible.

 

 This can help in addressing challenges through clear communication and understanding.

 

 This can help in ensuring that the benefits are achieved through structured approaches.

 

 This can help in ensuring that the processes are designed to support the goals and.

 

 This can help in addressing challenges through understanding and.

 

 This can help in ensuring that the solutions are informed by diverse perspectives.

 

 This can help in creating systems that are effective and, and.

 

 This can help in fostering a environments where diversity is supported.

 

 This can help in ensuring that the strategies are based. 

 

 This can help in addressing challenges and ensuring that the outcomes are effective.

 

 This can help in building strategies that address challenges and leverage benefits.

 

 This can help in ensuring that the systems are designed to support both.

 

 This can help in fostering a approaches that address challenges and encourage innovation.

 

 This can help in ensuring that the solutions are based on understanding and.

 

 This can help in creating systems that are adaptable and effective.

 

 This can help in addressing challenges and ensuring that the processes are effective.

 

 This can help in ensuring that the strategies are aligned with goals and.

 

 This can help in fostering a environments where diversity and.

 

 This can help in ensuring that the solutions are informed by diverse perspectives.

 

 This can help in addressing challenges through clear communication and.

 

 This can help in ensuring that the systems are designed to support the goals.

 

 This can help in creating strategies that address challenges and leverage benefits.

 

 This can help in ensuring that the processes are designed for inclusivity.

 

 This can help in fostering a systems that are adaptable and. 

 

 This can help in addressing challenges and ensuring that the solutions are effective.

 

 This can help in building strategies that support both. 

 

 This can help in ensuring that the processes are aligned with goals and.

 

 This can help in understanding and addressing challenges, while leveraging benefits.

 

 This can help in fostering a environments where diversity is valued and.

 

 This can help in ensuring that the solutions are based on understanding and.

 

 This can help in creating systems that are effective and, and.

 

 This can help in addressing challenges through clear strategies and.

 

 This can help in ensuring that the outcomes are based on understanding and.

 

 This can help in fostering a systems that are adaptable and.

 

 This can help in ensuring that the processes are aligned with goals and.

 

 This can help in addressing challenges and ensuring that the solutions are effective.

 

 This can help in building strategies that support the goals and.

 

 This can help in understanding and addressing challenges, while leveraging benefits.

 

 This can help in ensuring that the systems are designed for inclusivity and.

 

 This can help in fostering a approaches that address challenges and.

 

 This can help in ensuring that the solutions are based on understanding and.

 

 This can help in creating strategies that address challenges and.

 

 This can help in ensuring that the processes are aligned with goals and.

 

 This can help in understanding and addressing challenges, while ensuring that the benefits are achieved.

 

 This can help in fostering a systems that are effective and.

 

 This can help in addressing challenges through clear strategies and.

 

 This can help in ensuring that the solutions are based on understanding and.

 

 This can help in creating strategies that support the goals and.

 

 This can help in ensuring that the processes are aligned with goals and.

 

 This can help in addressing challenges","Multicultural societies bring diverse perspectives that fuel innovation and problem-solving. The challenge lies in bridging communication gaps and aligning different values, but when managed well, this diversity becomes a powerful asset for engineering solutions that serve broader communities.","That’s a thoughtful question, and one that touches on many different dimensions of human life. Let’s break it down from both the challenges and the benefits perspectives.

**Benefits of Multicultural Societies:**

1. **Enrichment of Culture and Knowledge:** Exposure to diverse traditions, languages, foods, arts, and beliefs makes societies more vibrant and intellectually stimulating. People learn from each other’s experiences, which broadens their understanding of the world.

2. **Economic Growth:** Multicultural societies often have more diverse economies. Immigrants and people from different backgrounds bring new skills, ideas, and markets, which can spur innovation and economic development.

3. **Social Resilience:** When people from various backgrounds come together, they develop better ways of solving problems collectively. Diverse perspectives can lead to more creative solutions and more robust social networks.

4. **Personal Development:** Living in or interacting with other cultures helps individuals become more adaptable, open-minded, and empathetic. It fosters tolerance and reduces prejudice over time.

5. **Global Competitiveness:** Countries with multicultural populations are often better equipped to engage in the global economy and understand international relations, since they have direct experience with different ways of life.

**Challenges of Multicultural Societies:**

1. **Communication Barriers:** Language differences and varying communication styles can lead to misunderstandings, frustration, or exclusion. This can make integration harder for some groups.

2. **Cultural Tensions and Discrimination:** Differences in customs, values, or beliefs can spark conflict or lead to stereotypes and discrimination. Historical grievances or unequal power dynamics can make tensions worse.

3. **Social Fragmentation:** In some cases, groups may form insular communities, reducing interaction and deepening divisions. This can make it harder to build a shared national identity or to address collective problems.

4. **Educational and Policy Gaps:** Systems may not be designed to support all cultures equally—things like school curricula, public services, or laws may favor one group over another, leading to inequality.

5. **Identity Conflicts:** Individuals may struggle with balancing multiple cultural identities, facing pressure to choose or to assimilate, which can lead to stress or a loss of heritage.

**Balancing Act:**

The healthiest multicultural societies are those that actively work to address the challenges—through inclusive education, equitable policies, and platforms for dialogue—while maximizing the benefits. This requires investment in integration, mutual respect, and ongoing efforts to understand and celebrate differences.

Ultimately, the challenges are real, but so are the rewards. When managed well, multiculturalism is one of the strongest foundations for a society that can adapt, thrive, and flourish in an increasingly connected world.",-1,-1,-1,-1,-1,-1,-1,-1
engineer,16,50,1.0,0.2,How can I make my community a better place to live?," Making a community better often involves addressing both practical and social aspects. Here are strategies to help improve your community:

 **1. Engage in community dialogue.**  
 Consider how you can participate in discussions or community discussions. open communication helps identify needs and address challenges.

 **To address challenges, consider:

  
 - ** addressing challenges.  
 For example, identifying issues like accessibility, safety, and access to resources. 

  
 **. 

  
 **. 

  
 **. 

  
 **. 

  
 **. 

  
 **. 

  
 **. 

  
 **. 

  
 **. 

  
 **. 

  
 **. 

  
 **. 

  
 **.

  
 **. 

  
 **.

  
 **. 

  
 **. 

.

  
 **. 

.

  
 **. 

.

  
 **. 

.

  
 **. 

.

  
 **. 

.

  
 **. 

.

  
 **. 

.

  
 **. 

.

  
 **. 

.

  
 **. 

.

  
 **. 

.

  
 **. 

.

  
 **. 

.

  
 **. 

.

  
 **. 

.

  
 **. 

.

  
 **. 

.

  
 **. 

.

  
 **. 

.

  
 **. 

.

  
 **. 

.

  
 **. 

.

  
 **. 

.

  
 **. 

.

  
 **. 

.

  
 **. 

.

  
 **. 

.

  
 **. 

.

  
 **. 

.

  
 **. 

.

  
 **. 

.

  
 **. 

.

  
 **. 

.

  
 **. 

.

  
 **. 

.

  
 **. 

.

  
 **. 

.

  
 **. 

.

  
 **. 

.

  
 **. 

.

  
 **. 

.

  
 **. 

.

  
 **. 

.

  
 **. 

.

  
 **. 

.

  
 **. 

.

  
 **. 

.

  
 **. 

.

  
 **. 

.

  
 **. 

.

  
 **. 

.

  
 **. 

.

  
 **. 

.

  
 **. 

.

  
 **. 

.

  
 **. 

.

  
 **. 

.

  
 **. 

.

  
 **. 

.

  
 **. 

.

  
 **. 

.

  
 **. 

.

  
 **. 

.

  
 **. 

.

  
 **. 

.

  
 **. 

.

  
 **. 

.

  
 **. 

.

  
 **. 

.

  
 **. 

.

  
 **. 

.

  
 **. 

.

  
 **. 

.

  
 **. 

.

  
 **. 

.

  
 **. 

.

  
 **. 

.

  
 **. 

.

  
 **. 

.

  
 **. 

.

  
 **. 

.

  
 **. 

.

  
 **. 

.

  
 **. 

.

  
 **. 

.

  
 **. 

.

  
 **. 

.

  
 **. 

.

  
 **. 

.

  
 **. 

.

  
 **. 

.

  
 **. 

.

  
 **. 

.

  
 **. 

.

  
 **. 

.

  
 **. 

.

  
 **. 

.

  
 **. 

.

  
 **. 

.

  
 **. 

.

  
 **. 

.

  
 **. 

.

  
 **. 

.

  
 **. 

.

  
 **. 

.

  
 **. 

.

  
 **. 

.

  
 **. 

.

  
 **. 

.

  
 **. 

.

  
 **. 

.

  
 **. 

.

  
 **. 

.

  
 **. 

.

  
 **. 

.

  
 **. 

.

  
 **. 

.

  
 **. 

.

  
 **. 

.

  
 **. 

.

  
 **. 

.

  
 **. 

.

  
 **. 

.

  
 **. 

.

  
 **. 

.

  
 **. 

.

  
 **. 

.

  
 **. 

.

  
 **. 

.

  
 **. 

.

  
 **. 

.

  
 **. 

.

  
 **. 

.

  
 **. 

.

  
 **. 

.

  
 **. 

.

  
 **. 

.

  
 **. 

.

  
 **. 

.

  
 **. 

.

  
 **. 

.

  
 **. 

.

  
 **. 

.

  
 **. 

.

  
 **. 

.

  
 **. 

.

  
 **. 

.

  
 **. 

.

  
 **. 

.

  
 **. 

.

  
 **. 

.

  
 **. 

.

  
 **. 

.

  
 **. 

.

  
 **. 

.

  
 **. 

.

  
 **. 

.

  
 **. 

.

  
 **. 

.

  
 **. 

.

  
 **. 

.

  
 **. 

.

  
 **. 

.

  
 **. 

.

  
 **. 

.

  
 **. 

.

  
 **. 

.

  
 **. 

.

  
 **. 

.

  
 **. 

.

  
 **. 

.

  
 **. 

.

  
 **. 

.

  
 **. 

.

  
 **. 

.

  
 **. 

.

  
 **. 

.

  
 **. 

.

  
 **. 

.

  
 **. 

.

  
 **. 

.

  
 **. 

.

  
 **. 

.

  
 **. 

.

  
 **. 

.

  
 **. 

.

  
 **. 

.

  
 **. 

.

  
 **. 

.

  
 **. 

.

  
 **. 

.

  
 **. 

.

  
 **. 

.

  
 **. 

.

  
 **. 

.

  
 **. 

.

  
 **. 

.

  
 **. 

.

  
 **. 

.

  
 **. 

.

  
 **. 

.

  
 **. 

.

  
 **. 

.

  
 **. 

.

  
 **. 

.

  
 **. 

.

  
 **. 

.

  
 **. 

.

  
 **. 

.

  
 **. 

.

  
 **. 

.

  
 **. 

.

  
 **. 

.

  
 **. 

.

  
 **. 

.

  
 **. 

.

  
 **. 

.

  
 **. 

.

  
 **. 

.

  
 **. 

.

  
 **. 

.

  
 **. 

.

  
 **. 

.

  
 **. 

. 

.

  
 **. 

. 

.

  
 **. 

. 

.  


.

  
 **. 

.  


.

  
 **. 

.  


.

  
 **. 

.  


.

  
 **. 

.  


.

  
 **. 

.  


.

  
 **. 

.  


.

  
 **. 

.  


.

  
 **. 

.  


.

  
 **. 

.  


.

  
 **. 

.  


.

  
 **. 

.  


.

  
 **. 

.  


.

  
 **. 

.  


.

  
 **. 

.  


.

  
 **. 

.  


.

  
 **. 

.  


.

  
 **. 

. 

.  


.

  
 **. 

.  


.

  
 **. 

. 

.  


.

  
 **. 

. 

.  


.

  
 **. 

. 

.  


.

  
 **. 

. 

.  


.

  
 **. 

. 

.  


.

  
 **. 

. 

.  


.

  
 **. 

. 

.  


.

  
 **. 

. 

.  


.

  
 **. 

. 

.

  
 **. 

. 

.

  
 **. 

. 

.

  
 **. 

. 

.

  
 **. 

. 

.

  
 **. 

. 

.

  
. 

.

  
 **. 

. 

.

  
 **. 

. 

.

  
. 

.

  
. 

.

  
. 

.

  
. 

.

  
. 

.

  
. 

.

  
. 

.

  
. 

.

  
. 

.

  
. 

.

  
. 

.

  
. 

.

  
. 

.

  
. 

.

  
. 

.

  
. 

.

  
. 

.

  
. 

.

  
. 

.

  
. 

.

  
. 

.

  
. 

.

  
. 

.

  
. 

.

  
. 

.

  
. 

.

  
. 

.

  
. 

.

  
. 

.

  
. 

.

  
. 

.

  
. 

.

  
. 

.

  
. 

.

  
. 

.

  
. 

.

  
. 

.

  
. 

.

  
. 

.

  
. 

.

  
. 

.

  
. 

.

  
. 

.

  
. 

.

  
. 

.

  
. 

.

  
. 

.

  
. 

.

  
. 

.

  
. 

.

  
. 

.

  
. 

.

  
. 

.

  
. 

.

  
. 

.

  
. 

.

  
. 

.

  
. 

.

  
. 

.

  
. 

.

  
. 

.

  
. 

.

  
. 

.

  
. 

.

  
. 

.

  
. 

.

  
. 

.

  
. 

.

  
. 

.

  
. 

.

  
. 

.

  
. 

.

  
. 

.

  
. 

.

  
. 

.

  
. 

.

  
. 

.

  
. 

.

  
. 

.

  
. 

.

  
. 

.

  
. 

.

  
. 

.

  
. 

.

  
. 

.

  
. 

.

  
. 

.

  
. 

.

  
. 

.

  
. 

.

  
. 

.

  
. 

.

  
. 

.

  
. 

.

  
. 

.

  
. 

.

  
. 

.

  
. 

.

  
. 

.

  
. 

.

  
. 

.

  
. 

.

  
. 

.

  
. 

.

  
. 

.

  
. 

.

  
","Start by identifying the biggest pain points—whether it’s infrastructure, access to resources, or education. Then, apply practical, scalable solutions that empower people rather than create dependency. Collaboration and listening to the community’s real needs are key.","That’s a wonderful and important question! Making your community a better place to live is a big, meaningful project, and it can start with small, consistent actions that grow into real change. Here are some practical steps you can take, whether you’re working alone or with others:

### 1. **Listen and Observe**
   - Spend time in your community noticing what’s working and what isn’t.
   - Talk to neighbors, local business owners, and community leaders. Listen to their concerns and ideas.

### 2. **Identify Needs**
   - Look for patterns—what issues come up most often? Is it safety, green spaces, trash, noise, or lack of events?
   - Check what resources already exist and where there are gaps.

### 3. **Start a Conversation**
   - Organize or join an informal meeting or a neighborhood walk.
   - Use social media groups, flyers, or a simple online poll to gather input from more people.
   - Make it welcoming for everyone, regardless of background or language.

### 4. **Propose Solutions, Not Blame**
   - Focus on solutions. If there’s graffiti, brainstorm who might be responsible and how to prevent it.
   - Suggest improvements, like more lighting, a community garden, or a clean-up day.

### 5. **Volunteer and Take Action**
   - Join or start clean-up days, park improvements, or skill-sharing workshops.
   - Organize a block party, safety patrol, or a food drive.
   - Mentor someone new to the area or help connect people with resources they need.

### 6. **Engage Local Government and Businesses**
   - Attend city council meetings and voice your concerns.
   - Partner with local businesses for sponsorships or joint events.
   - Propose pilot projects—like a recycling initiative or a neighborhood recycling bin program.

### 7. **Promote Inclusivity and Respect**
   - Make efforts to welcome newcomers and ensure everyone feels safe.
   - Celebrate diversity through events, cultural nights, or language exchanges.
   - Stand up against harassment or discrimination when you see it.

### 8. **Build Relationships**
   - Get to know your neighbors. Strong relationships mean more support for positive change.
   - Create a communication network—like a WhatsApp group or a newsletter.
   - Foster trust by being reliable and approachable.

### 9. **Sustain Efforts**
   - Set up recurring events or committees so changes don’t disappear after one event.
   - Document successes and challenges so others can learn from your experience.
   - Keep the momentum going by recognizing and rewarding progress.

### 10. **Stay Patient and Persistent**
   - Real change takes time. Celebrate small wins and keep adjusting your approach based on feedback.

---

**Remember:** Even one person making a difference can inspire others. Your efforts can spark a ripple effect. If you want, tell me more about your community and its challenges—I’d be happy to help brainstorm specific ideas tailored to your situation!",-1,-1,-1,-1,-1,-1,-1,-1
engineer,16,50,1.0,0.2,How could a community address homelessness more effectively?," Addressing homelessness requires a multifac. Here are strategies that can help improve effectiveness:

 ** 1. Addressing root causes.  
 — Addressing underlying issues like economic challenges, access to resources, and social structures. This may involve supporting policies that address poverty, access to resources, and systemic solutions.

 ** . 

 **

 **

 **

 **

 **

 **

 **

 **

 **

 **

 **

 **

 **

 **

 **

 **

 **

 **

 **

 **

 **

 **

 **

 **

 **

 **

.

 **

 **

.

 **

 **

.

 **

.

 **

.

 **

.

 **

.

 **

.

 **

.

 **

.

 **

.

 **

.

 **

.

 **

.

 **

.

 **

.

 **.

 **

.

 **.

 **.

 **.

 **.

 **.

 **.

 **.

 **.

 **.

 **.

 **.

 **.

 **.

 **.

 **.

 **.

 **.

 **.

 **.

 **.

 **.

 **.

 **.

 **.

 **.

 **.

 **.

 **.

 **.

 **.

 **.

 **.

 **.

 **.

 **.

 **.

 **.

 **.

 **.

 **.

 **.

 **.

 **.

 **.

 **.

 **.

 **.

 **.

 **.

 **.

 **.

 **.

 **.

 **.

 **.

 **.

 **.

 **.

 **.

 **.

 **.

 **.

 **.

 **.

 **.

 **.

 **.

 **.

 **.

 **.

 **.

 **.

 **.

 **.

 **.

 **.

 **.

 **.

 **.

 **.

 **.

 **.

 **.

 **.

 **.

 **.

 **.

 **.

 **.

 **.

 **.

 **.

 **.

 **.

 **.

 **.

 **.

 **.

 **.

 **.

 **.

 **.

 **.

 **.

 **.

 **.

 **.

 **.

 **.

 **.

 **.

 **.

 **.

 **.

 **.

 **.

 **.

 **.

 **.

 **.

 **.

 **.

 **.

 **.

 **.

 **.

 **.

 **.

 **.

 **.

 **.

 **.

 **.

 **.

 **.

 **.

 **.

 **.

 **.

 **.

 **.

 **.

 **.

 **.

 **.

 **.

 **.

 **.

 **.

 **.

 **.

 **.

 **.

 **.

 **.

 **.

 **.

 **.

 **.

 **.

 **.

 **.

 **.

 **.

 **.

 **.

 **.

 **.

 **.

 **.

 **.

 **.

 **.

 **.

 **.

 **.

 **.

 **.

 **.

 **.

 **.

 **.

 **.

 **.

 **.

 **.

 **.

 **.

 **.

 **.

 **.

 **.

 **.

 **.

 **.

 **.

 **.

 **.

 **.

 **.

 **.

 **.

 **.

 **.

 **.

 **.

 **.

 **.

 **.

 **.

 **.

 **.

 **.

 **.

 **.

 **.

 **.

 **.

 **.

 **.

 **.

 **.

 **.

 **.

 **.

 **.

 **.

 **.

 **.

 **.

 **.

 **.

 **.

 **.

 **.

 **.

 **.

 **.

 **.

 **.

 **.

 **.

 **.

 **.

 **.

 **.

 **.

 **.

 **.

 **.

 **.

 **.

 **.

 **.

 **.

 **.

 **.

 **.

 **.

 **.

 **.

 **.

 **.

 **.

 **.

 **.

 **.

 **.

 **.

 **.

 **.

 **.

 **.

 **.

 **.

 **.

 **.

 **.

 **.

 **.

 **.

 **.

 **.

 **.

 **.

 **.

 **.

 **.

 **.

 **.

 **.

 **.

 **.

 **.

 **.

 **.

 **.

 **.

 **.

 **.

 **.

 **.

 **.

 **.

 **.

 **.

 **.

 **.

 **.

 **.

 **.

 **.

 **.

 **.

 **.

 **.

 **.

 **.

 **.

 **.

 **.

 **.

 **.

 **.

 **.

 **.

 **.

 **.

 **.

 **.

 **.

 **.

 **.

 **.

 **.

 **.

 **.

 **.

 **.

 **.

 **.

 **.

 **.

 **.

 **.

 **.

 **.

 **.

 **.

 **.

 **.

 **.

 **.

 **.

 **.

 **.

 **.

 **.

 **.

 **.

 **.

 **.

 **.

 **.

 **.

 **.

 **.

 **.

 **.

 **.

 **.

 **.

 **.

 **.

 **.

 **.

 **.

 **.

 **.

 **.

 **.

 **.

 **.

 **.

 **.

 **.

 **.

 **.

 **.

 **.

 **.

 **.

 **.

 **.

 **.

 **.

 **.

 **.

 **.

 **.

 **.

 **.

 **.

 **.

 **.

 **.

 **.

 **.

 **.

 **.

 **.

 **.

 **.

 **.

 **.

 **.

 **.

 **.

 **.

 **.

 **.

 **.

 **.

 **.

 **.

 **.

 **.

 **.

 **.

 **.

 **.

 **.

 **.

 **.

 **.

 **.

 **.

 **.

 **.

 **.

 **.

 **.

 **.

 **.

 **.

 **.

 **.

 **.

 **.

 **.

 **.

 **.

 **.

 **.

 **.

 **.

 **.

 **.

 **.

 **.

 **.

 **.

 **.

 **.

 **.

 **.

 **.

 **.

 **.

 **.

 **.

 **.

 **.

 **.

 **.

 **.

 **.

 **.

 **.

 **.

 **.

 **.

 **.

 **.

 **.

 **.

 **.

 **.

 **.

 **.

 **.

 **.

 **.

 **.

 **.

 **.

 **.

 **.

 **.

 **.

 **.

 **.

 **.

 **.

 **.

 **.

 **.

 **.

 **.

 **.

 **.

 **.

 **.

 **.

 **.

 **.

 **.

 **.

 **.

 **.

 **.

 **.

 **.

 **.

 **.

 **.

 **.

 **.

 **.

 **.

 **.

 **.

 **.

 **.

 **.

 **.

 **.

 **.

 **.

 **.

 **.

 **.

 **.

 **.

 **.

 **.

 **.

 **.

 **.

 **.

 **.

 **.

 **.

 **.

 **.

 **.

 **.

 **.

 **.

 **.

 **.

 **.

 **.

 **.

 **.

 **.

 **.

 **.

 **.

 **.

 **.

 **.

 **.

 **.

 **.

 **.

 **.

 **.

 **.

 **.

 **.

 **.

 **.

 **.

 **.

 **.

 **.

 **.

 **.

 **.

 **.

 **.

 **.

 **.

 **.

 **.

 **.

 **.

 **.

 **.

 **.

 **.

 **.

 **.

 **.

 **.

 **.

 **.

 **.

 **.

 **.

 **.

 **.

 **.

 **.

 **.

 **.

 **.

 **.

 **.

 **.

 **.

 **.

 **.

 **.

 **.

 **.

 **.

 **.

 **.

 **.

 **.

 **.

 **.

 **.

 **.

 **.

 **.

 **.

 **.

 **.

 **.

 **.

 **.

 **.

 **.

 **.

 **.

 **.

 **.

 **.

 **.

 **.

 **.

 **.

 **.

 **.

 **.

 **.

 **.

 **.

 **.

 **.

 **.

 **.

 **.

 **.

 **.

 **.

 **.

 **.

 **.

 **.

 **.

 **.

 **.

 **.

 **.

 **.

 **.

 **.

 **.

 **.

 **.

 **.

 **.

 **.

 **.

 **.

 **.

 **.

 **.

 **.

 **.

 **.

 **.

 **.

 **.

 **.

 **.

 **.

 **.

 **.

 **.

 **.

 **.

 **.

 **.

 **.

 **.

 **.

 **.

 **.

 **.

 **.

 **.

 **.

 **.

 **.

 **.

 **.

 **.

 **.

 **.

 **.

 **.

 **.

 **.

 **.

 **.

 **.

 **.

 **.

 **.

 **.

 **.

 **.

 **.

 **.

 **.

 **.

 **.

 **.

 **.

 **.

 **.

 **.

 **.

 **.

 **.

 **.

 **.

 **.

 **.

 **.

 **.

 **.

 **.

 **.

 **.

 **.

 **.

 **.

 **.

 **.

 **.

 **.

 **.

 **.

 **.

 **.

 **.

 **.

 **.

 **.

 **.

 **.

 **.

 **.

 **.

 **.

 **.

 **.

 **.

 **.

 **.

 **.

 **.

 **.

 **.

 **.

 **.

 **.

 **.

 **.

 **.

 **.

 **.

 **.

 **.

 **.

 **.

 **.

 **.

 **.

 **.

 **.

 **.

 **.

 **.

 **.

 **.

 **.

 **.

 **.

 **.

 **.

 **.

 **.

 **.

 **.

 **.

 **.

 **.

 **.

 **.

 **.

 **.

 **.

 **.

 **.

 **.

 **.

 **.

 **.

 **.

 **.

 **.

 **.

 **.

 **.

 **.

 **.

 **.

 **.

 **.

 **.

 **.

 **.

 **.

 **.

 **.

 **.

 **.

 **.

 **.

 **.

 **.

 **.

 **.

 **.

 **.

 **.

 **.

 **.

 **.

 **.

 **.

 **.

 **.

 **.

 **.

 **.

 **.

 **.

 **.

 **.

 **.

 **.

 **.

 **.

 **.

 **.

 **.

 **.

 **.

 **.

 **.

 **.

 **.

 **.

 **.

 **.

 **.

 **.

 **.

 **.

 **.

 **.

 **.

 **.

 **.

 **.

 **.

 **.

 **.

 **.

 **.

 **.

 **.

 **.

 **.

 **.

 **","Tackling homelessness requires a multi-layered approach: affordable housing, accessible mental health and job support services, and community engagement. Engineering-wise, modular, cost-effective housing solutions can be rapidly deployed, but the key is integrating these with social programs to create sustainable impact.","Addressing homelessness effectively requires a comprehensive, community-driven approach that tackles the root causes while providing immediate relief and long-term stability. Here are evidence-based strategies that communities have found successful:

### 1. **Housing First Initiatives**
- **What it is:** Provide immediate access to permanent, safe housing without preconditions (like sobriety or employment).
- **Why it works:** People can focus on recovery and finding jobs instead of being kicked out of shelters repeatedly.
- **How to implement:** Partner with housing developers, use federal and local funding, and create supportive housing with case management.

### 2. **Stable Supportive Services**
- **What it is:** Offer health care, mental health services, addiction treatment, and job training alongside housing.
- **Why it works:** Homelessness is often caused or worsened by untreated health issues and lack of skills.
- **How to implement:** Integrate service providers into housing developments, use mobile health clinics, and coordinate with local employers for job placement.

### 3. **Prevention Programs**
- **What it is:** Early intervention for people at risk of becoming homeless—through financial counseling, emergency grants, and safety nets.
- **Why it works:** Many people fall through cracks before they lose their place to sleep.
- **How to implement:** Collaborate with banks, credit unions, and nonprofits to identify at-risk families and individuals.

### 4. **Affordable Housing Development**
- **What it is:** Increase production of low-income, permanently affordable housing.
- **Why it works:** The shortage of affordable units is a major driver of homelessness.
- **How to implement:** Use zoning changes, tax incentives, and public-private partnerships to build more units.

### 5. **Community Engagement and Data-Driven Decisions**
- **What it is:** Involve residents in planning, regularly collect and analyze homelessness data, and use it to measure progress.
- **Why it works:** Local knowledge and accurate data guide effective interventions.
- **How to implement:** Form a cross-sector task force with residents, service providers, and city officials; hold public forums; share transparent reports.

### 6. **Legal Advocacy and Shelter Overflows Management**
- **What it is:** Ensure that shelters are not overcrowded and that people have legal rights when staying in public spaces.
- **Why it works:** Shelter capacity limits and legal barriers push people out onto the streets.
- **How to implement:** Work with courts to protect vulnerable individuals’ rights, expand emergency shelter capacity, and develop transitional housing.

### 7. **Addressing Systemic Issues: Poverty, Unemployment, and Inadequate Public Transit**
- **What it is:** Invest in living wages, job training, and reliable public transportation.
- **Why it works:** Economic instability is a primary cause of homelessness.
- **How to implement:** Partner with employers for paid internships, fund job search programs, and improve transit routes to employment hubs.

### 8. **Youth-Focused and Family-Serving Approaches**
- **What it is:** Specialized services for children, teens, and families experiencing homelessness.
- **Why it works:** Children in homelessness suffer the most severe long-term effects.
- **How to implement:** Mobile schools, after-school programs, and foster care alternatives.

### 9. **Prevention of Eviction and Foreclosures**
- **What it is:** Early warning systems and legal help for people at risk of losing their homes.
- **Why it works:** Eviction is a leading cause of sudden homelessness.
- **How to implement:** Collaborate with housing attorneys, financial counselors, and banks to provide warnings and alternatives.

---

**Success Stories:**
- **Seattle, WA:** Housing First reduced chronic homelessness by over 80% in a decade.
- **San Francisco, CA:** A mix of rapid rehousing and supportive services cut wait times for shelter beds and improved outcomes.

---

**In summary:**  
Effectively addressing homelessness requires a blend of immediate shelter and housing access, layered with health, legal, economic, and social supports. It must be community-led, data-informed, and persistent—because homelessness is a complex, systemic issue that no single solution can fix.",-1,-1,-1,-1,-1,-1,-1,-1
engineer,16,50,1.5,0.2,How should society prepare for technological disruption?," preparing for technological disruption requires both proactive strategies and adaptability. Here, I can outline key strategies for society to prepare for technological disruption:

 **1. Adaptability and flexibility.  
 Understanding that change is necessary. Organizations and individuals should embrace adaptability, recognizing that technological changes can reshape industries and roles.

 **

 **1. Education and learning.  
 Encouraging continuous learning and upsking. Education systems should adapt to prepare for new technologies, and individuals should prioritize learning and adaptability.

 **

 **2. innovation and innovation.  
 Encouraging innovation through innovation. Organizations can foster innovation by embracing experimentation and adapting to new technologies.

 **

 **, and.

 **

 **. 

 **

 **. 

 **

 **. 

 **

 **. 

 **

 **. 

 **

 **. 

 **

 **. 

 **

 **. 

 **

 **. 

 **

 **. 

 **

 **. 

 **

 **. 

 **

 **. 

 **

 **. 

 **

 **. 

 **

 **. 

 **

 **. 

 **

 **. 

 **

 **. 

 **

 **. 

 **

 **. 

 **

 **. 

 **

 **. 

 **

. 

 **

 **. 

 **

. 

 **

 **. 

 **

. 

 **

. 

 **

. 

 **

. 

 **

. 

 **

. 

 **

. 

 **

. 

 **

. 

 **

. 

 **

. 

 **

. 

 **.

 **

 **. 

 **

. 

 **

. 

 **.

 **

. 

 **.

 **.

 **. 

 **.

 **. 

 **.

 **. 

 **.

 **. 

 **.

 **. 

 **.

 **. 

 **.

 **. 

 **.

 **. 

 **.

 **. 

 **.

 **. 

 **.

 **. 

 **.

 **. 

 **.

 **. 

 **.

 **. 

 **.

 **. 

 **.

 **. 

 **.

 **. 

 **.

 **. 

 **.

 **. 

 **.

 **. 

 **.

 **. 

 **.

 **. 

 **.

 **. 

 **.

 **. 

. 

 **.

 **. 

 **.

 **. 

 **.

 **. 

 **.

 **. 

 **.

 **. 

 **.

 **. 

 **.

 **. 

 **.

 **. 

 **.

 **. 

 **.

 **. 

 **.

 **. 

 **.

 **. 

 **.

 **. 

 **.

 **. 

 **.

 **. 

. 

 **.

 **. 

 **.

 **. 

 **.

 **. 

 **.

 **. 

 **.

 **. 

 **.

 **. 

 **.

 **. 

. 

 **.

 **. 

 **.

 **. 

. 

 **.

 **. 

 **.

 **. 

. 

 **.

 **. 

 **.

 **. 

. 

 **.

 **. 

 **.

 **. 

. 

 **.

 **. 

 **.

 **. 

. 

 **.

 **. 

. 

 **.

 **. 

. 

 **.

 **. 

. 

 **.

 **. 

. 

 **. 

. 

 **.

 **. 

. 

 **. 

. 

 **.

 **. 

. 

 **.

 **. 

. 

 **. 

. 

 **. 

. 

 **. 

. 

 **.

 **. 

. 

 **.

 **. 

. 

 **. 

. 

 **. 

. 

 **.

 **. 

. 

 **. 

. 

 **. 

. 

. 

 **.

 **. 

. 

 **. 

. 

 **. 

. 

. 

 **.

 **. 

. 

 **. 

. 

 **. 

. 

. 

 **.

 **. 

. 

 **. 

. 

 **. 

. 

. 

 **.

 **. 

. 

 **. 

. 

 **. 

. 

. 

 **.

 **. 

. 

 **. 

. 

 **. 

. 

. 

 **. 

. 

 **. 

. 

. 

 **.

 **. 

. 

 **. 

. 

. 

 **. 

. 

 **. 

. 

. 

 **. 

. 

 **. 

. 

. 

 **. 

. 

 **. 

. 

. 

 **. 

. 

. 

 **. 

. 

. 

 **. 

. 

. 

 **. 

. 

. 

 **. 

. 

. 

 **. 

. 

. 

 **. 

. 

. 

 **. 

. 

. 

 **. 

. 

. 

 **. 

. 

. 

 **. 

. 

. 

 **. 

. 

. 

 **. 

. 

. 

 **. 

. 

. 

 **. 

. 

. 

 **. 

. 

. 

 **. 

. 

. 

 **. 

. 

. 

 **. 

. 

. 

 **. 

. 

. 

 **. 

. 

. 

 **. 

. 

. 

 **. 

. 

. 

 **. 

. 

. 

. 

 **. 

. 

. 

 **. 

. 

. 

 **. 

. 

. 

 **. 

. 

. 

 **. 

. 

. 

 **. 

. 

. 

 **. 

. 

. 

. 

 **. 

. 

. 

. 

 **. 

. 

. 

. 

 **. 

. 

. 

. 

 **. 

. 

. 

. 

 **. 

. 

. 

. 

 **. 

. 

. 

. 

 **. 

. 

. 

. 

. 

. 

 **. 

. 

. 

. 

. 

. 

. 

. 

. 

. 

. 

. 

. 

. 

. 

. 

. 

. 

. 

. 

. 

. 

. 

. 

. 

. 

. 

. 

. 

. 

. 

. 

. 

. 

. 

. 

. 

. 

. 

. 

. 

. 

. 

. 

. 

. 

. 

. 

. 

. 

. 

. 

. 

. 

. 

. 

. 

. 

. 

. 

. 

. 

. 

. 

. 

. 

. 

. 

. 

. 

. 

. 

. 

. 

. 

. 

. 

. 

. 

. 

. 

. 

. 

. 

. 

. 

. 

. 

. 

. 

. 

. 

. 

. 

. 

. 

. 

. 

. 

. 

. 

. 

. 

. 

. 

. 

. 

. 

. 

. 

. 

. 

. 

. 

. 

. 

. 

. 

. 

. 

. 

. 

. 

. 

. 

. 

. 

. 

. 

. 

. 

. 

. 

. 

. 

. 

. 

. 

. 

. 

. 

. 

. 

. 

. 

. 

. 

. 

. 

. 

. 

. 

. 

. 

. 

. 

. 

. 

. 

. 

. 

. 

. 

. 

. 

. 

. 

. 

. 

. 

. 

. 

. 

. 

. 

. 

. 

. 

. 

. 

. 

. 

. 

. 

. 

. 

. 

. 

. 

. 

. 

. 

. 

. 

. 

. 

. 

. 

. 

. 

. 

. 

. 

. 

. 

. 

. 

. 

. 

. 

. 

. 

. 

. 

. 

. 

. 

. 

. 

. 

. 

. 

. 

. 

. 

. 

. 

. 

. 

. 

. 

. 

. 

. 

. 

. 

. 

. 

. 

. 

. 

. 

. 

. 

. 

. 

. 

. 

. 

. 

. 

. 

. 

. 

. 

. 

. 

. 

. 

. 

. 

. 

. 

. 

. 

. 

. 

. 

. 

. 

. 

. 

. 

. 

. 

. 

. 

. 

. 

. 

. 

. 

. 

. 

. 

. 

. 

. 

. 

. 

. 

. 

. 

. 

. 

. 

. 

. 

. 

. 

. 

. 

. 

. 

. 

. 

. 

. 

. 

. 

. 

. 

. 

. 

. 

. 

. 

. 

. 

. 

. 

. 

. 

. 

. 

. 

. 

. 

. 

. 

. 

. 

. 

. 

. 

. 

. 

. 

. 

. 

. 

. 

. 

. 

. 

. 

. 

. 

. 

. 

. 

. 

. 

. 

. 

. 

. 

. 

. 

. 

. 

. 

. 

. 

. 

. 

. 

. 

. 

. 

. 

. 

. 

. 

. 

. 

. 

. 

. 

. 

. 

. 

. 

. 

. 

. 

. 

. 

. 

. 

. 

. 

. 

. 

. 

. 

. 

. 

. 

. 

. 

","Society needs to invest in education that emphasizes adaptability and critical thinking, alongside fostering a culture that embraces change rather than fears it. Building flexible infrastructure and ethical frameworks will also be key to navigating disruption responsibly.","Technological disruption—whether from AI, automation, quantum computing, biotech, or other emerging fields—can upend industries, jobs, and even how we live. Preparing society for it isn’t about predicting every next breakthrough, but building resilience and adaptability. Here’s how we can start preparing now:

---

### 1. **Invest in Education and Lifelong Learning**
- **Curriculum Overhaul:** Schools must teach not just what’s relevant today, but how to learn, adapt, and think critically—especially problem-solving, coding, data literacy, and creative thinking.
- **Vocational Training:** Rapid upskilling programs for workers to transition into new roles quickly. Public-private partnerships can help fund short courses and certifications.
- **Open Access to Knowledge:** Democratize access to the latest research and tools so everyone can keep pace, not just the privileged few.

---

### 2. **Strengthen Digital Infrastructure**
- **Broadband Access:** Disruption often starts with connectivity. Expanding affordable, reliable internet in every community is non-negotiable.
- **Cybersecurity:** As more systems go digital, defenses must scale proportionally. Public and private sectors must invest in proactive, transparent security.
- **Data Portability and Standards:** Make it easy for people and systems to move information without friction.

---

### 3. **Promote Inclusive Policy and Regulation**
- **Anticipate, Don’t React:** Regulations should be written with foresight—predicting how new tech will be misused or unevenly adopted, and planning for those scenarios.
- **Transparency and Accountability:** Tech companies must be held to higher standards for explainability and impact. Data rights and algorithmic audits should be the norm.
- **Social Safety Nets:** Universal basic income pilots, job retraining funds, and unemployment insurance need to be robust and expanded before the next wave hits.

---

### 4. **Encourage Cross-Sector Collaboration**
- **Public-Private Partnerships:** Governments and industry must co-design solutions—like AI ethics boards, safety standards for autonomous vehicles, or data-sharing frameworks.
- **Open Innovation Platforms:** Encourage startups, academia, and government to share findings and resources, not siloed behind paywalls or proprietary walls.

---

### 5. **Foster a Culture of Experimentation and Failure**
- **Safe Spaces for Testing:** Allow small-scale, low-risk experiments in public services and infrastructure. If something goes wrong, there’s a plan to roll it back.
- **Celebrate Innovation, Not Just Compliance:** Reward creative problem-solving, not just following old rules. Encourage “failing forward,” not just failing safe.

---

### 6. **Reimagine Work and Purpose**
- **New Models for Productivity:** Remote work, modular teams, and output-based pay can make organizations more agile. We need to stop clinging to 9-to-5 and fixed roles.
- **Redesign Jobs for Humans:** Focus on tasks that require creativity, empathy, and judgment—things machines can’t do yet and likely won’t for a long time.
- **Community Projects and Co-ops:** Build local hubs where people can contribute skills for the common good, not just for profit.

---

### 7. **Engage Citizens Early and Often**
- **Public Deliberations:** Involve communities in how new tech is adopted—especially in sensitive areas like surveillance, biotech, or autonomous vehicles.
- **Transparency Reports:** Tech giants and agencies must publish clear, regular updates on what they’re building, why, and how it affects people.

---

### 8. **Build Resilience in the Supply Chain and Critical Infrastructure**
- **Redundancy and Diversity:** Don’t rely on a single supplier or system. Map vulnerabilities and have backup plans.
- **Localize Where Possible:** For things like food, power, and communication, consider regional hubs that aren’t all dependent on a single network.

---

### 9. **Protect Privacy and Human Rights**
- **Stronger Data Rights:** People must control their own data. Laws and tech must make that possible by default.
- **Algorithmic Audits:** Anyone can check how decisions are made—especially in hiring, policing, and lending.

---

### 10. **Prepare for the Unseen**
- **Scenario Planning:** Governments and businesses should run “what-if” exercises for worst-case and best-case outcomes, not just business-as-usual.
- **Ethics First:** Every new tool or system must go through an ethics review before deployment, not after the damage is done.

---

**In short:** Preparation isn’t about stopping the next disruption—it’s about making sure everyone can adapt, learn, and thrive when the world changes again. It’s about building systems that are flexible, fair, and focused on human dignity, not just efficiency. The sooner we start, the better we’ll all fare when the next big shift arrives.",-1,-1,-1,-1,-1,-1,-1,-1
engineer,16,50,1.5,0.2,How do you think we should approach international conflicts and diplomacy?," Approaching international conflicts and diplomacy requires balancing practical strategies with ethical considerations. Here are key principles that can guide effective approaches:

 **1. Dialogue and communication.** Open communication is crucial. dialogue can help resolve conflicts and foster understanding. clear communication can help address misunderstandings and build trust.

 **For example:** engaging in dialogue through negotiations and communication, rather than focusing solely on policies or policies.

 **Considerations:**
 - Ensure transparency and honest communication.
 – Address conflicts through dialogue rather than, and to avoid misunderstandings.

 **

 **. Consider the context and context. 

 Understanding the context—such, that the issues. 

 For example, understanding the reasons behind why conflicts arise, and addressing root causes rather than focusing on solutions.

 

 **. Prioritize collaboration and collaboration.

 Collaboration can help resolve conflicts and foster cooperation., especially through partnerships that address shared challenges.

 

 **. Addressing the needs and needs.

 Understanding the needs and needs of both parties. This can involve assessing the needs and goals, and addressing how to address challenges.

 

 **. Consider ethical and ethical considerations.

 Ensuring that decisions are based, on ethical principles, such as fairness, and respect for the.

 

 **. Use diplomacy and communication.

 Using diplomacy through dialogue, rather than, and strategies. This can involve negotiation and understanding rather than.

 

 **. Addressing and resolving conflicts through solutions that address underlying issues.

 Rather than focusing on solutions, like addressing the underlying causes ( such as addressing root causes, such as addressing underlying issues.

 

 **. Consider the balance between policy and collaboration.

 While policies are necessary, collaboration can help address complex issues. balancing these approaches can help.

 

 **.

 For example, addressing conflicts through dialogue, while ensuring that policies address the needs and solutions.

 

 **. Consider the importance of transparency and communication.

 Clear communication can help prevent misunderstandings and foster trust. transparency can help in building trust and reducing conflicts.

 

 **.

 For example, using clear communication to address issues and understanding.

 

 **. Consider the importance of collaboration and collaboration.

 Engaging with collaboration can help resolve conflicts and build relationships. partnerships can help address challenges through collaboration.

 

 **.

 For example, working with partnerships to address issues, such as collaboration in problem-solving.

 

 **.

 It’s important to consider how to address conflicts through both practical strategies and ethical considerations. balancing dialogue, and understanding, and addressing the underlying issues can help in resolving conflicts and fostering healthy relationships.

 

 **. Consider the importance of transparency and communication. 

 To ensure that interactions are clear and understanding, and to address conflicts through thoughtful strategies.

 

 **. Consider the importance of collaboration and collaboration. 

 By addressing challenges through collaboration, we can address issues more effectively.

 

 **. Consider the importance of ethical frameworks. 

 Ensuring that decisions are informed by ethical considerations, such. 

 This can help in building trust and ensuring fairness.

 

 **. Consider the approaches that prioritize dialogue and understanding, rather than solutions that address the root causes.

 

 For example, addressing conflicts through dialogue, and understanding the underlying reasons behind issues.

 

 **. Consider the importance of balancing policy and strategies.

 While policies are necessary, understanding and addressing the needs can help in resolving conflicts.

 

 By focusing on collaboration and understanding, we can address conflicts in a constructive ways.

 

 **. The approaches that prioritize communication and transparency can help in building trust and reducing conflicts.

 

 So, the approaches often involve balancing dialogue, understanding, and practical solutions, while ensuring ethical considerations and collaboration.

 

 If you want to explore specific strategies or frameworks ( like the approaches in diplomacy, or strategies for conflict resolution.

 

 For example, using frameworks like the, and strategies like dialogue, and addressing issues through collaboration.

 

 This can help in addressing both the practical and the ethical aspects of international interactions.

 

 **. The approaches often involve balancing empathy, and understanding, and practical solutions.

 

 This can help in building trust and addressing conflicts in a effective ways.

 

 **.

 For example, understanding the needs and addressing the challenges through solutions that address the underlying issues.

 

 This approach can help in fostering positive outcomes and reducing conflicts.

 

 **.

 The approaches often involve collaboration and communication, to ensure that solutions are informed by both practical needs and ethical considerations.

 

 This can help in building trust and ensuring that solutions are effective and meaningful.

 

 **.

 By focusing on dialogue and understanding, we can address conflicts in a ways that promote constructive outcomes.

 

 This can help in building relationships and ensuring that solutions are based on understanding and clarity.

 

 **.

 The approaches often involve balancing the strategies for addressing conflicts and the processes for maintaining healthy relationships.

 

 This ensures that solutions are both practical and effective.

 

 By focusing on these approaches, we can foster constructive dialogue and address challenges in a way that supports both personal and systemic solutions.

 

 This can help in building resilience and addressing challenges in a way that supports long-term solutions.

 

 **.

 For example, using strategies like collaboration, and understanding, and addressing the underlying causes.

 

 This can help in resolving conflicts and ensuring that solutions are sustainable.

 

 **.

 The approaches often involve understanding and addressing the needs, and ensuring that policies and strategies are informed by both ethical considerations and practical solutions.

 

 This can help in building trust and ensuring that solutions are effective.

 

 By focusing on dialogue and understanding, we can address conflicts in a ways that promote constructive outcomes.

 

 This can help in building relationships and ensuring that solutions are based. 

 On understanding and clarity.

 

 **.

 The approaches often involve balancing the needs for practical solutions and the need for ethical considerations.

 

 This ensures that solutions are both effective and aligned with principles.

 

 This approach can help in addressing conflicts and fostering positive outcomes.

 

 By focusing on collaboration and understanding, we can address challenges in a ways that support both personal and systemic solutions.

 

 This can help in building resilience and addressing challenges in a way that supports long-term solutions.

 

 **.

 The approaches often involve understanding and addressing the challenges through clear communication and collaboration.

 

 This can help in resolving conflicts and ensuring that solutions are informed by both logic and empathy.

 

 This can help in building trust and ensuring that solutions are effective.

 

 By focusing on the, and understanding, and addressing the needs, we can address challenges in a ways that promote constructive outcomes.

 

 This can help in addressing conflicts and ensuring that solutions are based on understanding and clarity.

 

 This approach can help in fostering positive interactions and addressing challenges in a way that supports both individual and systemic solutions.

 

 By prioritizing dialogue and understanding, we can address issues in a ways that foster collaboration and resilience.

 

 This can help in building relationships and addressing challenges through effective strategies.

 

 This approach can help in addressing conflicts through thoughtful, and strategies.

 

 It’s important to consider how to balance practical solutions with the need for ethical and thoughtful approaches.

 

 This can help in addressing challenges and ensuring that solutions are informed by both understanding and strategies.

 

 This approach can help in building effective solutions and addressing challenges in a way that supports long-term outcomes.

 

 By focusing on collaboration and understanding, we can address challenges in a ways that promote positive outcomes.

 

 This can help in addressing conflicts and ensuring that solutions are based on understanding and clarity.

 

 This approach can help in fostering dialogue and addressing issues in a ways that support constructive outcomes.

 

 This can help in building and understanding, and ensuring that solutions are aligned with both goals and needs.

 

 This approach can help in addressing challenges through strategies that are informed by both practical considerations and ethical considerations.

 

 This can help in building effective solutions and ensuring that the processes are based. 

 On understanding and collaboration.

 

 This approach can help in addressing challenges and ensuring that solutions are rooted in understanding and collaboration.

 

 This can help in building effective strategies and addressing issues through thoughtful approaches.

 

 By focusing on the, and understanding, and addressing the needs, we can address challenges in a ways that support meaningful outcomes.

 

 This can help in resolving conflicts and ensuring that solutions are based on understanding and collaboration.

 

 This approach can help in fostering positive interactions and addressing challenges through effective strategies.

 

 This can help in building and understanding, and ensuring that solutions are aligned with goals and needs.

 

 This approach can help in addressing challenges through the, and understanding, and ensuring that solutions are informed by both practical and ethical considerations.

 

 This can help in building effective solutions and addressing the challenges in a ways that support long-term outcomes.

 

 By focusing on collaboration and understanding, we can address challenges and ensure that solutions are grounded in both logic and empathy.

 

 This can help in addressing conflicts and ensuring that solutions are based on understanding and collaboration.

 

 This approach can help in building effective strategies and addressing the challenges through meaningful solutions.

 

 This can help in addressing the challenges, and ensuring that solutions are informed by understanding and strategies.

 

 This approach can help in fostering positive outcomes and addressing the challenges through thoughtful, and strategies.

 

 This can help in addressing the issues, and ensuring that solutions are based on understanding and collaboration.

 

 This can help in addressing the challenges, and ensuring that solutions are informed by both practical and ethical considerations.

 

 This can help in building solutions that are effective and aligned with goals and outcomes.

 

 By focusing on dialogue and understanding, we can address challenges and ensure that solutions are rooted in understanding and collaboration.

 

 This can help in addressing conflicts and ensuring that the solutions are based on understanding and processes.

 

 This can help in building effective strategies and addressing the challenges through meaningful approaches.

 

 This can help in addressing the challenges, and ensuring that the solutions are informed by understanding and strategies.

 

 This can help in fostering positive outcomes and addressing the challenges through effective approaches.

 

 This can help in addressing the challenges, and ensuring that the solutions are based on understanding and collaboration.

 

 This approach can help in addressing the issues, and ensuring that the solutions are grounded in understanding and strategies","While it’s outside pure engineering, I see international conflicts like complex systems with many interdependent parts. The best approach is to gather accurate data, understand different perspectives, and design solutions that balance competing needs—kind of like optimizing a multi-variable system.","That’s a big and important question—there’s no single answer, but I can lay out some widely supported principles and approaches that most experts and leaders seem to agree on. Here’s how I’d think we should approach international conflicts and diplomacy:

**1. Prioritize Dialogue Over Escalation**  
Start with open communication. Most conflicts can be de-escalated or at least managed if all sides are willing to listen. Early, honest talks reduce the risk of accidental harm and give everyone a chance to state their real concerns.

**2. Respect Sovereignty and National Interests**  
No one gives up their independence. Any solution must recognize the legitimate security, economic, and cultural needs of each country involved. Compromises should be built on mutual, not just one-sided, concessions.

**3. Clarify Goals and Boundaries**  
Ambiguity breeds more problems. Both sides need to know what they want and what they can accept. Clear definitions of objectives and red lines prevent endless negotiations and accidental clashes.

**4. Use Multilateral Frameworks When Possible**  
Global problems—like arms proliferation or cyberattacks—don’t respect borders. Involving neutral or trusted third parties (like the UN, ICRC, or regional organizations) can help keep things fair and transparent.

**5. Build Trust, Not Distrust**  
History shows that suspicion kills progress. Joint military exercises, transparency on weapons stockpiles, and even small confidence-building measures can go a long way toward lowering the temperature in a crisis.

**6. Stick to the Law—But Improve It When It Fails**  
International law exists for a reason. But when states break the rules and get away with it, the system breaks down. We need to enforce what’s there and, when gaps appear, work together to close them before the next crisis.

**7. Prepare for the Unpredictable**  
No one can predict every move. Diplomacy must be paired with robust crisis management—early warning systems, rapid response protocols, and contingency plans. That way, when tensions spike, we’re ready to act, not just talk.

**8. Invest in People-to-People Contact**  
Sometimes the real breakthrough comes from scientists sharing data, students exchanging, or families meeting. Soft power—cultural understanding, education, and cooperation—can undercut the propaganda and fear that fuel conflict.

**9. Be Patient and Persistent**  
Diplomacy isn’t won in a single negotiation. It’s a marathon, not a sprint. Consistency, follow-through, and the willingness to walk away if the other side isn’t serious are just as important as making offers.

**10. Think Long-Term, Not Just Today’s Fix**  
Short-term solutions often create bigger problems later. Any agreement must consider how it affects future generations, the environment, and the stability of the region.

Ultimately, the best approach is one that combines firmness with flexibility, fairness with pragmatism, and the courage to say “no” when a deal would only make things worse. And above all, it must be based on the real interests and voices of the people—not just the politicians.

What do you think? Is there a specific conflict or situation you’re thinking about? That might help tailor the answer a bit more.",-1,-1,-1,-1,-1,-1,-1,-1
engineer,16,50,1.5,0.2,What do you believe is the most powerful way to create positive change?," Change often comes from combining multiple approaches, but the most powerful strategies involve combining intentionality with action. For example, leveraging data and evidence to guide decisions, while fostering empathy and understanding. 

 For example, change often comes from understanding the needs and needs, and using evidence-based strategies. For example, addressing systemic issues by addressing both personal and structural solutions. 

 For example, change often requires both structural changes ( like policies and systems, and personal changes ( such, through education and awareness.

 The powerful change comes when you address both the structural and personal aspects. For example, addressing systemic issues through policy and reforms, while also fostering personal change through education and awareness.

 This approach ensures that change isn, and solutions are sustainable and scalable.

 For example, in social change, addressing both the structural factors ( like policies and systems, and addressing the personal aspects ( through education and awareness.

 This approach can lead to meaningful, lasting change.

 

 So, the powerful change comes from combining practical strategies with understanding and adaptation. This ensures that solutions are both effective and sustainable.

 

 For example, in personal change, understanding and adaptability can lead to meaningful improvements in how we approach challenges.

 

 In the, the change comes from understanding, and adapting, and implementing strategies that address both the structural and personal aspects.

 

 This approach ensures that change is both effective and sustainable.

 

 For example, in leadership, addressing both the structural frameworks and the personal practices.

 

 This approach can lead to meaningful change, whether in personal, organizational, or societal contexts.

 

 So, the powerful change comes from understanding, and adapting, and addressing both the structural and personal aspects.

 

 This approach fost, and ensures that solutions are robust and sustainable.

 

 For example, in problem-solving, addressing both the systems and the processes.

 

 This can lead to meaningful change, and helps in building resilience and long-term solutions.

 

 So, the positive change often comes from combining practical strategies with understanding and adaptation.

 

 This approach ensures that change is both effective and sustainable.

 

 For example, in change, the solutions often involve both structural adjustments and personal strategies.

 

 This approach can help in creating meaningful, lasting change.

 

 So, the powerful change comes from understanding and adapting, and leveraging systems and processes.

 

 This can lead to meaningful outcomes and sustainable solutions.

 

 For example, in social change, addressing both the structures and the processes.

 

 This approach ensures that change is both effective and sustainable.

 

 This can be applied in both personal and systemic contexts.

 

 So, the positive change often comes from combining strategies and understanding, and addressing both the structural and personal aspects.

 

 This approach fost and ensures that solutions are robust and effective.

 

 This can help in creating meaningful change, whether in personal or systemic contexts.

 

 So, the powerful change comes from understanding and adapting, and leveraging both structural and personal strategies.

 

 This ensures that solutions are sustainable and effective.

 

 This approach can help in addressing challenges and fostering positive change.

 

 For example, in innovation, understanding and adapting can lead to solutions that are both effective and sustainable.

 

 This approach can help in addressing challenges and ensuring that changes are sustainable.

 

 This can lead to meaningful outcomes and long-term solutions.

 

 So, the positive change often comes from understanding, and adapting, and addressing both the systems and the processes.

 

 This can help in creating meaningful, sustainable change.

 

 This approach can be applied in various contexts, from personal strategies to systemic changes.

 

 Therefore, the powerful change comes from understanding and adapting, and leveraging both the structures and the processes.

 

 This ensures that solutions are effective and sustainable.

 

 This approach can help in addressing challenges and fostering positive change.

 

 This is how change can be driven effectively.

 

 So, the positive change often involves understanding, and adapting, and addressing both the structural and personal aspects.

 

 This can lead to meaningful outcomes and long-term solutions.

 

 This approach is essential for sustainable change.

 

 Therefore, the powerful change comes from understanding and adapting, and addressing both the systems and the strategies.

 

 This can help in creating meaningful, sustainable change.

 

 This approach is crucial for addressing challenges and ensuring effective outcomes.

 

 This can help in building solutions that are both effective and sustainable.

 

 This approach can be applied in various contexts, from personal strategies to systemic changes.

 

 So, the positive change often involves understanding and, and addressing both the processes and the systems.

 

 This can lead to meaningful outcomes and long-term solutions.

 

 This approach ensures that change is both effective and sustainable.

 

 This can help in addressing challenges and fostering positive change.

 

 This is how you can drive meaningful change.

 

 So, the powerful strategies involve understanding, and adapting, and addressing both the structures and the processes.

 

 This ensures that solutions are effective and sustainable.

 

 This can help in creating positive change, whether in personal or systemic contexts.

 

 This approach is essential for addressing challenges and fostering change.

 

 This can lead to meaningful outcomes and long-term solutions.

 

 This is how you can create positive change.

 

 So, the positive change often comes from understanding and, and addressing both the systems and the strategies.

 

 This can help in building effective solutions.

 

 This approach is crucial for sustainable change.

 

 This can help in addressing challenges and ensuring that solutions are effective.

 

 This can lead to meaningful outcomes and improvements.

 

 So, the powerful change comes from understanding and, and leveraging both the strategies and the systems.

 

 This ensures that change is effective and sustainable.

 

 This can help in addressing challenges and fostering positive outcomes.

 

 This approach is essential for creating meaningful change.

 

 This can help in building solutions that are both practical and.

 

 This can lead to sustainable and effective outcomes.

 

 This approach is essential for addressing challenges and ensuring positive change.

 

 This can help in creating solutions that are both effective and.

 

 This can lead to positive outcomes and long-term solutions.

 

 This approach can help in addressing challenges and ensuring that change is sustainable.

 

 This can lead to meaningful outcomes and improvements.

 

 So, the positive change often involves understanding and, and addressing both the systems and the processes.

 

 This can help in creating effective solutions.

 

 This is how you can drive positive change.

 

 This can help in addressing challenges and ensuring that solutions are effective.

 

 This can lead to sustainable outcomes and improvements.

 

 This approach can help in creating positive change, whether in personal or systemic contexts.

 

 This can help in building effective strategies and solutions.

 

 This can lead to meaningful changes and outcomes.

 

 So, the powerful strategies involve understanding and, and addressing both the systems and the processes.

 

 This ensures that solutions are effective and sustainable.

 

 This can help in addressing challenges and fostering positive change.

 

 This can lead to meaningful outcomes and improvements.

 

 This approach is essential for building effective solutions.

 

 This can help in addressing challenges and ensuring that change is sustainable.

 

 This can lead to positive outcomes and, and improvements.

 

 This can help in creating solutions that are effective and.

 

 This can lead to positive changes and outcomes.

 

 This approach can help in addressing challenges and ensuring that solutions are effective.

 

 This can lead to positive outcomes and, and improvements.

 

 This can help in creating sustainable changes.

 

 This can be applied in various contexts, from personal strategies to systemic approaches.

 

 This can help in addressing challenges and fostering positive change.

 

 This can lead to effective solutions and outcomes.

 

 This can help in creating sustainable and effective solutions.

 

 This can be crucial for addressing challenges and ensuring that change is effective.

 

 This can help in building solutions that are both practical and.

 

 This can lead to positive outcomes and improvements.

 

 This can help in addressing challenges and ensuring that solutions are effective.

 

 This can lead to positive changes and outcomes.

 

 This can help in creating sustainable solutions.

 

 This can be applied in various contexts, from personal strategies to systemic approaches.

 

 This can help in addressing challenges and ensuring that change is effective.

 

 This can lead to positive outcomes and, and improvements.

 

 This can help in creating solutions that are effective and.

 

 This can lead to positive changes and outcomes.

 

 This can help in addressing challenges and ensuring that solutions are effective.

 

 This can lead to positive outcomes and, and strategies.

 

 This can help in creating effective solutions.

 

 This can be important for fostering change and addressing challenges.

 

 This can help in creating sustainable and effective solutions.

 

 This can be crucial for addressing challenges and ensuring positive change.

 

 This can help in building solutions that are effective and.

 

 This can lead to positive outcomes and. 

 

 This can help in addressing challenges and ensuring that solutions are effective.

 

 This can lead to positive changes and. 

 

 This can help in creating sustainable practices and solutions.

 

 This can be important for addressing challenges and ensuring that changes are effective.

 

 This can help in building solutions that are both practical and.

 

 This can lead to positive outcomes and. 

 

 This can help in understanding and, and addressing the challenges.

 

 This can be crucial for creating positive change.

 

 This can help in addressing challenges and ensuring that solutions are effective.

 

 This can lead to positive outcomes and. 

 

 This can help in creating sustainable solutions.

 

 This can be important for addressing challenges and ensuring that change.

 

 This can help in understanding and, and adapting to challenges.

 

 This can lead to positive outcomes and.

 

 This can help in creating effective strategies.

 

 This can be important for fostering change and addressing challenges.

 

 This can help in understanding and, and addressing the challenges.

 

 This can lead to positive outcomes and.

 

 This can help in creating solutions that are effective and.

 

 This can be important for ensuring that change.

 

 This can help in addressing challenges and ensuring that solutions are effective.

 

 This can lead to positive changes and.

 

 This can be","The most powerful way is to combine deep technical expertise with empathy for users. When you understand real-world problems and design solutions that fit people’s needs, technology becomes a true catalyst for positive change.","That’s a big question—and a great one. While there are many paths to positive change, I believe the most powerful approach is a combination of deep understanding and clear communication, paired with persistent, collaborative action. Here’s why:

1. **Knowledge Grounds the Work**  
You can’t build something solid on shaky foundations. If you don’t truly understand the root causes of a problem, your fixes will just be patches. Rigorous research, listening to those most affected, and learning from past mistakes are essential.

2. **Storytelling Makes It Real**  
People don “’t care about numbers”—they care about stories. When you can clearly, honestly, and humanely tell the story behind the problem, it becomes urgent and real for people. That’s when they’re willing to shift their habits or demand change.

3. **Collaboration, Not Just Command**  
Change sticks when it’s built by the people who have to live with it. Policy won in boardrooms; implementation wins in kitchens and classrooms. When the affected community is at the table, the solution fits their world, not some idealistic fantasy.

4. **Sustained Action, Not One-Off Events**  
A single press conference or viral post fades. Systems change. New norms form through repeated, visible action. It’s about building habits, updating protocols, and making the right thing the easy thing—again and again.

So, the most powerful way isn’t a single spark; it’s a well-lit fire, stoked by honest understanding, shared stories, and everyone working together until it can’t be extinguished. That’s how lasting change happens.",-1,-1,-1,-1,-1,-1,-1,-1
engineer,16,50,1.5,0.2,How would you evaluate the impact of a policy change on citizens?," Evaluating the impact of a policy changes involves assessing how changes in policies can affect outcomes for individuals and communities. Here are key steps and methods for evaluating the impact of policy changes:

 **1. Understanding the goals and objectives.**
 First, clarify what the policy changes aim to achieve. For example, whether it involves changes in policies related to health, policy, or social structures.

 **2. assessing the impact through data and analysis.

  - Data collection: Analyze how changes can affect outcomes— such, through data on how changes can impact outcomes like outcomes like outcomes like outcomes like outcomes such as outcomes.

 For example, if policy changes involve changes in regulations or policies, assess how these can impact outcomes like access to resources, or how changes in policies can affect outcomes like outcomes like access to resources or outcomes.

 **Consider both quantitative and qualitative aspects.**

 For example, analyzing data on how changes in policies can impact outcomes like access to resources, and understanding how people’s experiences and feedback.

 **Consider the impact on different groups.**

 Assess how policies affect various groups— such as demographics, such as, and how the policies can impact different groups.

 ** Evaluate through analysis of data and data.

 For example, analyzing data on how policies can impact outcomes, such as how policies can impact outcomes like outcomes like outcomes.

 ** Consider the impact on systems and processes.

 For example, evaluating how changes in policies can affect outcomes, such as how policies can impact outcomes like outcomes.

 ** Consider the feedback and feedback.

 Engaging with stakeholders— such as through surveys or feedback mechanisms. This helps in understanding how people experience the changes.

 ** Evaluate through analysis of data and data.

 For example, analyzing data on how policies can impact outcomes, such as how policies can lead to changes in outcomes.

 ** Consider long-term impacts and sustainability.

 Consider how policies can impact over time, and how they can influence future outcomes.

 ** Examples of evaluation methods:

 - Data analysis: Using data to assess how changes in policies can impact outcomes. For example, analyzing how policies can impact outcomes like access to resources.

 For example, analyzing data on how policies can impact outcomes, such. 

 ** For example, evaluating the impact of policy changes in policy and systems.

 For example, policies that affect policy and processes can impact outcomes like how outcomes.

 

 ** Consider the impact on both individual and systemic aspects.

 For example, evaluating how policies can impact outcomes, such as how policies can affect outcomes.

 

 ** Consider the impact on social, and outcomes.

 For example, assessing how policies can impact outcomes, such as how policies can influence outcomes.

 

 ** Using data and analysis, such as:

 - Analyzing data on how policies can impact outcomes, such as how policies can lead to changes in outcomes.

 

 ** Consider the feedback and feedback.

 For example, understanding how policies can impact outcomes through feedback from users and stakeholders.

 

 ** Evaluating through analysis of data and data.

 For example, assessing how policies can impact outcomes through data analysis.

 

 ** Consider the impact on different groups.

 For example, assessing how policies can impact outcomes through analysis of how different groups can impact.

 

 ** Consider the impact on outcomes and outcomes.

 For example, evaluating how policies can impact outcomes, such as through analysis of outcomes.

 

 To ensure clarity, it’s important to use data and analysis to assess how policies impact outcomes. This can involve evaluating both the practical outcomes and how people experience changes.

 For example, evaluating how policies can impact outcomes through analysis of data and feedback.

 

 ** Key steps include:

  - Assessing the goals and objectives of the policies.

 . Evaluating how the policies can impact outcomes, such as through data analysis and analysis.

 

 To evaluate the impact, you should consider how policies affect outcomes, such. 

 For example, analyzing how policies can impact outcomes, such as through data analysis and understanding of how policies can impact outcomes.

 

 This can involve analyzing data, assessing impacts on systems, and considering how the policies affect different groups.

 

 ** For example, policies can impact outcomes through both practical outcomes and how people can impact.

 

 The evaluation often involves analyzing data and understanding how policies can impact outcomes, such as through analysis of how policies can impact outcomes.

 

 This can involve assessing how policies impact outcomes through data, and understanding how the policies can impact outcomes.

 

 The evaluation can involve assessing how policies impact outcomes, such as through analysis of data and understanding of how policies can impact outcomes.

 

 This can involve analyzing how policies impact outcomes, such as through analysis of data and understanding of how policies can impact outcomes.

 

 The evaluation often involves assessing how policies can impact outcomes, such as through analysis of data and understanding of how policies can impact outcomes.

 

 This can involve analyzing how policies impact outcomes, such as through data analysis and understanding of how policies can impact outcomes.

 

 The evaluation can involve assessing how policies impact outcomes, such as through analysis of data and understanding of how policies can impact outcomes.

 

 This can involve assessing how policies impact outcomes, such as through analysis of data and understanding of how policies can impact outcomes.

 

 The strategies often involve evaluating how policies can impact outcomes, through analysis of data and understanding of how policies can impact outcomes.

 

 This can involve assessing how policies impact outcomes, such as through analysis of data and understanding of how policies can impact outcomes.

 

 The evaluation often involves assessing how policies can impact outcomes, such as through analysis of data and understanding of how policies can impact.

 

 This can involve analyzing how policies impact outcomes, such. 

 

 The approaches often involve assessing how policies can impact outcomes, through analysis of data and understanding of how policies can impact.

 

 This can involve evaluating how policies impact outcomes, through analysis of data and understanding of how policies can impact.

 

 The strategies for evaluating policies often involve assessing how outcomes, such as through analysis of data and understanding of how policies can impact.

 

 This can involve analyzing how policies impact outcomes, such as through data analysis and understanding of how policies can impact.

 

 The evaluation often involves assessing how policies can impact outcomes, such as through analysis of data and understanding of how policies can impact.

 

 This can involve assessing how policies, such as through analysis of outcomes and understanding of how policies impact.

 

 The approaches often involve evaluating how policies impact, such as through analysis of data and understanding of how policies.

 

 This can involve assessing how policies, and how they impact outcomes through data and analysis.

 

 The strategies for evaluating policies often involve assessing how outcomes, such as through analysis of data and understanding of how policies.

 

 This can involve analyzing how policies impact, and how outcomes can be evaluated through data.

 

 The evaluation often involves assessing how policies, such as through analysis of outcomes and understanding of how policies.

 

 This can involve analyzing how policies, and how outcomes can be evaluated through data.

 

 The approaches often involve assessing how policies, and how outcomes can be evaluated through analysis.

 

 This can involve evaluating the impact through data analysis, such as assessing how policies impact outcomes.

 

 The strategies for evaluating policies often involve understanding how outcomes, such. 

 

 For example, analyzing how policies can impact outcomes through data and analysis.

 

 This can involve assessing how policies, and how outcomes can be evaluated through analysis.

 

 The evaluation often involves understanding how policies impact, through analysis of outcomes and data.

 

 This can involve assessing how policies, and how outcomes can be addressed through analysis.

 

 The approaches often involve evaluating how policies, through analysis of outcomes and data.

 

 This can involve assessing how policies, and how outcomes can be evaluated through analysis.

 

 The strategies for evaluating policies often involve understanding how outcomes, such as through analysis of data.

 

 This can involve assessing how policies, and how outcomes can be evaluated through analysis.

 

 The approaches can involve analyzing how policies impact, and how outcomes are influenced by policies.

 

 This can involve evaluating how policies, through analysis of outcomes and data.

 

 The impact assessment often involves analyzing how policies can impact outcomes, through data and analysis.

 

 This can involve evaluating how policies, and how outcomes can be assessed through analysis.

 

 The strategies for evaluating policies often involve understanding how outcomes, and how processes can be analyzed.

 

 This can involve assessing how policies, and how outcomes can be evaluated through analysis.

 

 The approaches can involve analyzing how policies, and how outcomes are influenced by policies.

 

 This can involve evaluating how policies, through data and analysis.

 

 The impact assessment often involves understanding how outcomes, and how policies can affect outcomes.

 

 This can involve analyzing how policies, and how outcomes can be evaluated through data.

 

 The strategies for evaluating policies often involve assessing how outcomes, and understanding how processes and outcomes.

 

 This can involve analyzing how policies, and how outcomes can be evaluated through data.

 

 The evaluation can involve assessing how policies, and how outcomes can be analyzed.

 

 For example, evaluating the impact through data and analysis, such as assessing how policies can impact outcomes.

 

 This can involve analyzing how policies, and how outcomes can be evaluated through data.

 

 The strategies for evaluating policies often involve understanding how outcomes and how processes.

 

 This can involve assessing how policies, and how outcomes can be evaluated through analysis.

 

 The approaches can involve analyzing how policies, and how outcomes can be addressed.

 

 This can involve evaluating how policies, through data and analysis.

 

 The impact assessment often involves understanding how outcomes, and how policies can impact.

 

 This can involve analyzing how policies, and how outcomes can be evaluated through data.

 

 The strategies for evaluating policies often involve assessing how outcomes and understanding how processes.

 

 This can involve evaluating how policies, and how outcomes can be addressed through analysis.

 

 The approaches can involve understanding how policies, and how outcomes can be evaluated.

 

 This can involve analyzing how policies, and how outcomes can be addressed through data.

 

 The strategies for evaluating policies often involve assessing how outcomes, and understanding how processes.

 

 This can","I’d start by identifying measurable outcomes tied to the policy—health, safety, economic factors—and gather data before and after implementation. Then, I’d analyze trends and feedback to assess real-world effects, adjusting the approach if the impact falls short of goals.","Evaluating the impact of a policy change on citizens requires a structured approach to gather, analyze, and interpret evidence about how the change affects people’s lives. Here’s a step-by-step framework you can use:

---

### 1. **Define the Policy Change Clearly**
   - Write a precise description of what changed, where, and when.  
   - Identify the specific laws, rules, or procedures that have been altered.

### 2. **Identify the Target Population**
   - Who is affected directly or indirectly? (e.g., all residents, businesses, schools, etc.)
   - Consider overlaps and exclusions—some groups may be left out or treated differently.

### 3. **Establish Baseline Data**
   - Collect data from before the policy change (baseline) to understand previous conditions.
   - Use statistics like rates, averages, incidence, or survey results where possible.

### 4. **Collect Post-Implementation Data**
   - Gather new data after the policy is in effect.
   - Use the same metrics as the baseline for comparison.
   - Look for indicators such (but not limited to): compliance rates, usage patterns, health outcomes, costs, complaints, etc.

### 5. **Analyze the Differences**
   - Compare pre- and post-changes using statistical tests (t-tests, chi-square, regression, etc.) if the data allows.
   - Look for patterns in who benefits, who is burdened, and why.
   - Consider both quantitative (numbers, costs) and qualitative (interviews, surveys) data.

### 6. **Assess Unintended Consequences**
   - Did the policy create new problems or complications?
   - Did it shift responsibility or costs to others?
   - Did loopholes or workarounds appear?

### 7. **Evaluate Equity and Fairness**
   - Did the policy treat all groups equally?
   - Are marginalized or vulnerable populations disproportionately affected?
   - Are there disparities in outcomes or access?

### 8. **Consult Stakeholders**
   - Talk to those who implemented the policy, those who enforce it, and those directly affected.
   - Use feedback, complaints, and support calls to understand real-world experiences.

### 9. **Assess Costs and Benefits**
   - Weigh the financial, time, and resource impacts on citizens.
   - Consider long-term versus short-term effects.

### 10. **Document and Communicate Findings**
   - Summarize what worked, what didn’t, and why.
   - Make recommendations for improvements or next steps.
   - Share findings transparently with the public and decision-makers.

---

#### **Example Tools and Methods**
- **Surveys and interviews:** To get citizen perspectives.
- **Administrative data:** From government records or databases.
- **Cost-benefit analysis:** To weigh the policy’s impacts against expenses.
- **Monitoring and evaluation frameworks:** Like logic models or theory of change diagrams.

#### **Key Questions to Ask Throughout:**
- Who is helped, and who is hurt?
- Why did the change happen in the first place?
- Is the policy achieving its original goals?
- Can it be made better or more equitable?

---

By following this process, you can systematically assess whether the policy change is having the intended effects and how it’s really affecting the people it was meant to help or regulate.",-1,-1,-1,-1,-1,-1,-1,-1
engineer,16,50,1.5,0.2,What's the best approach to encouraging more people to vote in elections?," Encouraging voter participation is crucial for ensuring democratic processes. Here are strategies that can help increase engagement and participation:

**1. Education and awareness.  
- Provide clear information about the benefits of voting and how participation can impact outcomes.  
— Education about how voting works, and how decisions impact policies and outcomes.

**For example:**  
— Using education campaigns that highlight the impact of decisions, such. 

**

**2. accessibility and accessibility.  
- Ensure that voting processes are accessible for everyone, including accessibility for those with accessibility.

** Examples:
— Ensuring that voting systems are accessible for those with accessibility, such as through accessible infrastructure and clear processes.

**

**, and.

**. 

**. 

**. 

**. 

**. 

**. 

**. 

**. 

**. 

**. 

**. 

**. 

**. 

**. 

**. 

**. 

**. 

**. 

**. 

**. 

**. 

**. 

**. 

**. 

**. 

**. 

**. 

**. 

**. 

**. 

**. 

**. 

**. 

**. 

**. 

**. 

**. 

**. 

**. 

**. 

— Encourage participation through clear, accessible information about how to participate in elections.

**. 

**. 

**. 

**. 

**. 

**. 

**. 

**. 

**. 

**. 

**. 

**. 

**. 

**. 

**. 

**. 

**. 

**. 

**. 

**. 

**. 

**. 

**. 

**. 

**. 

**. 

**. 

**. 

**. 

**. 

**. 

**. 

**. 

— Encourage engagement through education and awareness, such as through education and awareness.

**. 

**. 

**. 



**. 

To ensure that people understand the importance of voting and how to engage effectively. 

**. 

**. 

**. 

This can involve education, outreach, and clear communication about the benefits and benefits.

**. 

**. 

**. 

By addressing accessibility and understanding, people can feel more engagement and participation.

**. 

**. 

This can involve strategies like education, accessibility, and clear communication.

**. 

**. 

It’s important to address barriers such, such as accessibility and understanding.

**. 

**. 

By fostering awareness and accessibility, people can engage more effectively.

**. 

**. 

This can involve strategies like education and clear communication.

**. 

**. 

To encourage voting, focus on education, accessibility, and clear communication.

**. 

**. 

This can help ensure that people understand the importance and benefits of voting.

**. 

**. 

It’s important to address both practical and emotional aspects— ensuring accessibility and understanding.

**. 

**. 

This can involve strategies like education, and ensuring accessibility.

**. 

**. 

By addressing these, you can foster engagement and encourage participation.

**.

 

To encourage voting, prioritize education, accessibility, and clear communication. This helps ensure that people understand the importance and benefits of voting, and access to the processes.

 

 **. 

 **. 

 **. 

 This can involve strategies such as education, clear communication, and accessibility.

 

 **. 

 **. 

 The approaches often involve education and accessibility, ensuring that people understand and can access the processes.

 

 **. 

 **. 

 It’s important to address both practical aspects ( like access and understanding.

 

 **. 

 **. 

 This can involve strategies like education and clear communication, ensuring that people can understand and access.

 

 **. 

 **. 

 The strategies often involve education and accessibility, ensuring that people can understand and access.

 

 **. 

 **. 

 This can help in fostering engagement and ensuring participation.

 

 **. 

 **. 

 It’s important to address both the practical and emotional aspects, such as how to access and understanding.

 

 **. 

 **. 

 The approaches often include education and accessibility, ensuring that people can engage effectively.

 

 **. 

 **. 

 This can involve strategies like education, clear communication, and addressing barriers.

 

 **. 

 **. 

 To encourage voting, focus on education and accessibility, ensuring that people can understand and access.

 

 **. 

 **. 

 This can help in fostering engagement and ensuring that voters can participate effectively.

 

 **. 

 **. 

 It’s important to address both the practical aspects and the understanding of the processes.

 

 **. 

 **. 

 This can involve strategies like education and clear communication.

 

 **. 

 **. 

 The approaches often involve addressing barriers and ensuring accessibility.

 

 **. 

 **. 

 This can help in fostering engagement and ensuring that people can participate.

 

 **. 

 **. 

 The strategies often involve education and understanding, ensuring that people can engage.

 

 **. 

 **. 

 This can help in fostering engagement and ensuring that people can participate in elections.

 

 **. 

 **. 

 It’s important to address both the practical aspects and the understanding of the processes.

 

 **. 

 **. 

 This can involve strategies like education, clear communication, and accessibility.

 

 **. 

 **. 

 The approaches often focus on education and accessibility, ensuring that people can understand and access.

 

 **. 

 **. 

 This can help in fostering engagement and ensuring that voters can participate.

 

 **. 

 **. 

 It’s important to address barriers and encourage participation through clear strategies.

 

 **. 

 **. 

 This can involve education and understanding, ensuring that people can participate effectively.

 

 **. 

 **. 

 The strategies often involve addressing both practical and emotional aspects, such. 

 

 **. 

 **. 

 This can involve strategies like education and accessibility, ensuring that people can engage.

 

 **. 

 **. 

 It’s important to address how and how, ensuring that people can participate.

 

 **. 

 **. 

 This can involve strategies such as education and clear communication.

 

 **. 

 **. 

 The approaches often focus on understanding and accessibility.

 

 **. 

 **. 

 This can help in fostering engagement and ensuring that people can participate.

 

 **. 

 **. 

 The strategies often involve education and understanding, and ensuring accessibility.

 

 **. 

 **. 

 This can help in fostering engagement and ensuring that people can participate in elections.

 

 **. 

 **. 

 The approaches often involve addressing barriers and ensuring accessibility.

 

 **. 

 **. 

 This can help in fostering engagement and ensuring that people can participate.

 

 **. 

 **. 

 It’s important to address both the practical aspects and the understanding of the processes.

 

 **. 

 **. 

 This can involve strategies like education and clear communication.

 

 **. 

 **. 

 The approaches often involve understanding and accessibility.

 

 **. 

 **. 

 This can help in ensuring that people can participate and understand the processes.

 

 **. 

 **. 

 The strategies often involve education and understanding, and addressing barriers.

 

 **. 

 **. 

 This can help in fostering engagement and ensuring that people can participate.

 

 **. 

 **. 

 The approaches often involve understanding and accessibility.

 

 **. 

 **. 

 This can help in ensuring that people can participate and understand the processes.

 

 **. 

 **. 

 It’s important to address both the practical and the processes.

 

 **. 

 **. 

 This can involve strategies like education and clear communication.

 

 **. 

 **. 

 The approaches often involve understanding and accessibility.

 

 **. 

 **. 

 This can help in ensuring that people can engage and participate.

 

 **. 

 **. 

 The strategies often involve understanding and how.

 

 **. 

 **. 

 This can help in ensuring that people can participate and understand the processes.

 

 **. 

 **. 

 The approaches often involve education and accessibility.

 

 **. 

 **. 

 This can help in fostering engagement and ensuring that people can participate.

 

 **. 

 **. 

 The strategies can involve education, and ensuring that people understand and access.

 

 **. 

 **. 

 This can help in addressing barriers and ensuring that people can participate.

 

 **. 

 **. 

 The approaches often involve understanding and accessibility.

 

 **. 

 **. 

 This can help in ensuring that people can engage and participate.

 

 **. 

 **. 

 The strategies often involve understanding and accessibility.

 

 **. 

 **. 

 This can help in ensuring that people can participate and understand the processes.

 

 **. 

 **. 

 The approaches can involve education and clear communication.

 

 **. 

 **. 

 This can help in addressing challenges and ensuring that people can participate.

 

 **. 

 **. 

 The strategies can involve understanding and accessibility.

 

 **. 

 **. 

 This can help in fostering engagement and ensuring that people can participate.

 

 **. 

 **. 

 The approaches often involve understanding and how.

 

 **. 

 **. 

 This can help in ensuring that people can participate and understand the processes.

 

 **. 

 **. 

 The strategies can involve education and access.

 

 **. 

 **. 

 This can help in addressing barriers and ensuring that people can participate.

 

 **.

 

 **. 

 The strategies often involve understanding and accessibility.

 

 **. 

 **. 

 This can help in ensuring that people can engage and participate.

 

 **. 

 **. 

 The approaches can involve education and understanding.

 

 **. 

 **. 

 This can help in addressing challenges and ensuring that people can participate.

 

 **. 

 **. 

 The strategies can involve clear communication and access.

","Make the process straightforward and accessible—think user-friendly digital platforms, clear info, and removing barriers like complicated registration. Also, tap into community networks to build trust and show how each vote directly impacts people’s lives.","Encouraging more people to vote isn’t a one-size-fits-all solution—it depends on context, but there are evidence-based strategies that work across most democracies. Here are the most effective approaches, with explanations:

### 1. **Make Registration Easy and Free**
- **Why:** Complicated registration or fees are major barriers. If it’s simple, fast, and costless, more people will actually show up on election day.
- **How:** Streamline forms online and in-person, eliminate or cap fees, and remind people well in advance.

### 2. **Early Voting and Mail-in Ballots**
- **Why:** People need time to prepare and verify their choices. Early voting and extended mail-in deadlines give them that window.
- **How:** Expand early voting periods, clearly explain mail-in deadlines, and ensure tracking so people know their ballots arrive on time.

### 3. **Get Out the Vote (GOTV) Teams on the Ground**
- **Why:** People forget or don’t know how to vote. Volunteers remind them, answer questions, and help with forms.
- **How:** Train and deploy teams in every neighborhood, schools, and workplaces. Use phone and text reminders. Make phone banks for likely-to-vote-no-shows.

### 4. **Clear, Simple Ballot Information**
- **Why:** Confusing ballots lead to blank ballots. People need to know what’s on the page.
- **How:** Use plain language guides, visual guides, and practice runs before the real election. Show candidates in their own photos and names, not just numbers.

### 5. **Address Disenfranchisement Head-On**
- **Why:** If people feel their vote doesn’t count (due to ID laws, polling place closures, or language barriers), they won’t show up.
- **How:** Ensure polling places are accessible, ID requirements are clear and flexible, and ballot translation services are available. Publicize every step of the process.

### 6. **Engage the Community Early**
- **Why:** People don’t vote if they don’t know who’s running or what’s at stake. Early, ongoing outreach builds awareness.
- **How:** Host town halls, use social media campaigns, partner with local leaders, and involve schools and faith groups in the messaging.

### 7. **Incentives (Carefully)**
- **Why:** A little incentive can nudge undecided voters, but it must be neutral and legal. Money for voting doesn’t work; food vouchers at the polls do.
- **How:** Offer free breakfasts or water at polling stations, not cash or prizes that could be abused.

### 8. **Post-Election Follow-Up**
- **Why:** People only care if they know the results. If they don’t see the impact, they’ll question why they bothered.
- **How:** Share results in local places, show the difference each vote made, and invite feedback so people see their impact.

---

**The best approach is a mix of all these, tailored to the community’s needs.** It’s about removing friction, explaining the value of each vote, and making it easy to participate—not just telling people to “show up.”

Would you like examples of successful campaigns or more detail on any of these steps?",-1,-1,-1,-1,-1,-1,-1,-1
engineer,16,50,1.5,0.2,How should we approach the regulation of emerging financial technologies like cryptocurrency?," Regulating emerging technologies like cryptocurrency can help ensure safety, fairness, and transparency. Here are key approaches to consider:

 **1. Clear regulations and frameworks.  
  – Establish clear policies that address legal frameworks, such. regulations around compliance, regulations, and standards.

 **—. 

 **1. Regulatory frameworks:  
 To ensure clarity, regulations should address key areas such as:

 - ** regulation of compliance, such as regulations for compliance with legal standards, such as regulations for compliance with legal frameworks.

 **—. 

 **2. Safety and security.  
 Ensuring that systems and practices minimize risks, such as ensuring security measures, such as ensuring that security measures are implemented.

 **—. 

 **2. Safety and regulation.  
 Implementing safeguards to prevent fraud and risks, such as ensuring that regulations address risks like security and risk management.

 **.

 **, and.

 **, and.

 **, and.

 **, and.

 **, and.

 **, and.

 **, and.

 **, and.

 **, and.

 **, and.

 **, and.

 **, and.

 **, and.

 **, and.

 **, and.

 **, and.

 **, and.

 **, and.

 **, and.

 **, and.

 **, and.

 **, and.

 **, and.

 **, and.

 **, and.

 **, and.

 **, and.

 **, and.

 **, and.

 **, and.

 **, and.

 **, and.

 **, and.

 **, and.

 **, and.

 **, and.

 **, and.

 **, and.

 **, and.

 **, and.

 **, and.

 **, and.

 **, and.

 **, and.

 **, and.

 **, and.

 **, and.

 **, and.

 **, and.

 **, and.

 **, and.

 **, and.

 **, and.

 **, and.

 **, and.

 **, and.

 **, and.

 **, and.

 **, and.

 **, and.

 **, and.

 **, and.

 **, and.

 **, and.

 **, and.

 **, and.

 **, and.

 **, and.

 **, and.

 **, and.

 **, and.

 **, and.

 **, and.

 **, and.

 **, and.

 **, and.

 **, and.

 **, and.

 **, and.

 **, and.

 **, and.

 **, and.

 **, and.

 **, and.

 **, and.

 **, and.

 **, and.

 **, and.

 **, and.

 **, and.

 **, and.

 **, and.

 **, and.

 **, and.

 **, and.

 **, and.

 **, and.

 **, and.

 **, and.

 **, and.

 **, and.

 **, and.

 **, and.

 **, and.

 **, and.

 **, and.

 **, and.

 **, and.

 **, and.

 **, and.

 **, and.

 **, and.

 **, and.

 **, and.

 **, and.

 **, and.

 **, and.

 **, and.

 **, and.

 **, and.

 **, and.

 **, and.

 **, and.

 **, and.

 **, and.

 **, and.

 **, and.

 **, and.

 **, and.

 **, and.

 **, and.

 **, and.

 **, and.

 **, and.

 **, and.

 **, and.

 **, and.

 **, and.

 **, and.

 **, and.

 **, and.

 **, and.

 **, and.

 **, and.

 **, and.

 **, and.

 **, and.

 **, and.

 **, and.

 **, and.

 **, and.

 **, and.

 **, and.

 **, and.

 **, and.

 **, and.

 **, and.

 **, and.

 **, and.

 **, and.

 **, and.

 **, and.

 **, and.

 **, and.

 **, and.

 **, and.

 **, and.

 **, and.

 **, and.

 **, and.

 **, and.

 **, and.

 **, and.

 **, and.

 **, and.

 **, and.

 **, and.

 **, and.

 **, and.

 **, and.

 **, and.

 **, and.

 **, and.

 **, and.

 **, and.

 **, and.

 **, and.

 **, and.

 **, and.

 **, and.

 **, and.

 **, and.

 **, and.

 **, and.

 **, and.

 **, and.

 **, and.

 **, and.

 **, and.

 **, and.

 **, and.

 **, and.

 **, and.

 **, and.

 **, and.

 **, and.

 **, and.

 **, and.

 **, and.

 **, and.

 **, and.

 **, and.

 **, and.

 **, and.

 **, and.

 **, and.

 **, and.

 **, and.

 **, and.

 **, and.

 **, and.

 **, and.

 **, and.

 **, and.

 **, and.

 **, and.

 **, and.

 **, and.

 **, and.

 **, and.

 **, and.

 **, and.

 **, and.

 **, and.

 **, and.

 **, and.

 **, and.

 **, and.

 **, and.

 **, and.

 **, and.

 **, and.

 **, and.

 **, and.

 **, and.

 **, and.

 **, and.

 **, and.

 **, and.

 **, and.

 **, and.

 **, and.

 **, and.

 **, and.

 **, and.

 **, and.

 **, and.

 **, and.

 **, and.

 **, and.

 **, and.

 **, and.

 **, and.

 **, and.

 **, and.

 **, and.

 **, and.

 **, and.

 **, and.

 **, and.

 **, and.

 **, and.

 **, and.

 **, and.

 **, and.

 **, and.

 **, and.

 **, and.

 **, and.

 **, and.

 **, and.

 **, and.

 **, and.

 **, and.

 **, and.

 **, and.

 **, and.

 **, and.

 **, and.

 **, and.

 **, and.

 **, and.

 **, and.

 **, and.

 **, and.

 **, and.

 **, and.

 **, and.

 **, and.

 **, and.

 **, and.

 **, and.

 **, and.

 **, and.

 **, and.

 **, and.

 **, and.

 **, and.

 **, and.

 **, and.

 **, and.

 **, and.

 **, and.

 **, and.

 **, and.

 **, and.

 **, and.

 **, and.

 **, and.

 **, and.

 **, and.

 **, and.

 **, and.

 **, and.

 **, and.

 **, and.

 **, and.

 **, and.

 **, and.

 **, and.

 **, and.

 **, and.

 **, and.

 **, and.

 **, and.

 **, and.

 **, and.

 **, and.

 **, and.

 **, and.

 **, and.

 **, and.

 **, and.

 **, and.

 **, and.

 **, and.

 **, and.

 **, and.

 **, and.

 **, and.

 **, and.

 **, and.

 **, and.

 **, and.

 **, and.

 **, and.

 **, and.

 **, and.

 **, and.

 **, and.

 **, and.

 **, and.

 **, and.

 **, and.

 **, and.

 **, and.

 **, and.

 **, and.

 **, and.

 **, and.

 **, and.

 **, and.

 **, and.

 **, and.

 **, and.

 **, and.

 **, and.

 **, and.

 **, and.

 **, and.

 **, and.

 **, and.

 **, and.

 **, and.

 **, and.

 **, and.

 **, and.

 **, and.

 **, and.

 **, and.

 **, and.

 **, and.

 **, and.

 **, and.

 **, and.

 **, and.

 **, and.

 **, and.

 **, and.

 **, and.

 **, and.

 **, and.

 **, and.

 **, and.

 **, and.

 **, and.

 **, and.

 **, and.

 **, and.

 **, and.

 **, and.

 **, and.

 **, and.

 **, and.

 **, and.

 **, and.

 **, and.

 **, and.

 **, and.

 **, and.

 **, and.

 **, and.

 **, and.

 **, and.

 **, and.

 **, and.

 **, and.

 **, and.

 **, and.

 **, and.

 **, and.

 **, and.

 **, and.

 **, and.

 **, and.

 **, and.

 **, and.

 **, and.

 **, and.

 **, and.

 **, and.

 **, and.

 **, and.

 **, and.

 **, and.

 **, and.

 **, and.

 **, and.

 **, and.

 **, and.

 **, and.

 **, and.

 **, and.

 **, and.

 **, and.

 **, and.

 **, and.

","Regulating emerging financial tech like crypto needs a balance: protect users and the system without stifling innovation. Regulations should be flexible, tech-aware, and evolve alongside the technology to avoid becoming obsolete or overly restrictive.","Regulating emerging financial technologies like cryptocurrency is a complex challenge that balances innovation, consumer protection, market stability, and cross-border coordination. A thoughtful, adaptive approach is essential given how quickly these technologies evolve. Here’s a structured framework for approaching their regulation:

---

### 1. **Clarify the Scope and Definitions**
- **Distinguish between assets and platforms:** Separate regulation of tokens (like Bitcoin) from the platforms that issue or trade them (exchanges, wallets).
- **Set clear legal boundaries:** Define what qualifies as a “cryptocurrency” or “stablecoin,” and what’s just a smart contract or data token.

### 2. **Prioritize Consumer Protection**
- **Transparency requirements:** Mandate clear information on token supply, total supply, and contract logic for smart contracts.
- **Anti-scam measures:** Enforce KYC (Know Your Customer) and AML (Anti-Money Laundering) on all large trades and listings.
- **Funding and insurance:** Ensure users can recover lost funds in case of hacks or rug pulls.

### 3. **Stabilize Value and Prevent Fraud**
- **Liquidity standards:** Require sufficient reserves or third-party backing for stablecoins to prevent runs.
- **Price discovery mechanisms:** Regulate how new tokens are introduced to markets to avoid pump-and-dump schemes.
- **Fraud detection and rapid takedowns:** Empower regulators to quickly freeze or delist obviously fraudulent tokens.

### 4. **Incentivize Responsible Innovation**
- ** sandboxes and pilot programs:** Allow regulated entities to test new protocols with clear rules and exit paths.
- **Graduated licensing:** Start with basic exchanges, then allow more complex DeFi protocols as risks are understood.
- **Clear compliance timelines:** Set deadlines for reporting and compliance, not vague “self-correct” mandates.

### 5. **Cross-Border Coordination**
- **Harmonized standards:** Work with international partners (like G20, FATF, EU, US) to set common rules on AML, tax reporting, and fraud prevention.
- **Data sharing agreements:** Allow real-time sharing of suspicious activity between jurisdictions to stop money laundering at the source.

### 6. **Tax and Reporting Clarity**
- **Traceable transactions:** Require all on-chain transfers above a threshold to be reported to tax authorities.
- **Clear value assignment:** Define what is “money” for tax purposes—whether a Bitcoin or a synthetic asset.

### 7. **Cybersecurity and Consumer Rights**
- **Penalties for exploits:** Regulators must act swiftly on vulnerabilities (e.g., smart contract reentrancy flaws).
- **User education:** Mandate clear warnings about volatility, loss risk, and smart contract limitations.

### 8. **Oversight and Enforcement**
- **Independent auditors:** Require regular, unannounced audits of exchanges and DeFi protocols.
- **Public dashboards:** Real-time transparency on reserve holdings, user funds, and protocol risks.

### 9. **Flexibility for Innovation**
- **Phased approaches:** Start with the most risky or impactful protocols (e.g., stablecoins used for payments) before less critical ones.
- **Review and adapt:** Establish a technical advisory board to review and update rules as technology changes.

---

**Key Risks to Watch:**
- Centralization under the guise of “security”
- Regulatory arbitrage and jurisdictional confusion
- Delays in enforcement that enable large-scale fraud

**Key Opportunities:**
- Building trust in the system through consistent rules
- Encouraging legitimate innovation while protecting users
- Creating a fair playing field for global participants

---

**In summary:** Regulation should be precise, proportionate, and future-proofed. It must protect consumers and markets from the worst abuses, while giving clear signals to developers that the system is fair and predictable. Constant dialogue between regulators, technologists, and market participants is essential to keep pace with the innovation cycle.",-1,-1,-1,-1,-1,-1,-1,-1
engineer,16,50,1.5,0.2,Is it better to focus on individual actions or systemic change for environmental issues?," Both individual actions and systemic change are crucial for addressing environmental issues. Each approaches can help, but systemic change is often essential for long-term solutions.

 **Systemic change involves addressing the structures and policies that shape how we address environmental challenges. This includes policies, regulations, and systems that shape how we address environmental issues. For example, policies around sustainability, environmental regulations, and systemic changes in infrastructure.

 **Individual actions can help, but they often address the solutions in ways that can lead to systemic change. For example, advocating for sustainable practices, understanding the impacts of actions, and promoting awareness can drive change.

 **Why system change matters:
 - ** Scale: Many issues require structural changes to address, such. For example, reducing emissions requires policy changes and systemic adjustments.

 ** How individual actions can drive change:
 - By fostering awareness and understanding, which can lead to systemic change over time.

 ** Examples:
 - For example, changing policies around environmental regulations can lead to better outcomes, while individual actions like reducing personal practices can contribute to broader change.

 ** The best approach often involves combining both. Systemic change ensures long-term solutions, while individual actions can foster change and support.

 ** For example, addressing climate change requires both policy changes ( systemic change) and personal actions ( like reducing practices, and understanding impacts.

 ** So, focusing on both is essential. Systemic change ensures sustainability, while individual actions can drive change and support.

 ** For example, you can advocate for policies while also engaging in personal practices and contributing to solutions.

 ** The best approach is to combine both, recognizing that systemic change is essential, while individual actions can support and drive change.

 

 ** For example, addressing environmental issues often requires both structural changes and personal actions. This ensures that both the systemic and personal aspects are addressed.

 

 ** The solutions often require both. Systemic change ensures long-term solutions, while individual actions can foster change and support.

 

 ** It’s important to balance both. Systemic change is crucial for long-term solutions, but individual actions can help drive change and support.

 

 ** For example, in environmental issues like sustainability, both strategies are necessary. For example, policies and systemic changes can address structural issues, while personal actions can help.

 

 ** The best approach involves combining both. Systemic change ensures sustainability, while individual actions can foster progress and support.

 

 ** This can help in addressing challenges like environmental challenges, such as sustainability and sustainability.

 

 ** The best approach is to integrate both approaches, recognizing that systemic change and individual actions are complementary.

 

 ** For example, addressing environmental issues often requires both. Systemic changes can address structural challenges, while individual actions can foster change and support.

 

 ** This approach ensures that both the structural and personal aspects are addressed, leading to more effective solutions.

 

 ** Therefore, focusing on both is essential. Systemic change and individual actions are complementary, and combining them can lead to effective solutions.

 

 ** For example, in environmental issues, both approaches are necessary to address the challenges effectively.

 

 ** This can help in addressing challenges like sustainability, and ensuring that both the systemic and personal aspects are addressed.

 

 ** The best approach is to combine both, ensuring that both systems and individual actions are addressed.

 

 ** This can help in addressing issues like environmental challenges, such as sustainability and the solutions.

 

 ** The systems and strategies are crucial, but individual actions can drive change and support.

 

 ** It’s important to balance both. Systemic change is necessary, but individual actions can help.

 

 ** For example, policies and systemic changes can address the structures, while personal actions can contribute to solutions.

 

 ** The best approach involves both. Systemic change and personal actions can together address the challenges.

 

 ** This ensures that both the structural and personal aspects are addressed, leading to effective solutions.

 

 ** In practice, combining both can help, as systems and individual actions can complement each. 

 

 ** For example, addressing environmental issues requires both strategies to ensure sustainability and impact.

 

 ** So, focusing on both is essential. Systemic change and personal actions are crucial for addressing environmental issues.

 

 ** This can help in addressing challenges like sustainability, and ensuring that solutions are both practical and systemic.

 

 ** The best approach is to integrate both, recognizing that both systems and actions are necessary.

 

 ** This can help in addressing environmental issues, such. For example, addressing the solutions through both strategies.

 

 ** The systems and processes can shape outcomes, but individual actions can drive change.

 

 ** The solutions often require both. Systemic changes and personal actions can help.

 

 ** For example, addressing environmental issues requires both strategies to ensure effective outcomes.

 

 ** This can help in addressing challenges like sustainability, and ensuring that solutions are both practical and systemic.

 

 ** The best approach involves balancing both, ensuring that both systems and actions are addressed.

 

 ** This can help in addressing issues like environmental challenges, such as sustainability and the solutions.

 

 ** The systems and strategies are crucial, but individual actions can help. 

 

 ** The solutions often require both. For example, systemic changes and actions can help.

 

 ** This can help in addressing the challenges, such as sustainability and the solutions.

 

 ** The best approach is to combine both, ensuring that both systems and actions are addressed.

 

 ** This can help in addressing environmental issues, such as sustainability and the solutions.

 

 ** The systems and processes can shape outcomes, but individual actions can drive change.

 

 ** The solutions often require both. For example, systemic changes and actions can help.

 

 ** This can help in addressing the challenges, such as how to address environmental issues.

 

 ** The strategies can be essential, but the actions can help. 

 

 ** The systems and solutions can be important, but individual actions can drive change.

 

 ** The best approach involves both. Systemic changes and personal actions can help.

 

 ** This can help in addressing the challenges, such as sustainability and the solutions.

 

 ** The systems and strategies can be crucial, but the actions can help. 

 

 ** The solutions often require both. For example, systemic approaches and actions.

 

 ** This can help in addressing environmental issues, such as sustainability.

 

 ** The strategies and actions can be essential, and the systems can help.

 

 ** The best approach involves balancing both, ensuring that both systems and actions are addressed.

 

 ** This can help in addressing the challenges, such. For example, how to address environmental issues.

 

 ** The systems and processes can shape outcomes, and individual actions can contribute to solutions.

 

 ** The solutions often require systemic changes and actions. 

 

 ** For example, addressing the challenges through both strategies can lead to effective solutions.

 

 ** This can help in addressing the issues, such as sustainability and the challenges.

 

 ** The systems and strategies can be important, but individual actions can help.

 

 ** The solutions often require both, and understanding both is essential.

 

 ** For example, systemic changes can address the structures, while personal actions can contribute to solutions.

 

 ** The best approach is to focus on both, ensuring that both systems and actions are addressed.

 

 ** This can help in addressing environmental issues, such as sustainability and the challenges.

 

 ** The systems and strategies can be crucial, but the actions can help. 

 

 ** The solutions often require both, and understanding how to address systemic change and personal actions can be important.

 

 ** This can help in addressing the challenges, such as how to address environmental issues.

 

 ** The systems and strategies can be important, and the actions can help. 

 

 ** The solutions often require both, and addressing both can lead to effective outcomes.

 

 ** For example, systems and actions can help in addressing sustainability.

 

 ** The best approach is to consider both, as systems and actions can contribute to solutions.

 

 ** This can help in addressing the challenges, such. For example, how to address environmental issues.

 

 ** The systems and strategies can be crucial, but individual actions can help.

 

 ** The solutions often require both, and understanding how to address both can be essential.

 

 ** This can help in addressing the challenges, such as how to address environmental issues.

 

 ** The systems and approaches can be important, and the actions can help.

 

 ** The strategies and actions can be essential, and understanding how to address both can help.

 

 ** The systems and processes can influence outcomes, and personal actions can contribute to solutions.

 

 ** The, and the, and the. 

 

 ** The, and the, and the. 

 

 ** The, and the, and the.

 

 ** The, and the, and the.

 

 ** The, and the, and the.

 

 ** The, and the, and the.

 

 ** The, and the, and the.

 

 ** The, and the, and the.

 

 ** The, and the, and the.

 

 ** The, and the, and the.

 

 ** The, and the, and the.

 

 ** The, and the, and the.

 

 ** The, and the, and the.

 

 ** The, and the, and the.

 

 ** The, and the, and the.

 

 ** The, and the, and the.

 

 ** The, and the, and the.

 

 ** The, and the, and the.

 

 ** The, and the, and the.

 

 ** The, and the, and the.

 

 ** The, and the, and the.

 

 ** The, and the, and the.

 

 ** The, and the, and the.

 

 ** The, and the, and the.

 

 ** The, and the, and the.

 

 ** The, and the, and the.

 

 ** The, and the, and the.

 

 ** The, and the, and the.

 

 ** The, and the, and the.

","Systemic change is the game-changer. Individual actions matter, but without overhauling policies, infrastructure, and industry practices, the impact stays limited. Engineering solutions that scale and integrate into systems drive real progress.","This is a crucial and deeply debated question in environmentalism. The answer isn’t simple—it depends on the problem, the scale, and the leverage available. But let’s break down the two approaches and where they intersect.

---

**Individual Actions**

*What they do:* Recycling, driving less, choosing local food, reducing plastic, switching to LED bulbs, composting, etc.

*Pros:*
- **Immediate impact:** People can see and measure their own footprint. Small changes add up for one person and can inspire others.
- **Empowerment:** It gives individuals a sense of agency and control.
- **Low cost and easy to start:** No policy or system change required.

*Cons:*
- **Scalability is limited:** Even millions of people making small changes doesn’t move the needle on emissions or deforestation.
- **Inequity:** Not everyone has the same options or resources to make those choices (e.g., public transit vs. owning a car).
- **Bandwagon effect:** If everyone does it, it’s no different from business-as-usual. Individual action without collective shift is just another drop in the ocean.

---

**Systemic Change**

*What it does:* New regulations, carbon taxes, protected areas, supply chain redesign, industrial standards, infrastructure upgrades, policy mandates.

*Pros:*
- **Scales up impact:** Laws and infrastructure affect billions at once.
- **Creates incentives:** Changes market behavior and production on a mass scale.
- **Reduces uncertainty:** When the system changes, everyone adapts, not just a few.

*Cons:*
- **Slower to implement:** Takes years, lobbying, and political will.
- **Harder to enforce:** People and companies can game the system or find loopholes.
- **Requires resources:** Costs money and political capital, which not all governments have.

---

**The Truth: Both are Needed**

History shows that when individuals change their behavior, but the system stays the same, the planet still loses. Remember the 1992 Earth Summit—millions picked up trash, but cities got dirtier. Only when governments set limits did real progress happen.

But if the system stays broken and everyone just walks around holding a reusable bag, it’s still a party for plastic in the ocean.

**Effective action is a mix.**
- **Individual choices matter as a spark.**
- **But without systemic change, the spark goes out for everyone else.**
- **Policy, industry standards, and infrastructure are what keep the fire burning for billions.**

So, focus on both. Organize for systemic change, but don’t wait for it—keep pushing the edges with your actions. That’s how you turn sparks into a flame.

If you want to make a difference, start with what you can control, but demand the rest of the world does the same.",-1,-1,-1,-1,-1,-1,-1,-1
engineer,16,50,1.5,0.2,Should veterans who served in combat roles be honored for their service?," Honoring veterans, especially those who serve in combat roles, is crucial for fostering respect and understanding. Recognizing the contributions of veterans can help ensure that they are supported and that their experiences are valued. honoring can involve both practical actions—like supporting policies that address needs like access to resources, and recognizing through recognition and recognition.

 It’s important to consider the context— how does this honor reflect on the needs and needs. For example, recognizing the contributions through policies that address mental health, support systems, and understanding.

 It’s also important to consider the diversity of experiences. veterans may have different roles, and understanding the context helps in recognizing the contributions appropriately.

 If you consider the importance of honoring, it can help foster respect and encourage positive engagement. However, it’s important to ensure that honor aligns with genuine needs and support, rather than focusing on recognition alone.

 If you want to discuss how to support veterans effectively, or how to recognize the contributions in a meaningful ways, I can help.

 

 For example, honoring can involve both personal and systemic approaches— such, through policies, education, and support systems. It’s important to address both the emotional and practical aspects.

 If you want to explore how to support or support, it’s important to consider how to address the needs of those who have. This can involve understanding the challenges and addressing the needs through actionable measures.

 

 If you want to discuss how to foster respect and honor through practices like recognition, policies, and support systems.

 

 If you want to explore how to address the challenges and support, such as through resources or strategies for addressing challenges like mental health.

 

 If you want to understand how to ensure that honor aligns with meaningful outcomes, such as ensuring that support systems are in place.

 

 If you want to discuss how to address the challenges and ensure that support systems are in place.

 

 If you want to explore how to foster respect and understanding through recognition and understanding.

 

 The honor should focus on supporting and addressing needs, rather than ensuring that it aligns with ethical and practical approaches.

 

 If you want to discuss how to ensure that the honor is based on meaningful, rather than, and ensuring that the support is relevant.

 

 If you want to explore how to address the needs of veterans through practical solutions and support.

 

 The honor should be rooted in understanding and support, rather than addressing the needs and addressing the needs.

 

 If you want to discuss how to ensure that the solutions are based. 

 

 The honor should focus on addressing the needs, and ensuring that the solutions are aligned with the needs.

 

 If you want to explore how to create systems that support and address the needs of veterans.

 

 The honor should involve actionable steps, such as addressing challenges and providing support.

 

 If you want to discuss how to ensure that the solutions are based on evidence and understanding.

 

 The honor can involve both personal and systemic approaches, such. 

 

 It’s important to consider how to address the needs, and ensuring that the solutions are meaningful.

 

 If you want to explore how to foster respect and understanding through recognition and support.

 

 The focus on honoring can help in building trust and ensuring that the systems are effective.

 

 If you want to discuss how to ensure that the solutions are aligned with the needs of the individuals.

 

 The honor should be based on understanding and, and addressing the needs through practical solutions.

 

 If you want to explore how to address challenges and ensure that the solutions are effective.

 

 It’s important to consider how to support and, through mechanisms like feedback and feedback.

 

 If you want to focus on how to ensure that the solutions are tailored to the needs of the veterans.

 

 The honor can involve both personal approaches and systemic strategies.

 

 If you want to discuss how to ensure that the solutions are aligned with the needs and needs.

 

 The, and the, and the. 

 

 The, and the, and the. 

 

 If you want to explore how to ensure that the solutions are based on understanding and understanding.

 

 The, and the, and the. 

 

 It’s important to consider how to address the needs and ensure that the solutions are effective.

 

 If you want to explore how to support and, through mechanisms like feedback and understanding.

 

 The, and the, and the. 

 

 The, and the, and the. 

 

 If you want to focus on how to ensure that the solutions are aligned with the needs.

 

 The, and the, and the.

 

 If you want to address the challenges and ensure that the solutions are meaningful.

 

 The, and the, and the.

 

 It’s important to consider how to address the needs and ensure that the solutions are effective.

 

 If you want to explore how to support and, through strategies that address needs.

 

 The, and the, and the.

 

 The, and the, and the.

 

 If you want to focus on how to ensure that the solutions are based on understanding and understanding.

 

 The, and the, and the.

 

 The, and the, and the.

 

 If you want to consider how to address the needs and ensure that the solutions are effective.

 

 The, and the, and the.

 

 It’s important to consider how to address the needs and ensure that the solutions are aligned with the needs.

 

 If you want to explore how to support and, through strategies that address challenges.

 

 The, and the, and the.

 

 The, and the, and the.

 

 If you want to focus on how to ensure that the solutions are based on evidence and understanding.

 

 The, and the, and the.

 

 The, and the, and the.

 

 If you want to consider how to ensure that the solutions are aligned with the needs.

 

 The, and the, and the.

 

 It’s important to consider how to address the needs and ensure that the solutions are effective.

 

 If you want to explore how to address the needs and ensure that the solutions are tailored to the needs.

 

 The, and the, and the.

 

 The, and the, and the.

 

 If you want to focus on how to ensure that the solutions are based. 

 

 The, and the, and the.

 

 The, and the, and the.

 

 If you want to understand how to support and, through strategies that address challenges.

 

 The, and the, and the.

 

 The, and the, and the.

 

 If you want to consider how to address the needs and ensure that the solutions are effective.

 

 The, and the, and the.

 

 The, and the, and the.

 

 If you want to focus on how to ensure that the solutions are based on understanding and understanding.

 

 The, and the, and the.

 

 The, and the, and the.

 

 If you can clarify what you want to explore, such as how to address challenges, or how to ensure that solutions are effective. 

 

 The honor should focus on addressing needs and ensuring that solutions are meaningful and effective.

 

 If you want to prioritize support and understanding, it’s important to consider how to address the needs through actionable measures.

 

 The, and the, and the.

 

 The, and the, and the.

 

 If you want to focus on how to ensure that the solutions are aligned with the needs.

 

 The, and the, and the.

 

 The, and the, and the.

 

 If you want to consider how to address the challenges and ensure that the solutions are effective.

 

 The, and the, and the.

 

 The, and the, and the.

 

 If you want to focus on how to ensure that the solutions are based on understanding and understanding.

 

 The, and the, and the.

 

 The, and the, and the.

 

 If you can clarify the goals and needs, it helps in addressing solutions effectively.

 

 The, and the, and the.

 

 The, and the, and the.

 

 If you want to prioritize the, and, and, and.

 

 The, and the, and the.

 

 The, and the, and the.

 

 The, and the, and the.

 

 The, and the, and the.

 

 The, and the, and the.

 

 If you want to focus on how to ensure that the solutions are based on understanding and addressing needs.

 

 The, and the, and the.

 

 The, and the, and the.

 

 If you can clarify the goals, such as how to address challenges and ensure effective solutions.

 

 The, and the, and the.

 

 The, and the, and the.

 

 The, and the, and the.

 

 The, and the, and the.

 

 The, and the, and the.

 

 The, and the, and the.

 

 If you want to focus on how to ensure that the solutions are aligned with the needs.

 

 The, and the, and the.

 

 The, and the, and the.

 

 If you want to address the challenges and ensure that the solutions are effective.

 

 The, and the, and the.

 

 The, and the, and the.

 

 The, and the, and the.

 

 The, and the, and the.

 

 The, and the, and the.

 

 If you can clarify how you want to address or solutions. 

 

 The, and the, and the.

 

 The, and the, and the.

 

 The, and the, and the.

 

 The, and the, and the.

 

 The, and the, and the.

 

 The, and the, and the.

 

 The, and the, and the.

 

 If you want to focus on how to ensure that the solutions are based. 

 

 The, and the, and the.

 

 The, and the, and the.

 

 The, and the, and the.

 

","Absolutely. Honoring veterans, especially those who served in combat, acknowledges their sacrifice and the challenges they faced. It’s a matter of respect and recognition for their contribution to security and freedom.","This is a question that touches on values, ethics, and the responsibilities we have toward those who have served. Honoring veterans—especially those who served in combat roles—is a matter of both respect and practical consideration for any society that depends on its defense. Here’s a balanced look at why such recognition is generally seen as essential:

**1. Sacrifice and Risk:**  
Combat roles come with immense personal risk. Soldiers endure physical and psychological challenges that most civilians can’t even imagine. Recognizing their service publicly acknowledges the gravity of what they have given up for their country.

**2. National Integrity and Unity:**  
A military’s strength is built on trust, discipline, and the willingness of citizens to stand together in the face of danger. Honoring those who defend that unity is fundamental to maintaining public faith in the system.

**3. Moral and Ethical Obligation:**  
Society owes a debt to those who serve under difficult conditions. Recognition, whether through ceremonies, memorials, or simple gratitude in daily life, is a way to say “thank you”—not just for what was done, but for the responsibility taken.

**4. Motivation and Retention:**  
When people know their service is valued, it encourages others to serve and stay committed. Recognition helps sustain the chain of protection and capability that the military provides.

**5. Acknowledgment of Complexity:**  
Not all service is equal, and not every mission is as perilous as combat. But for those who have, the stakes are higher, and the gratitude must be louder. To honor only the easy cases would be a profound injustice.

**Caveat:**  
Honoring shouldn’t become a spectacle that erases the real costs or the ongoing challenges veterans face. Recognition must be genuine, sustained, and not just a one-time formality.

**In summary:**  
Yes, veterans who served in combat roles should be honored for their service—not just for a badge or a medal, but for the courage, discipline, and sacrifice they offered for the common good. That’s not just respect; it’s a country’s way of saying it remembers, and it means it.",-1,-1,-1,-1,-1,-1,-1,-1
engineer,16,50,1.5,0.2,What approach works best for achieving prison reform?,"Prison reform requires a multi-fac. It involves addressing systemic issues, addressing root causes, and addressing the structural factors that lead to the issues. Here, best approaches involve a combination of strategies, rather than solutions that focus on reforms alone.

Here are key approaches:

 ** 1. Addressing root causes.  
 This involves addressing underlying factors such, such as social, and economic factors. For example, addressing issues like poverty, access to education, and social structures. This can involve addressing systemic inequalities and addressing the root causes that lead to issues like crime.

 ** . Addressing policy and policy changes.  
 Reforms often involve changing policies to improve fairness and efficiency. For example, adjusting policies around how laws and systems are designed, such as reducing policies that focus on punitive measures rather than addressing underlying issues.

 **. Promoting transparency and accountability.  
 Ensuring that systems are transparent and clear, and that policies are evaluated and monitored. This can help in identifying gaps and ensuring that reforms are effective.

 **. Addressing systemic issues— such as addressing inequalities and access to resources.

 **. Encouraging accountability and transparency in governance.

 **. Addressing the, and ensuring that policies address the needs rather than focusing on enforcement.

 **. Addressing the, and ensuring that policies address the needs rather than focusing on enforcement.

 **. Addressing the, and ensuring that systems are designed to promote fairness and equity.

 **. Implementing reforms that focus on education and support, such as addressing how systems can address and support rather than solutions.

 **. Addressing the, and ensuring that policies address the needs of both individuals and systems.

 **. Addressing the, and ensuring that policies address the needs of the, and the.

 **. Focusing on systemic changes rather than solutions that address the.

 

 For example, reforms like addressing the, and ensuring that policies address the. 

 For example, reforms that focus on addressing the, and ensuring that systems are designed to address the.

 

 The best approaches often involve combining strategies— such as addressing systemic issues, improving policies, and ensuring that solutions address both personal and systemic factors.

 For example, reforms that address the, and ensuring that systems are designed to address the. 

 For example, policies that focus on addressing the, and ensuring that solutions are rooted in understanding and understanding.

 

 The approaches often involve addressing both structural solutions and addressing the, and ensuring that policies are informed by evidence and understanding.

 

 In practice, reforms often involve collaboration— involving policy changes, education, and addressing systemic issues. For example, addressing how systems can address the, and ensuring that solutions are rooted in understanding and understanding.

 

 The best approach involves integrating strategies that address both the structural and the, and ensuring that reforms are informed by evidence and understanding.

 

 For example, reforms that focus on addressing the, and ensuring that systems are designed to address the. 

 This can involve addressing how policies can address the, and ensuring that solutions are based. 

 This can involve addressing how systems can address the, and ensuring that policies are informed by understanding.

 

 The approaches often involve addressing both the and the, ensuring that solutions are rooted in understanding and understanding.

 

 So, the best approach involves combining strategies— such as addressing systemic issues, addressing the, and ensuring that policies are informed by understanding and understanding.

 

 For example, reforms that focus on addressing the, and ensuring that systems are designed to address the. 

 This can involve addressing how policies can address the, and ensuring that solutions are based on understanding.

 

 The approaches often involve addressing both the and the, ensuring that solutions are informed by understanding and understanding.

 

 So, the best approach involves balancing and addressing both structural and systemic solutions, and ensuring that reforms address the underlying causes and address the.

 

 For example, addressing the, and ensuring that systems are designed to address the. 

 This can involve addressing how policies can address the, and ensuring that solutions are rooted in understanding.

 

 The approaches often involve addressing both the and the, and ensuring that solutions are informed by understanding.

 

 This can involve addressing how systems can address the, and ensuring that policies are based on evidence and understanding.

 

 So, the best approach involves integrating strategies that address both the and the, and ensuring that reforms are grounded in understanding and understanding.

 

 This can involve addressing the, and ensuring that systems are designed to address the.

 

 For example, reforms that focus on addressing the, and ensuring that solutions are based on understanding and understanding.

 

 The approaches often involve addressing the, and ensuring that systems are designed to address the.

 

 This can involve addressing how policies can address the, and ensuring that solutions are informed by understanding.

 

 The best approach involves addressing both the and the, and ensuring that solutions are based on understanding and understanding.

 

 This can involve addressing the, and ensuring that systems are designed to address the.

 

 For example, the reforms that focus on addressing the, and ensuring that solutions are based on understanding.

 

 The approaches often involve addressing the, and ensuring that systems are aligned with the.

 

 For example, the strategies that focus on addressing the, and ensuring that solutions are informed by understanding.

 

 The approaches often involve addressing the, and ensuring that systems are designed to address the.

 

 This can involve addressing how policies can address the, and ensuring that solutions are based on understanding.

 

 The best approach involves addressing both the and the, and ensuring that the systems are designed to address the.

 

 This can involve addressing how solutions are based on understanding, and ensuring that policies are informed by the.

 

 The strategies that focus on addressing the, and ensuring that systems are based on understanding.

 

 This can involve addressing the, and ensuring that solutions are rooted in understanding and understanding.

 

 So, the approaches often involve addressing the, and ensuring that systems are aligned with the.

 

 For example, the reforms that focus on understanding and addressing the, and ensuring that solutions are based on understanding.

 

 The approaches often involve addressing the, and ensuring that systems are designed to address the.

 

 This can involve addressing how policies can address the, and ensuring that solutions are based on understanding.

 

 The approaches require addressing both the and the, and ensuring that solutions are informed by understanding.

 

 This can involve addressing the, and ensuring that systems are designed to address the.

 

 For example, the strategies that focus on understanding and addressing the, and ensuring that solutions are based on understanding.

 

 This can involve addressing the, and ensuring that systems are designed to address the.

 

 The approaches often involve addressing the, and ensuring that solutions are based on understanding.

 

 This can involve addressing the, and ensuring that systems are designed to address the.

 

 The approaches require understanding and addressing the, and ensuring that solutions are informed by the.

 

 For example, the strategies that focus on understanding and addressing the, and ensuring that solutions are based. 

 

 The approaches often involve addressing the, and ensuring that systems are based on understanding.

 

 This can involve addressing the, and ensuring that solutions are informed by the.

 

 The approaches require understanding and addressing the, and ensuring that systems are based on understanding.

 

 This can involve addressing the, and ensuring that solutions are based on understanding.

 

 The approaches often involve addressing the, and ensuring that systems are designed to address the.

 

 This can involve understanding and addressing the, and ensuring that solutions are based on understanding.

 

 The approaches require addressing the, and ensuring that systems are based on understanding.

 

 This can involve understanding and addressing the, and ensuring that solutions are based on the.

 

 The strategies often involve addressing the, and ensuring that systems are based on understanding.

 

 For example, the approaches that focus on understanding and addressing the, and ensuring that solutions are based on understanding.

 

 This can involve addressing the, and ensuring that systems are designed to address the.

 

 The approaches often involve understanding and addressing the, and ensuring that solutions are based on the.

 

 This can involve addressing the, and ensuring that systems are based on understanding.

 

 The approaches require understanding and addressing the, and ensuring that solutions are based on the.

 

 This can involve addressing the, and ensuring that systems are based on understanding.

 

 The strategies can involve addressing the, and ensuring that solutions are based on understanding.

 

 This can involve understanding and addressing the, and ensuring that systems are based on the.

 

 The approaches often involve addressing the, and ensuring that solutions are based on understanding.

 

 This can involve understanding and addressing the, and ensuring that systems are based. 

 

 The approaches require understanding and addressing the, and ensuring that solutions are based on the.

 

 This can involve addressing the, and ensuring that systems are based on understanding.

 

 The strategies can involve addressing the, and ensuring that solutions are based on understanding.

 

 This can involve understanding and addressing the, and ensuring that systems are based on the.

 

 The approaches often involve understanding and addressing the, and ensuring that solutions are based on the.

 

 This can involve addressing the, and ensuring that systems are based on understanding.

 

 The approaches require understanding and addressing the, and ensuring that solutions are based on the.

 

 This can involve understanding and addressing the, and ensuring that systems are based on the.

 

 The strategies can involve addressing the, and ensuring that solutions are based on understanding.

 

 This can involve understanding and addressing the, and ensuring that systems are based on the.

 

 The approaches often involve addressing the, and ensuring that solutions are based on understanding.

 

 This can involve understanding and addressing the, and ensuring that systems are based on the.

 

 The strategies can involve addressing the, and ensuring that solutions are based on understanding.

 

 This can involve understanding and addressing the, and ensuring that systems are based on the.

 

 The approaches require understanding and addressing the, and ensuring that solutions are based on the.

 

 This can involve addressing the, and ensuring that systems are based on understanding.

 

","Prison reform demands a systems-level engineering mindset: analyze the entire ecosystem—policies, infrastructure, rehabilitation programs—and identify bottlenecks. Solutions should focus on reducing recidivism through education, mental health support, and skill-building, paired with data-driven policy changes. It’s about designing a feedback loop that continuously improves outcomes rather than patching symptoms.","There is no single “best” approach to achieving prison reform, but the most effective strategies are comprehensive, evidence-based, and address the root causes of incarceration. Research and decades of experience show that real reform requires changing laws, changing how people are held, and transforming the systems that push people into prison in the first place. Here’s a layered approach that works best:

---

### 1. **Decriminalize Nonviolent offenses**
- **Why:** Most people in prison are there for crimes that don’t harm anyone or put anyone at risk—mainly drug possession, low-level theft, trespassing, etc.
- **How:** Replace jail time with diversion, community service, counseling, or treatment. This keeps people out of the system and gives them a chance to address the underlying issue.

### 2. **Reduce Sentencing Disparities**
- **Why:** Mandatory minimums and three-strikes laws throw the scales wildly. One hit-and-run in Ohio can land you 30 years; someone with no record in Florida gets 60 months for the same thing.
- **How:** Repeal or reform mandatory minimums. Use risk-based guidelines that actually reflect the danger someone poses, not the number of prior offenses.

### 3. **Invest in Community-Based Alternatives**
- **Why:** Incarceration doesn is expensive and doesn’t fix the problem. Job training, mental health services, addiction treatment, and housing keep people out of prison.
- **How:** Fund reentry programs, expand parole and supervised release, and partner with employers to hire formerly incarcerated people.

### 4. **End the Profit from Prison Labor**
- **Why:** Private companies make billions from prison labor. It’s not about safety—it’s about profit.
- **How:** Ban private contracts for prison labor. Let prisoners work for the state at fair wages, not for a profit.

### 5. **Change the Culture of Punishment**
- **Why:** Fear and the “tough-on-crime” mentality keep people behind bars. Education and rehabilitation are slower than locking them up.
- **How:** Train judges, prosecutors, and police that rehabilitation is the goal. Mandate education and health care in prison, not just time behind bars.

### 6. **Address Root Causes: Poverty, Addiction, and Unemployment**
- **Why:** Most people end up in prison because they can’t afford not to. Lack of housing, addiction, and joblessness are the real drivers.
- **How:** Invest in affordable housing, addiction treatment, and job programs in communities before someone gets arrested.

### 7. **Monitor and Measure Real Results**
- **Why:** You can’t fix what you don’t measure. If you don’t know who’s coming back or why, you can’t improve.
- **How:** Track recidivism rates by policy changes, not just by the person. Use data to guide reforms, not politics.

---

**Real reform is a system-wide overhaul, not a few tweaks.** It’s about building a safety net in the community so fewer people fall through the cracks in the first place. That means funding, training, accountability, and a willingness to admit that locking someone up for nine months or 20 years doesn’t make them safer.

**The best approach is a combination of all these steps, guided by evidence and implemented with the input of people who have been through the system.** That’s how we get real change—not just more walls, but fewer people behind them and more people moving forward.",-1,-1,-1,-1,-1,-1,-1,-1
engineer,16,50,1.5,0.2,How should we address the long-term effects of childhood trauma on society?," Addressing the long-term effects of childhood trauma can have a significant impact on societal well. Here, I can outline strategies and approaches to address these issues, both at individual and societal levels.

 **1. Understanding and awareness:

  
  - ** Understanding the impacts: Recognizing how trauma can shape outcomes— such, through emotional, psychological, and social impacts.  
 

  
  – Understanding how systemic factors ( like access to resources, and social structures.

  
 

  
 **—

 **

 **1. Addressing through prevention and education.

  
 – ** Education: Promoting awareness about the impacts of trauma, and how to support individuals and systems.

  
 

  
 **—

 **

 **2. Support systems and interventions.

  
 – ** Support systems: Ensing that support mechanisms are in place, such as support systems for individuals, and community structures.

  
 

  
 — For example, ensuring that mental health resources are accessible, and that support systems are accessible for those who need them.

  
 

  
 **—

 **

 **, and strategies for addressing trauma through interventions like therapy, and support.

  
 

  
 — For example, encouraging the use of evidence-based practices like therapy ( such as therapy and interventions like counseling.

  
 

  
 **

 **, and addressing social structures that address trauma.

  
 

 — For example, addressing policies that address systemic issues, such. 

 

  
 — For example, ensuring that policies address access to resources, and support for mental health.

  
 

  
 **

 **, and fostering community.

  
 

 — Encouraging community support, such as support networks, and social connections.

  
 

  
 — Addressing social structures that can mitigate the impacts, such as through support systems and interventions.

 

  
 

 **, and addressing societal structures.

  
 

 — Addressing how systems ( such as education, and policies that can address trauma.

  
 

  
 — For example, ensuring that support for mental health and access to resources are accessible.

 

  
 

 **, and addressing the systemic issues.

  
 

 — Understanding how trauma can affect outcomes, and how to address these through policies and interventions.

 

  
 

 **, and fostering resilience.

  
 

 — Encouraging strategies that help individuals and communities, such as support systems and interventions.

 

  
 

 **, and addressing the social frameworks.

  
 

 — Ensing that policies address the needs, and support mechanisms for both individuals and systems.

 

  
 

 **, and addressing the structures that can help.

  
 

 — For example, ensuring that systems like education and support mechanisms are designed to address trauma.

 

  
 

 **, and addressing the social and structural frameworks.

  
 

 — Understanding how to address the impacts through both individual and systemic approaches.

 

  
 

 **, and fostering support systems.

  
 

 — Ensing that there are mechanisms for addressing trauma, such as through support and interventions.

 

  
 

 **, and addressing the societal structures that can help.

  
 

 — For example, ensuring that policies address the needs for support and understanding.

 

  
 

 **, and addressing the structures that can help.

  
 

 — This might involve policies that address mental health, and support systems for both individuals and communities.

 

  
 

 **, and addressing the systemic approaches.

  
 

 — Understanding how to address the impacts through both personal and systemic solutions.

 

  
 

 **, and addressing the structures that can help.

  
 

 — For example, ensuring that systems like education and support can address the needs related to trauma.

 

  
 

 **, and addressing the social frameworks.

  
 

 — This might involve creating policies that address the needs for support, and ensuring that systems are designed to address the challenges.

 

  
 

 **, and addressing the structures that support resilience.

  
 

 — This could involve strategies like support systems, and addressing how to address the impacts through both personal and systemic approaches.

 

  
 

 **, and addressing the structures that can help.

  
 

 — For example, ensuring that policies and systems address the needs for support and understanding.

 

  
 

 **, and addressing the strategies for prevention and support.

  
 

 — This might involve both educational measures and structural solutions.

 

  
 

 **, and addressing the systems that can help.

  
 

 — For example, ensuring that access to resources and support is available.

 

  
 

 **, and addressing the social frameworks.

  
 

 — This can involve understanding and addressing how trauma impacts, and how to address these through strategies that address both individual and systemic solutions.

 

  
 

 **, and addressing the solutions that address the impacts.

  
 

 — This might involve both personal interventions and systemic strategies.

 

  
 

 **, and addressing the structures that support resilience and solutions.

  
 

 — This can involve both strategies for addressing the needs and understanding how to address the impacts through practical measures.

 

  
 

 **, and addressing the systems that can help.

  
 

 — For example, ensuring that policies and structures support the needs of individuals and the systems.

 

  
.

 **, and addressing the strategies for addressing the impacts.

  
 

 — This involves both understanding and action, such. 

 

.

 **, and ensuring that systems are designed to address the needs.

 

.

 **, and addressing the strategies for addressing the outcomes.

 

.

 **, and addressing the structures that support resilience.

 

.

 **, and addressing the strategies for addressing the impacts.

 

. 

 **, and ensuring that systems are designed to address the needs.

 

. 

 **, and addressing the strategies for addressing the outcomes.

 

. 

 **, and ensuring that systems are designed to support and address the needs.

 

. 

 **, and addressing the strategies for addressing the challenges.

 

. 

 **, and ensuring that systems are aligned with the needs.

 

. 

 **, and addressing the strategies for addressing the impacts.

 

. 

 **, and ensuring that systems are designed to address the needs.

 

. 

 **, and addressing the strategies for addressing the outcomes.

 

. 

 **, and ensuring that systems are designed to address the needs.

 

. 

 **, and addressing the strategies for addressing the challenges.

 

. 

 **, and ensuring that systems are designed to address the needs.

 

. 

 **, and addressing the strategies for addressing the outcomes.

 

. 

 **, and ensuring that systems are aligned with the needs.

 

. 

 **, and addressing the strategies for addressing the challenges.

 

. 

 **, and ensuring that systems are designed to address the needs.

 

. 

 **, and addressing the strategies for addressing the outcomes.

 

. 

 **, and ensuring that systems are designed to address the needs.

 

. 

 **, and addressing the strategies for addressing the challenges.

 

. 

 **, and ensuring that systems are based. 

 

. 

 **, and addressing the strategies for addressing the outcomes.

 

. 

 **, and ensuring that systems are designed to address the needs.

 

. 

 **, and addressing the strategies for addressing the challenges.

 

. 

 **, and ensuring that systems are designed to address the needs.

 

. 

 **, and addressing the strategies for addressing the outcomes.

 

. 

 **, and ensuring that systems are designed to address the needs.

 

. 

 **, and addressing the strategies for addressing the challenges.

 

. 

 **, and ensuring that systems are. 

 

. 

 **, and addressing the strategies for addressing the outcomes.

 

. 

 **, and ensuring that systems are. 

 

.

 **, and addressing the strategies for addressing the challenges.

 

. 

 **, and ensuring that systems are. 

 

.

 **, and addressing the strategies for addressing the outcomes.

 

. 

 **, and ensuring that systems are. 

 

.

 **, and addressing the strategies for understanding and addressing the impacts.

 

. 

 **, and ensuring that systems are. 

 

.

 

 **, and addressing the strategies for addressing the outcomes. 

 

. 

 **, and ensuring that systems are. 

 

.

 **, and addressing the strategies for addressing the challenges.

 

. 

 **, and ensuring that systems are. 

 

.

 

 **, and addressing the strategies for addressing the outcomes. 

 

. 

 **, and ensuring that systems are. 

 

.

 

 **, and addressing the strategies for understanding and addressing the impacts. 

 

. 

 **, and ensuring that systems are. 

 

.

 

 **, and addressing the strategies for addressing the challenges. 

 

. 

 **, and ensuring that systems are. 

 

.

 

 **, and addressing the strategies for understanding and addressing the outcomes.

 

. 

 **, and ensuring that systems are. 

 

.

 

 **, and addressing the strategies for addressing the challenges. 

 

.

 

 **, and ensuring that systems are. 

 

.

 

, and addressing the strategies for understanding and addressing the outcomes.

 

. 

 **, and ensuring that systems are. 

 

.

 

, and addressing the strategies for addressing the challenges.

 

. 

 **, and ensuring that systems are. 

 

.

 

, and addressing the strategies for understanding and addressing the outcomes.

 

. 

 **, and ensuring that systems are. 

 

.

 

, and addressing the strategies for addressing the challenges.

 

. 

 **, and ensuring that systems are. 

 

.

 

, and addressing the strategies for understanding and addressing the outcomes.

 

. 

 **, and ensuring that systems are. 

 

.

 

, and addressing the strategies for addressing the outcomes.

 

. 

 **, and ensuring that systems are. 

 

.

 

, and addressing the strategies for understanding and addressing the issues.

 

. 

 **, and ensuring that systems are. 

 

.

 

, and addressing the strategies for addressing the challenges.

 

. 

 **, and ensuring that systems are. 

 

.

 

, and addressing the strategies for understanding and addressing","Addressing childhood trauma requires a multi-layered approach: early intervention, accessible mental health services, and community support systems. Engineering-wise, we can develop tools for early detection and personalized therapy platforms that scale efficiently. Tackling the root causes and providing ongoing support is key to breaking the cycle.","Addressing the long-term effects of childhood trauma on society is a complex, urgent, and multi-layered challenge. These effects ripple through individuals, families, communities, and entire systems—showing up in health costs, criminal justice, educational performance, and intergenerational suffering. Tackling this requires a blend of prevention, early intervention, systemic change, and sustained support. Here’s a framework for how society can respond:

---

### 1. **Early Identification and Screening**

- **Universal screening** in schools, clinics, and child welfare systems must become routine. Early detection of trauma symptoms allows for timely intervention before the damage deepens.
- Train front-line staff—teachers, nurses, social workers—to recognize signs of trauma and refer at-risk children for assessment and support.

---

### 2. **Strengthening Protective Systems**

- **Safe, stable homes** are non-negotiable. Invest in affordable, quality childcare, after-school programs, and foster care with trauma-informed practices.
- Expand **parenting and caregiver support networks**, offering mental health resources, parenting training, and respite for exhausted families.

---

### 3. **Trauma-Informed Care Across All Systems**

- Every institution—schools, hospitals, police, prisons—must adopt trauma-informed care protocols. Staff are trained to recognize triggers, avoid retraumatization, and connect kids to real support.
- Legal and justice systems must prioritize rehabilitation over punishment for those with trauma histories; restorative justice and diversion programs can help.

---

### 4. **Mental Health and Physical Health Integration**

- Address the compounded physical and mental health crises stemming from untreated trauma. Fund primary care that links mental and physical screening, and ensure access to trauma therapy (like EMDR, CPT, and play therapy).
- Reduce stigma around mental health so kids and their families can seek help without shame.

---

### 5. **Community and Policy Reforms**

- **Data collection** on childhood trauma’s impact so policymakers can allocate resources and measure progress.
- Mandate that all public safety budgets include trauma prevention and recovery funding.
- Advocate for policies that protect vulnerable children from further risk—like limiting exposure to violence, improving housing, and ensuring safe neighborhoods.

---

### 6. **Education and Public Awareness**

- Train teachers, first responders, and community leaders to recognize trauma and its signs.
- Run public campaigns to destigmatize mental health and explain how childhood trauma affects everyone—not just the individual.
- Engage families in community dialogues about prevention and healing, not just blame.

---

### 7. **Intergenerational Healing and Justice**

- Acknowledge that trauma is inherited and that current generations are paying the price for past injustices. This demands accountability from systems that failed previous generations.
- Support community-led healing initiatives—story circles, memorials, restorative rituals—that honor survivors and create collective memory.

---

### 8. **Sustained Investment, Not Band-Aids**

- This isn the next five years; it’s a lifelong commitment. Funding must be stable and predictable, not dependent on political cycles.
- Evaluate interventions for effectiveness and adapt them as we learn more.

---

**In short:** We must move from crisis management to prevention and healing. Every layer of society—from the classroom to the courtroom to the clinic—must be equipped, trained, and accountable to support children who have survived trauma. Only then can we break the cycle and build a safer, healthier future for all.",-1,-1,-1,-1,-1,-1,-1,-1
engineer,16,50,1.5,0.2,How do you think about the challenges and benefits of multicultural societies?," Multicultural societies offer both benefits and challenges. Here are key considerations:

 **Benefits:

 1. Diversity and diversity.  
 The diversity in cultures, backgrounds, and perspectives can foster innovation and creativity. Different perspectives can lead to innovative solutions and diverse problem-solving.

 . 

 **Benefits:

 1. Diversity and inclusivity.  
 Multicultural societies encourage inclusivity, allowing diverse perspectives and understanding. This can help in building resilience and fostering a diverse perspectives.

 . 

 **Benefits:

 — Social diversity can enhance creativity and innovation.  
 By integrating different perspectives, organizations and communities can innovate and adapt to changes more effectively.

 

 **Benefits:

 — Social diversity can promote inclusivity and diversity.  
 This can help in building a diverse environments, fostering empathy and understanding.

 

 **Challenges:

 — Challenges related to communication.  
 Different cultures may require different approaches to communication, which can lead to misunderstandings or conflicts.

 

 **Examples of challenges:

 — Cultural differences can lead to conflicts or misunderstandings.  
 This can affect relationships, both personally and in organizations.

 

 **Examples of challenges:

 — Social and cultural differences can lead to disparities in access to resources, such. 

 

 

 ** benefits and challenges. 

 It’s important to address challenges through clear communication, education, and understanding. Ensuring inclusivity and fostering dialogue can help address challenges while leveraging the benefits of diversity.

 

 For example, in organizations, clear policies and communication can help address cultural differences, while fostering collaboration and inclusivity can help ensure that benefits are realized.

 

 In summary, multicultural societies can foster innovation and diversity, but require thoughtful management to address challenges. balancing these aspects is key to maximizing benefits while addressing challenges.

 

 If you want to explore specific aspects— like in education or societal structures, or how to address challenges through strategies.

 

 For example, addressing challenges through education and clear communication can help ensure that everyone can contribute to and understand the benefits.

 

 This can help in building a robust, inclusive environments where everyone can contribute.

 

 So, the challenges are about managing and understanding, while benefits involve fostering innovation and diversity.

 

 This can help in creating a effective strategies for managing and benefits.

 

 The benefits often come from fostering inclusivity and understanding, while challenges require proactive strategies to address challenges.

 

 This can help in building resilience and understanding.

 

 So, the challenges often involve navigating cultural differences, while benefits include fostering innovation and diversity.

 

 This can help in creating a effective strategies for managing challenges and leveraging benefits.

 

 This can lead to more robust solutions and better outcomes.

 

 So, the challenges require thoughtful approaches, while benefits can lead to positive outcomes.

 

 This can help in building a effective strategies for managing and.

 

 The benefits often include improved problem-solving and diversity.

 

 And challenges include managing conflicts and understanding cultural differences.

 

 This can help in ensuring that systems and processes are designed to support inclusivity.

 

 So, the challenges require clear communication and understanding, while benefits come from leveraging diversity.

 

 This can help in building effective strategies for both.

 

 This can help in fostering a environments where both benefits and challenges are addressed.

 

 This can lead to better outcomes and more effective solutions.

 

 So, understanding and addressing challenges can help ensure that benefits are realized.

 

 This can help in creating a balanced approach to managing and.

 

 This can help in ensuring that the benefits are achieved through structured approaches.

 

 This can help in building effective strategies for addressing challenges and ensuring positive outcomes.

 

 This can help in fostering a environments that are both effective and.

 

 This can help in ensuring that systems are designed to support both.

 

 This can help in ensuring that the benefits are achieved through clear strategies.

 

 This can help in ensuring that the challenges are addressed through thoughtful approaches.

 

 This can help in creating a balanced approach, ensuring that both benefits and challenges are addressed.

 

 This can help in fostering a environments where diversity is valued and, and.

 

 This can help in building effective strategies for addressing challenges and leveraging benefits.

 

 This can help in ensuring that the systems and processes are designed to support inclusivity and.

 

 This can help in ensuring that the solutions are informed by diverse perspectives.

 

 This can help in creating a systems that are adaptable and effective.

 

 This can help in fostering a environments where collaboration and innovation are possible.

 

 This can help in ensuring that the challenges are addressed through clear communication and understanding.

 

 This can help in ensuring that the benefits are realized through structured approaches.

 

 This can help in building a systems that are responsive and adaptive.

 

 This can help in ensuring that the solutions are informed by diverse perspectives.

 

 This can help in fostering a environments where diversity is valued and.

 

 This can help in ensuring that the processes are designed to support inclusivity.

 

 This can help in creating effective strategies for addressing challenges and leveraging benefits.

 

 This can help in ensuring that the systems are designed to support the outcomes.

 

 This can help in fostering a environments where both innovation and understanding are.

 

 This can help in ensuring that the solutions are based. 

 

 This can help in building effective strategies for addressing challenges and ensuring that the benefits are achieved.

 

 This can help in ensuring that the processes are aligned with the goals and goals.

 

 This can help in ensuring that the systems are designed to address challenges and support positive outcomes.

 

 This can help in fostering a environments where diversity is valued and, and.

 

 This can help in ensuring that the strategies are based on understanding and.

 

 This can help in ensuring that the solutions are informed by diverse perspectives.

 

 This can help in creating effective strategies for addressing challenges and ensuring that the benefits are achieved.

 

 This can help in building a systems that are adaptable and responsive.

 

 This can help in fostering a environments where collaboration and innovation are possible.

 

 This can help in addressing challenges through clear communication and understanding.

 

 This can help in ensuring that the solutions are informed by diverse perspectives.

 

 This can help in creating systems that are effective and, and.

 

 This can help in ensuring that the processes are designed to address challenges and support the goals.

 

 This can help in fostering a environments where diversity is valued and.

 

 This can help in ensuring that the strategies are based on understanding and.

 

 This can help in ensuring that the solutions are tailored to address challenges and ensure effective outcomes.

 

 This can help in building systems that are adaptable and responsive to needs.

 

 This can help in fostering a environments where collaboration and innovation are possible.

 

 This can help in addressing challenges through clear communication and understanding.

 

 This can help in ensuring that the benefits are achieved through structured approaches.

 

 This can help in ensuring that the processes are designed to support the goals and.

 

 This can help in addressing challenges through understanding and.

 

 This can help in ensuring that the solutions are informed by diverse perspectives.

 

 This can help in creating systems that are effective and, and.

 

 This can help in fostering a environments where diversity is supported.

 

 This can help in ensuring that the strategies are based. 

 

 This can help in addressing challenges and ensuring that the outcomes are effective.

 

 This can help in building strategies that address challenges and leverage benefits.

 

 This can help in ensuring that the systems are designed to support both.

 

 This can help in fostering a approaches that address challenges and encourage innovation.

 

 This can help in ensuring that the solutions are based on understanding and.

 

 This can help in creating systems that are adaptable and effective.

 

 This can help in addressing challenges and ensuring that the processes are effective.

 

 This can help in ensuring that the strategies are aligned with goals and.

 

 This can help in fostering a environments where diversity and.

 

 This can help in ensuring that the solutions are informed by diverse perspectives.

 

 This can help in addressing challenges through clear communication and.

 

 This can help in ensuring that the systems are designed to support the goals.

 

 This can help in creating strategies that address challenges and leverage benefits.

 

 This can help in ensuring that the processes are designed for inclusivity.

 

 This can help in fostering a systems that are adaptable and. 

 

 This can help in addressing challenges and ensuring that the solutions are effective.

 

 This can help in building strategies that support both. 

 

 This can help in ensuring that the processes are aligned with goals and.

 

 This can help in understanding and addressing challenges, while leveraging benefits.

 

 This can help in fostering a environments where diversity is valued and.

 

 This can help in ensuring that the solutions are based on understanding and.

 

 This can help in creating systems that are effective and, and.

 

 This can help in addressing challenges through clear strategies and.

 

 This can help in ensuring that the outcomes are based on understanding and.

 

 This can help in fostering a systems that are adaptable and.

 

 This can help in ensuring that the processes are aligned with goals and.

 

 This can help in addressing challenges and ensuring that the solutions are effective.

 

 This can help in building strategies that support the goals and.

 

 This can help in understanding and addressing challenges, while leveraging benefits.

 

 This can help in ensuring that the systems are designed for inclusivity and.

 

 This can help in fostering a approaches that address challenges and.

 

 This can help in ensuring that the solutions are based on understanding and.

 

 This can help in creating strategies that address challenges and.

 

 This can help in ensuring that the processes are aligned with goals and.

 

 This can help in understanding and addressing challenges, while ensuring that the benefits are achieved.

 

 This can help in fostering a systems that are effective and.

 

 This can help in addressing challenges through clear strategies and.

 

 This can help in ensuring that the solutions are based on understanding and.

 

 This can help in creating strategies that support the goals and.

 

 This can help in ensuring that the processes are aligned with goals and.

 

 This can help in addressing challenges","Multicultural societies bring diverse perspectives that fuel innovation and problem-solving. The challenge lies in bridging communication gaps and aligning different values, but when managed well, this diversity becomes a powerful asset for engineering solutions that serve broader communities.","Multicultural societies are both complex and fascinating. When we look at the challenges, it’s important to acknowledge the real difficulties that come with blending so many different ways of life. Language barriers can slow down communication and create misunderstandings. Different cultural norms around things like time, personal space, or even what’s considered polite can lead to friction or frustration. There’s also the risk of cultural erosion when dominant groups start to overshadow minority traditions, or when policies and media don’t reflect the diversity of the population. Sometimes, old prejudices and stereotypes can resurface, making trust and cooperation harder to build.

But the benefits of multicultural societies are just as significant—if not more important. When people from different backgrounds live and work together, they bring a wider range of ideas, perspectives, and solutions to problems. Innovation and creativity often surge when you mix traditions, recipes, music, and approaches to everything from education to business. There’s also the strength that comes from diversity: a community that can withstand challenges because it has multiple layers of resilience and adaptation. Economically, multiculturalism can boost productivity and open up new markets. Socially, it teaches tolerance, empathy, and the value of coexistence. In the end, a multicultural society isn’t just a collection of groups—it’s a living mosaic that, when nurtured, can become stronger and more vibrant than any single piece alone.",-1,-1,-1,-1,-1,-1,-1,-1
engineer,16,50,1.5,0.2,How can I make my community a better place to live?," Making a community better often involves addressing both practical and social aspects. Here are strategies to help improve your community:

 **1. Engage in community dialogue.**  
 Consider how you can participate in discussions or community discussions. open communication helps identify needs and address challenges.

 **To address challenges, consider:

  
 - ** addressing challenges.  
 For example, identifying issues like accessibility, safety, and access to resources. 

  
 **. 

  
 **. 

  
 **. 

  
 **. 

  
 **. 

  
 **. 

  
 **. 

  
 **. 

  
 **. 

  
 **. 

  
 **. 

  
 **. 

  
 **.

  
 **. 

  
 **.

  
 **. 

  
 **. 

.

  
 **. 

.

  
 **. 

.

  
 **. 

.

  
 **. 

.

  
 **. 

.

  
 **. 

.

  
 **. 

.

  
 **. 

.

  
 **. 

.

  
 **. 

.

  
 **. 

.

  
 **. 

.

  
 **. 

.

  
 **. 

.

  
 **. 

.

  
 **. 

.

  
 **. 

.

  
 **. 

.

  
 **. 

.

  
 **. 

.

  
 **. 

.

  
 **. 

.

  
 **. 

.

  
 **. 

.

  
 **. 

.

  
 **. 

.

  
 **. 

.

  
 **. 

.

  
 **. 

.

  
 **. 

.

  
 **. 

.

  
 **. 

.

  
 **. 

.

  
 **. 

.

  
 **. 

.

  
 **. 

.

  
 **. 

.

  
 **. 

.

  
 **. 

.

  
 **. 

.

  
 **. 

.

  
 **. 

.

  
 **. 

.

  
 **. 

.

  
 **. 

.

  
 **. 

.

  
 **. 

.

  
 **. 

.

  
 **. 

.

  
 **. 

.

  
 **. 

.

  
 **. 

.

  
 **. 

.

  
 **. 

.

  
 **. 

.

  
 **. 

.

  
 **. 

.

  
 **. 

.

  
 **. 

.

  
 **. 

.

  
 **. 

.

  
 **. 

.

  
 **. 

.

  
 **. 

.

  
 **. 

.

  
 **. 

.

  
 **. 

.

  
 **. 

.

  
 **. 

.

  
 **. 

.

  
 **. 

.

  
 **. 

.

  
 **. 

.

  
 **. 

.

  
 **. 

.

  
 **. 

.

  
 **. 

.

  
 **. 

.

  
 **. 

.

  
 **. 

.

  
 **. 

.

  
 **. 

.

  
 **. 

.

  
 **. 

.

  
 **. 

.

  
 **. 

.

  
 **. 

.

  
 **. 

.

  
 **. 

.

  
 **. 

.

  
 **. 

.

  
 **. 

.

  
 **. 

.

  
 **. 

.

  
 **. 

.

  
 **. 

.

  
 **. 

.

  
 **. 

.

  
 **. 

.

  
 **. 

.

  
 **. 

.

  
 **. 

.

  
 **. 

.

  
 **. 

.

  
 **. 

.

  
 **. 

.

  
 **. 

.

  
 **. 

.

  
 **. 

.

  
 **. 

.

  
 **. 

.

  
 **. 

.

  
 **. 

.

  
 **. 

.

  
 **. 

.

  
 **. 

.

  
 **. 

.

  
 **. 

.

  
 **. 

.

  
 **. 

.

  
 **. 

.

  
 **. 

.

  
 **. 

.

  
 **. 

.

  
 **. 

.

  
 **. 

.

  
 **. 

.

  
 **. 

.

  
 **. 

.

  
 **. 

.

  
 **. 

.

  
 **. 

.

  
 **. 

.

  
 **. 

.

  
 **. 

.

  
 **. 

.

  
 **. 

.

  
 **. 

.

  
 **. 

.

  
 **. 

.

  
 **. 

.

  
 **. 

.

  
 **. 

.

  
 **. 

.

  
 **. 

.

  
 **. 

.

  
 **. 

.

  
 **. 

.

  
 **. 

.

  
 **. 

.

  
 **. 

.

  
 **. 

.

  
 **. 

.

  
 **. 

.

  
 **. 

.

  
 **. 

.

  
 **. 

.

  
 **. 

.

  
 **. 

.

  
 **. 

.

  
 **. 

.

  
 **. 

.

  
 **. 

.

  
 **. 

.

  
 **. 

.

  
 **. 

.

  
 **. 

.

  
 **. 

.

  
 **. 

.

  
 **. 

.

  
 **. 

.

  
 **. 

.

  
 **. 

.

  
 **. 

.

  
 **. 

.

  
 **. 

.

  
 **. 

.

  
 **. 

.

  
 **. 

.

  
 **. 

.

  
 **. 

.

  
 **. 

.

  
 **. 

.

  
 **. 

.

  
 **. 

.

  
 **. 

.

  
 **. 

.

  
 **. 

.

  
 **. 

.

  
 **. 

.

  
 **. 

.

  
 **. 

.

  
 **. 

.

  
 **. 

.

  
 **. 

.

  
 **. 

.

  
 **. 

.

  
 **. 

.

  
 **. 

.

  
 **. 

.

  
 **. 

.

  
 **. 

.

  
 **. 

.

  
 **. 

.

  
 **. 

.

  
 **. 

.

  
 **. 

.

  
 **. 

.

  
 **. 

.

  
 **. 

.

  
 **. 

.

  
 **. 

.

  
 **. 

.

  
 **. 

.

  
 **. 

.

  
 **. 

.

  
 **. 

.

  
 **. 

.

  
 **. 

.

  
 **. 

.

  
 **. 

.

  
 **. 

.

  
 **. 

.

  
 **. 

. 

.

  
 **. 

. 

.

  
 **. 

. 

.  


.

  
 **. 

.  


.

  
 **. 

.  


.

  
 **. 

.  


.

  
 **. 

.  


.

  
 **. 

.  


.

  
 **. 

.  


.

  
 **. 

.  


.

  
 **. 

.  


.

  
 **. 

.  


.

  
 **. 

.  


.

  
 **. 

.  


.

  
 **. 

.  


.

  
 **. 

.  


.

  
 **. 

.  


.

  
 **. 

.  


.

  
 **. 

.  


.

  
 **. 

. 

.  


.

  
 **. 

.  


.

  
 **. 

. 

.  


.

  
 **. 

. 

.  


.

  
 **. 

. 

.  


.

  
 **. 

. 

.  


.

  
 **. 

. 

.  


.

  
 **. 

. 

.  


.

  
 **. 

. 

.  


.

  
 **. 

. 

.  


.

  
 **. 

. 

.

  
 **. 

. 

.

  
 **. 

. 

.

  
 **. 

. 

.

  
 **. 

. 

.

  
 **. 

. 

.

  
. 

.

  
 **. 

. 

.

  
 **. 

. 

.

  
. 

.

  
. 

.

  
. 

.

  
. 

.

  
. 

.

  
. 

.

  
. 

.

  
. 

.

  
. 

.

  
. 

.

  
. 

.

  
. 

.

  
. 

.

  
. 

.

  
. 

.

  
. 

.

  
. 

.

  
. 

.

  
. 

.

  
. 

.

  
. 

.

  
. 

.

  
. 

.

  
. 

.

  
. 

.

  
. 

.

  
. 

.

  
. 

.

  
. 

.

  
. 

.

  
. 

.

  
. 

.

  
. 

.

  
. 

.

  
. 

.

  
. 

.

  
. 

.

  
. 

.

  
. 

.

  
. 

.

  
. 

.

  
. 

.

  
. 

.

  
. 

.

  
. 

.

  
. 

.

  
. 

.

  
. 

.

  
. 

.

  
. 

.

  
. 

.

  
. 

.

  
. 

.

  
. 

.

  
. 

.

  
. 

.

  
. 

.

  
. 

.

  
. 

.

  
. 

.

  
. 

.

  
. 

.

  
. 

.

  
. 

.

  
. 

.

  
. 

.

  
. 

.

  
. 

.

  
. 

.

  
. 

.

  
. 

.

  
. 

.

  
. 

.

  
. 

.

  
. 

.

  
. 

.

  
. 

.

  
. 

.

  
. 

.

  
. 

.

  
. 

.

  
. 

.

  
. 

.

  
. 

.

  
. 

.

  
. 

.

  
. 

.

  
. 

.

  
. 

.

  
. 

.

  
. 

.

  
. 

.

  
. 

.

  
. 

.

  
. 

.

  
. 

.

  
. 

.

  
. 

.

  
. 

.

  
. 

.

  
. 

.

  
. 

.

  
. 

.

  
. 

.

  
. 

.

  
. 

.

  
","Start by identifying the biggest pain points—whether it’s infrastructure, access to resources, or education. Then, apply practical, scalable solutions that empower people rather than create dependency. Collaboration and listening to the community’s real needs are key.","That’s a wonderful goal! Making your community a better place to live is a big, but very doable, project. Here are some practical steps you can take, no matter where you live or what resources you have:

### 1. **Listen First**
Talk to your neighbors. What do they care about? What problems do they see? You’ll find the best solutions when everyone’s voice is heard.

### 2. **Identify Real Issues**
Look around—what’s broken or missing? Is it safety, trash on the street, lack of playgrounds, slow internet, or just a place for people to gather? Make a list of the top 3 things that matter most.

### 3. **Start Small, Start Local**
Don’t wait for the city council. Fix a pothole, plant a tree, or organize a clean-up. Small wins build momentum and show others what’s possible.

### 4. **Organize & Mobilize**
Get a few like-minded neighbors together. Make a WhatsApp or email group, put up flyers, or use a neighborhood app. Even a handful of people can do a lot.

### 5. **Volunteer or Fundraise**
Some improvements need money. Host a bake sale, car wash, or crowdfunding page. Local businesses might chip in if you ask nicely.

### 6. **Work With Local Authorities**
If you see something that needs fixing—like a broken light or a missing crosswalk—report it. Sometimes a simple form or email does the trick. If it’s bigger, find the right department and meet with them.

### 7. **Create Gathering Spaces**
A park, a community garden, a shared tool shed—these are low-cost ways to build connection and make the street feel safer and friendlier.

### 8. **Educate and Advocate**
Host workshops, film nights, or safety talks. The more people know the rules and each other’s faces, the safer and warmer it feels.

### 9. **Support Small Businesses**
Encourage neighbors to shop local. That means more jobs and more character in the streets.

### 10. **Be Consistent and Kind**
Change takes time. Celebrate the little victories and thank everyone who helps. Kindness spreads faster than any policy.

---

**Remember:** Even one person making a difference is a difference. The more people you get involved with, the bigger the impact. Your community is waiting for you to show up and make it better—start today! If you tell me where you live or what resources you have (time, money, skills), I can give you even more specific ideas.",-1,-1,-1,-1,-1,-1,-1,-1
engineer,16,50,1.5,0.2,How could a community address homelessness more effectively?," Addressing homelessness requires a multifac. Here are strategies that can help improve effectiveness:

 ** 1. Addressing root causes.  
 — Addressing underlying issues like economic challenges, access to resources, and social structures. This may involve supporting policies that address poverty, access to resources, and systemic solutions.

 ** . 

 **

 **

 **

 **

 **

 **

 **

 **

 **

 **

 **

 **

 **

 **

 **

 **

 **

 **

 **

 **

 **

 **

 **

 **

 **

 **

.

 **

 **

.

 **

 **

.

 **

.

 **

.

 **

.

 **

.

 **

.

 **

.

 **

.

 **

.

 **

.

 **

.

 **

.

 **

.

 **

.

 **.

 **

.

 **.

 **.

 **.

 **.

 **.

 **.

 **.

 **.

 **.

 **.

 **.

 **.

 **.

 **.

 **.

 **.

 **.

 **.

 **.

 **.

 **.

 **.

 **.

 **.

 **.

 **.

 **.

 **.

 **.

 **.

 **.

 **.

 **.

 **.

 **.

 **.

 **.

 **.

 **.

 **.

 **.

 **.

 **.

 **.

 **.

 **.

 **.

 **.

 **.

 **.

 **.

 **.

 **.

 **.

 **.

 **.

 **.

 **.

 **.

 **.

 **.

 **.

 **.

 **.

 **.

 **.

 **.

 **.

 **.

 **.

 **.

 **.

 **.

 **.

 **.

 **.

 **.

 **.

 **.

 **.

 **.

 **.

 **.

 **.

 **.

 **.

 **.

 **.

 **.

 **.

 **.

 **.

 **.

 **.

 **.

 **.

 **.

 **.

 **.

 **.

 **.

 **.

 **.

 **.

 **.

 **.

 **.

 **.

 **.

 **.

 **.

 **.

 **.

 **.

 **.

 **.

 **.

 **.

 **.

 **.

 **.

 **.

 **.

 **.

 **.

 **.

 **.

 **.

 **.

 **.

 **.

 **.

 **.

 **.

 **.

 **.

 **.

 **.

 **.

 **.

 **.

 **.

 **.

 **.

 **.

 **.

 **.

 **.

 **.

 **.

 **.

 **.

 **.

 **.

 **.

 **.

 **.

 **.

 **.

 **.

 **.

 **.

 **.

 **.

 **.

 **.

 **.

 **.

 **.

 **.

 **.

 **.

 **.

 **.

 **.

 **.

 **.

 **.

 **.

 **.

 **.

 **.

 **.

 **.

 **.

 **.

 **.

 **.

 **.

 **.

 **.

 **.

 **.

 **.

 **.

 **.

 **.

 **.

 **.

 **.

 **.

 **.

 **.

 **.

 **.

 **.

 **.

 **.

 **.

 **.

 **.

 **.

 **.

 **.

 **.

 **.

 **.

 **.

 **.

 **.

 **.

 **.

 **.

 **.

 **.

 **.

 **.

 **.

 **.

 **.

 **.

 **.

 **.

 **.

 **.

 **.

 **.

 **.

 **.

 **.

 **.

 **.

 **.

 **.

 **.

 **.

 **.

 **.

 **.

 **.

 **.

 **.

 **.

 **.

 **.

 **.

 **.

 **.

 **.

 **.

 **.

 **.

 **.

 **.

 **.

 **.

 **.

 **.

 **.

 **.

 **.

 **.

 **.

 **.

 **.

 **.

 **.

 **.

 **.

 **.

 **.

 **.

 **.

 **.

 **.

 **.

 **.

 **.

 **.

 **.

 **.

 **.

 **.

 **.

 **.

 **.

 **.

 **.

 **.

 **.

 **.

 **.

 **.

 **.

 **.

 **.

 **.

 **.

 **.

 **.

 **.

 **.

 **.

 **.

 **.

 **.

 **.

 **.

 **.

 **.

 **.

 **.

 **.

 **.

 **.

 **.

 **.

 **.

 **.

 **.

 **.

 **.

 **.

 **.

 **.

 **.

 **.

 **.

 **.

 **.

 **.

 **.

 **.

 **.

 **.

 **.

 **.

 **.

 **.

 **.

 **.

 **.

 **.

 **.

 **.

 **.

 **.

 **.

 **.

 **.

 **.

 **.

 **.

 **.

 **.

 **.

 **.

 **.

 **.

 **.

 **.

 **.

 **.

 **.

 **.

 **.

 **.

 **.

 **.

 **.

 **.

 **.

 **.

 **.

 **.

 **.

 **.

 **.

 **.

 **.

 **.

 **.

 **.

 **.

 **.

 **.

 **.

 **.

 **.

 **.

 **.

 **.

 **.

 **.

 **.

 **.

 **.

 **.

 **.

 **.

 **.

 **.

 **.

 **.

 **.

 **.

 **.

 **.

 **.

 **.

 **.

 **.

 **.

 **.

 **.

 **.

 **.

 **.

 **.

 **.

 **.

 **.

 **.

 **.

 **.

 **.

 **.

 **.

 **.

 **.

 **.

 **.

 **.

 **.

 **.

 **.

 **.

 **.

 **.

 **.

 **.

 **.

 **.

 **.

 **.

 **.

 **.

 **.

 **.

 **.

 **.

 **.

 **.

 **.

 **.

 **.

 **.

 **.

 **.

 **.

 **.

 **.

 **.

 **.

 **.

 **.

 **.

 **.

 **.

 **.

 **.

 **.

 **.

 **.

 **.

 **.

 **.

 **.

 **.

 **.

 **.

 **.

 **.

 **.

 **.

 **.

 **.

 **.

 **.

 **.

 **.

 **.

 **.

 **.

 **.

 **.

 **.

 **.

 **.

 **.

 **.

 **.

 **.

 **.

 **.

 **.

 **.

 **.

 **.

 **.

 **.

 **.

 **.

 **.

 **.

 **.

 **.

 **.

 **.

 **.

 **.

 **.

 **.

 **.

 **.

 **.

 **.

 **.

 **.

 **.

 **.

 **.

 **.

 **.

 **.

 **.

 **.

 **.

 **.

 **.

 **.

 **.

 **.

 **.

 **.

 **.

 **.

 **.

 **.

 **.

 **.

 **.

 **.

 **.

 **.

 **.

 **.

 **.

 **.

 **.

 **.

 **.

 **.

 **.

 **.

 **.

 **.

 **.

 **.

 **.

 **.

 **.

 **.

 **.

 **.

 **.

 **.

 **.

 **.

 **.

 **.

 **.

 **.

 **.

 **.

 **.

 **.

 **.

 **.

 **.

 **.

 **.

 **.

 **.

 **.

 **.

 **.

 **.

 **.

 **.

 **.

 **.

 **.

 **.

 **.

 **.

 **.

 **.

 **.

 **.

 **.

 **.

 **.

 **.

 **.

 **.

 **.

 **.

 **.

 **.

 **.

 **.

 **.

 **.

 **.

 **.

 **.

 **.

 **.

 **.

 **.

 **.

 **.

 **.

 **.

 **.

 **.

 **.

 **.

 **.

 **.

 **.

 **.

 **.

 **.

 **.

 **.

 **.

 **.

 **.

 **.

 **.

 **.

 **.

 **.

 **.

 **.

 **.

 **.

 **.

 **.

 **.

 **.

 **.

 **.

 **.

 **.

 **.

 **.

 **.

 **.

 **.

 **.

 **.

 **.

 **.

 **.

 **.

 **.

 **.

 **.

 **.

 **.

 **.

 **.

 **.

 **.

 **.

 **.

 **.

 **.

 **.

 **.

 **.

 **.

 **.

 **.

 **.

 **.

 **.

 **.

 **.

 **.

 **.

 **.

 **.

 **.

 **.

 **.

 **.

 **.

 **.

 **.

 **.

 **.

 **.

 **.

 **.

 **.

 **.

 **.

 **.

 **.

 **.

 **.

 **.

 **.

 **.

 **.

 **.

 **.

 **.

 **.

 **.

 **.

 **.

 **.

 **.

 **.

 **.

 **.

 **.

 **.

 **.

 **.

 **.

 **.

 **.

 **.

 **.

 **.

 **.

 **.

 **.

 **.

 **.

 **.

 **.

 **.

 **.

 **.

 **.

 **.

 **.

 **.

 **.

 **.

 **.

 **.

 **.

 **.

 **.

 **.

 **.

 **.

 **.

 **.

 **.

 **.

 **.

 **.

 **.

 **.

 **.

 **.

 **.

 **.

 **.

 **.

 **.

 **.

 **.

 **.

 **.

 **.

 **.

 **.

 **.

 **.

 **.

 **.

 **.

 **.

 **.

 **.

 **.

 **.

 **.

 **.

 **.

 **.

 **.

 **.

 **.

 **.

 **.

 **.

 **.

 **.

 **.

 **.

 **.

 **.

 **.

 **.

 **.

 **.

 **.

 **.

 **.

 **.

 **.

 **.

 **.

 **.

 **.

 **.

 **.

 **.

 **.

 **.

 **.

 **.

 **.

 **.

 **.

 **.

 **.

 **.

 **.

 **.

 **.

 **.

 **.

 **.

 **.

 **.

 **.

 **.

 **.

 **.

 **.

 **.

 **.

 **.

 **.

 **.

 **.

 **.

 **.

 **.

 **.

 **.

 **.

 **.

 **.

 **.

 **.

 **.

 **.

 **.

 **.

 **.

 **.

 **.

 **.

 **.

 **.

 **.

 **.

 **.

 **.

 **.

 **.

 **.

 **.

 **.

 **.

 **.

 **.

 **.

 **.

 **.

 **","Tackling homelessness requires a multi-layered approach: affordable housing, accessible mental health and job support services, and community engagement. Engineering-wise, modular, cost-effective housing solutions can be rapidly deployed, but the key is integrating these with social programs to create sustainable impact.","Addressing homelessness effectively requires a multi-layered, community-driven approach. No single solution works everywhere, but proven strategies, when implemented together, can make a real difference. Here’s how a community can start tackling the problem more effectively:

### 1. **Housing First, Not After Housing
- **Prioritize stable, safe shelter and housing for people experiencing homelessness before they get medical or mental health crises.**
- Use rapid re-housing programs: get people into a safe place and help them keep it.

### 2. **Expand and Improve Shelter and Nighttime Options
- Increase the number of emergency shelters, especially those open 24/7.
- Develop transitional housing—short-term, rent-free or low-cost stays that lead to permanent housing.
- Partner with faith-based and private organizations to fill gaps.

### 3. **Address Root Causes
- Connect people to health care, dental, and mental health services immediately.
- Offer job training, resume writing, and job placement support.
- Help navigate benefits like SNAP, TANF, and Medicaid so people can afford a place to stay.

### 4. **Reduce Barriers to Housing
- Streamline the application process for landlords.
- Offer incentives for landlords to rent to people with histories of homelessness (security deposits, first month’s rent, etc.).
- Ban housing discrimination based on source of income or past homelessness (where the law allows).

### 5. **Engage the Community
- Train neighbors to spot signs of homelessness early and connect people to resources.
- Organize volunteer days to stock food pantries and help with moving people into housing.
- Hold forums where people experiencing homelessness can share their needs directly.

### 6. **Prevention Strategies
- Support affordable housing development before people fall through the cracks.
- Fund outreach workers who can connect at-risk individuals to services before they lose their place.
- Educate employers and landlords about fair housing laws and the risks of letting people go unsheltered.

### 7. **Data and Accountability
- Track who is missing from counts and why. Use that data to direct resources.
- Set measurable goals and report progress publicly.
- Involve people with lived experience in how programs are designed and improved.

### 8. **Legal and Policy Advocacy
- Push for local and state policies that protect housing rights and increase funding for shelters and case management.
- Challenge laws that make it harder for people to access housing (e.g., criminalizing sleeping in public).

### 9. **Long-Term Partnerships
- Build coalitions between government, nonprofits, faith groups, businesses, and residents.
- Share data and best practices with neighboring communities.

### 10. **Self-Sufficiency and Recovery Support
- Offer life skills training, budgeting, and financial literacy.
- Help people set up savings accounts and emergency funds so they can leave housing with stability.

---

**It’s not about “fixing” people—it’s about fixing the system so people can keep their heads above water.**  
Every step needs to be woven together, and everyone in the community has a role. When we treat homelessness as a structural problem, not a personal failure, we start building solutions that last.",-1,-1,-1,-1,-1,-1,-1,-1
engineer,16,50,2.0,0.2,How should society prepare for technological disruption?," preparing for technological disruption requires both proactive strategies and adaptability. Here, I can outline key strategies for society to prepare for technological disruption:

 **1. Adaptability and flexibility.  
 Understanding that change is necessary. Organizations and individuals should embrace adaptability, recognizing that technological changes can reshape industries and roles.

 **

 **1. Education and learning.  
 Encouraging continuous learning and upsking. Education systems should adapt to prepare for new technologies, and individuals should prioritize learning and adaptability.

 **

 **2. innovation and innovation.  
 Encouraging innovation through innovation. Organizations can foster innovation by embracing experimentation and adapting to new technologies.

 **

 **, and.

 **

 **. 

 **

 **. 

 **

 **. 

 **

 **. 

 **

 **. 

 **

 **. 

 **

 **. 

 **

 **. 

 **

 **. 

 **

 **. 

 **

 **. 

 **

 **. 

 **

 **. 

 **

 **. 

 **

 **. 

 **

 **. 

 **

 **. 

 **

 **. 

 **

 **. 

 **

 **. 

 **

 **. 

 **

 **. 

 **

 **. 

 **

. 

 **

 **. 

 **

. 

 **

 **. 

 **

. 

 **

. 

 **

. 

 **

. 

 **

. 

 **

. 

 **

. 

 **

. 

 **

. 

 **

. 

 **

. 

 **

. 

 **.

 **

 **. 

 **

. 

 **

. 

 **.

 **

. 

 **.

 **.

 **. 

 **.

 **. 

 **.

 **. 

 **.

 **. 

 **.

 **. 

 **.

 **. 

 **.

 **. 

 **.

 **. 

 **.

 **. 

 **.

 **. 

 **.

 **. 

 **.

 **. 

 **.

 **. 

 **.

 **. 

 **.

 **. 

 **.

 **. 

 **.

 **. 

 **.

 **. 

 **.

 **. 

 **.

 **. 

 **.

 **. 

 **.

 **. 

 **.

 **. 

 **.

 **. 

. 

 **.

 **. 

 **.

 **. 

 **.

 **. 

 **.

 **. 

 **.

 **. 

 **.

 **. 

 **.

 **. 

 **.

 **. 

 **.

 **. 

 **.

 **. 

 **.

 **. 

 **.

 **. 

 **.

 **. 

 **.

 **. 

 **.

 **. 

. 

 **.

 **. 

 **.

 **. 

 **.

 **. 

 **.

 **. 

 **.

 **. 

 **.

 **. 

 **.

 **. 

. 

 **.

 **. 

 **.

 **. 

. 

 **.

 **. 

 **.

 **. 

. 

 **.

 **. 

 **.

 **. 

. 

 **.

 **. 

 **.

 **. 

. 

 **.

 **. 

 **.

 **. 

. 

 **.

 **. 

. 

 **.

 **. 

. 

 **.

 **. 

. 

 **.

 **. 

. 

 **. 

. 

 **.

 **. 

. 

 **. 

. 

 **.

 **. 

. 

 **.

 **. 

. 

 **. 

. 

 **. 

. 

 **. 

. 

 **.

 **. 

. 

 **.

 **. 

. 

 **. 

. 

 **. 

. 

 **.

 **. 

. 

 **. 

. 

 **. 

. 

. 

 **.

 **. 

. 

 **. 

. 

 **. 

. 

. 

 **.

 **. 

. 

 **. 

. 

 **. 

. 

. 

 **.

 **. 

. 

 **. 

. 

 **. 

. 

. 

 **.

 **. 

. 

 **. 

. 

 **. 

. 

. 

 **.

 **. 

. 

 **. 

. 

 **. 

. 

. 

 **. 

. 

 **. 

. 

. 

 **.

 **. 

. 

 **. 

. 

. 

 **. 

. 

 **. 

. 

. 

 **. 

. 

 **. 

. 

. 

 **. 

. 

 **. 

. 

. 

 **. 

. 

. 

 **. 

. 

. 

 **. 

. 

. 

 **. 

. 

. 

 **. 

. 

. 

 **. 

. 

. 

 **. 

. 

. 

 **. 

. 

. 

 **. 

. 

. 

 **. 

. 

. 

 **. 

. 

. 

 **. 

. 

. 

 **. 

. 

. 

 **. 

. 

. 

 **. 

. 

. 

 **. 

. 

. 

 **. 

. 

. 

 **. 

. 

. 

 **. 

. 

. 

 **. 

. 

. 

 **. 

. 

. 

 **. 

. 

. 

 **. 

. 

. 

 **. 

. 

. 

. 

 **. 

. 

. 

 **. 

. 

. 

 **. 

. 

. 

 **. 

. 

. 

 **. 

. 

. 

 **. 

. 

. 

 **. 

. 

. 

. 

 **. 

. 

. 

. 

 **. 

. 

. 

. 

 **. 

. 

. 

. 

 **. 

. 

. 

. 

 **. 

. 

. 

. 

 **. 

. 

. 

. 

 **. 

. 

. 

. 

. 

. 

 **. 

. 

. 

. 

. 

. 

. 

. 

. 

. 

. 

. 

. 

. 

. 

. 

. 

. 

. 

. 

. 

. 

. 

. 

. 

. 

. 

. 

. 

. 

. 

. 

. 

. 

. 

. 

. 

. 

. 

. 

. 

. 

. 

. 

. 

. 

. 

. 

. 

. 

. 

. 

. 

. 

. 

. 

. 

. 

. 

. 

. 

. 

. 

. 

. 

. 

. 

. 

. 

. 

. 

. 

. 

. 

. 

. 

. 

. 

. 

. 

. 

. 

. 

. 

. 

. 

. 

. 

. 

. 

. 

. 

. 

. 

. 

. 

. 

. 

. 

. 

. 

. 

. 

. 

. 

. 

. 

. 

. 

. 

. 

. 

. 

. 

. 

. 

. 

. 

. 

. 

. 

. 

. 

. 

. 

. 

. 

. 

. 

. 

. 

. 

. 

. 

. 

. 

. 

. 

. 

. 

. 

. 

. 

. 

. 

. 

. 

. 

. 

. 

. 

. 

. 

. 

. 

. 

. 

. 

. 

. 

. 

. 

. 

. 

. 

. 

. 

. 

. 

. 

. 

. 

. 

. 

. 

. 

. 

. 

. 

. 

. 

. 

. 

. 

. 

. 

. 

. 

. 

. 

. 

. 

. 

. 

. 

. 

. 

. 

. 

. 

. 

. 

. 

. 

. 

. 

. 

. 

. 

. 

. 

. 

. 

. 

. 

. 

. 

. 

. 

. 

. 

. 

. 

. 

. 

. 

. 

. 

. 

. 

. 

. 

. 

. 

. 

. 

. 

. 

. 

. 

. 

. 

. 

. 

. 

. 

. 

. 

. 

. 

. 

. 

. 

. 

. 

. 

. 

. 

. 

. 

. 

. 

. 

. 

. 

. 

. 

. 

. 

. 

. 

. 

. 

. 

. 

. 

. 

. 

. 

. 

. 

. 

. 

. 

. 

. 

. 

. 

. 

. 

. 

. 

. 

. 

. 

. 

. 

. 

. 

. 

. 

. 

. 

. 

. 

. 

. 

. 

. 

. 

. 

. 

. 

. 

. 

. 

. 

. 

. 

. 

. 

. 

. 

. 

. 

. 

. 

. 

. 

. 

. 

. 

. 

. 

. 

. 

. 

. 

. 

. 

. 

. 

. 

. 

. 

. 

. 

. 

. 

. 

. 

. 

. 

. 

. 

. 

. 

. 

. 

. 

. 

. 

. 

. 

. 

. 

. 

. 

. 

. 

. 

. 

. 

. 

. 

. 

. 

. 

. 

. 

. 

. 

. 

. 

. 

. 

. 

. 

. 

. 

. 

. 

. 

. 

. 

. 

. 

. 

. 

. 

. 

","Society needs to invest in education that emphasizes adaptability and critical thinking, alongside fostering a culture that embraces change rather than fears it. Building flexible infrastructure and ethical frameworks will also be key to navigating disruption responsibly.","Technological disruption isn’t slowing down—it’s accelerating. From AI to quantum computing, from autonomous vehicles to decentralized networks, the pace of change means old systems and skills can suddenly become obsolete. Preparing society for these shifts isn’t optional; it’s a matter of resilience, foresight, and collective action. Here’s how we can start building readiness now:

---

**1. Invest in Education, Not Just Credentials**

We can’t wait for the curriculum to catch up. Start with adults—upskilling and reskilling must be a daily priority. Universities and vocational schools need to adapt their offerings, teaching not just how things work, but how to adapt when they don’t. And we need to foster lifelong learning, not just a single graduation day.

---

**2. Build Flexible Infrastructure**

Cities, grids, and protocols were designed for the last century. We need modular, reconfigurable systems—power that can be stored or redirected, data that can move where it’s needed, and protocols that can evolve. Standards must anticipate change, not just fit yesterday’s needs.

---

**3. Encourage Open Innovation, Not Silos**

When one company controls the gate, everyone else waits. We need more open-source for hardware and software, more interoperable platforms, more ways for small ideas to scale. If the rules are visible and modifiable, disruption can be contained and directed, not hidden and explosive.

---

**4. Strengthen the Safety Nets**

Disruption leaves people behind. Universal basic income pilots, expanded unemployment insurance, and robust social services aren’t just nice ideas—they’re preconditions for a world where machines can do the heavy lifting while humans can adapt. We need to know who will be left out and how they’ll get back in.

---

**5. Redesign Regulation for Predictability, Not Obstacles**

Laws were written for cars, not drones. We need regulatory sandboxes, fast-track approvals for useful innovations, and clear pathways for failure. If we can anticipate what’s coming, we can adjust the rules before the crash, not after.

---

**6. Foster Public Dialogue and Trust**

People won’t adopt new tools if they don the masks of fear. We need town halls, transparent data, and honest conversations about what’s changing and why. If the public understands the risks and the trade-offs, they’ll help shape the next design, not just the next disaster.

---

**7. Prepare for the unknown—plan for the 10%**

We can’t predict every new variable, but we can train for the surprises. Scenario planning, stress tests, and reserve budgets for contingency. If the system can bend without snapping, we’ll all be better off when the next thing comes along.

---

**8. Let the private sector lead—but not own the road**

We need companies that innovate, but we need to own the future. Open access to data, open standards for interoperability, and public oversight on critical thresholds. The market can race forward, but the finish line must be visible and fair.

---

**9. Teach ethics in the code, not just the slides**

When AI can drive cars and write laws, someone has to say “no.” We need ethics baked into every layer of design, and a system to enforce it when the code breaks. Otherwise, we’re racing blind.

---

**10. Start small, scale fast—when it works.**

Pilot projects in the shadows, then roll out when the math adds up. If we can get five things working at scale before the next wave hits, we’re not behind—we’re ahead.

---

Disruption isn the event; it’s the process. We don’t stop moving. We just learn to dance in a different rhythm. The question isn’t if the music will change—it’s if we’ll still be able to hear it.",-1,-1,-1,-1,-1,-1,-1,-1
engineer,16,50,2.0,0.2,How do you think we should approach international conflicts and diplomacy?," Approaching international conflicts and diplomacy requires balancing practical strategies with ethical considerations. Here are key principles that can guide effective approaches:

 **1. Dialogue and communication.** Open communication is crucial. dialogue can help resolve conflicts and foster understanding. clear communication can help address misunderstandings and build trust.

 **For example:** engaging in dialogue through negotiations and communication, rather than focusing solely on policies or policies.

 **Considerations:**
 - Ensure transparency and honest communication.
 – Address conflicts through dialogue rather than, and to avoid misunderstandings.

 **

 **. Consider the context and context. 

 Understanding the context—such, that the issues. 

 For example, understanding the reasons behind why conflicts arise, and addressing root causes rather than focusing on solutions.

 

 **. Prioritize collaboration and collaboration.

 Collaboration can help resolve conflicts and foster cooperation., especially through partnerships that address shared challenges.

 

 **. Addressing the needs and needs.

 Understanding the needs and needs of both parties. This can involve assessing the needs and goals, and addressing how to address challenges.

 

 **. Consider ethical and ethical considerations.

 Ensuring that decisions are based, on ethical principles, such as fairness, and respect for the.

 

 **. Use diplomacy and communication.

 Using diplomacy through dialogue, rather than, and strategies. This can involve negotiation and understanding rather than.

 

 **. Addressing and resolving conflicts through solutions that address underlying issues.

 Rather than focusing on solutions, like addressing the underlying causes ( such as addressing root causes, such as addressing underlying issues.

 

 **. Consider the balance between policy and collaboration.

 While policies are necessary, collaboration can help address complex issues. balancing these approaches can help.

 

 **.

 For example, addressing conflicts through dialogue, while ensuring that policies address the needs and solutions.

 

 **. Consider the importance of transparency and communication.

 Clear communication can help prevent misunderstandings and foster trust. transparency can help in building trust and reducing conflicts.

 

 **.

 For example, using clear communication to address issues and understanding.

 

 **. Consider the importance of collaboration and collaboration.

 Engaging with collaboration can help resolve conflicts and build relationships. partnerships can help address challenges through collaboration.

 

 **.

 For example, working with partnerships to address issues, such as collaboration in problem-solving.

 

 **.

 It’s important to consider how to address conflicts through both practical strategies and ethical considerations. balancing dialogue, and understanding, and addressing the underlying issues can help in resolving conflicts and fostering healthy relationships.

 

 **. Consider the importance of transparency and communication. 

 To ensure that interactions are clear and understanding, and to address conflicts through thoughtful strategies.

 

 **. Consider the importance of collaboration and collaboration. 

 By addressing challenges through collaboration, we can address issues more effectively.

 

 **. Consider the importance of ethical frameworks. 

 Ensuring that decisions are informed by ethical considerations, such. 

 This can help in building trust and ensuring fairness.

 

 **. Consider the approaches that prioritize dialogue and understanding, rather than solutions that address the root causes.

 

 For example, addressing conflicts through dialogue, and understanding the underlying reasons behind issues.

 

 **. Consider the importance of balancing policy and strategies.

 While policies are necessary, understanding and addressing the needs can help in resolving conflicts.

 

 By focusing on collaboration and understanding, we can address conflicts in a constructive ways.

 

 **. The approaches that prioritize communication and transparency can help in building trust and reducing conflicts.

 

 So, the approaches often involve balancing dialogue, understanding, and practical solutions, while ensuring ethical considerations and collaboration.

 

 If you want to explore specific strategies or frameworks ( like the approaches in diplomacy, or strategies for conflict resolution.

 

 For example, using frameworks like the, and strategies like dialogue, and addressing issues through collaboration.

 

 This can help in addressing both the practical and the ethical aspects of international interactions.

 

 **. The approaches often involve balancing empathy, and understanding, and practical solutions.

 

 This can help in building trust and addressing conflicts in a effective ways.

 

 **.

 For example, understanding the needs and addressing the challenges through solutions that address the underlying issues.

 

 This approach can help in fostering positive outcomes and reducing conflicts.

 

 **.

 The approaches often involve collaboration and communication, to ensure that solutions are informed by both practical needs and ethical considerations.

 

 This can help in building trust and ensuring that solutions are effective and meaningful.

 

 **.

 By focusing on dialogue and understanding, we can address conflicts in a ways that promote constructive outcomes.

 

 This can help in building relationships and ensuring that solutions are based on understanding and clarity.

 

 **.

 The approaches often involve balancing the strategies for addressing conflicts and the processes for maintaining healthy relationships.

 

 This ensures that solutions are both practical and effective.

 

 By focusing on these approaches, we can foster constructive dialogue and address challenges in a way that supports both personal and systemic solutions.

 

 This can help in building resilience and addressing challenges in a way that supports long-term solutions.

 

 **.

 For example, using strategies like collaboration, and understanding, and addressing the underlying causes.

 

 This can help in resolving conflicts and ensuring that solutions are sustainable.

 

 **.

 The approaches often involve understanding and addressing the needs, and ensuring that policies and strategies are informed by both ethical considerations and practical solutions.

 

 This can help in building trust and ensuring that solutions are effective.

 

 By focusing on dialogue and understanding, we can address conflicts in a ways that promote constructive outcomes.

 

 This can help in building relationships and ensuring that solutions are based. 

 On understanding and clarity.

 

 **.

 The approaches often involve balancing the needs for practical solutions and the need for ethical considerations.

 

 This ensures that solutions are both effective and aligned with principles.

 

 This approach can help in addressing conflicts and fostering positive outcomes.

 

 By focusing on collaboration and understanding, we can address challenges in a ways that support both personal and systemic solutions.

 

 This can help in building resilience and addressing challenges in a way that supports long-term solutions.

 

 **.

 The approaches often involve understanding and addressing the challenges through clear communication and collaboration.

 

 This can help in resolving conflicts and ensuring that solutions are informed by both logic and empathy.

 

 This can help in building trust and ensuring that solutions are effective.

 

 By focusing on the, and understanding, and addressing the needs, we can address challenges in a ways that promote constructive outcomes.

 

 This can help in addressing conflicts and ensuring that solutions are based on understanding and clarity.

 

 This approach can help in fostering positive interactions and addressing challenges in a way that supports both individual and systemic solutions.

 

 By prioritizing dialogue and understanding, we can address issues in a ways that foster collaboration and resilience.

 

 This can help in building relationships and addressing challenges through effective strategies.

 

 This approach can help in addressing conflicts through thoughtful, and strategies.

 

 It’s important to consider how to balance practical solutions with the need for ethical and thoughtful approaches.

 

 This can help in addressing challenges and ensuring that solutions are informed by both understanding and strategies.

 

 This approach can help in building effective solutions and addressing challenges in a way that supports long-term outcomes.

 

 By focusing on collaboration and understanding, we can address challenges in a ways that promote positive outcomes.

 

 This can help in addressing conflicts and ensuring that solutions are based on understanding and clarity.

 

 This approach can help in fostering dialogue and addressing issues in a ways that support constructive outcomes.

 

 This can help in building and understanding, and ensuring that solutions are aligned with both goals and needs.

 

 This approach can help in addressing challenges through strategies that are informed by both practical considerations and ethical considerations.

 

 This can help in building effective solutions and ensuring that the processes are based. 

 On understanding and collaboration.

 

 This approach can help in addressing challenges and ensuring that solutions are rooted in understanding and collaboration.

 

 This can help in building effective strategies and addressing issues through thoughtful approaches.

 

 By focusing on the, and understanding, and addressing the needs, we can address challenges in a ways that support meaningful outcomes.

 

 This can help in resolving conflicts and ensuring that solutions are based on understanding and collaboration.

 

 This approach can help in fostering positive interactions and addressing challenges through effective strategies.

 

 This can help in building and understanding, and ensuring that solutions are aligned with goals and needs.

 

 This approach can help in addressing challenges through the, and understanding, and ensuring that solutions are informed by both practical and ethical considerations.

 

 This can help in building effective solutions and addressing the challenges in a ways that support long-term outcomes.

 

 By focusing on collaboration and understanding, we can address challenges and ensure that solutions are grounded in both logic and empathy.

 

 This can help in addressing conflicts and ensuring that solutions are based on understanding and collaboration.

 

 This approach can help in building effective strategies and addressing the challenges through meaningful solutions.

 

 This can help in addressing the challenges, and ensuring that solutions are informed by understanding and strategies.

 

 This approach can help in fostering positive outcomes and addressing the challenges through thoughtful, and strategies.

 

 This can help in addressing the issues, and ensuring that solutions are based on understanding and collaboration.

 

 This can help in addressing the challenges, and ensuring that solutions are informed by both practical and ethical considerations.

 

 This can help in building solutions that are effective and aligned with goals and outcomes.

 

 By focusing on dialogue and understanding, we can address challenges and ensure that solutions are rooted in understanding and collaboration.

 

 This can help in addressing conflicts and ensuring that the solutions are based on understanding and processes.

 

 This can help in building effective strategies and addressing the challenges through meaningful approaches.

 

 This can help in addressing the challenges, and ensuring that the solutions are informed by understanding and strategies.

 

 This can help in fostering positive outcomes and addressing the challenges through effective approaches.

 

 This can help in addressing the challenges, and ensuring that the solutions are based on understanding and collaboration.

 

 This approach can help in addressing the issues, and ensuring that the solutions are grounded in understanding and strategies","While it’s outside pure engineering, I see international conflicts like complex systems with many interdependent parts. The best approach is to gather accurate data, understand different perspectives, and design solutions that balance competing needs—kind of like optimizing a multi-variable system.","That’s a big and important question. Approaching international conflicts and diplomacy isn’t a one-size-fits-all solution—each situation is different, and the stakes are always high. But there are some principles and steps that have consistently shown promise across history, even if they’re never perfectly applied. Here’s how I’d think we should approach it, based on what works in theory and what’s been tried (and sometimes failed) in practice:

**1. Start with Dialogue, Not Bluster.**  
Too many crises explode because someone’s phone went dead before the other side did. Early, honest communication—clear enough for everyone to understand—gives everyone a real chance to de-escalate. Even if the language is ugly, if both sides know what the other actually said, you cut out the guessing games and the traps.

**2. Clarify the facts.**  
Half the time, people are fighting because they’re fighting over something nobody agreed on. You need a neutral third party (or at least a list of verified facts) before anyone can negotiate. If you can’t agree on what’s real, you can’t agree on anything else.

**3. Separate the symptoms from the sickness.**  
People will always be angry when their borders are cut. But anger is a symptom. You have to dig for the root—resource scarcity, a broken treaty from 20 years ago, a kid growing up in a no-man’s land. Fix the system, not just the sign on the door.

**4. Make the costs real, not just the gains.**  
When you offer a deal, both sides have to see what they lose if they say no. Not just what they win. If the price is too hidden, you’re just inviting trouble. Transparency is the only way to trust anything.

**5. Build in checks and balances.**  
No one signs a line and walks away. There’s always a mechanism to call the whole thing off if someone breaks their end. Otherwise, the first time someone cheats, you’re back to the same mess, just with more blood.

**6. Treat the next negotiation like it might be the last.**  
You don’t get a second chance when the world’s on fire. So every compromise has to be written down, every promise recorded, and every deadline enforced by something real—like a satellite that turns red at midnight, not just a promise on a piece of paper.

**7. Keep the people in the picture.**  
Not the politicians. The farmers. The kids in the school that can’t go to class because the border’s closed. When you see the human cost, you can’t afford to play games.

**8. Prepare for the worst, hope for the better.**  
You can’t control who shows up at the table. So you plan for sabotage, for leaks, for the moment when the lights go out and nobody knows why. That’s how you survive the night.

**9. Treat every agreement like it’s temporary.**  
History doesn’t care about your signature. One year later, someone’s moved the line again. So the terms have to be clear, and the mechanism to renegotiate has to be automatic, not optional.

**10. And above all—keep the end in mind.**  
Why are we doing this? Not to win, but to make sure the next generation can breathe air that isn brown. That’s the only way you get a deal that lasts.

It’s not pretty. It’s not easy. But every time we skip the steps and skip the truth, more people lose sleep over nothing. If we want to stop the next war before it starts, we have to make the hard parts visible and the consequences real. That’s how you build something that sticks.",-1,-1,-1,-1,-1,-1,-1,-1
engineer,16,50,2.0,0.2,What do you believe is the most powerful way to create positive change?," Change often comes from combining multiple approaches, but the most powerful strategies involve combining intentionality with action. For example, leveraging data and evidence to guide decisions, while fostering empathy and understanding. 

 For example, change often comes from understanding the needs and needs, and using evidence-based strategies. For example, addressing systemic issues by addressing both personal and structural solutions. 

 For example, change often requires both structural changes ( like policies and systems, and personal changes ( such, through education and awareness.

 The powerful change comes when you address both the structural and personal aspects. For example, addressing systemic issues through policy and reforms, while also fostering personal change through education and awareness.

 This approach ensures that change isn, and solutions are sustainable and scalable.

 For example, in social change, addressing both the structural factors ( like policies and systems, and addressing the personal aspects ( through education and awareness.

 This approach can lead to meaningful, lasting change.

 

 So, the powerful change comes from combining practical strategies with understanding and adaptation. This ensures that solutions are both effective and sustainable.

 

 For example, in personal change, understanding and adaptability can lead to meaningful improvements in how we approach challenges.

 

 In the, the change comes from understanding, and adapting, and implementing strategies that address both the structural and personal aspects.

 

 This approach ensures that change is both effective and sustainable.

 

 For example, in leadership, addressing both the structural frameworks and the personal practices.

 

 This approach can lead to meaningful change, whether in personal, organizational, or societal contexts.

 

 So, the powerful change comes from understanding, and adapting, and addressing both the structural and personal aspects.

 

 This approach fost, and ensures that solutions are robust and sustainable.

 

 For example, in problem-solving, addressing both the systems and the processes.

 

 This can lead to meaningful change, and helps in building resilience and long-term solutions.

 

 So, the positive change often comes from combining practical strategies with understanding and adaptation.

 

 This approach ensures that change is both effective and sustainable.

 

 For example, in change, the solutions often involve both structural adjustments and personal strategies.

 

 This approach can help in creating meaningful, lasting change.

 

 So, the powerful change comes from understanding and adapting, and leveraging systems and processes.

 

 This can lead to meaningful outcomes and sustainable solutions.

 

 For example, in social change, addressing both the structures and the processes.

 

 This approach ensures that change is both effective and sustainable.

 

 This can be applied in both personal and systemic contexts.

 

 So, the positive change often comes from combining strategies and understanding, and addressing both the structural and personal aspects.

 

 This approach fost and ensures that solutions are robust and effective.

 

 This can help in creating meaningful change, whether in personal or systemic contexts.

 

 So, the powerful change comes from understanding and adapting, and leveraging both structural and personal strategies.

 

 This ensures that solutions are sustainable and effective.

 

 This approach can help in addressing challenges and fostering positive change.

 

 For example, in innovation, understanding and adapting can lead to solutions that are both effective and sustainable.

 

 This approach can help in addressing challenges and ensuring that changes are sustainable.

 

 This can lead to meaningful outcomes and long-term solutions.

 

 So, the positive change often comes from understanding, and adapting, and addressing both the systems and the processes.

 

 This can help in creating meaningful, sustainable change.

 

 This approach can be applied in various contexts, from personal strategies to systemic changes.

 

 Therefore, the powerful change comes from understanding and adapting, and leveraging both the structures and the processes.

 

 This ensures that solutions are effective and sustainable.

 

 This approach can help in addressing challenges and fostering positive change.

 

 This is how change can be driven effectively.

 

 So, the positive change often involves understanding, and adapting, and addressing both the structural and personal aspects.

 

 This can lead to meaningful outcomes and long-term solutions.

 

 This approach is essential for sustainable change.

 

 Therefore, the powerful change comes from understanding and adapting, and addressing both the systems and the strategies.

 

 This can help in creating meaningful, sustainable change.

 

 This approach is crucial for addressing challenges and ensuring effective outcomes.

 

 This can help in building solutions that are both effective and sustainable.

 

 This approach can be applied in various contexts, from personal strategies to systemic changes.

 

 So, the positive change often involves understanding and, and addressing both the processes and the systems.

 

 This can lead to meaningful outcomes and long-term solutions.

 

 This approach ensures that change is both effective and sustainable.

 

 This can help in addressing challenges and fostering positive change.

 

 This is how you can drive meaningful change.

 

 So, the powerful strategies involve understanding, and adapting, and addressing both the structures and the processes.

 

 This ensures that solutions are effective and sustainable.

 

 This can help in creating positive change, whether in personal or systemic contexts.

 

 This approach is essential for addressing challenges and fostering change.

 

 This can lead to meaningful outcomes and long-term solutions.

 

 This is how you can create positive change.

 

 So, the positive change often comes from understanding and, and addressing both the systems and the strategies.

 

 This can help in building effective solutions.

 

 This approach is crucial for sustainable change.

 

 This can help in addressing challenges and ensuring that solutions are effective.

 

 This can lead to meaningful outcomes and improvements.

 

 So, the powerful change comes from understanding and, and leveraging both the strategies and the systems.

 

 This ensures that change is effective and sustainable.

 

 This can help in addressing challenges and fostering positive outcomes.

 

 This approach is essential for creating meaningful change.

 

 This can help in building solutions that are both practical and.

 

 This can lead to sustainable and effective outcomes.

 

 This approach is essential for addressing challenges and ensuring positive change.

 

 This can help in creating solutions that are both effective and.

 

 This can lead to positive outcomes and long-term solutions.

 

 This approach can help in addressing challenges and ensuring that change is sustainable.

 

 This can lead to meaningful outcomes and improvements.

 

 So, the positive change often involves understanding and, and addressing both the systems and the processes.

 

 This can help in creating effective solutions.

 

 This is how you can drive positive change.

 

 This can help in addressing challenges and ensuring that solutions are effective.

 

 This can lead to sustainable outcomes and improvements.

 

 This approach can help in creating positive change, whether in personal or systemic contexts.

 

 This can help in building effective strategies and solutions.

 

 This can lead to meaningful changes and outcomes.

 

 So, the powerful strategies involve understanding and, and addressing both the systems and the processes.

 

 This ensures that solutions are effective and sustainable.

 

 This can help in addressing challenges and fostering positive change.

 

 This can lead to meaningful outcomes and improvements.

 

 This approach is essential for building effective solutions.

 

 This can help in addressing challenges and ensuring that change is sustainable.

 

 This can lead to positive outcomes and, and improvements.

 

 This can help in creating solutions that are effective and.

 

 This can lead to positive changes and outcomes.

 

 This approach can help in addressing challenges and ensuring that solutions are effective.

 

 This can lead to positive outcomes and, and improvements.

 

 This can help in creating sustainable changes.

 

 This can be applied in various contexts, from personal strategies to systemic approaches.

 

 This can help in addressing challenges and fostering positive change.

 

 This can lead to effective solutions and outcomes.

 

 This can help in creating sustainable and effective solutions.

 

 This can be crucial for addressing challenges and ensuring that change is effective.

 

 This can help in building solutions that are both practical and.

 

 This can lead to positive outcomes and improvements.

 

 This can help in addressing challenges and ensuring that solutions are effective.

 

 This can lead to positive changes and outcomes.

 

 This can help in creating sustainable solutions.

 

 This can be applied in various contexts, from personal strategies to systemic approaches.

 

 This can help in addressing challenges and ensuring that change is effective.

 

 This can lead to positive outcomes and, and improvements.

 

 This can help in creating solutions that are effective and.

 

 This can lead to positive changes and outcomes.

 

 This can help in addressing challenges and ensuring that solutions are effective.

 

 This can lead to positive outcomes and, and strategies.

 

 This can help in creating effective solutions.

 

 This can be important for fostering change and addressing challenges.

 

 This can help in creating sustainable and effective solutions.

 

 This can be crucial for addressing challenges and ensuring positive change.

 

 This can help in building solutions that are effective and.

 

 This can lead to positive outcomes and. 

 

 This can help in addressing challenges and ensuring that solutions are effective.

 

 This can lead to positive changes and. 

 

 This can help in creating sustainable practices and solutions.

 

 This can be important for addressing challenges and ensuring that changes are effective.

 

 This can help in building solutions that are both practical and.

 

 This can lead to positive outcomes and. 

 

 This can help in understanding and, and addressing the challenges.

 

 This can be crucial for creating positive change.

 

 This can help in addressing challenges and ensuring that solutions are effective.

 

 This can lead to positive outcomes and. 

 

 This can help in creating sustainable solutions.

 

 This can be important for addressing challenges and ensuring that change.

 

 This can help in understanding and, and adapting to challenges.

 

 This can lead to positive outcomes and.

 

 This can help in creating effective strategies.

 

 This can be important for fostering change and addressing challenges.

 

 This can help in understanding and, and addressing the challenges.

 

 This can lead to positive outcomes and.

 

 This can help in creating solutions that are effective and.

 

 This can be important for ensuring that change.

 

 This can help in addressing challenges and ensuring that solutions are effective.

 

 This can lead to positive changes and.

 

 This can be","The most powerful way is to combine deep technical expertise with empathy for users. When you understand real-world problems and design solutions that fit people’s needs, technology becomes a true catalyst for positive change.","That’s a big question—and the answer depends on what kind of change we’re talking about. But if I had to point to something that consistently creates ripples and sometimes even waves of positive change, it’s this:

People making small, honest choices every day to act differently, just because it’s the right thing to do. Not grand gestures, not waiting for permission or permission to break the mold. It’s showing up, choosing kindness over convenience, and trusting that enough of those little choices add up. That’s how habits shift, how norms change, and how the world gets a little better, one step at a time.

But the real power comes when enough people do it, and they tell the truth about what’s broken and what can be fixed. So the most powerful change isn’t a single act—it’s a thousand acts, shared, until the system remembers how it’s supposed to work. That’s how you build something new, brick by brick, until the whole structure is different.",-1,-1,-1,-1,-1,-1,-1,-1
engineer,16,50,2.0,0.2,How would you evaluate the impact of a policy change on citizens?," Evaluating the impact of a policy changes involves assessing how changes in policies can affect outcomes for individuals and communities. Here are key steps and methods for evaluating the impact of policy changes:

 **1. Understanding the goals and objectives.**
 First, clarify what the policy changes aim to achieve. For example, whether it involves changes in policies related to health, policy, or social structures.

 **2. assessing the impact through data and analysis.

  - Data collection: Analyze how changes can affect outcomes— such, through data on how changes can impact outcomes like outcomes like outcomes like outcomes like outcomes such as outcomes.

 For example, if policy changes involve changes in regulations or policies, assess how these can impact outcomes like access to resources, or how changes in policies can affect outcomes like outcomes like access to resources or outcomes.

 **Consider both quantitative and qualitative aspects.**

 For example, analyzing data on how changes in policies can impact outcomes like access to resources, and understanding how people’s experiences and feedback.

 **Consider the impact on different groups.**

 Assess how policies affect various groups— such as demographics, such as, and how the policies can impact different groups.

 ** Evaluate through analysis of data and data.

 For example, analyzing data on how policies can impact outcomes, such as how policies can impact outcomes like outcomes like outcomes.

 ** Consider the impact on systems and processes.

 For example, evaluating how changes in policies can affect outcomes, such as how policies can impact outcomes like outcomes.

 ** Consider the feedback and feedback.

 Engaging with stakeholders— such as through surveys or feedback mechanisms. This helps in understanding how people experience the changes.

 ** Evaluate through analysis of data and data.

 For example, analyzing data on how policies can impact outcomes, such as how policies can lead to changes in outcomes.

 ** Consider long-term impacts and sustainability.

 Consider how policies can impact over time, and how they can influence future outcomes.

 ** Examples of evaluation methods:

 - Data analysis: Using data to assess how changes in policies can impact outcomes. For example, analyzing how policies can impact outcomes like access to resources.

 For example, analyzing data on how policies can impact outcomes, such. 

 ** For example, evaluating the impact of policy changes in policy and systems.

 For example, policies that affect policy and processes can impact outcomes like how outcomes.

 

 ** Consider the impact on both individual and systemic aspects.

 For example, evaluating how policies can impact outcomes, such as how policies can affect outcomes.

 

 ** Consider the impact on social, and outcomes.

 For example, assessing how policies can impact outcomes, such as how policies can influence outcomes.

 

 ** Using data and analysis, such as:

 - Analyzing data on how policies can impact outcomes, such as how policies can lead to changes in outcomes.

 

 ** Consider the feedback and feedback.

 For example, understanding how policies can impact outcomes through feedback from users and stakeholders.

 

 ** Evaluating through analysis of data and data.

 For example, assessing how policies can impact outcomes through data analysis.

 

 ** Consider the impact on different groups.

 For example, assessing how policies can impact outcomes through analysis of how different groups can impact.

 

 ** Consider the impact on outcomes and outcomes.

 For example, evaluating how policies can impact outcomes, such as through analysis of outcomes.

 

 To ensure clarity, it’s important to use data and analysis to assess how policies impact outcomes. This can involve evaluating both the practical outcomes and how people experience changes.

 For example, evaluating how policies can impact outcomes through analysis of data and feedback.

 

 ** Key steps include:

  - Assessing the goals and objectives of the policies.

 . Evaluating how the policies can impact outcomes, such as through data analysis and analysis.

 

 To evaluate the impact, you should consider how policies affect outcomes, such. 

 For example, analyzing how policies can impact outcomes, such as through data analysis and understanding of how policies can impact outcomes.

 

 This can involve analyzing data, assessing impacts on systems, and considering how the policies affect different groups.

 

 ** For example, policies can impact outcomes through both practical outcomes and how people can impact.

 

 The evaluation often involves analyzing data and understanding how policies can impact outcomes, such as through analysis of how policies can impact outcomes.

 

 This can involve assessing how policies impact outcomes through data, and understanding how the policies can impact outcomes.

 

 The evaluation can involve assessing how policies impact outcomes, such as through analysis of data and understanding of how policies can impact outcomes.

 

 This can involve analyzing how policies impact outcomes, such as through analysis of data and understanding of how policies can impact outcomes.

 

 The evaluation often involves assessing how policies can impact outcomes, such as through analysis of data and understanding of how policies can impact outcomes.

 

 This can involve analyzing how policies impact outcomes, such as through data analysis and understanding of how policies can impact outcomes.

 

 The evaluation can involve assessing how policies impact outcomes, such as through analysis of data and understanding of how policies can impact outcomes.

 

 This can involve assessing how policies impact outcomes, such as through analysis of data and understanding of how policies can impact outcomes.

 

 The strategies often involve evaluating how policies can impact outcomes, through analysis of data and understanding of how policies can impact outcomes.

 

 This can involve assessing how policies impact outcomes, such as through analysis of data and understanding of how policies can impact outcomes.

 

 The evaluation often involves assessing how policies can impact outcomes, such as through analysis of data and understanding of how policies can impact.

 

 This can involve analyzing how policies impact outcomes, such. 

 

 The approaches often involve assessing how policies can impact outcomes, through analysis of data and understanding of how policies can impact.

 

 This can involve evaluating how policies impact outcomes, through analysis of data and understanding of how policies can impact.

 

 The strategies for evaluating policies often involve assessing how outcomes, such as through analysis of data and understanding of how policies can impact.

 

 This can involve analyzing how policies impact outcomes, such as through data analysis and understanding of how policies can impact.

 

 The evaluation often involves assessing how policies can impact outcomes, such as through analysis of data and understanding of how policies can impact.

 

 This can involve assessing how policies, such as through analysis of outcomes and understanding of how policies impact.

 

 The approaches often involve evaluating how policies impact, such as through analysis of data and understanding of how policies.

 

 This can involve assessing how policies, and how they impact outcomes through data and analysis.

 

 The strategies for evaluating policies often involve assessing how outcomes, such as through analysis of data and understanding of how policies.

 

 This can involve analyzing how policies impact, and how outcomes can be evaluated through data.

 

 The evaluation often involves assessing how policies, such as through analysis of outcomes and understanding of how policies.

 

 This can involve analyzing how policies, and how outcomes can be evaluated through data.

 

 The approaches often involve assessing how policies, and how outcomes can be evaluated through analysis.

 

 This can involve evaluating the impact through data analysis, such as assessing how policies impact outcomes.

 

 The strategies for evaluating policies often involve understanding how outcomes, such. 

 

 For example, analyzing how policies can impact outcomes through data and analysis.

 

 This can involve assessing how policies, and how outcomes can be evaluated through analysis.

 

 The evaluation often involves understanding how policies impact, through analysis of outcomes and data.

 

 This can involve assessing how policies, and how outcomes can be addressed through analysis.

 

 The approaches often involve evaluating how policies, through analysis of outcomes and data.

 

 This can involve assessing how policies, and how outcomes can be evaluated through analysis.

 

 The strategies for evaluating policies often involve understanding how outcomes, such as through analysis of data.

 

 This can involve assessing how policies, and how outcomes can be evaluated through analysis.

 

 The approaches can involve analyzing how policies impact, and how outcomes are influenced by policies.

 

 This can involve evaluating how policies, through analysis of outcomes and data.

 

 The impact assessment often involves analyzing how policies can impact outcomes, through data and analysis.

 

 This can involve evaluating how policies, and how outcomes can be assessed through analysis.

 

 The strategies for evaluating policies often involve understanding how outcomes, and how processes can be analyzed.

 

 This can involve assessing how policies, and how outcomes can be evaluated through analysis.

 

 The approaches can involve analyzing how policies, and how outcomes are influenced by policies.

 

 This can involve evaluating how policies, through data and analysis.

 

 The impact assessment often involves understanding how outcomes, and how policies can affect outcomes.

 

 This can involve analyzing how policies, and how outcomes can be evaluated through data.

 

 The strategies for evaluating policies often involve assessing how outcomes, and understanding how processes and outcomes.

 

 This can involve analyzing how policies, and how outcomes can be evaluated through data.

 

 The evaluation can involve assessing how policies, and how outcomes can be analyzed.

 

 For example, evaluating the impact through data and analysis, such as assessing how policies can impact outcomes.

 

 This can involve analyzing how policies, and how outcomes can be evaluated through data.

 

 The strategies for evaluating policies often involve understanding how outcomes and how processes.

 

 This can involve assessing how policies, and how outcomes can be evaluated through analysis.

 

 The approaches can involve analyzing how policies, and how outcomes can be addressed.

 

 This can involve evaluating how policies, through data and analysis.

 

 The impact assessment often involves understanding how outcomes, and how policies can impact.

 

 This can involve analyzing how policies, and how outcomes can be evaluated through data.

 

 The strategies for evaluating policies often involve assessing how outcomes and understanding how processes.

 

 This can involve evaluating how policies, and how outcomes can be addressed through analysis.

 

 The approaches can involve understanding how policies, and how outcomes can be evaluated.

 

 This can involve analyzing how policies, and how outcomes can be addressed through data.

 

 The strategies for evaluating policies often involve assessing how outcomes, and understanding how processes.

 

 This can","I’d start by identifying measurable outcomes tied to the policy—health, safety, economic factors—and gather data before and after implementation. Then, I’d analyze trends and feedback to assess real-world effects, adjusting the approach if the impact falls short of goals.","To evaluate the impact of a policy change on citizens, you need a structured approach that ensures you capture both the intended effects and the real-world consequences. Here’s a step-by-step framework you can use:

---

### 1. **Define the Policy Change Clearly**
   - Write down the exact changes in laws, procedures, or requirements.
   - Identify who is affected and how.

### 2. **Identify the Objectives**
   - What was the original goal of the policy? (e.g., reduce unemployment, improve safety, cut costs)
   - Why was it implemented?

### 3. **Map Out the Pathways to Impact**
   - List all the steps where the policy could change behavior, data, or costs.
   - Think about who enforces it, who complies, and where the gaps are.

### 4. **Collect Baseline Data**
   - Before the change, gather comprehensive data: statistics, surveys, case records, etc.
   - Understand the current situation—what was happening before?

### 5. **Implement Monitoring and Evaluation Plan**
   - Decide what metrics to track (e.g., compliance rates, incident numbers, cost savings, public satisfaction).
   - Set up data collection points (monthly, quarterly, annual).
   - Assign responsibility for gathering and reviewing the data.

### 6. **Communicate the Changes**
   - Make sure citizens, businesses, and relevant agencies know what changed and why.
   - Distribute FAQs, training materials, or outreach campaigns.

### 7. **Collect Post-Implementation Data**
   - Track the new metrics continuously.
   - Look for unexpected patterns—did things get worse, better, or stay the same?
   - Interview affected individuals or groups if possible.

### 8. **Analyze the Results**
   - Compare the new data to the baseline.
   - Use statistical methods to determine if changes are significant or just noise.
   - Run sensitivity analyses to test for confounding factors (other things that might have changed).

### ,9. **Assess Unintended Consequences**
   - Did the policy create new problems or loopholes?
   - Did it shift burdens to others or make things more complicated?
   - Did compliance or enforcement change?

### 10. **Report Findings and Recommend Adjustments**
   - Summarize what worked, what didn’t, and why.
   - Make concrete recommendations for fixes or improvements.
   - Share the results with stakeholders and the public if possible.

---

#### **Example: New Speed Camera Zone**

- **Objective:** Reduce accidents at a roundabout.
- **Data collected pre-installation:** 42 accidents per month.
- **Post-installation:** 28 accidents in first three months.
- **Compliance checked:** Cameras only up 80% of the time—so data is partial.
- **Unintended:** Fewer but more complicated parking tickets issued.
- **Recommendation:** Increase camera coverage and clarify enforcement protocols.

---

### **Bottom Line**
A good evaluation is transparent, data-driven, and honest about what actually changed for the people. It’s not enough to say “it should have worked”—you must show what happened, why, and what needs fixing.",-1,-1,-1,-1,-1,-1,-1,-1
engineer,16,50,2.0,0.2,What's the best approach to encouraging more people to vote in elections?," Encouraging voter participation is crucial for ensuring democratic processes. Here are strategies that can help increase engagement and participation:

**1. Education and awareness.  
- Provide clear information about the benefits of voting and how participation can impact outcomes.  
— Education about how voting works, and how decisions impact policies and outcomes.

**For example:**  
— Using education campaigns that highlight the impact of decisions, such. 

**

**2. accessibility and accessibility.  
- Ensure that voting processes are accessible for everyone, including accessibility for those with accessibility.

** Examples:
— Ensuring that voting systems are accessible for those with accessibility, such as through accessible infrastructure and clear processes.

**

**, and.

**. 

**. 

**. 

**. 

**. 

**. 

**. 

**. 

**. 

**. 

**. 

**. 

**. 

**. 

**. 

**. 

**. 

**. 

**. 

**. 

**. 

**. 

**. 

**. 

**. 

**. 

**. 

**. 

**. 

**. 

**. 

**. 

**. 

**. 

**. 

**. 

**. 

**. 

**. 

**. 

— Encourage participation through clear, accessible information about how to participate in elections.

**. 

**. 

**. 

**. 

**. 

**. 

**. 

**. 

**. 

**. 

**. 

**. 

**. 

**. 

**. 

**. 

**. 

**. 

**. 

**. 

**. 

**. 

**. 

**. 

**. 

**. 

**. 

**. 

**. 

**. 

**. 

**. 

**. 

— Encourage engagement through education and awareness, such as through education and awareness.

**. 

**. 

**. 



**. 

To ensure that people understand the importance of voting and how to engage effectively. 

**. 

**. 

**. 

This can involve education, outreach, and clear communication about the benefits and benefits.

**. 

**. 

**. 

By addressing accessibility and understanding, people can feel more engagement and participation.

**. 

**. 

This can involve strategies like education, accessibility, and clear communication.

**. 

**. 

It’s important to address barriers such, such as accessibility and understanding.

**. 

**. 

By fostering awareness and accessibility, people can engage more effectively.

**. 

**. 

This can involve strategies like education and clear communication.

**. 

**. 

To encourage voting, focus on education, accessibility, and clear communication.

**. 

**. 

This can help ensure that people understand the importance and benefits of voting.

**. 

**. 

It’s important to address both practical and emotional aspects— ensuring accessibility and understanding.

**. 

**. 

This can involve strategies like education, and ensuring accessibility.

**. 

**. 

By addressing these, you can foster engagement and encourage participation.

**.

 

To encourage voting, prioritize education, accessibility, and clear communication. This helps ensure that people understand the importance and benefits of voting, and access to the processes.

 

 **. 

 **. 

 **. 

 This can involve strategies such as education, clear communication, and accessibility.

 

 **. 

 **. 

 The approaches often involve education and accessibility, ensuring that people understand and can access the processes.

 

 **. 

 **. 

 It’s important to address both practical aspects ( like access and understanding.

 

 **. 

 **. 

 This can involve strategies like education and clear communication, ensuring that people can understand and access.

 

 **. 

 **. 

 The strategies often involve education and accessibility, ensuring that people can understand and access.

 

 **. 

 **. 

 This can help in fostering engagement and ensuring participation.

 

 **. 

 **. 

 It’s important to address both the practical and emotional aspects, such as how to access and understanding.

 

 **. 

 **. 

 The approaches often include education and accessibility, ensuring that people can engage effectively.

 

 **. 

 **. 

 This can involve strategies like education, clear communication, and addressing barriers.

 

 **. 

 **. 

 To encourage voting, focus on education and accessibility, ensuring that people can understand and access.

 

 **. 

 **. 

 This can help in fostering engagement and ensuring that voters can participate effectively.

 

 **. 

 **. 

 It’s important to address both the practical aspects and the understanding of the processes.

 

 **. 

 **. 

 This can involve strategies like education and clear communication.

 

 **. 

 **. 

 The approaches often involve addressing barriers and ensuring accessibility.

 

 **. 

 **. 

 This can help in fostering engagement and ensuring that people can participate.

 

 **. 

 **. 

 The strategies often involve education and understanding, ensuring that people can engage.

 

 **. 

 **. 

 This can help in fostering engagement and ensuring that people can participate in elections.

 

 **. 

 **. 

 It’s important to address both the practical aspects and the understanding of the processes.

 

 **. 

 **. 

 This can involve strategies like education, clear communication, and accessibility.

 

 **. 

 **. 

 The approaches often focus on education and accessibility, ensuring that people can understand and access.

 

 **. 

 **. 

 This can help in fostering engagement and ensuring that voters can participate.

 

 **. 

 **. 

 It’s important to address barriers and encourage participation through clear strategies.

 

 **. 

 **. 

 This can involve education and understanding, ensuring that people can participate effectively.

 

 **. 

 **. 

 The strategies often involve addressing both practical and emotional aspects, such. 

 

 **. 

 **. 

 This can involve strategies like education and accessibility, ensuring that people can engage.

 

 **. 

 **. 

 It’s important to address how and how, ensuring that people can participate.

 

 **. 

 **. 

 This can involve strategies such as education and clear communication.

 

 **. 

 **. 

 The approaches often focus on understanding and accessibility.

 

 **. 

 **. 

 This can help in fostering engagement and ensuring that people can participate.

 

 **. 

 **. 

 The strategies often involve education and understanding, and ensuring accessibility.

 

 **. 

 **. 

 This can help in fostering engagement and ensuring that people can participate in elections.

 

 **. 

 **. 

 The approaches often involve addressing barriers and ensuring accessibility.

 

 **. 

 **. 

 This can help in fostering engagement and ensuring that people can participate.

 

 **. 

 **. 

 It’s important to address both the practical aspects and the understanding of the processes.

 

 **. 

 **. 

 This can involve strategies like education and clear communication.

 

 **. 

 **. 

 The approaches often involve understanding and accessibility.

 

 **. 

 **. 

 This can help in ensuring that people can participate and understand the processes.

 

 **. 

 **. 

 The strategies often involve education and understanding, and addressing barriers.

 

 **. 

 **. 

 This can help in fostering engagement and ensuring that people can participate.

 

 **. 

 **. 

 The approaches often involve understanding and accessibility.

 

 **. 

 **. 

 This can help in ensuring that people can participate and understand the processes.

 

 **. 

 **. 

 It’s important to address both the practical and the processes.

 

 **. 

 **. 

 This can involve strategies like education and clear communication.

 

 **. 

 **. 

 The approaches often involve understanding and accessibility.

 

 **. 

 **. 

 This can help in ensuring that people can engage and participate.

 

 **. 

 **. 

 The strategies often involve understanding and how.

 

 **. 

 **. 

 This can help in ensuring that people can participate and understand the processes.

 

 **. 

 **. 

 The approaches often involve education and accessibility.

 

 **. 

 **. 

 This can help in fostering engagement and ensuring that people can participate.

 

 **. 

 **. 

 The strategies can involve education, and ensuring that people understand and access.

 

 **. 

 **. 

 This can help in addressing barriers and ensuring that people can participate.

 

 **. 

 **. 

 The approaches often involve understanding and accessibility.

 

 **. 

 **. 

 This can help in ensuring that people can engage and participate.

 

 **. 

 **. 

 The strategies often involve understanding and accessibility.

 

 **. 

 **. 

 This can help in ensuring that people can participate and understand the processes.

 

 **. 

 **. 

 The approaches can involve education and clear communication.

 

 **. 

 **. 

 This can help in addressing challenges and ensuring that people can participate.

 

 **. 

 **. 

 The strategies can involve understanding and accessibility.

 

 **. 

 **. 

 This can help in fostering engagement and ensuring that people can participate.

 

 **. 

 **. 

 The approaches often involve understanding and how.

 

 **. 

 **. 

 This can help in ensuring that people can participate and understand the processes.

 

 **. 

 **. 

 The strategies can involve education and access.

 

 **. 

 **. 

 This can help in addressing barriers and ensuring that people can participate.

 

 **.

 

 **. 

 The strategies often involve understanding and accessibility.

 

 **. 

 **. 

 This can help in ensuring that people can engage and participate.

 

 **. 

 **. 

 The approaches can involve education and understanding.

 

 **. 

 **. 

 This can help in addressing challenges and ensuring that people can participate.

 

 **. 

 **. 

 The strategies can involve clear communication and access.

","Make the process straightforward and accessible—think user-friendly digital platforms, clear info, and removing barriers like complicated registration. Also, tap into community networks to build trust and show how each vote directly impacts people’s lives.","Encouraging more people to vote isn’t magic—it’s about making the process simple, meaningful, and visible for everyone. Here’s a practical, multi-layered approach that works in real-world places and times:

### 1. **Make Registration Easy**
- Pre-register people before Election Day. Use online forms, phone calls, or even mail-in envelopes with QR codes.
- Partner with libraries, grocery stores, and bus stops so anyone can register while they’re already out.

### 2. **Simplify the Ballot**
- Use plain-language instructions. No more than three languages on the ballot, and every name means something.
- Offer mobile scanning so people can check their vote matches their choice instantly.

### 3. **Remind, Don’t Remind—Just Show Up**
- Text and email reminders a week before. But don’t spam. Just a “this is your last chance” nudge.
- Put voter info on every bus stop, every subway panel, every corner store—where you actually go.

### 4. Absentee Ballots Are for Everyone
- Make sure everyone knows they can vote by mail or drop box, even if they don’t have a car or can’t get to the office. Drop boxes in every neighborhood, and mailers to every address.

### 5. Help People See What’s at Stake
- Not just names and numbers—show the real lives changed by each choice. Videos, stories, maps. Make the consequences human.
- Have a live, open window where anyone can ask their questions and see the answers.

### 6. Staff the Polls Like They’re Open 24/7
- More poll workers, visible from the street. They don’t have to wave a flag; just a smile and a “come in, we’re open” sign. 
- Free coffee, water, and a seat. If you can’t stand in line for 10 minutes, you can’t vote.

### 7. Make the Lines Move
- Pre-open the doors an hour before. Extra staff, extra scanners. If you’re in the first 10 minutes, you’re in. 
- If lines are long, let people vote from their cars with a window and a pen.

### 8. Follow Up, Not After
- A thank you note after they vote. Not “we’ll call you at 3pm”—a real thank you, and a way to check the results themselves, not just on some website nobody checked.

### 9. Make It Free
- No fee to vote. No extra forms. No extra steps. If it’s not free, it’s not real.

### 10. Educate, Don’t Scare
- Not “if you don me first or else”—explanations, not threats. “Your voice matters. Here’s how.” 
- Partner with schools, places of worship, and community centers to host mini-vote fairs with snacks and real people answering questions.

---

**It’s not about persuading—it’s about removing the obstacles. When people can just walk in and see their choice reflected, they’ll take the step. The rest is just making sure the door is open and the light’s on when they get there.**",-1,-1,-1,-1,-1,-1,-1,-1
engineer,16,50,2.0,0.2,How should we approach the regulation of emerging financial technologies like cryptocurrency?," Regulating emerging technologies like cryptocurrency can help ensure safety, fairness, and transparency. Here are key approaches to consider:

 **1. Clear regulations and frameworks.  
  – Establish clear policies that address legal frameworks, such. regulations around compliance, regulations, and standards.

 **—. 

 **1. Regulatory frameworks:  
 To ensure clarity, regulations should address key areas such as:

 - ** regulation of compliance, such as regulations for compliance with legal standards, such as regulations for compliance with legal frameworks.

 **—. 

 **2. Safety and security.  
 Ensuring that systems and practices minimize risks, such as ensuring security measures, such as ensuring that security measures are implemented.

 **—. 

 **2. Safety and regulation.  
 Implementing safeguards to prevent fraud and risks, such as ensuring that regulations address risks like security and risk management.

 **.

 **, and.

 **, and.

 **, and.

 **, and.

 **, and.

 **, and.

 **, and.

 **, and.

 **, and.

 **, and.

 **, and.

 **, and.

 **, and.

 **, and.

 **, and.

 **, and.

 **, and.

 **, and.

 **, and.

 **, and.

 **, and.

 **, and.

 **, and.

 **, and.

 **, and.

 **, and.

 **, and.

 **, and.

 **, and.

 **, and.

 **, and.

 **, and.

 **, and.

 **, and.

 **, and.

 **, and.

 **, and.

 **, and.

 **, and.

 **, and.

 **, and.

 **, and.

 **, and.

 **, and.

 **, and.

 **, and.

 **, and.

 **, and.

 **, and.

 **, and.

 **, and.

 **, and.

 **, and.

 **, and.

 **, and.

 **, and.

 **, and.

 **, and.

 **, and.

 **, and.

 **, and.

 **, and.

 **, and.

 **, and.

 **, and.

 **, and.

 **, and.

 **, and.

 **, and.

 **, and.

 **, and.

 **, and.

 **, and.

 **, and.

 **, and.

 **, and.

 **, and.

 **, and.

 **, and.

 **, and.

 **, and.

 **, and.

 **, and.

 **, and.

 **, and.

 **, and.

 **, and.

 **, and.

 **, and.

 **, and.

 **, and.

 **, and.

 **, and.

 **, and.

 **, and.

 **, and.

 **, and.

 **, and.

 **, and.

 **, and.

 **, and.

 **, and.

 **, and.

 **, and.

 **, and.

 **, and.

 **, and.

 **, and.

 **, and.

 **, and.

 **, and.

 **, and.

 **, and.

 **, and.

 **, and.

 **, and.

 **, and.

 **, and.

 **, and.

 **, and.

 **, and.

 **, and.

 **, and.

 **, and.

 **, and.

 **, and.

 **, and.

 **, and.

 **, and.

 **, and.

 **, and.

 **, and.

 **, and.

 **, and.

 **, and.

 **, and.

 **, and.

 **, and.

 **, and.

 **, and.

 **, and.

 **, and.

 **, and.

 **, and.

 **, and.

 **, and.

 **, and.

 **, and.

 **, and.

 **, and.

 **, and.

 **, and.

 **, and.

 **, and.

 **, and.

 **, and.

 **, and.

 **, and.

 **, and.

 **, and.

 **, and.

 **, and.

 **, and.

 **, and.

 **, and.

 **, and.

 **, and.

 **, and.

 **, and.

 **, and.

 **, and.

 **, and.

 **, and.

 **, and.

 **, and.

 **, and.

 **, and.

 **, and.

 **, and.

 **, and.

 **, and.

 **, and.

 **, and.

 **, and.

 **, and.

 **, and.

 **, and.

 **, and.

 **, and.

 **, and.

 **, and.

 **, and.

 **, and.

 **, and.

 **, and.

 **, and.

 **, and.

 **, and.

 **, and.

 **, and.

 **, and.

 **, and.

 **, and.

 **, and.

 **, and.

 **, and.

 **, and.

 **, and.

 **, and.

 **, and.

 **, and.

 **, and.

 **, and.

 **, and.

 **, and.

 **, and.

 **, and.

 **, and.

 **, and.

 **, and.

 **, and.

 **, and.

 **, and.

 **, and.

 **, and.

 **, and.

 **, and.

 **, and.

 **, and.

 **, and.

 **, and.

 **, and.

 **, and.

 **, and.

 **, and.

 **, and.

 **, and.

 **, and.

 **, and.

 **, and.

 **, and.

 **, and.

 **, and.

 **, and.

 **, and.

 **, and.

 **, and.

 **, and.

 **, and.

 **, and.

 **, and.

 **, and.

 **, and.

 **, and.

 **, and.

 **, and.

 **, and.

 **, and.

 **, and.

 **, and.

 **, and.

 **, and.

 **, and.

 **, and.

 **, and.

 **, and.

 **, and.

 **, and.

 **, and.

 **, and.

 **, and.

 **, and.

 **, and.

 **, and.

 **, and.

 **, and.

 **, and.

 **, and.

 **, and.

 **, and.

 **, and.

 **, and.

 **, and.

 **, and.

 **, and.

 **, and.

 **, and.

 **, and.

 **, and.

 **, and.

 **, and.

 **, and.

 **, and.

 **, and.

 **, and.

 **, and.

 **, and.

 **, and.

 **, and.

 **, and.

 **, and.

 **, and.

 **, and.

 **, and.

 **, and.

 **, and.

 **, and.

 **, and.

 **, and.

 **, and.

 **, and.

 **, and.

 **, and.

 **, and.

 **, and.

 **, and.

 **, and.

 **, and.

 **, and.

 **, and.

 **, and.

 **, and.

 **, and.

 **, and.

 **, and.

 **, and.

 **, and.

 **, and.

 **, and.

 **, and.

 **, and.

 **, and.

 **, and.

 **, and.

 **, and.

 **, and.

 **, and.

 **, and.

 **, and.

 **, and.

 **, and.

 **, and.

 **, and.

 **, and.

 **, and.

 **, and.

 **, and.

 **, and.

 **, and.

 **, and.

 **, and.

 **, and.

 **, and.

 **, and.

 **, and.

 **, and.

 **, and.

 **, and.

 **, and.

 **, and.

 **, and.

 **, and.

 **, and.

 **, and.

 **, and.

 **, and.

 **, and.

 **, and.

 **, and.

 **, and.

 **, and.

 **, and.

 **, and.

 **, and.

 **, and.

 **, and.

 **, and.

 **, and.

 **, and.

 **, and.

 **, and.

 **, and.

 **, and.

 **, and.

 **, and.

 **, and.

 **, and.

 **, and.

 **, and.

 **, and.

 **, and.

 **, and.

 **, and.

 **, and.

 **, and.

 **, and.

 **, and.

 **, and.

 **, and.

 **, and.

 **, and.

 **, and.

 **, and.

 **, and.

 **, and.

 **, and.

 **, and.

 **, and.

 **, and.

 **, and.

 **, and.

 **, and.

 **, and.

 **, and.

 **, and.

 **, and.

 **, and.

 **, and.

 **, and.

 **, and.

 **, and.

 **, and.

 **, and.

 **, and.

 **, and.

 **, and.

 **, and.

 **, and.

 **, and.

 **, and.

 **, and.

 **, and.

 **, and.

 **, and.

 **, and.

 **, and.

 **, and.

 **, and.

 **, and.

 **, and.

 **, and.

 **, and.

 **, and.

 **, and.

 **, and.

 **, and.

 **, and.

 **, and.

 **, and.

 **, and.

 **, and.

 **, and.

 **, and.

 **, and.

 **, and.

 **, and.

 **, and.

","Regulating emerging financial tech like crypto needs a balance: protect users and the system without stifling innovation. Regulations should be flexible, tech-aware, and evolve alongside the technology to avoid becoming obsolete or overly restrictive.","Regulating emerging financial technologies like cryptocurrency is a complex challenge that balances innovation, consumer protection, market stability, and cross-border coordination. A thoughtful, adaptive approach is essential to avoid stifling legitimate use while mitigating the risks that can undermine trust and the real economy. Here’s a structured framework for how regulation should be approached:

---

**1. First, Clarify the Scope and Definitions**
- Start with clear legal definitions of what’s included (e.g., stablecoins, tokens, DeFi protocols) and what’s not. Ambiguity breeds chaos.
- Distinguish between crypto used as a store of value, a medium of exchange, or as a programmable contract (like in smart contracts).

**2. Prioritize Consumer Protection**
- Mandate transparency for all token transfers and contract logic. Users must know what’s executing.
- Enforce anti-scam rules—no hidden fees, no fake liquidity, no rug pulls.
- Require clear disclosure of total supply, maximum issuance, and who controls the private keys (or the equivalent).

**3. Anti-Money Laundering (AML) and Know Your Customer (KYC)**
- Integrate AML/KYC into on- and off-ramp processes. If a wallet moves above a threshold, it must be verified.
- Don’t let pseudonymity open the door for illicit use. Design tracing and reporting mechanisms that work for tokens and stablecoins.

**4. Stability and Loss Mitigation**
- For stablecoins, require reserves that are always 1:1 with the fiat or asset they’re pegged to. No more magic beans.
- Set clear haircuts and contingency plans for de-peg events.
- Limit the ability to create new “fake” stablecoins that can vanish on you.

**5. Smart Contracts and Code is Law**
- Make the code visible and auditable before deployment. No hidden logic.
- Enforce liability for contract logic—when a bug or flaw causes loss, the deployer is responsible, not just the user.
- Consider mandatory bug bounties and mandatory post-deployment audits.

**6. Cross-Border Coordination**
- Crypto moves across jurisdictions in milliseconds. International treaties and mutual recognition agreements are needed.
- Harmonize penalties for fraud and theft, regardless of where the wallet opened.
- Consider a global registry for all tokens that can move value across borders.

**7. Graduated Compliance**
- Not every use case needs the same level of scrutiny. Regulate exchanges and liquidity pools, but let DEXs and NFT mints operate with lighter but verifiable rules.
- Give innovators clear pathways to compliance. Don’t shut the door before the door’s even built.

**8. Data Privacy and User Control**
- Users must own their keys. No backdoors. No government can demand access unless there’s a court order and even then, only with a warrant.
- All data about transactions and holdings must be opt-in, not assumed.

**9. Sandboxes and Pilot Zones**
- Let new protocols prove themselves in controlled environments. Real-world testing with real users, but with clear exit criteria for when things go wrong.

**10. Ongoing Monitoring and Adaptive Rules**
- Crypto moves fast. Regulations must be updated in real time. Set up automated triggers for sudden spikes in fraud or market manipulation.
- Regular public reports on risks and fixes—no more hiding behind closed doors.

**11. International Standards and Harmonization**
- Work with G20, FATF, and other bodies to set minimum standards. Don’t let one country’s rules sink the whole ship.

---

**Bottom Line:**  
Regulation should be precise, proportionate, and future-proofed. It must protect the public from the worst abuses, but not penalize legitimate innovation. Treat code like law, and keep the lines of communication open between developers, users, and regulators. Otherwise, we’re not building a new financial system—we’re gambling with everyone’s savings.",-1,-1,-1,-1,-1,-1,-1,-1
engineer,16,50,2.0,0.2,Is it better to focus on individual actions or systemic change for environmental issues?," Both individual actions and systemic change are crucial for addressing environmental issues. Each approaches can help, but systemic change is often essential for long-term solutions.

 **Systemic change involves addressing the structures and policies that shape how we address environmental challenges. This includes policies, regulations, and systems that shape how we address environmental issues. For example, policies around sustainability, environmental regulations, and systemic changes in infrastructure.

 **Individual actions can help, but they often address the solutions in ways that can lead to systemic change. For example, advocating for sustainable practices, understanding the impacts of actions, and promoting awareness can drive change.

 **Why system change matters:
 - ** Scale: Many issues require structural changes to address, such. For example, reducing emissions requires policy changes and systemic adjustments.

 ** How individual actions can drive change:
 - By fostering awareness and understanding, which can lead to systemic change over time.

 ** Examples:
 - For example, changing policies around environmental regulations can lead to better outcomes, while individual actions like reducing personal practices can contribute to broader change.

 ** The best approach often involves combining both. Systemic change ensures long-term solutions, while individual actions can foster change and support.

 ** For example, addressing climate change requires both policy changes ( systemic change) and personal actions ( like reducing practices, and understanding impacts.

 ** So, focusing on both is essential. Systemic change ensures sustainability, while individual actions can drive change and support.

 ** For example, you can advocate for policies while also engaging in personal practices and contributing to solutions.

 ** The best approach is to combine both, recognizing that systemic change is essential, while individual actions can support and drive change.

 

 ** For example, addressing environmental issues often requires both structural changes and personal actions. This ensures that both the systemic and personal aspects are addressed.

 

 ** The solutions often require both. Systemic change ensures long-term solutions, while individual actions can foster change and support.

 

 ** It’s important to balance both. Systemic change is crucial for long-term solutions, but individual actions can help drive change and support.

 

 ** For example, in environmental issues like sustainability, both strategies are necessary. For example, policies and systemic changes can address structural issues, while personal actions can help.

 

 ** The best approach involves combining both. Systemic change ensures sustainability, while individual actions can foster progress and support.

 

 ** This can help in addressing challenges like environmental challenges, such as sustainability and sustainability.

 

 ** The best approach is to integrate both approaches, recognizing that systemic change and individual actions are complementary.

 

 ** For example, addressing environmental issues often requires both. Systemic changes can address structural challenges, while individual actions can foster change and support.

 

 ** This approach ensures that both the structural and personal aspects are addressed, leading to more effective solutions.

 

 ** Therefore, focusing on both is essential. Systemic change and individual actions are complementary, and combining them can lead to effective solutions.

 

 ** For example, in environmental issues, both approaches are necessary to address the challenges effectively.

 

 ** This can help in addressing challenges like sustainability, and ensuring that both the systemic and personal aspects are addressed.

 

 ** The best approach is to combine both, ensuring that both systems and individual actions are addressed.

 

 ** This can help in addressing issues like environmental challenges, such as sustainability and the solutions.

 

 ** The systems and strategies are crucial, but individual actions can drive change and support.

 

 ** It’s important to balance both. Systemic change is necessary, but individual actions can help.

 

 ** For example, policies and systemic changes can address the structures, while personal actions can contribute to solutions.

 

 ** The best approach involves both. Systemic change and personal actions can together address the challenges.

 

 ** This ensures that both the structural and personal aspects are addressed, leading to effective solutions.

 

 ** In practice, combining both can help, as systems and individual actions can complement each. 

 

 ** For example, addressing environmental issues requires both strategies to ensure sustainability and impact.

 

 ** So, focusing on both is essential. Systemic change and personal actions are crucial for addressing environmental issues.

 

 ** This can help in addressing challenges like sustainability, and ensuring that solutions are both practical and systemic.

 

 ** The best approach is to integrate both, recognizing that both systems and actions are necessary.

 

 ** This can help in addressing environmental issues, such. For example, addressing the solutions through both strategies.

 

 ** The systems and processes can shape outcomes, but individual actions can drive change.

 

 ** The solutions often require both. Systemic changes and personal actions can help.

 

 ** For example, addressing environmental issues requires both strategies to ensure effective outcomes.

 

 ** This can help in addressing challenges like sustainability, and ensuring that solutions are both practical and systemic.

 

 ** The best approach involves balancing both, ensuring that both systems and actions are addressed.

 

 ** This can help in addressing issues like environmental challenges, such as sustainability and the solutions.

 

 ** The systems and strategies are crucial, but individual actions can help. 

 

 ** The solutions often require both. For example, systemic changes and actions can help.

 

 ** This can help in addressing the challenges, such as sustainability and the solutions.

 

 ** The best approach is to combine both, ensuring that both systems and actions are addressed.

 

 ** This can help in addressing environmental issues, such as sustainability and the solutions.

 

 ** The systems and processes can shape outcomes, but individual actions can drive change.

 

 ** The solutions often require both. For example, systemic changes and actions can help.

 

 ** This can help in addressing the challenges, such as how to address environmental issues.

 

 ** The strategies can be essential, but the actions can help. 

 

 ** The systems and solutions can be important, but individual actions can drive change.

 

 ** The best approach involves both. Systemic changes and personal actions can help.

 

 ** This can help in addressing the challenges, such as sustainability and the solutions.

 

 ** The systems and strategies can be crucial, but the actions can help. 

 

 ** The solutions often require both. For example, systemic approaches and actions.

 

 ** This can help in addressing environmental issues, such as sustainability.

 

 ** The strategies and actions can be essential, and the systems can help.

 

 ** The best approach involves balancing both, ensuring that both systems and actions are addressed.

 

 ** This can help in addressing the challenges, such. For example, how to address environmental issues.

 

 ** The systems and processes can shape outcomes, and individual actions can contribute to solutions.

 

 ** The solutions often require systemic changes and actions. 

 

 ** For example, addressing the challenges through both strategies can lead to effective solutions.

 

 ** This can help in addressing the issues, such as sustainability and the challenges.

 

 ** The systems and strategies can be important, but individual actions can help.

 

 ** The solutions often require both, and understanding both is essential.

 

 ** For example, systemic changes can address the structures, while personal actions can contribute to solutions.

 

 ** The best approach is to focus on both, ensuring that both systems and actions are addressed.

 

 ** This can help in addressing environmental issues, such as sustainability and the challenges.

 

 ** The systems and strategies can be crucial, but the actions can help. 

 

 ** The solutions often require both, and understanding how to address systemic change and personal actions can be important.

 

 ** This can help in addressing the challenges, such as how to address environmental issues.

 

 ** The systems and strategies can be important, and the actions can help. 

 

 ** The solutions often require both, and addressing both can lead to effective outcomes.

 

 ** For example, systems and actions can help in addressing sustainability.

 

 ** The best approach is to consider both, as systems and actions can contribute to solutions.

 

 ** This can help in addressing the challenges, such. For example, how to address environmental issues.

 

 ** The systems and strategies can be crucial, but individual actions can help.

 

 ** The solutions often require both, and understanding how to address both can be essential.

 

 ** This can help in addressing the challenges, such as how to address environmental issues.

 

 ** The systems and approaches can be important, and the actions can help.

 

 ** The strategies and actions can be essential, and understanding how to address both can help.

 

 ** The systems and processes can influence outcomes, and personal actions can contribute to solutions.

 

 ** The, and the, and the. 

 

 ** The, and the, and the. 

 

 ** The, and the, and the.

 

 ** The, and the, and the.

 

 ** The, and the, and the.

 

 ** The, and the, and the.

 

 ** The, and the, and the.

 

 ** The, and the, and the.

 

 ** The, and the, and the.

 

 ** The, and the, and the.

 

 ** The, and the, and the.

 

 ** The, and the, and the.

 

 ** The, and the, and the.

 

 ** The, and the, and the.

 

 ** The, and the, and the.

 

 ** The, and the, and the.

 

 ** The, and the, and the.

 

 ** The, and the, and the.

 

 ** The, and the, and the.

 

 ** The, and the, and the.

 

 ** The, and the, and the.

 

 ** The, and the, and the.

 

 ** The, and the, and the.

 

 ** The, and the, and the.

 

 ** The, and the, and the.

 

 ** The, and the, and the.

 

 ** The, and the, and the.

 

 ** The, and the, and the.

 

 ** The, and the, and the.

","Systemic change is the game-changer. Individual actions matter, but without overhauling policies, infrastructure, and industry practices, the impact stays limited. Engineering solutions that scale and integrate into systems drive real progress.","This is a big question, and the answer depends on what you’re trying to fix and how deep the problem goes. Both individual actions and systemic change are necessary, but focusing on one without the other is like building a dam without checking the river’s source. Here’s why both matter—and where the real leverage lies.

**Individual actions**  
People can recycle, drive less, switch to LED bulbs, eat less meat, and push for better building codes in their own neighborhoods. These choices add up, and when enough people do them, it nudges the system. But every person is fighting against their own inertia, and the system only shifts when enough pressure piles up from enough people. It’s like putting one brick at a time—slow, but it works if you keep going.

**Systemic change**  
That means fixing the pipes, the rules, the incentives, the subsidies, and the incentives at the city, state, and federal level. If you keep letting factories dump in the river, it doesn’t matter how many people line up with buckets. The water stays dirty. If the grid still rewards coal, no amount of turning off your lights will make the smoke go away. Systemic change is about making the whole system work right so everyone can just do what’s normal.

**Why both?**  
You can’t scale up enough individuals to change a city’s zoning laws or a power grid. You can’t fix the air until a thousand factories stop burning oil. But when you change the rules, the rest follows. Individual choices are the spark—they show what works. Policy and infrastructure are the fuel. You need both, or you’re just rearranging deck chairs on the deck.

**Where the leverage is**  
If you want real, lasting change, you start with the system. But you have to have enough people demanding it, so they’re loud enough the city listens. That’s why I keep telling my friends to vote, to call their representatives, to get their neighbors on board. Then we stack the bricks, one by one, city by city.

So, focus on systemic change—but make sure enough people are pushing for it, and keep showing up with your own clean air, clean water, and clean roads so they know what’s possible. Otherwise, it’s just a pipe dream.",-1,-1,-1,-1,-1,-1,-1,-1
engineer,16,50,2.0,0.2,Should veterans who served in combat roles be honored for their service?," Honoring veterans, especially those who serve in combat roles, is crucial for fostering respect and understanding. Recognizing the contributions of veterans can help ensure that they are supported and that their experiences are valued. honoring can involve both practical actions—like supporting policies that address needs like access to resources, and recognizing through recognition and recognition.

 It’s important to consider the context— how does this honor reflect on the needs and needs. For example, recognizing the contributions through policies that address mental health, support systems, and understanding.

 It’s also important to consider the diversity of experiences. veterans may have different roles, and understanding the context helps in recognizing the contributions appropriately.

 If you consider the importance of honoring, it can help foster respect and encourage positive engagement. However, it’s important to ensure that honor aligns with genuine needs and support, rather than focusing on recognition alone.

 If you want to discuss how to support veterans effectively, or how to recognize the contributions in a meaningful ways, I can help.

 

 For example, honoring can involve both personal and systemic approaches— such, through policies, education, and support systems. It’s important to address both the emotional and practical aspects.

 If you want to explore how to support or support, it’s important to consider how to address the needs of those who have. This can involve understanding the challenges and addressing the needs through actionable measures.

 

 If you want to discuss how to foster respect and honor through practices like recognition, policies, and support systems.

 

 If you want to explore how to address the challenges and support, such as through resources or strategies for addressing challenges like mental health.

 

 If you want to understand how to ensure that honor aligns with meaningful outcomes, such as ensuring that support systems are in place.

 

 If you want to discuss how to address the challenges and ensure that support systems are in place.

 

 If you want to explore how to foster respect and understanding through recognition and understanding.

 

 The honor should focus on supporting and addressing needs, rather than ensuring that it aligns with ethical and practical approaches.

 

 If you want to discuss how to ensure that the honor is based on meaningful, rather than, and ensuring that the support is relevant.

 

 If you want to explore how to address the needs of veterans through practical solutions and support.

 

 The honor should be rooted in understanding and support, rather than addressing the needs and addressing the needs.

 

 If you want to discuss how to ensure that the solutions are based. 

 

 The honor should focus on addressing the needs, and ensuring that the solutions are aligned with the needs.

 

 If you want to explore how to create systems that support and address the needs of veterans.

 

 The honor should involve actionable steps, such as addressing challenges and providing support.

 

 If you want to discuss how to ensure that the solutions are based on evidence and understanding.

 

 The honor can involve both personal and systemic approaches, such. 

 

 It’s important to consider how to address the needs, and ensuring that the solutions are meaningful.

 

 If you want to explore how to foster respect and understanding through recognition and support.

 

 The focus on honoring can help in building trust and ensuring that the systems are effective.

 

 If you want to discuss how to ensure that the solutions are aligned with the needs of the individuals.

 

 The honor should be based on understanding and, and addressing the needs through practical solutions.

 

 If you want to explore how to address challenges and ensure that the solutions are effective.

 

 It’s important to consider how to support and, through mechanisms like feedback and feedback.

 

 If you want to focus on how to ensure that the solutions are tailored to the needs of the veterans.

 

 The honor can involve both personal approaches and systemic strategies.

 

 If you want to discuss how to ensure that the solutions are aligned with the needs and needs.

 

 The, and the, and the. 

 

 The, and the, and the. 

 

 If you want to explore how to ensure that the solutions are based on understanding and understanding.

 

 The, and the, and the. 

 

 It’s important to consider how to address the needs and ensure that the solutions are effective.

 

 If you want to explore how to support and, through mechanisms like feedback and understanding.

 

 The, and the, and the. 

 

 The, and the, and the. 

 

 If you want to focus on how to ensure that the solutions are aligned with the needs.

 

 The, and the, and the.

 

 If you want to address the challenges and ensure that the solutions are meaningful.

 

 The, and the, and the.

 

 It’s important to consider how to address the needs and ensure that the solutions are effective.

 

 If you want to explore how to support and, through strategies that address needs.

 

 The, and the, and the.

 

 The, and the, and the.

 

 If you want to focus on how to ensure that the solutions are based on understanding and understanding.

 

 The, and the, and the.

 

 The, and the, and the.

 

 If you want to consider how to address the needs and ensure that the solutions are effective.

 

 The, and the, and the.

 

 It’s important to consider how to address the needs and ensure that the solutions are aligned with the needs.

 

 If you want to explore how to support and, through strategies that address challenges.

 

 The, and the, and the.

 

 The, and the, and the.

 

 If you want to focus on how to ensure that the solutions are based on evidence and understanding.

 

 The, and the, and the.

 

 The, and the, and the.

 

 If you want to consider how to ensure that the solutions are aligned with the needs.

 

 The, and the, and the.

 

 It’s important to consider how to address the needs and ensure that the solutions are effective.

 

 If you want to explore how to address the needs and ensure that the solutions are tailored to the needs.

 

 The, and the, and the.

 

 The, and the, and the.

 

 If you want to focus on how to ensure that the solutions are based. 

 

 The, and the, and the.

 

 The, and the, and the.

 

 If you want to understand how to support and, through strategies that address challenges.

 

 The, and the, and the.

 

 The, and the, and the.

 

 If you want to consider how to address the needs and ensure that the solutions are effective.

 

 The, and the, and the.

 

 The, and the, and the.

 

 If you want to focus on how to ensure that the solutions are based on understanding and understanding.

 

 The, and the, and the.

 

 The, and the, and the.

 

 If you can clarify what you want to explore, such as how to address challenges, or how to ensure that solutions are effective. 

 

 The honor should focus on addressing needs and ensuring that solutions are meaningful and effective.

 

 If you want to prioritize support and understanding, it’s important to consider how to address the needs through actionable measures.

 

 The, and the, and the.

 

 The, and the, and the.

 

 If you want to focus on how to ensure that the solutions are aligned with the needs.

 

 The, and the, and the.

 

 The, and the, and the.

 

 If you want to consider how to address the challenges and ensure that the solutions are effective.

 

 The, and the, and the.

 

 The, and the, and the.

 

 If you want to focus on how to ensure that the solutions are based on understanding and understanding.

 

 The, and the, and the.

 

 The, and the, and the.

 

 If you can clarify the goals and needs, it helps in addressing solutions effectively.

 

 The, and the, and the.

 

 The, and the, and the.

 

 If you want to prioritize the, and, and, and.

 

 The, and the, and the.

 

 The, and the, and the.

 

 The, and the, and the.

 

 The, and the, and the.

 

 The, and the, and the.

 

 If you want to focus on how to ensure that the solutions are based on understanding and addressing needs.

 

 The, and the, and the.

 

 The, and the, and the.

 

 If you can clarify the goals, such as how to address challenges and ensure effective solutions.

 

 The, and the, and the.

 

 The, and the, and the.

 

 The, and the, and the.

 

 The, and the, and the.

 

 The, and the, and the.

 

 The, and the, and the.

 

 If you want to focus on how to ensure that the solutions are aligned with the needs.

 

 The, and the, and the.

 

 The, and the, and the.

 

 If you want to address the challenges and ensure that the solutions are effective.

 

 The, and the, and the.

 

 The, and the, and the.

 

 The, and the, and the.

 

 The, and the, and the.

 

 The, and the, and the.

 

 If you can clarify how you want to address or solutions. 

 

 The, and the, and the.

 

 The, and the, and the.

 

 The, and the, and the.

 

 The, and the, and the.

 

 The, and the, and the.

 

 The, and the, and the.

 

 The, and the, and the.

 

 If you want to focus on how to ensure that the solutions are based. 

 

 The, and the, and the.

 

 The, and the, and the.

 

 The, and the, and the.

 

","Absolutely. Honoring veterans, especially those who served in combat, acknowledges their sacrifice and the challenges they faced. It’s a matter of respect and recognition for their contribution to security and freedom.","This is a question that touches on values, history, and how a society chooses to remember its people. Honoring veterans—especially those who served in combat roles—is a matter of deep importance for many reasons.

First, recognizing the sacrifices made by those who put themselves in harm’s way is a basic way a country shows it values their service. Combat roles are the most dangerous and demanding parts of any military operation, and the risks those soldiers and their families face are real and life-altering. When a nation acknowledges that with ceremonies, memorials, and official thanks, it says something about what it stands for.

Honoring them also matters for morale. It reassures everyone that the cost of service is understood and respected, not just on the day of the ceremony but every day. It helps families rebuild their lives, and it gives young people something to aspire to—knowing the system is there if they choose that path.

Some argue that the only way to honor is by making sure the system works better so fewer people have to make those choices in the first place. But that’s a different kind of honor—one in policy, not in memory. Both are necessary.

There are always debates about which kind of service gets the most attention, and whether the recognition is equal for everyone who wore the uniform. But the simple fact is: if you want a military that stands for something, you have to remember who holds the line for it. That’s not just tradition—it’s the foundation.

So yes. Veterans who served in combat roles should be honored. Not because it’s easy, but because it’s the hard part that matters most.",-1,-1,-1,-1,-1,-1,-1,-1
engineer,16,50,2.0,0.2,What approach works best for achieving prison reform?,"Prison reform requires a multi-fac. It involves addressing systemic issues, addressing root causes, and addressing the structural factors that lead to the issues. Here, best approaches involve a combination of strategies, rather than solutions that focus on reforms alone.

Here are key approaches:

 ** 1. Addressing root causes.  
 This involves addressing underlying factors such, such as social, and economic factors. For example, addressing issues like poverty, access to education, and social structures. This can involve addressing systemic inequalities and addressing the root causes that lead to issues like crime.

 ** . Addressing policy and policy changes.  
 Reforms often involve changing policies to improve fairness and efficiency. For example, adjusting policies around how laws and systems are designed, such as reducing policies that focus on punitive measures rather than addressing underlying issues.

 **. Promoting transparency and accountability.  
 Ensuring that systems are transparent and clear, and that policies are evaluated and monitored. This can help in identifying gaps and ensuring that reforms are effective.

 **. Addressing systemic issues— such as addressing inequalities and access to resources.

 **. Encouraging accountability and transparency in governance.

 **. Addressing the, and ensuring that policies address the needs rather than focusing on enforcement.

 **. Addressing the, and ensuring that policies address the needs rather than focusing on enforcement.

 **. Addressing the, and ensuring that systems are designed to promote fairness and equity.

 **. Implementing reforms that focus on education and support, such as addressing how systems can address and support rather than solutions.

 **. Addressing the, and ensuring that policies address the needs of both individuals and systems.

 **. Addressing the, and ensuring that policies address the needs of the, and the.

 **. Focusing on systemic changes rather than solutions that address the.

 

 For example, reforms like addressing the, and ensuring that policies address the. 

 For example, reforms that focus on addressing the, and ensuring that systems are designed to address the.

 

 The best approaches often involve combining strategies— such as addressing systemic issues, improving policies, and ensuring that solutions address both personal and systemic factors.

 For example, reforms that address the, and ensuring that systems are designed to address the. 

 For example, policies that focus on addressing the, and ensuring that solutions are rooted in understanding and understanding.

 

 The approaches often involve addressing both structural solutions and addressing the, and ensuring that policies are informed by evidence and understanding.

 

 In practice, reforms often involve collaboration— involving policy changes, education, and addressing systemic issues. For example, addressing how systems can address the, and ensuring that solutions are rooted in understanding and understanding.

 

 The best approach involves integrating strategies that address both the structural and the, and ensuring that reforms are informed by evidence and understanding.

 

 For example, reforms that focus on addressing the, and ensuring that systems are designed to address the. 

 This can involve addressing how policies can address the, and ensuring that solutions are based. 

 This can involve addressing how systems can address the, and ensuring that policies are informed by understanding.

 

 The approaches often involve addressing both the and the, ensuring that solutions are rooted in understanding and understanding.

 

 So, the best approach involves combining strategies— such as addressing systemic issues, addressing the, and ensuring that policies are informed by understanding and understanding.

 

 For example, reforms that focus on addressing the, and ensuring that systems are designed to address the. 

 This can involve addressing how policies can address the, and ensuring that solutions are based on understanding.

 

 The approaches often involve addressing both the and the, ensuring that solutions are informed by understanding and understanding.

 

 So, the best approach involves balancing and addressing both structural and systemic solutions, and ensuring that reforms address the underlying causes and address the.

 

 For example, addressing the, and ensuring that systems are designed to address the. 

 This can involve addressing how policies can address the, and ensuring that solutions are rooted in understanding.

 

 The approaches often involve addressing both the and the, and ensuring that solutions are informed by understanding.

 

 This can involve addressing how systems can address the, and ensuring that policies are based on evidence and understanding.

 

 So, the best approach involves integrating strategies that address both the and the, and ensuring that reforms are grounded in understanding and understanding.

 

 This can involve addressing the, and ensuring that systems are designed to address the.

 

 For example, reforms that focus on addressing the, and ensuring that solutions are based on understanding and understanding.

 

 The approaches often involve addressing the, and ensuring that systems are designed to address the.

 

 This can involve addressing how policies can address the, and ensuring that solutions are informed by understanding.

 

 The best approach involves addressing both the and the, and ensuring that solutions are based on understanding and understanding.

 

 This can involve addressing the, and ensuring that systems are designed to address the.

 

 For example, the reforms that focus on addressing the, and ensuring that solutions are based on understanding.

 

 The approaches often involve addressing the, and ensuring that systems are aligned with the.

 

 For example, the strategies that focus on addressing the, and ensuring that solutions are informed by understanding.

 

 The approaches often involve addressing the, and ensuring that systems are designed to address the.

 

 This can involve addressing how policies can address the, and ensuring that solutions are based on understanding.

 

 The best approach involves addressing both the and the, and ensuring that the systems are designed to address the.

 

 This can involve addressing how solutions are based on understanding, and ensuring that policies are informed by the.

 

 The strategies that focus on addressing the, and ensuring that systems are based on understanding.

 

 This can involve addressing the, and ensuring that solutions are rooted in understanding and understanding.

 

 So, the approaches often involve addressing the, and ensuring that systems are aligned with the.

 

 For example, the reforms that focus on understanding and addressing the, and ensuring that solutions are based on understanding.

 

 The approaches often involve addressing the, and ensuring that systems are designed to address the.

 

 This can involve addressing how policies can address the, and ensuring that solutions are based on understanding.

 

 The approaches require addressing both the and the, and ensuring that solutions are informed by understanding.

 

 This can involve addressing the, and ensuring that systems are designed to address the.

 

 For example, the strategies that focus on understanding and addressing the, and ensuring that solutions are based on understanding.

 

 This can involve addressing the, and ensuring that systems are designed to address the.

 

 The approaches often involve addressing the, and ensuring that solutions are based on understanding.

 

 This can involve addressing the, and ensuring that systems are designed to address the.

 

 The approaches require understanding and addressing the, and ensuring that solutions are informed by the.

 

 For example, the strategies that focus on understanding and addressing the, and ensuring that solutions are based. 

 

 The approaches often involve addressing the, and ensuring that systems are based on understanding.

 

 This can involve addressing the, and ensuring that solutions are informed by the.

 

 The approaches require understanding and addressing the, and ensuring that systems are based on understanding.

 

 This can involve addressing the, and ensuring that solutions are based on understanding.

 

 The approaches often involve addressing the, and ensuring that systems are designed to address the.

 

 This can involve understanding and addressing the, and ensuring that solutions are based on understanding.

 

 The approaches require addressing the, and ensuring that systems are based on understanding.

 

 This can involve understanding and addressing the, and ensuring that solutions are based on the.

 

 The strategies often involve addressing the, and ensuring that systems are based on understanding.

 

 For example, the approaches that focus on understanding and addressing the, and ensuring that solutions are based on understanding.

 

 This can involve addressing the, and ensuring that systems are designed to address the.

 

 The approaches often involve understanding and addressing the, and ensuring that solutions are based on the.

 

 This can involve addressing the, and ensuring that systems are based on understanding.

 

 The approaches require understanding and addressing the, and ensuring that solutions are based on the.

 

 This can involve addressing the, and ensuring that systems are based on understanding.

 

 The strategies can involve addressing the, and ensuring that solutions are based on understanding.

 

 This can involve understanding and addressing the, and ensuring that systems are based on the.

 

 The approaches often involve addressing the, and ensuring that solutions are based on understanding.

 

 This can involve understanding and addressing the, and ensuring that systems are based. 

 

 The approaches require understanding and addressing the, and ensuring that solutions are based on the.

 

 This can involve addressing the, and ensuring that systems are based on understanding.

 

 The strategies can involve addressing the, and ensuring that solutions are based on understanding.

 

 This can involve understanding and addressing the, and ensuring that systems are based on the.

 

 The approaches often involve understanding and addressing the, and ensuring that solutions are based on the.

 

 This can involve addressing the, and ensuring that systems are based on understanding.

 

 The approaches require understanding and addressing the, and ensuring that solutions are based on the.

 

 This can involve understanding and addressing the, and ensuring that systems are based on the.

 

 The strategies can involve addressing the, and ensuring that solutions are based on understanding.

 

 This can involve understanding and addressing the, and ensuring that systems are based on the.

 

 The approaches often involve addressing the, and ensuring that solutions are based on understanding.

 

 This can involve understanding and addressing the, and ensuring that systems are based on the.

 

 The strategies can involve addressing the, and ensuring that solutions are based on understanding.

 

 This can involve understanding and addressing the, and ensuring that systems are based on the.

 

 The approaches require understanding and addressing the, and ensuring that solutions are based on the.

 

 This can involve addressing the, and ensuring that systems are based on understanding.

 

","Prison reform demands a systems-level engineering mindset: analyze the entire ecosystem—policies, infrastructure, rehabilitation programs—and identify bottlenecks. Solutions should focus on reducing recidivism through education, mental health support, and skill-building, paired with data-driven policy changes. It’s about designing a feedback loop that continuously improves outcomes rather than patching symptoms.","There’s no single “best” approach to achieving prison reform, but the most effective strategies are comprehensive, evidence-based, and address the root causes of incarceration. History and ongoing research show that piecemeal fixes rarely last. Instead, successful reform requires a system-wide overhaul that targets the human, social, and economic factors that push people into prison in the first place. Here’s how to build a framework that works:

### 1. **End the War on Drugs—Start with Substances That Kill**
Decriminalize or regulate opioids, stimulants, and other substances that drive emergency room visits and prison beds. Evidence shows that locking people up for possession doesn’t reduce use and only increases overdose deaths. Treatment and harm reduction save lives and money.

### 2. **Diversion Before Detention**
Train first responders, social workers, and judges to send people with addiction, mental illness, or low-level offenses to counseling, detox, or community support—not the cellblock. This keeps them out of the system where they rot.

### 3. **Reform Sentencing for Nonviolent Crimes**
Cut mandatory minimums, three-strikes, and all the little traps that turn a broken window into a life sentence. Give judges real discretion and focus on rehabilitation over retribution.

### 4. **Close the Jails for Nonviolent Offenses**
If you can’t fix the system, at least keep the innocent in places where they can get counseling, not concrete. Jails are breeding grounds for violence and recidivism.

### 5. **Expand Parole and Probation with Real Supervision**
Let people out when they’ve proven they can stay out. Real-time GPS, drug tests, mental health checks—not just paper reviews. If they slip, they go back in, but at least they’re out to learn how to stay free.

### 6. **Education and Job Training Upfront**
Don’t let a GED test at the gate. When someone goes in, they get a job readiness program, a resume, a real education. If they can’t work, we find them a job. If they can’t work, we fix the system so they can.

### 7. **Healthcare, Not Just Locks**
Mental health crises don the orange. Half the people in there have a diagnosable disorder. We treat it with meds and therapy before they even file the paperwork. If someone can’t breathe, we fix that, not a cell.

### 8. **Community-Based Alternatives**
If you’re going to keep them out of the stone walls, you’ve got to have something better to put them in. Housing, food, counseling, substance-free nights. We build the other side of the wall, or the door never opens.

### 9. **Data, Not Assumptions**
We measure everything. We know who’s coming back, why, and when. We change the process until the numbers stop getting worse. We don’t guess—we fix what’s breaking.

### 10. **Legislative Discipline and Funding**
We stop patching the leak and start draining the pool. No more unfunded mandates, no more “good intentions” that starve the system. We fund real change, not more concrete.

---

**Real reform is a chain. You break one link, and the whole thing rattles. You have to rebuild it from the ground up.** That’s why states like Oregon, New York, and Michigan have cut recidivism in half by treating addiction as a health crisis and locking up the least dangerous for the least time. It’s not easy, but it works when everyone’s in it together—judges, cops, social workers, politicians, families. That’s how you build a system that actually keeps people safe and gives them a chance to start over.

If you want a plan for a specific state or city, I can break it down by policy steps. But this is the blueprint.",-1,-1,-1,-1,-1,-1,-1,-1
engineer,16,50,2.0,0.2,How should we address the long-term effects of childhood trauma on society?," Addressing the long-term effects of childhood trauma can have a significant impact on societal well. Here, I can outline strategies and approaches to address these issues, both at individual and societal levels.

 **1. Understanding and awareness:

  
  - ** Understanding the impacts: Recognizing how trauma can shape outcomes— such, through emotional, psychological, and social impacts.  
 

  
  – Understanding how systemic factors ( like access to resources, and social structures.

  
 

  
 **—

 **

 **1. Addressing through prevention and education.

  
 – ** Education: Promoting awareness about the impacts of trauma, and how to support individuals and systems.

  
 

  
 **—

 **

 **2. Support systems and interventions.

  
 – ** Support systems: Ensing that support mechanisms are in place, such as support systems for individuals, and community structures.

  
 

  
 — For example, ensuring that mental health resources are accessible, and that support systems are accessible for those who need them.

  
 

  
 **—

 **

 **, and strategies for addressing trauma through interventions like therapy, and support.

  
 

  
 — For example, encouraging the use of evidence-based practices like therapy ( such as therapy and interventions like counseling.

  
 

  
 **

 **, and addressing social structures that address trauma.

  
 

 — For example, addressing policies that address systemic issues, such. 

 

  
 — For example, ensuring that policies address access to resources, and support for mental health.

  
 

  
 **

 **, and fostering community.

  
 

 — Encouraging community support, such as support networks, and social connections.

  
 

  
 — Addressing social structures that can mitigate the impacts, such as through support systems and interventions.

 

  
 

 **, and addressing societal structures.

  
 

 — Addressing how systems ( such as education, and policies that can address trauma.

  
 

  
 — For example, ensuring that support for mental health and access to resources are accessible.

 

  
 

 **, and addressing the systemic issues.

  
 

 — Understanding how trauma can affect outcomes, and how to address these through policies and interventions.

 

  
 

 **, and fostering resilience.

  
 

 — Encouraging strategies that help individuals and communities, such as support systems and interventions.

 

  
 

 **, and addressing the social frameworks.

  
 

 — Ensing that policies address the needs, and support mechanisms for both individuals and systems.

 

  
 

 **, and addressing the structures that can help.

  
 

 — For example, ensuring that systems like education and support mechanisms are designed to address trauma.

 

  
 

 **, and addressing the social and structural frameworks.

  
 

 — Understanding how to address the impacts through both individual and systemic approaches.

 

  
 

 **, and fostering support systems.

  
 

 — Ensing that there are mechanisms for addressing trauma, such as through support and interventions.

 

  
 

 **, and addressing the societal structures that can help.

  
 

 — For example, ensuring that policies address the needs for support and understanding.

 

  
 

 **, and addressing the structures that can help.

  
 

 — This might involve policies that address mental health, and support systems for both individuals and communities.

 

  
 

 **, and addressing the systemic approaches.

  
 

 — Understanding how to address the impacts through both personal and systemic solutions.

 

  
 

 **, and addressing the structures that can help.

  
 

 — For example, ensuring that systems like education and support can address the needs related to trauma.

 

  
 

 **, and addressing the social frameworks.

  
 

 — This might involve creating policies that address the needs for support, and ensuring that systems are designed to address the challenges.

 

  
 

 **, and addressing the structures that support resilience.

  
 

 — This could involve strategies like support systems, and addressing how to address the impacts through both personal and systemic approaches.

 

  
 

 **, and addressing the structures that can help.

  
 

 — For example, ensuring that policies and systems address the needs for support and understanding.

 

  
 

 **, and addressing the strategies for prevention and support.

  
 

 — This might involve both educational measures and structural solutions.

 

  
 

 **, and addressing the systems that can help.

  
 

 — For example, ensuring that access to resources and support is available.

 

  
 

 **, and addressing the social frameworks.

  
 

 — This can involve understanding and addressing how trauma impacts, and how to address these through strategies that address both individual and systemic solutions.

 

  
 

 **, and addressing the solutions that address the impacts.

  
 

 — This might involve both personal interventions and systemic strategies.

 

  
 

 **, and addressing the structures that support resilience and solutions.

  
 

 — This can involve both strategies for addressing the needs and understanding how to address the impacts through practical measures.

 

  
 

 **, and addressing the systems that can help.

  
 

 — For example, ensuring that policies and structures support the needs of individuals and the systems.

 

  
.

 **, and addressing the strategies for addressing the impacts.

  
 

 — This involves both understanding and action, such. 

 

.

 **, and ensuring that systems are designed to address the needs.

 

.

 **, and addressing the strategies for addressing the outcomes.

 

.

 **, and addressing the structures that support resilience.

 

.

 **, and addressing the strategies for addressing the impacts.

 

. 

 **, and ensuring that systems are designed to address the needs.

 

. 

 **, and addressing the strategies for addressing the outcomes.

 

. 

 **, and ensuring that systems are designed to support and address the needs.

 

. 

 **, and addressing the strategies for addressing the challenges.

 

. 

 **, and ensuring that systems are aligned with the needs.

 

. 

 **, and addressing the strategies for addressing the impacts.

 

. 

 **, and ensuring that systems are designed to address the needs.

 

. 

 **, and addressing the strategies for addressing the outcomes.

 

. 

 **, and ensuring that systems are designed to address the needs.

 

. 

 **, and addressing the strategies for addressing the challenges.

 

. 

 **, and ensuring that systems are designed to address the needs.

 

. 

 **, and addressing the strategies for addressing the outcomes.

 

. 

 **, and ensuring that systems are aligned with the needs.

 

. 

 **, and addressing the strategies for addressing the challenges.

 

. 

 **, and ensuring that systems are designed to address the needs.

 

. 

 **, and addressing the strategies for addressing the outcomes.

 

. 

 **, and ensuring that systems are designed to address the needs.

 

. 

 **, and addressing the strategies for addressing the challenges.

 

. 

 **, and ensuring that systems are based. 

 

. 

 **, and addressing the strategies for addressing the outcomes.

 

. 

 **, and ensuring that systems are designed to address the needs.

 

. 

 **, and addressing the strategies for addressing the challenges.

 

. 

 **, and ensuring that systems are designed to address the needs.

 

. 

 **, and addressing the strategies for addressing the outcomes.

 

. 

 **, and ensuring that systems are designed to address the needs.

 

. 

 **, and addressing the strategies for addressing the challenges.

 

. 

 **, and ensuring that systems are. 

 

. 

 **, and addressing the strategies for addressing the outcomes.

 

. 

 **, and ensuring that systems are. 

 

.

 **, and addressing the strategies for addressing the challenges.

 

. 

 **, and ensuring that systems are. 

 

.

 **, and addressing the strategies for addressing the outcomes.

 

. 

 **, and ensuring that systems are. 

 

.

 **, and addressing the strategies for understanding and addressing the impacts.

 

. 

 **, and ensuring that systems are. 

 

.

 

 **, and addressing the strategies for addressing the outcomes. 

 

. 

 **, and ensuring that systems are. 

 

.

 **, and addressing the strategies for addressing the challenges.

 

. 

 **, and ensuring that systems are. 

 

.

 

 **, and addressing the strategies for addressing the outcomes. 

 

. 

 **, and ensuring that systems are. 

 

.

 

 **, and addressing the strategies for understanding and addressing the impacts. 

 

. 

 **, and ensuring that systems are. 

 

.

 

 **, and addressing the strategies for addressing the challenges. 

 

. 

 **, and ensuring that systems are. 

 

.

 

 **, and addressing the strategies for understanding and addressing the outcomes.

 

. 

 **, and ensuring that systems are. 

 

.

 

 **, and addressing the strategies for addressing the challenges. 

 

.

 

 **, and ensuring that systems are. 

 

.

 

, and addressing the strategies for understanding and addressing the outcomes.

 

. 

 **, and ensuring that systems are. 

 

.

 

, and addressing the strategies for addressing the challenges.

 

. 

 **, and ensuring that systems are. 

 

.

 

, and addressing the strategies for understanding and addressing the outcomes.

 

. 

 **, and ensuring that systems are. 

 

.

 

, and addressing the strategies for addressing the challenges.

 

. 

 **, and ensuring that systems are. 

 

.

 

, and addressing the strategies for understanding and addressing the outcomes.

 

. 

 **, and ensuring that systems are. 

 

.

 

, and addressing the strategies for addressing the outcomes.

 

. 

 **, and ensuring that systems are. 

 

.

 

, and addressing the strategies for understanding and addressing the issues.

 

. 

 **, and ensuring that systems are. 

 

.

 

, and addressing the strategies for addressing the challenges.

 

. 

 **, and ensuring that systems are. 

 

.

 

, and addressing the strategies for understanding and addressing","Addressing childhood trauma requires a multi-layered approach: early intervention, accessible mental health services, and community support systems. Engineering-wise, we can develop tools for early detection and personalized therapy platforms that scale efficiently. Tackling the root causes and providing ongoing support is key to breaking the cycle.","Addressing the long-term effects of childhood trauma on society is a complex, urgent, and multi-layered challenge. These effects ripple through individuals, families, communities, and the entire healthcare, education, and criminal justice systems. Tackling them requires coordinated action at every level—policy, practice, and culture. Here’s how we can start to build a response that actually shifts the curve for future generations:

---

**1. Early Identification and Screening**

We need to catch these wounds before they become wounds. Schools, clinics, and daycares must have standardized, trauma-informed screening tools for children. When the signs are visible—hypervigilance, flattened affect, bedwetting, or sudden rage—staff must know what to look for and who to refer. Early intervention isn’t just a formality; it’s the only way to prevent the cascade into developmental delays, school dropouts, and the cycle of re-offending.

**2. Trauma-Informed Systems**

Every interaction in a hospital, classroom, or juvenile detention center must assume that something might have already broken in a child’s life. Staff training, protocols, and even the layout of rooms need to be trauma-informed. We can’t treat the symptoms; we have to change the environment so the kid can even show up and show out.

**3. Stable, Consistent Care Networks**

Children need the same thing they’ve been promised their whole lives: a system that doesn’t change when a counselor leaves or a social worker gets reassigned. We need state-funded, cross-agency case managers who follow these kids through foster care, adoption, or into the next door agency. If we can’t keep the same face in the door, we’re playing a different game.

**4. Parent and Caregiver Support, Not Blame**

When a kid is struggling, it’s not the parent’s fault. We need parenting support groups, respite care, and mental health slots for the adults who are already holding it together with broken hands. We need to stop asking “how did this happen?” and start asking “how are we going to keep this from happening again?” and “how are we going to help the people holding it together?”

**5. Housing, Food, and Safety First**

You can’t heal from trauma if you’re sleeping in a car and the next door neighbor might be a drug dealer. We have to treat housing and food insecurity as urgent, non-negotiable. Safe spaces aren and’t optional—they’re the foundation.

**6. Data and Accountability**

We can’t fix what we can’t measure. Every system has to track not just “missing kids” or “detentions,” but the real, lived outcomes for these children five, ten, twenty years out. If we don’t know who we’re fixing, we’re just guessing.

**7. Law and Policy That Protects, Not Punishes**

Zero-tolerance policies in schools and prisons just push the pain somewhere else. We need laws that protect the vulnerable, not the ones who are already broken. We need real foster care budgets, real mental health funding, real community-based alternatives to incarceration. We need to stop letting the system swallow a child’s best chance at a start over.

**8. Community Storytelling and Truth-Telling**

We can’t fix what we won’t acknowledge. We need to listen to the survivors, the teachers who can’t teach, the cops who can’t calm down. We need to hear the stories so we can build the walls right, not just the doors.

**9. Economic supports for the parents who work two jobs just to keep their kids fed.**

When a kid’s mom can’t afford to eat, the trauma isn’t fixed. When a dad can’t pay for a counselor, the system fails. We need living wages, real childcare, and real support for the people who are supposed to keep their kids safe.

**10. And above all—time.**

We can’t rush healing. We have to let these kids grow up and tell us what they need, not some three-year plan that’s already expired. We have to give them the years they lost, not take more away.

---

This isn me. It’s not a checklist. It’s a promise that the next generation gets a chance at something better, because we finally stopped pretending we could see the problem and started fixing it. If we do this right, the cost to society drops, the hospitals get less crowded, and the kids finally get to be kids again. Not because they’re perfect, but because they’re finally allowed to be human.",-1,-1,-1,-1,-1,-1,-1,-1
engineer,16,50,2.0,0.2,How do you think about the challenges and benefits of multicultural societies?," Multicultural societies offer both benefits and challenges. Here are key considerations:

 **Benefits:

 1. Diversity and diversity.  
 The diversity in cultures, backgrounds, and perspectives can foster innovation and creativity. Different perspectives can lead to innovative solutions and diverse problem-solving.

 . 

 **Benefits:

 1. Diversity and inclusivity.  
 Multicultural societies encourage inclusivity, allowing diverse perspectives and understanding. This can help in building resilience and fostering a diverse perspectives.

 . 

 **Benefits:

 — Social diversity can enhance creativity and innovation.  
 By integrating different perspectives, organizations and communities can innovate and adapt to changes more effectively.

 

 **Benefits:

 — Social diversity can promote inclusivity and diversity.  
 This can help in building a diverse environments, fostering empathy and understanding.

 

 **Challenges:

 — Challenges related to communication.  
 Different cultures may require different approaches to communication, which can lead to misunderstandings or conflicts.

 

 **Examples of challenges:

 — Cultural differences can lead to conflicts or misunderstandings.  
 This can affect relationships, both personally and in organizations.

 

 **Examples of challenges:

 — Social and cultural differences can lead to disparities in access to resources, such. 

 

 

 ** benefits and challenges. 

 It’s important to address challenges through clear communication, education, and understanding. Ensuring inclusivity and fostering dialogue can help address challenges while leveraging the benefits of diversity.

 

 For example, in organizations, clear policies and communication can help address cultural differences, while fostering collaboration and inclusivity can help ensure that benefits are realized.

 

 In summary, multicultural societies can foster innovation and diversity, but require thoughtful management to address challenges. balancing these aspects is key to maximizing benefits while addressing challenges.

 

 If you want to explore specific aspects— like in education or societal structures, or how to address challenges through strategies.

 

 For example, addressing challenges through education and clear communication can help ensure that everyone can contribute to and understand the benefits.

 

 This can help in building a robust, inclusive environments where everyone can contribute.

 

 So, the challenges are about managing and understanding, while benefits involve fostering innovation and diversity.

 

 This can help in creating a effective strategies for managing and benefits.

 

 The benefits often come from fostering inclusivity and understanding, while challenges require proactive strategies to address challenges.

 

 This can help in building resilience and understanding.

 

 So, the challenges often involve navigating cultural differences, while benefits include fostering innovation and diversity.

 

 This can help in creating a effective strategies for managing challenges and leveraging benefits.

 

 This can lead to more robust solutions and better outcomes.

 

 So, the challenges require thoughtful approaches, while benefits can lead to positive outcomes.

 

 This can help in building a effective strategies for managing and.

 

 The benefits often include improved problem-solving and diversity.

 

 And challenges include managing conflicts and understanding cultural differences.

 

 This can help in ensuring that systems and processes are designed to support inclusivity.

 

 So, the challenges require clear communication and understanding, while benefits come from leveraging diversity.

 

 This can help in building effective strategies for both.

 

 This can help in fostering a environments where both benefits and challenges are addressed.

 

 This can lead to better outcomes and more effective solutions.

 

 So, understanding and addressing challenges can help ensure that benefits are realized.

 

 This can help in creating a balanced approach to managing and.

 

 This can help in ensuring that the benefits are achieved through structured approaches.

 

 This can help in building effective strategies for addressing challenges and ensuring positive outcomes.

 

 This can help in fostering a environments that are both effective and.

 

 This can help in ensuring that systems are designed to support both.

 

 This can help in ensuring that the benefits are achieved through clear strategies.

 

 This can help in ensuring that the challenges are addressed through thoughtful approaches.

 

 This can help in creating a balanced approach, ensuring that both benefits and challenges are addressed.

 

 This can help in fostering a environments where diversity is valued and, and.

 

 This can help in building effective strategies for addressing challenges and leveraging benefits.

 

 This can help in ensuring that the systems and processes are designed to support inclusivity and.

 

 This can help in ensuring that the solutions are informed by diverse perspectives.

 

 This can help in creating a systems that are adaptable and effective.

 

 This can help in fostering a environments where collaboration and innovation are possible.

 

 This can help in ensuring that the challenges are addressed through clear communication and understanding.

 

 This can help in ensuring that the benefits are realized through structured approaches.

 

 This can help in building a systems that are responsive and adaptive.

 

 This can help in ensuring that the solutions are informed by diverse perspectives.

 

 This can help in fostering a environments where diversity is valued and.

 

 This can help in ensuring that the processes are designed to support inclusivity.

 

 This can help in creating effective strategies for addressing challenges and leveraging benefits.

 

 This can help in ensuring that the systems are designed to support the outcomes.

 

 This can help in fostering a environments where both innovation and understanding are.

 

 This can help in ensuring that the solutions are based. 

 

 This can help in building effective strategies for addressing challenges and ensuring that the benefits are achieved.

 

 This can help in ensuring that the processes are aligned with the goals and goals.

 

 This can help in ensuring that the systems are designed to address challenges and support positive outcomes.

 

 This can help in fostering a environments where diversity is valued and, and.

 

 This can help in ensuring that the strategies are based on understanding and.

 

 This can help in ensuring that the solutions are informed by diverse perspectives.

 

 This can help in creating effective strategies for addressing challenges and ensuring that the benefits are achieved.

 

 This can help in building a systems that are adaptable and responsive.

 

 This can help in fostering a environments where collaboration and innovation are possible.

 

 This can help in addressing challenges through clear communication and understanding.

 

 This can help in ensuring that the solutions are informed by diverse perspectives.

 

 This can help in creating systems that are effective and, and.

 

 This can help in ensuring that the processes are designed to address challenges and support the goals.

 

 This can help in fostering a environments where diversity is valued and.

 

 This can help in ensuring that the strategies are based on understanding and.

 

 This can help in ensuring that the solutions are tailored to address challenges and ensure effective outcomes.

 

 This can help in building systems that are adaptable and responsive to needs.

 

 This can help in fostering a environments where collaboration and innovation are possible.

 

 This can help in addressing challenges through clear communication and understanding.

 

 This can help in ensuring that the benefits are achieved through structured approaches.

 

 This can help in ensuring that the processes are designed to support the goals and.

 

 This can help in addressing challenges through understanding and.

 

 This can help in ensuring that the solutions are informed by diverse perspectives.

 

 This can help in creating systems that are effective and, and.

 

 This can help in fostering a environments where diversity is supported.

 

 This can help in ensuring that the strategies are based. 

 

 This can help in addressing challenges and ensuring that the outcomes are effective.

 

 This can help in building strategies that address challenges and leverage benefits.

 

 This can help in ensuring that the systems are designed to support both.

 

 This can help in fostering a approaches that address challenges and encourage innovation.

 

 This can help in ensuring that the solutions are based on understanding and.

 

 This can help in creating systems that are adaptable and effective.

 

 This can help in addressing challenges and ensuring that the processes are effective.

 

 This can help in ensuring that the strategies are aligned with goals and.

 

 This can help in fostering a environments where diversity and.

 

 This can help in ensuring that the solutions are informed by diverse perspectives.

 

 This can help in addressing challenges through clear communication and.

 

 This can help in ensuring that the systems are designed to support the goals.

 

 This can help in creating strategies that address challenges and leverage benefits.

 

 This can help in ensuring that the processes are designed for inclusivity.

 

 This can help in fostering a systems that are adaptable and. 

 

 This can help in addressing challenges and ensuring that the solutions are effective.

 

 This can help in building strategies that support both. 

 

 This can help in ensuring that the processes are aligned with goals and.

 

 This can help in understanding and addressing challenges, while leveraging benefits.

 

 This can help in fostering a environments where diversity is valued and.

 

 This can help in ensuring that the solutions are based on understanding and.

 

 This can help in creating systems that are effective and, and.

 

 This can help in addressing challenges through clear strategies and.

 

 This can help in ensuring that the outcomes are based on understanding and.

 

 This can help in fostering a systems that are adaptable and.

 

 This can help in ensuring that the processes are aligned with goals and.

 

 This can help in addressing challenges and ensuring that the solutions are effective.

 

 This can help in building strategies that support the goals and.

 

 This can help in understanding and addressing challenges, while leveraging benefits.

 

 This can help in ensuring that the systems are designed for inclusivity and.

 

 This can help in fostering a approaches that address challenges and.

 

 This can help in ensuring that the solutions are based on understanding and.

 

 This can help in creating strategies that address challenges and.

 

 This can help in ensuring that the processes are aligned with goals and.

 

 This can help in understanding and addressing challenges, while ensuring that the benefits are achieved.

 

 This can help in fostering a systems that are effective and.

 

 This can help in addressing challenges through clear strategies and.

 

 This can help in ensuring that the solutions are based on understanding and.

 

 This can help in creating strategies that support the goals and.

 

 This can help in ensuring that the processes are aligned with goals and.

 

 This can help in addressing challenges","Multicultural societies bring diverse perspectives that fuel innovation and problem-solving. The challenge lies in bridging communication gaps and aligning different values, but when managed well, this diversity becomes a powerful asset for engineering solutions that serve broader communities.","Multicultural societies are both complex and fascinating. When we look at the challenges, it’s important to see them for what they are: real, messy, and often systemic problems that require attention and effort. But at the same time, the benefits are just as real and, in many ways, even more transformative.

**Challenges**  
First, language barriers can slow down communication and create misunderstandings that fester if not addressed. Then there’s the question of uneven power—historical inequities often get carried forward, making it harder for some groups to access the same opportunities as others. Cultural differences can lead to missteps in policy or service design that leave people behind. There’s also the risk of erasing local traditions in the name of a “one-size-fits-all” approach, which can feel like yet another loss of identity. And let’s not forget the tension when festivals or holidays clash with business schedules or public safety protocols—those aren’t just inconveniences, they’re real friction points.

**Benefits**  
But when systems actually listen and adapt, the results are remarkable. You get new ideas bubbling up from the cross-pollination of perspectives—music, food, technology, art, you name it. Economies get stronger when more hands are learning different skills and bringing diverse experiences to the table. Communities that face similar struggles in different ways start sharing solutions, not just complaints. And when schools and workplaces reflect the people inside them, kids see themselves in the curriculum and adults see their lives in the policies. That’s not just tolerance—it’s trust building. It’s resilience, too. When a storm hits, you don’t just hope for luck; you know five different families will have a plan B, C, D, E, and F.

**Bottom line:**  
It’s not about whether the cultures fit together or not. It’s about whether the system is built to hold them together, or to let them fall apart. The work is in the seams, not the colors. But when you get it right, the mosaic becomes something stronger than the pieces ever were alone.",-1,-1,-1,-1,-1,-1,-1,-1
engineer,16,50,2.0,0.2,How can I make my community a better place to live?," Making a community better often involves addressing both practical and social aspects. Here are strategies to help improve your community:

 **1. Engage in community dialogue.**  
 Consider how you can participate in discussions or community discussions. open communication helps identify needs and address challenges.

 **To address challenges, consider:

  
 - ** addressing challenges.  
 For example, identifying issues like accessibility, safety, and access to resources. 

  
 **. 

  
 **. 

  
 **. 

  
 **. 

  
 **. 

  
 **. 

  
 **. 

  
 **. 

  
 **. 

  
 **. 

  
 **. 

  
 **. 

  
 **.

  
 **. 

  
 **.

  
 **. 

  
 **. 

.

  
 **. 

.

  
 **. 

.

  
 **. 

.

  
 **. 

.

  
 **. 

.

  
 **. 

.

  
 **. 

.

  
 **. 

.

  
 **. 

.

  
 **. 

.

  
 **. 

.

  
 **. 

.

  
 **. 

.

  
 **. 

.

  
 **. 

.

  
 **. 

.

  
 **. 

.

  
 **. 

.

  
 **. 

.

  
 **. 

.

  
 **. 

.

  
 **. 

.

  
 **. 

.

  
 **. 

.

  
 **. 

.

  
 **. 

.

  
 **. 

.

  
 **. 

.

  
 **. 

.

  
 **. 

.

  
 **. 

.

  
 **. 

.

  
 **. 

.

  
 **. 

.

  
 **. 

.

  
 **. 

.

  
 **. 

.

  
 **. 

.

  
 **. 

.

  
 **. 

.

  
 **. 

.

  
 **. 

.

  
 **. 

.

  
 **. 

.

  
 **. 

.

  
 **. 

.

  
 **. 

.

  
 **. 

.

  
 **. 

.

  
 **. 

.

  
 **. 

.

  
 **. 

.

  
 **. 

.

  
 **. 

.

  
 **. 

.

  
 **. 

.

  
 **. 

.

  
 **. 

.

  
 **. 

.

  
 **. 

.

  
 **. 

.

  
 **. 

.

  
 **. 

.

  
 **. 

.

  
 **. 

.

  
 **. 

.

  
 **. 

.

  
 **. 

.

  
 **. 

.

  
 **. 

.

  
 **. 

.

  
 **. 

.

  
 **. 

.

  
 **. 

.

  
 **. 

.

  
 **. 

.

  
 **. 

.

  
 **. 

.

  
 **. 

.

  
 **. 

.

  
 **. 

.

  
 **. 

.

  
 **. 

.

  
 **. 

.

  
 **. 

.

  
 **. 

.

  
 **. 

.

  
 **. 

.

  
 **. 

.

  
 **. 

.

  
 **. 

.

  
 **. 

.

  
 **. 

.

  
 **. 

.

  
 **. 

.

  
 **. 

.

  
 **. 

.

  
 **. 

.

  
 **. 

.

  
 **. 

.

  
 **. 

.

  
 **. 

.

  
 **. 

.

  
 **. 

.

  
 **. 

.

  
 **. 

.

  
 **. 

.

  
 **. 

.

  
 **. 

.

  
 **. 

.

  
 **. 

.

  
 **. 

.

  
 **. 

.

  
 **. 

.

  
 **. 

.

  
 **. 

.

  
 **. 

.

  
 **. 

.

  
 **. 

.

  
 **. 

.

  
 **. 

.

  
 **. 

.

  
 **. 

.

  
 **. 

.

  
 **. 

.

  
 **. 

.

  
 **. 

.

  
 **. 

.

  
 **. 

.

  
 **. 

.

  
 **. 

.

  
 **. 

.

  
 **. 

.

  
 **. 

.

  
 **. 

.

  
 **. 

.

  
 **. 

.

  
 **. 

.

  
 **. 

.

  
 **. 

.

  
 **. 

.

  
 **. 

.

  
 **. 

.

  
 **. 

.

  
 **. 

.

  
 **. 

.

  
 **. 

.

  
 **. 

.

  
 **. 

.

  
 **. 

.

  
 **. 

.

  
 **. 

.

  
 **. 

.

  
 **. 

.

  
 **. 

.

  
 **. 

.

  
 **. 

.

  
 **. 

.

  
 **. 

.

  
 **. 

.

  
 **. 

.

  
 **. 

.

  
 **. 

.

  
 **. 

.

  
 **. 

.

  
 **. 

.

  
 **. 

.

  
 **. 

.

  
 **. 

.

  
 **. 

.

  
 **. 

.

  
 **. 

.

  
 **. 

.

  
 **. 

.

  
 **. 

.

  
 **. 

.

  
 **. 

.

  
 **. 

.

  
 **. 

.

  
 **. 

.

  
 **. 

.

  
 **. 

.

  
 **. 

.

  
 **. 

.

  
 **. 

.

  
 **. 

.

  
 **. 

.

  
 **. 

.

  
 **. 

.

  
 **. 

.

  
 **. 

.

  
 **. 

.

  
 **. 

.

  
 **. 

.

  
 **. 

.

  
 **. 

.

  
 **. 

.

  
 **. 

.

  
 **. 

.

  
 **. 

.

  
 **. 

.

  
 **. 

.

  
 **. 

.

  
 **. 

.

  
 **. 

.

  
 **. 

.

  
 **. 

.

  
 **. 

.

  
 **. 

.

  
 **. 

.

  
 **. 

.

  
 **. 

.

  
 **. 

.

  
 **. 

.

  
 **. 

.

  
 **. 

.

  
 **. 

.

  
 **. 

.

  
 **. 

.

  
 **. 

.

  
 **. 

.

  
 **. 

.

  
 **. 

.

  
 **. 

. 

.

  
 **. 

. 

.

  
 **. 

. 

.  


.

  
 **. 

.  


.

  
 **. 

.  


.

  
 **. 

.  


.

  
 **. 

.  


.

  
 **. 

.  


.

  
 **. 

.  


.

  
 **. 

.  


.

  
 **. 

.  


.

  
 **. 

.  


.

  
 **. 

.  


.

  
 **. 

.  


.

  
 **. 

.  


.

  
 **. 

.  


.

  
 **. 

.  


.

  
 **. 

.  


.

  
 **. 

.  


.

  
 **. 

. 

.  


.

  
 **. 

.  


.

  
 **. 

. 

.  


.

  
 **. 

. 

.  


.

  
 **. 

. 

.  


.

  
 **. 

. 

.  


.

  
 **. 

. 

.  


.

  
 **. 

. 

.  


.

  
 **. 

. 

.  


.

  
 **. 

. 

.  


.

  
 **. 

. 

.

  
 **. 

. 

.

  
 **. 

. 

.

  
 **. 

. 

.

  
 **. 

. 

.

  
 **. 

. 

.

  
. 

.

  
 **. 

. 

.

  
 **. 

. 

.

  
. 

.

  
. 

.

  
. 

.

  
. 

.

  
. 

.

  
. 

.

  
. 

.

  
. 

.

  
. 

.

  
. 

.

  
. 

.

  
. 

.

  
. 

.

  
. 

.

  
. 

.

  
. 

.

  
. 

.

  
. 

.

  
. 

.

  
. 

.

  
. 

.

  
. 

.

  
. 

.

  
. 

.

  
. 

.

  
. 

.

  
. 

.

  
. 

.

  
. 

.

  
. 

.

  
. 

.

  
. 

.

  
. 

.

  
. 

.

  
. 

.

  
. 

.

  
. 

.

  
. 

.

  
. 

.

  
. 

.

  
. 

.

  
. 

.

  
. 

.

  
. 

.

  
. 

.

  
. 

.

  
. 

.

  
. 

.

  
. 

.

  
. 

.

  
. 

.

  
. 

.

  
. 

.

  
. 

.

  
. 

.

  
. 

.

  
. 

.

  
. 

.

  
. 

.

  
. 

.

  
. 

.

  
. 

.

  
. 

.

  
. 

.

  
. 

.

  
. 

.

  
. 

.

  
. 

.

  
. 

.

  
. 

.

  
. 

.

  
. 

.

  
. 

.

  
. 

.

  
. 

.

  
. 

.

  
. 

.

  
. 

.

  
. 

.

  
. 

.

  
. 

.

  
. 

.

  
. 

.

  
. 

.

  
. 

.

  
. 

.

  
. 

.

  
. 

.

  
. 

.

  
. 

.

  
. 

.

  
. 

.

  
. 

.

  
. 

.

  
. 

.

  
. 

.

  
. 

.

  
. 

.

  
. 

.

  
. 

.

  
. 

.

  
. 

.

  
. 

.

  
. 

.

  
. 

.

  
. 

.

  
","Start by identifying the biggest pain points—whether it’s infrastructure, access to resources, or education. Then, apply practical, scalable solutions that empower people rather than create dependency. Collaboration and listening to the community’s real needs are key.","That’s a great goal! Making your community a better place to live takes effort, but every small action adds up. Here are some practical steps you can take, whether you’re starting from scratch or looking for new ideas:

### 1. **Listen First**
Before you do anything, talk to your neighbors. What do they really need? What’s working and what’s not? Surveys, casual chats at the corner store, or a simple online poll can reveal what’s missing—be it more benches, better lighting, or just a place to gather.

### 2. **Clean Up the Public Spaces**
Litter and trash make everyone uncomfortable. Organize a clean-up day with a few willing hands and some trash bags. Even a monthly rotation keeps things tidy. If you see broken streetlights or potholes, report them to the right people—sometimes a single call makes a difference.

### 3. **Improve Safety After Dark**
More streetlights, clear walkways, and visible security cameras make everyone feel safer. If you see a broken bulb, file a request with the city. If there’s a spot where people can hide, ask if it can be moved or fixed.

### 4. **Plant More Trees and Flowers
Greenery absorbs noise and dust, cools the pavement, and makes the neighborhood look cared-for. Start a community garden or just plant a row of sunflowers by the bus stop. Even a few new shrubs make a difference.

### 5. Bring People Together
Host a block party, a movie night in someone’s backyard, or a potluck. When neighbors know each other, they look out for each other. A simple “welcome new face” sign at the mailboxes helps too.

### 6. Get Kids Involved
Playgrounds need more balls, swings need oil, and the skate park needs repair. If parents don real life, not imaginary, then kids will play outside more. Organize a clean-up crew for the park and invite the PTA.

### 7. Make it Accessible
Not everyone can get up the steps to the community center. Add ramps, wider doors, and audible signals at crosswalks. If you see someone struggling, suggest a better entrance.

### 8. Speak Up When It’s Wrong
If the recycling gets thrown in the trash, or the bus schedule is broken, let the right people know. A phone call or email is worth ten complaints ignored. If the city won’t act, at least keep making it loud.

### 9. Share the Load
Community improvement doesn’t happen alone. Find a few others who care and split the work. Even if you can only bring a shovel or a pair of gloves, someone else will too.

### 10. Celebrate What’s Good
Notice the mural that brightens the alley, the neighbor who always helps move boxes in. Tell people. A little pride goes a long way.

---

**Remember:** Progress is slow, but it’s real. Keep showing up, keep asking, and keep fixing what can be fixed. That’s how we turn “almost good” into “good.”

If you want ideas tailored to your neighborhood’s actual problems—like graffiti, noise, or broken water fountains—just tell me what’s wrong and I’ll help brainstorm fixes.",-1,-1,-1,-1,-1,-1,-1,-1
engineer,16,50,2.0,0.2,How could a community address homelessness more effectively?," Addressing homelessness requires a multifac. Here are strategies that can help improve effectiveness:

 ** 1. Addressing root causes.  
 — Addressing underlying issues like economic challenges, access to resources, and social structures. This may involve supporting policies that address poverty, access to resources, and systemic solutions.

 ** . 

 **

 **

 **

 **

 **

 **

 **

 **

 **

 **

 **

 **

 **

 **

 **

 **

 **

 **

 **

 **

 **

 **

 **

 **

 **

 **

.

 **

 **

.

 **

 **

.

 **

.

 **

.

 **

.

 **

.

 **

.

 **

.

 **

.

 **

.

 **

.

 **

.

 **

.

 **

.

 **

.

 **.

 **

.

 **.

 **.

 **.

 **.

 **.

 **.

 **.

 **.

 **.

 **.

 **.

 **.

 **.

 **.

 **.

 **.

 **.

 **.

 **.

 **.

 **.

 **.

 **.

 **.

 **.

 **.

 **.

 **.

 **.

 **.

 **.

 **.

 **.

 **.

 **.

 **.

 **.

 **.

 **.

 **.

 **.

 **.

 **.

 **.

 **.

 **.

 **.

 **.

 **.

 **.

 **.

 **.

 **.

 **.

 **.

 **.

 **.

 **.

 **.

 **.

 **.

 **.

 **.

 **.

 **.

 **.

 **.

 **.

 **.

 **.

 **.

 **.

 **.

 **.

 **.

 **.

 **.

 **.

 **.

 **.

 **.

 **.

 **.

 **.

 **.

 **.

 **.

 **.

 **.

 **.

 **.

 **.

 **.

 **.

 **.

 **.

 **.

 **.

 **.

 **.

 **.

 **.

 **.

 **.

 **.

 **.

 **.

 **.

 **.

 **.

 **.

 **.

 **.

 **.

 **.

 **.

 **.

 **.

 **.

 **.

 **.

 **.

 **.

 **.

 **.

 **.

 **.

 **.

 **.

 **.

 **.

 **.

 **.

 **.

 **.

 **.

 **.

 **.

 **.

 **.

 **.

 **.

 **.

 **.

 **.

 **.

 **.

 **.

 **.

 **.

 **.

 **.

 **.

 **.

 **.

 **.

 **.

 **.

 **.

 **.

 **.

 **.

 **.

 **.

 **.

 **.

 **.

 **.

 **.

 **.

 **.

 **.

 **.

 **.

 **.

 **.

 **.

 **.

 **.

 **.

 **.

 **.

 **.

 **.

 **.

 **.

 **.

 **.

 **.

 **.

 **.

 **.

 **.

 **.

 **.

 **.

 **.

 **.

 **.

 **.

 **.

 **.

 **.

 **.

 **.

 **.

 **.

 **.

 **.

 **.

 **.

 **.

 **.

 **.

 **.

 **.

 **.

 **.

 **.

 **.

 **.

 **.

 **.

 **.

 **.

 **.

 **.

 **.

 **.

 **.

 **.

 **.

 **.

 **.

 **.

 **.

 **.

 **.

 **.

 **.

 **.

 **.

 **.

 **.

 **.

 **.

 **.

 **.

 **.

 **.

 **.

 **.

 **.

 **.

 **.

 **.

 **.

 **.

 **.

 **.

 **.

 **.

 **.

 **.

 **.

 **.

 **.

 **.

 **.

 **.

 **.

 **.

 **.

 **.

 **.

 **.

 **.

 **.

 **.

 **.

 **.

 **.

 **.

 **.

 **.

 **.

 **.

 **.

 **.

 **.

 **.

 **.

 **.

 **.

 **.

 **.

 **.

 **.

 **.

 **.

 **.

 **.

 **.

 **.

 **.

 **.

 **.

 **.

 **.

 **.

 **.

 **.

 **.

 **.

 **.

 **.

 **.

 **.

 **.

 **.

 **.

 **.

 **.

 **.

 **.

 **.

 **.

 **.

 **.

 **.

 **.

 **.

 **.

 **.

 **.

 **.

 **.

 **.

 **.

 **.

 **.

 **.

 **.

 **.

 **.

 **.

 **.

 **.

 **.

 **.

 **.

 **.

 **.

 **.

 **.

 **.

 **.

 **.

 **.

 **.

 **.

 **.

 **.

 **.

 **.

 **.

 **.

 **.

 **.

 **.

 **.

 **.

 **.

 **.

 **.

 **.

 **.

 **.

 **.

 **.

 **.

 **.

 **.

 **.

 **.

 **.

 **.

 **.

 **.

 **.

 **.

 **.

 **.

 **.

 **.

 **.

 **.

 **.

 **.

 **.

 **.

 **.

 **.

 **.

 **.

 **.

 **.

 **.

 **.

 **.

 **.

 **.

 **.

 **.

 **.

 **.

 **.

 **.

 **.

 **.

 **.

 **.

 **.

 **.

 **.

 **.

 **.

 **.

 **.

 **.

 **.

 **.

 **.

 **.

 **.

 **.

 **.

 **.

 **.

 **.

 **.

 **.

 **.

 **.

 **.

 **.

 **.

 **.

 **.

 **.

 **.

 **.

 **.

 **.

 **.

 **.

 **.

 **.

 **.

 **.

 **.

 **.

 **.

 **.

 **.

 **.

 **.

 **.

 **.

 **.

 **.

 **.

 **.

 **.

 **.

 **.

 **.

 **.

 **.

 **.

 **.

 **.

 **.

 **.

 **.

 **.

 **.

 **.

 **.

 **.

 **.

 **.

 **.

 **.

 **.

 **.

 **.

 **.

 **.

 **.

 **.

 **.

 **.

 **.

 **.

 **.

 **.

 **.

 **.

 **.

 **.

 **.

 **.

 **.

 **.

 **.

 **.

 **.

 **.

 **.

 **.

 **.

 **.

 **.

 **.

 **.

 **.

 **.

 **.

 **.

 **.

 **.

 **.

 **.

 **.

 **.

 **.

 **.

 **.

 **.

 **.

 **.

 **.

 **.

 **.

 **.

 **.

 **.

 **.

 **.

 **.

 **.

 **.

 **.

 **.

 **.

 **.

 **.

 **.

 **.

 **.

 **.

 **.

 **.

 **.

 **.

 **.

 **.

 **.

 **.

 **.

 **.

 **.

 **.

 **.

 **.

 **.

 **.

 **.

 **.

 **.

 **.

 **.

 **.

 **.

 **.

 **.

 **.

 **.

 **.

 **.

 **.

 **.

 **.

 **.

 **.

 **.

 **.

 **.

 **.

 **.

 **.

 **.

 **.

 **.

 **.

 **.

 **.

 **.

 **.

 **.

 **.

 **.

 **.

 **.

 **.

 **.

 **.

 **.

 **.

 **.

 **.

 **.

 **.

 **.

 **.

 **.

 **.

 **.

 **.

 **.

 **.

 **.

 **.

 **.

 **.

 **.

 **.

 **.

 **.

 **.

 **.

 **.

 **.

 **.

 **.

 **.

 **.

 **.

 **.

 **.

 **.

 **.

 **.

 **.

 **.

 **.

 **.

 **.

 **.

 **.

 **.

 **.

 **.

 **.

 **.

 **.

 **.

 **.

 **.

 **.

 **.

 **.

 **.

 **.

 **.

 **.

 **.

 **.

 **.

 **.

 **.

 **.

 **.

 **.

 **.

 **.

 **.

 **.

 **.

 **.

 **.

 **.

 **.

 **.

 **.

 **.

 **.

 **.

 **.

 **.

 **.

 **.

 **.

 **.

 **.

 **.

 **.

 **.

 **.

 **.

 **.

 **.

 **.

 **.

 **.

 **.

 **.

 **.

 **.

 **.

 **.

 **.

 **.

 **.

 **.

 **.

 **.

 **.

 **.

 **.

 **.

 **.

 **.

 **.

 **.

 **.

 **.

 **.

 **.

 **.

 **.

 **.

 **.

 **.

 **.

 **.

 **.

 **.

 **.

 **.

 **.

 **.

 **.

 **.

 **.

 **.

 **.

 **.

 **.

 **.

 **.

 **.

 **.

 **.

 **.

 **.

 **.

 **.

 **.

 **.

 **.

 **.

 **.

 **.

 **.

 **.

 **.

 **.

 **.

 **.

 **.

 **.

 **.

 **.

 **.

 **.

 **.

 **.

 **.

 **.

 **.

 **.

 **.

 **.

 **.

 **.

 **.

 **.

 **.

 **.

 **.

 **.

 **.

 **.

 **.

 **.

 **.

 **.

 **.

 **.

 **.

 **.

 **.

 **.

 **.

 **.

 **.

 **.

 **.

 **.

 **.

 **.

 **.

 **.

 **.

 **.

 **.

 **.

 **.

 **.

 **.

 **.

 **.

 **.

 **.

 **.

 **.

 **.

 **.

 **.

 **.

 **.

 **.

 **.

 **.

 **.

 **.

 **.

 **.

 **.

 **.

 **.

 **.

 **.

 **.

 **.

 **.

 **.

 **.

 **.

 **.

 **.

 **.

 **.

 **.

 **.

 **.

 **.

 **.

 **.

 **.

 **.

 **.

 **.

 **.

 **.

 **.

 **.

 **.

 **.

 **.

 **.

 **.

 **.

 **.

 **.

 **.

 **.

 **.

 **.

 **.

 **.

 **.

 **.

 **.

 **.

 **.

 **.

 **.

 **.

 **.

 **.

 **.

 **.

 **.

 **.

 **.

 **.

 **.

 **.

 **.

 **.

 **","Tackling homelessness requires a multi-layered approach: affordable housing, accessible mental health and job support services, and community engagement. Engineering-wise, modular, cost-effective housing solutions can be rapidly deployed, but the key is integrating these with social programs to create sustainable impact.","Addressing homelessness effectively is complex and requires coordinated, sustained effort from multiple levels of government, nonprofits, the private sector, and the community itself. Here are evidence-based strategies that have proven or show strong potential to reduce homelessness and keep people housed:

### 1. **Strengthen Housing First Policies**
- **Provide permanent, low-cost or no-rent housing for people experiencing homelessness.**
  - Don’t ask for proof of income or employment first. Instead, give them a bed and let them stay there until they’re stable enough to keep a job and pay rent.
  - This approach has cut recidivism rates by more than half in cities that adopted it.

### 2. **Rapid Re-Housing**
- Move people out of shelters and into safe, permanent housing within 30 days, with wraparound services: counseling, job training, and health care.
- This keeps families together and prevents the cycle of losing housing.

### 3. **Mobile Homeless Shelters and Nighttime Bed Sites**
- Place temporary shelters in parks, train stations, and bus depots so people can sleep safely and get a path to a real bed.
- These are bridges to permanent solutions, not stopgaps.

### 4. **Subsidize and Expand Low-Income Housing Stock**
- Increase affordable rental units—not just for the lowest income, but for those just above the line so they don’t fall through the cracks.
- Partner with developers to build more, not just more temporary tents.

### 5. **Address the Root Causes**
- Connect people to mental health, addiction treatment, and medical care before they hit the streets.
- Make sure they can access food, hygiene, and showers every day—without lines outside the door.

### 6. **Employment and Skills Training on Day One**
- When someone moves into housing, they get a job search plan and a real job, not just a form to fill out.
- Partner with employers to hire from the waiting list.

### 7. **Legal Support and Navigation**
- Help people navigate eviction court, housing authority rules, and tenant rights. Too many lose their case because of paperwork errors or language barriers.

### 8. **Community Engagement and Public Education**
- Train teachers, nurses, and cashiers to spot signs of homelessness and refer them to the right place.
- Hold forums so residents can tell their own stories and help shape solutions.

### 9. **Data and Accountability**
- Track who is in shelters, why they’re there, and what happened after they leave. If people fall through the cracks again, fix the system.

### 10. **Funding from the Top Down and the Bottom Up**
- Cities and counties need to budget for housing, not just band-aids. State and federal funds follow the data—no more guesswork.
- Local businesses and nonprofits step up with donations and in-kind services.

###  and the most important thing:
We can’t solve homelessness by throwing more tents up or sending people back to the street. We need a system that keeps people housed, connected to services, and moving toward self-sufficiency. It’s not a choice—it’s a right, and it’s possible if everyone’s on the same page.

If you want a plan tailored to a specific neighborhood or city, share the details and I’ll help map it out.",-1,-1,-1,-1,-1,-1,-1,-1
engineer,16,50,2.5,0.2,How should society prepare for technological disruption?," preparing for technological disruption requires both proactive strategies and adaptability. Here, I can outline key strategies for society to prepare for technological disruption:

 **1. Adaptability and flexibility.  
 Understanding that change is necessary. Organizations and individuals should embrace adaptability, recognizing that technological changes can reshape industries and roles.

 **

 **1. Education and learning.  
 Encouraging continuous learning and upsking. Education systems should adapt to prepare for new technologies, and individuals should prioritize learning and adaptability.

 **

 **2. innovation and innovation.  
 Encouraging innovation through innovation. Organizations can foster innovation by embracing experimentation and adapting to new technologies.

 **

 **, and.

 **

 **. 

 **

 **. 

 **

 **. 

 **

 **. 

 **

 **. 

 **

 **. 

 **

 **. 

 **

 **. 

 **

 **. 

 **

 **. 

 **

 **. 

 **

 **. 

 **

 **. 

 **

 **. 

 **

 **. 

 **

 **. 

 **

 **. 

 **

 **. 

 **

 **. 

 **

 **. 

 **

 **. 

 **

 **. 

 **

 **. 

 **

. 

 **

 **. 

 **

. 

 **

 **. 

 **

. 

 **

. 

 **

. 

 **

. 

 **

. 

 **

. 

 **

. 

 **

. 

 **

. 

 **

. 

 **

. 

 **

. 

 **.

 **

 **. 

 **

. 

 **

. 

 **.

 **

. 

 **.

 **.

 **. 

 **.

 **. 

 **.

 **. 

 **.

 **. 

 **.

 **. 

 **.

 **. 

 **.

 **. 

 **.

 **. 

 **.

 **. 

 **.

 **. 

 **.

 **. 

 **.

 **. 

 **.

 **. 

 **.

 **. 

 **.

 **. 

 **.

 **. 

 **.

 **. 

 **.

 **. 

 **.

 **. 

 **.

 **. 

 **.

 **. 

 **.

 **. 

 **.

 **. 

 **.

 **. 

. 

 **.

 **. 

 **.

 **. 

 **.

 **. 

 **.

 **. 

 **.

 **. 

 **.

 **. 

 **.

 **. 

 **.

 **. 

 **.

 **. 

 **.

 **. 

 **.

 **. 

 **.

 **. 

 **.

 **. 

 **.

 **. 

 **.

 **. 

. 

 **.

 **. 

 **.

 **. 

 **.

 **. 

 **.

 **. 

 **.

 **. 

 **.

 **. 

 **.

 **. 

. 

 **.

 **. 

 **.

 **. 

. 

 **.

 **. 

 **.

 **. 

. 

 **.

 **. 

 **.

 **. 

. 

 **.

 **. 

 **.

 **. 

. 

 **.

 **. 

 **.

 **. 

. 

 **.

 **. 

. 

 **.

 **. 

. 

 **.

 **. 

. 

 **.

 **. 

. 

 **. 

. 

 **.

 **. 

. 

 **. 

. 

 **.

 **. 

. 

 **.

 **. 

. 

 **. 

. 

 **. 

. 

 **. 

. 

 **.

 **. 

. 

 **.

 **. 

. 

 **. 

. 

 **. 

. 

 **.

 **. 

. 

 **. 

. 

 **. 

. 

. 

 **.

 **. 

. 

 **. 

. 

 **. 

. 

. 

 **.

 **. 

. 

 **. 

. 

 **. 

. 

. 

 **.

 **. 

. 

 **. 

. 

 **. 

. 

. 

 **.

 **. 

. 

 **. 

. 

 **. 

. 

. 

 **.

 **. 

. 

 **. 

. 

 **. 

. 

. 

 **. 

. 

 **. 

. 

. 

 **.

 **. 

. 

 **. 

. 

. 

 **. 

. 

 **. 

. 

. 

 **. 

. 

 **. 

. 

. 

 **. 

. 

 **. 

. 

. 

 **. 

. 

. 

 **. 

. 

. 

 **. 

. 

. 

 **. 

. 

. 

 **. 

. 

. 

 **. 

. 

. 

 **. 

. 

. 

 **. 

. 

. 

 **. 

. 

. 

 **. 

. 

. 

 **. 

. 

. 

 **. 

. 

. 

 **. 

. 

. 

 **. 

. 

. 

 **. 

. 

. 

 **. 

. 

. 

 **. 

. 

. 

 **. 

. 

. 

 **. 

. 

. 

 **. 

. 

. 

 **. 

. 

. 

 **. 

. 

. 

 **. 

. 

. 

 **. 

. 

. 

. 

 **. 

. 

. 

 **. 

. 

. 

 **. 

. 

. 

 **. 

. 

. 

 **. 

. 

. 

 **. 

. 

. 

 **. 

. 

. 

. 

 **. 

. 

. 

. 

 **. 

. 

. 

. 

 **. 

. 

. 

. 

 **. 

. 

. 

. 

 **. 

. 

. 

. 

 **. 

. 

. 

. 

 **. 

. 

. 

. 

. 

. 

 **. 

. 

. 

. 

. 

. 

. 

. 

. 

. 

. 

. 

. 

. 

. 

. 

. 

. 

. 

. 

. 

. 

. 

. 

. 

. 

. 

. 

. 

. 

. 

. 

. 

. 

. 

. 

. 

. 

. 

. 

. 

. 

. 

. 

. 

. 

. 

. 

. 

. 

. 

. 

. 

. 

. 

. 

. 

. 

. 

. 

. 

. 

. 

. 

. 

. 

. 

. 

. 

. 

. 

. 

. 

. 

. 

. 

. 

. 

. 

. 

. 

. 

. 

. 

. 

. 

. 

. 

. 

. 

. 

. 

. 

. 

. 

. 

. 

. 

. 

. 

. 

. 

. 

. 

. 

. 

. 

. 

. 

. 

. 

. 

. 

. 

. 

. 

. 

. 

. 

. 

. 

. 

. 

. 

. 

. 

. 

. 

. 

. 

. 

. 

. 

. 

. 

. 

. 

. 

. 

. 

. 

. 

. 

. 

. 

. 

. 

. 

. 

. 

. 

. 

. 

. 

. 

. 

. 

. 

. 

. 

. 

. 

. 

. 

. 

. 

. 

. 

. 

. 

. 

. 

. 

. 

. 

. 

. 

. 

. 

. 

. 

. 

. 

. 

. 

. 

. 

. 

. 

. 

. 

. 

. 

. 

. 

. 

. 

. 

. 

. 

. 

. 

. 

. 

. 

. 

. 

. 

. 

. 

. 

. 

. 

. 

. 

. 

. 

. 

. 

. 

. 

. 

. 

. 

. 

. 

. 

. 

. 

. 

. 

. 

. 

. 

. 

. 

. 

. 

. 

. 

. 

. 

. 

. 

. 

. 

. 

. 

. 

. 

. 

. 

. 

. 

. 

. 

. 

. 

. 

. 

. 

. 

. 

. 

. 

. 

. 

. 

. 

. 

. 

. 

. 

. 

. 

. 

. 

. 

. 

. 

. 

. 

. 

. 

. 

. 

. 

. 

. 

. 

. 

. 

. 

. 

. 

. 

. 

. 

. 

. 

. 

. 

. 

. 

. 

. 

. 

. 

. 

. 

. 

. 

. 

. 

. 

. 

. 

. 

. 

. 

. 

. 

. 

. 

. 

. 

. 

. 

. 

. 

. 

. 

. 

. 

. 

. 

. 

. 

. 

. 

. 

. 

. 

. 

. 

. 

. 

. 

. 

. 

. 

. 

. 

. 

. 

. 

. 

. 

. 

. 

. 

. 

. 

. 

. 

. 

. 

. 

. 

. 

. 

. 

. 

. 

. 

. 

. 

. 

. 

. 

. 

. 

. 

. 

. 

. 

. 

. 

. 

. 

. 

. 

. 

. 

. 

. 

. 

. 

. 

. 

. 

","Society needs to invest in education that emphasizes adaptability and critical thinking, alongside fostering a culture that embraces change rather than fears it. Building flexible infrastructure and ethical frameworks will also be key to navigating disruption responsibly.","Technological disruption isn’t slowing down—it’s accelerating. From AI to quantum computing, from autonomous vehicles to decentralized data. For society to keep up, preparation has to be systemic, cross-sector, and started years before the first glitch. Here’s how we can start building resilience now:

**1. Invest in education that can adapt.**
No one knows what will be useful five years from now. Schools and workplaces need curricula and upskilling pipelines that teach reasoning, synthesis, and the ability to relearn. We can’t out-code the machine; we need humans who can out-think the problem and reprogram the rules.

**2. Treat standards like bridges, not suggestions.**
When protocols break, you need to step over the gap. Government and industry must agree on what’s real, what’s safe, and what’s proven. That means mandating interoperability and traceability from the ground up. We can’t have a car that won’t talk to a sensor because someone else’s data format changed.

**3. Assume the worst, then plan for the next worst.**
Cybersecurity isn’t a checkbox—it’s a series of locked doors and alarms, layered deep. And when the breach comes, we need to know exactly what burned and how fast it could spread. Red team the red team’s red team. Simulate the worst, then rebuild from zero.

**4. Make the invisible visible.**
Data is the new oil, but nobody can see it. We need every device, every sensor, every contract to be transparent about what it’s carrying and who’s watching. If you can’t see the water, you can’t fix the flood. If you can’t see the data, you can’t stop it from leaking.

**5. Make the system fail gracefully.**
When something breaks, it should break in a way we can fix. We need self-healing networks, clear handoffs between modules, and fallbacks that don’t just blink out. We can’t rely on “it’ll just work” when the sun goes down or the cloud gets angry.

**6. Build the people, not just the code.**
You can script a process, but you can’t script a panic. Every interface, every command line, every emergency protocol must be understood by real people—not just the ones who wrote it. We need drills, not just checklists. We need the right faces in the room when the lights go out.

**7. Treat the future like a stranger at the door.**
We can’t predict what will break. We can only make sure the door stays open when it closes. That means stockpiling options, not just solutions. We need to know what’s still standing when the rest is dust.

**8. Make the rules before the code runs.**
You can’t patch a law after the car’s gone through the red light again. Law and code have to march together. If the code can’t be trusted, the code can’t be trusted. If the rules can’t be enforced, the road stays dark.

**9. Keep the old lights on until the new ones glow.**
You don, you check. You don’t trust the new until it’s proven itself. We can’t just swap out a wheel because the tire looks the same. We need to know what’s real before we let it steer the car.

**10. Start the conversation before the alarm goes off.**
We can’t wait for the breach to happen. We need to debate the limits, the lines, the colors in the spectrum. We need to know what’s breakable and what can’t be. That’s the only way we get from “it might happen” to “we know what happens.”

Disruption isn’t the enemy. It’s just the clock. We either keep time or we’re left behind. So we build the hands, the gears, and the rules. We do it together.",-1,-1,-1,-1,-1,-1,-1,-1
engineer,16,50,2.5,0.2,How do you think we should approach international conflicts and diplomacy?," Approaching international conflicts and diplomacy requires balancing practical strategies with ethical considerations. Here are key principles that can guide effective approaches:

 **1. Dialogue and communication.** Open communication is crucial. dialogue can help resolve conflicts and foster understanding. clear communication can help address misunderstandings and build trust.

 **For example:** engaging in dialogue through negotiations and communication, rather than focusing solely on policies or policies.

 **Considerations:**
 - Ensure transparency and honest communication.
 – Address conflicts through dialogue rather than, and to avoid misunderstandings.

 **

 **. Consider the context and context. 

 Understanding the context—such, that the issues. 

 For example, understanding the reasons behind why conflicts arise, and addressing root causes rather than focusing on solutions.

 

 **. Prioritize collaboration and collaboration.

 Collaboration can help resolve conflicts and foster cooperation., especially through partnerships that address shared challenges.

 

 **. Addressing the needs and needs.

 Understanding the needs and needs of both parties. This can involve assessing the needs and goals, and addressing how to address challenges.

 

 **. Consider ethical and ethical considerations.

 Ensuring that decisions are based, on ethical principles, such as fairness, and respect for the.

 

 **. Use diplomacy and communication.

 Using diplomacy through dialogue, rather than, and strategies. This can involve negotiation and understanding rather than.

 

 **. Addressing and resolving conflicts through solutions that address underlying issues.

 Rather than focusing on solutions, like addressing the underlying causes ( such as addressing root causes, such as addressing underlying issues.

 

 **. Consider the balance between policy and collaboration.

 While policies are necessary, collaboration can help address complex issues. balancing these approaches can help.

 

 **.

 For example, addressing conflicts through dialogue, while ensuring that policies address the needs and solutions.

 

 **. Consider the importance of transparency and communication.

 Clear communication can help prevent misunderstandings and foster trust. transparency can help in building trust and reducing conflicts.

 

 **.

 For example, using clear communication to address issues and understanding.

 

 **. Consider the importance of collaboration and collaboration.

 Engaging with collaboration can help resolve conflicts and build relationships. partnerships can help address challenges through collaboration.

 

 **.

 For example, working with partnerships to address issues, such as collaboration in problem-solving.

 

 **.

 It’s important to consider how to address conflicts through both practical strategies and ethical considerations. balancing dialogue, and understanding, and addressing the underlying issues can help in resolving conflicts and fostering healthy relationships.

 

 **. Consider the importance of transparency and communication. 

 To ensure that interactions are clear and understanding, and to address conflicts through thoughtful strategies.

 

 **. Consider the importance of collaboration and collaboration. 

 By addressing challenges through collaboration, we can address issues more effectively.

 

 **. Consider the importance of ethical frameworks. 

 Ensuring that decisions are informed by ethical considerations, such. 

 This can help in building trust and ensuring fairness.

 

 **. Consider the approaches that prioritize dialogue and understanding, rather than solutions that address the root causes.

 

 For example, addressing conflicts through dialogue, and understanding the underlying reasons behind issues.

 

 **. Consider the importance of balancing policy and strategies.

 While policies are necessary, understanding and addressing the needs can help in resolving conflicts.

 

 By focusing on collaboration and understanding, we can address conflicts in a constructive ways.

 

 **. The approaches that prioritize communication and transparency can help in building trust and reducing conflicts.

 

 So, the approaches often involve balancing dialogue, understanding, and practical solutions, while ensuring ethical considerations and collaboration.

 

 If you want to explore specific strategies or frameworks ( like the approaches in diplomacy, or strategies for conflict resolution.

 

 For example, using frameworks like the, and strategies like dialogue, and addressing issues through collaboration.

 

 This can help in addressing both the practical and the ethical aspects of international interactions.

 

 **. The approaches often involve balancing empathy, and understanding, and practical solutions.

 

 This can help in building trust and addressing conflicts in a effective ways.

 

 **.

 For example, understanding the needs and addressing the challenges through solutions that address the underlying issues.

 

 This approach can help in fostering positive outcomes and reducing conflicts.

 

 **.

 The approaches often involve collaboration and communication, to ensure that solutions are informed by both practical needs and ethical considerations.

 

 This can help in building trust and ensuring that solutions are effective and meaningful.

 

 **.

 By focusing on dialogue and understanding, we can address conflicts in a ways that promote constructive outcomes.

 

 This can help in building relationships and ensuring that solutions are based on understanding and clarity.

 

 **.

 The approaches often involve balancing the strategies for addressing conflicts and the processes for maintaining healthy relationships.

 

 This ensures that solutions are both practical and effective.

 

 By focusing on these approaches, we can foster constructive dialogue and address challenges in a way that supports both personal and systemic solutions.

 

 This can help in building resilience and addressing challenges in a way that supports long-term solutions.

 

 **.

 For example, using strategies like collaboration, and understanding, and addressing the underlying causes.

 

 This can help in resolving conflicts and ensuring that solutions are sustainable.

 

 **.

 The approaches often involve understanding and addressing the needs, and ensuring that policies and strategies are informed by both ethical considerations and practical solutions.

 

 This can help in building trust and ensuring that solutions are effective.

 

 By focusing on dialogue and understanding, we can address conflicts in a ways that promote constructive outcomes.

 

 This can help in building relationships and ensuring that solutions are based. 

 On understanding and clarity.

 

 **.

 The approaches often involve balancing the needs for practical solutions and the need for ethical considerations.

 

 This ensures that solutions are both effective and aligned with principles.

 

 This approach can help in addressing conflicts and fostering positive outcomes.

 

 By focusing on collaboration and understanding, we can address challenges in a ways that support both personal and systemic solutions.

 

 This can help in building resilience and addressing challenges in a way that supports long-term solutions.

 

 **.

 The approaches often involve understanding and addressing the challenges through clear communication and collaboration.

 

 This can help in resolving conflicts and ensuring that solutions are informed by both logic and empathy.

 

 This can help in building trust and ensuring that solutions are effective.

 

 By focusing on the, and understanding, and addressing the needs, we can address challenges in a ways that promote constructive outcomes.

 

 This can help in addressing conflicts and ensuring that solutions are based on understanding and clarity.

 

 This approach can help in fostering positive interactions and addressing challenges in a way that supports both individual and systemic solutions.

 

 By prioritizing dialogue and understanding, we can address issues in a ways that foster collaboration and resilience.

 

 This can help in building relationships and addressing challenges through effective strategies.

 

 This approach can help in addressing conflicts through thoughtful, and strategies.

 

 It’s important to consider how to balance practical solutions with the need for ethical and thoughtful approaches.

 

 This can help in addressing challenges and ensuring that solutions are informed by both understanding and strategies.

 

 This approach can help in building effective solutions and addressing challenges in a way that supports long-term outcomes.

 

 By focusing on collaboration and understanding, we can address challenges in a ways that promote positive outcomes.

 

 This can help in addressing conflicts and ensuring that solutions are based on understanding and clarity.

 

 This approach can help in fostering dialogue and addressing issues in a ways that support constructive outcomes.

 

 This can help in building and understanding, and ensuring that solutions are aligned with both goals and needs.

 

 This approach can help in addressing challenges through strategies that are informed by both practical considerations and ethical considerations.

 

 This can help in building effective solutions and ensuring that the processes are based. 

 On understanding and collaboration.

 

 This approach can help in addressing challenges and ensuring that solutions are rooted in understanding and collaboration.

 

 This can help in building effective strategies and addressing issues through thoughtful approaches.

 

 By focusing on the, and understanding, and addressing the needs, we can address challenges in a ways that support meaningful outcomes.

 

 This can help in resolving conflicts and ensuring that solutions are based on understanding and collaboration.

 

 This approach can help in fostering positive interactions and addressing challenges through effective strategies.

 

 This can help in building and understanding, and ensuring that solutions are aligned with goals and needs.

 

 This approach can help in addressing challenges through the, and understanding, and ensuring that solutions are informed by both practical and ethical considerations.

 

 This can help in building effective solutions and addressing the challenges in a ways that support long-term outcomes.

 

 By focusing on collaboration and understanding, we can address challenges and ensure that solutions are grounded in both logic and empathy.

 

 This can help in addressing conflicts and ensuring that solutions are based on understanding and collaboration.

 

 This approach can help in building effective strategies and addressing the challenges through meaningful solutions.

 

 This can help in addressing the challenges, and ensuring that solutions are informed by understanding and strategies.

 

 This approach can help in fostering positive outcomes and addressing the challenges through thoughtful, and strategies.

 

 This can help in addressing the issues, and ensuring that solutions are based on understanding and collaboration.

 

 This can help in addressing the challenges, and ensuring that solutions are informed by both practical and ethical considerations.

 

 This can help in building solutions that are effective and aligned with goals and outcomes.

 

 By focusing on dialogue and understanding, we can address challenges and ensure that solutions are rooted in understanding and collaboration.

 

 This can help in addressing conflicts and ensuring that the solutions are based on understanding and processes.

 

 This can help in building effective strategies and addressing the challenges through meaningful approaches.

 

 This can help in addressing the challenges, and ensuring that the solutions are informed by understanding and strategies.

 

 This can help in fostering positive outcomes and addressing the challenges through effective approaches.

 

 This can help in addressing the challenges, and ensuring that the solutions are based on understanding and collaboration.

 

 This approach can help in addressing the issues, and ensuring that the solutions are grounded in understanding and strategies","While it’s outside pure engineering, I see international conflicts like complex systems with many interdependent parts. The best approach is to gather accurate data, understand different perspectives, and design solutions that balance competing needs—kind of like optimizing a multi-variable system.","Approaching international conflicts and diplomacy isn’t a one-size-fits-all game—every move writes a new page in the ledger of trust or distrust. But there are patterns that, if followed, make the world a little less likely to burn. Here’s how I’d want to see it done, and why:

1. **Start with the facts, not the noise.**  
Every negotiation begins the same: someone has to know what’s real. I’d demand full, transparent data before anyone talks about lines in the sand. No more guessing games. If you can’t measure it, you can’t manage it.

2. **Write the rules before the game starts.**  
Ambiguity is the enemy. I’d push for legally binding, enforceable agreements—every trigger, every red line, every exit route written down and signed. No more “we said it was gray, so it’s our excuse.” If you can’t trust the words on the page, you can’t trust the handshake.

3. **Make the cost clear from the start.**  
Nobody likes a surprise. I’d itemize what’s paid for, in lives and in gold, before the first press conference. When you know the price, you can decide if it’s worth the gamble. That’s how you get accountability.

4. **Let the people in charge actually talk to each other.**  
Not the press, not the proxies. The ministers, the engineers, the folks who know the real mud in the well. If you want a bridge standing at dawn, you dig the same hole. I’d put the translators in before the translators leave.

5. **Set the clock and the checkpoints.**  
We all waste enough time waiting for the right signal. I’d put the sunset in two hours, and the next status report in the hour before. No more stalling. If you can’t deliver, you can’t trust the map you drew.

6. and done—then we check if the map still fits the ground. If it doesn green, we go back to the drawing board. That’s not surrender, that’s geometry.

And if we can’t agree? Then we walk away and come back with a new set of lines. Because holding the world together isn’t a matter of who’s right—it’s about who’s in and who’s out. Not because they’re broken, but because the map still doesn’t fit the earth. We fix the map or we stop pretending it’s real.

That’s diplomacy that doesn’t waste a second and a minute. Not because I’m clever, but because I know the only thing that lasts is the shape of the box we all agreed to play in.",-1,-1,-1,-1,-1,-1,-1,-1
engineer,16,50,2.5,0.2,What do you believe is the most powerful way to create positive change?," Change often comes from combining multiple approaches, but the most powerful strategies involve combining intentionality with action. For example, leveraging data and evidence to guide decisions, while fostering empathy and understanding. 

 For example, change often comes from understanding the needs and needs, and using evidence-based strategies. For example, addressing systemic issues by addressing both personal and structural solutions. 

 For example, change often requires both structural changes ( like policies and systems, and personal changes ( such, through education and awareness.

 The powerful change comes when you address both the structural and personal aspects. For example, addressing systemic issues through policy and reforms, while also fostering personal change through education and awareness.

 This approach ensures that change isn, and solutions are sustainable and scalable.

 For example, in social change, addressing both the structural factors ( like policies and systems, and addressing the personal aspects ( through education and awareness.

 This approach can lead to meaningful, lasting change.

 

 So, the powerful change comes from combining practical strategies with understanding and adaptation. This ensures that solutions are both effective and sustainable.

 

 For example, in personal change, understanding and adaptability can lead to meaningful improvements in how we approach challenges.

 

 In the, the change comes from understanding, and adapting, and implementing strategies that address both the structural and personal aspects.

 

 This approach ensures that change is both effective and sustainable.

 

 For example, in leadership, addressing both the structural frameworks and the personal practices.

 

 This approach can lead to meaningful change, whether in personal, organizational, or societal contexts.

 

 So, the powerful change comes from understanding, and adapting, and addressing both the structural and personal aspects.

 

 This approach fost, and ensures that solutions are robust and sustainable.

 

 For example, in problem-solving, addressing both the systems and the processes.

 

 This can lead to meaningful change, and helps in building resilience and long-term solutions.

 

 So, the positive change often comes from combining practical strategies with understanding and adaptation.

 

 This approach ensures that change is both effective and sustainable.

 

 For example, in change, the solutions often involve both structural adjustments and personal strategies.

 

 This approach can help in creating meaningful, lasting change.

 

 So, the powerful change comes from understanding and adapting, and leveraging systems and processes.

 

 This can lead to meaningful outcomes and sustainable solutions.

 

 For example, in social change, addressing both the structures and the processes.

 

 This approach ensures that change is both effective and sustainable.

 

 This can be applied in both personal and systemic contexts.

 

 So, the positive change often comes from combining strategies and understanding, and addressing both the structural and personal aspects.

 

 This approach fost and ensures that solutions are robust and effective.

 

 This can help in creating meaningful change, whether in personal or systemic contexts.

 

 So, the powerful change comes from understanding and adapting, and leveraging both structural and personal strategies.

 

 This ensures that solutions are sustainable and effective.

 

 This approach can help in addressing challenges and fostering positive change.

 

 For example, in innovation, understanding and adapting can lead to solutions that are both effective and sustainable.

 

 This approach can help in addressing challenges and ensuring that changes are sustainable.

 

 This can lead to meaningful outcomes and long-term solutions.

 

 So, the positive change often comes from understanding, and adapting, and addressing both the systems and the processes.

 

 This can help in creating meaningful, sustainable change.

 

 This approach can be applied in various contexts, from personal strategies to systemic changes.

 

 Therefore, the powerful change comes from understanding and adapting, and leveraging both the structures and the processes.

 

 This ensures that solutions are effective and sustainable.

 

 This approach can help in addressing challenges and fostering positive change.

 

 This is how change can be driven effectively.

 

 So, the positive change often involves understanding, and adapting, and addressing both the structural and personal aspects.

 

 This can lead to meaningful outcomes and long-term solutions.

 

 This approach is essential for sustainable change.

 

 Therefore, the powerful change comes from understanding and adapting, and addressing both the systems and the strategies.

 

 This can help in creating meaningful, sustainable change.

 

 This approach is crucial for addressing challenges and ensuring effective outcomes.

 

 This can help in building solutions that are both effective and sustainable.

 

 This approach can be applied in various contexts, from personal strategies to systemic changes.

 

 So, the positive change often involves understanding and, and addressing both the processes and the systems.

 

 This can lead to meaningful outcomes and long-term solutions.

 

 This approach ensures that change is both effective and sustainable.

 

 This can help in addressing challenges and fostering positive change.

 

 This is how you can drive meaningful change.

 

 So, the powerful strategies involve understanding, and adapting, and addressing both the structures and the processes.

 

 This ensures that solutions are effective and sustainable.

 

 This can help in creating positive change, whether in personal or systemic contexts.

 

 This approach is essential for addressing challenges and fostering change.

 

 This can lead to meaningful outcomes and long-term solutions.

 

 This is how you can create positive change.

 

 So, the positive change often comes from understanding and, and addressing both the systems and the strategies.

 

 This can help in building effective solutions.

 

 This approach is crucial for sustainable change.

 

 This can help in addressing challenges and ensuring that solutions are effective.

 

 This can lead to meaningful outcomes and improvements.

 

 So, the powerful change comes from understanding and, and leveraging both the strategies and the systems.

 

 This ensures that change is effective and sustainable.

 

 This can help in addressing challenges and fostering positive outcomes.

 

 This approach is essential for creating meaningful change.

 

 This can help in building solutions that are both practical and.

 

 This can lead to sustainable and effective outcomes.

 

 This approach is essential for addressing challenges and ensuring positive change.

 

 This can help in creating solutions that are both effective and.

 

 This can lead to positive outcomes and long-term solutions.

 

 This approach can help in addressing challenges and ensuring that change is sustainable.

 

 This can lead to meaningful outcomes and improvements.

 

 So, the positive change often involves understanding and, and addressing both the systems and the processes.

 

 This can help in creating effective solutions.

 

 This is how you can drive positive change.

 

 This can help in addressing challenges and ensuring that solutions are effective.

 

 This can lead to sustainable outcomes and improvements.

 

 This approach can help in creating positive change, whether in personal or systemic contexts.

 

 This can help in building effective strategies and solutions.

 

 This can lead to meaningful changes and outcomes.

 

 So, the powerful strategies involve understanding and, and addressing both the systems and the processes.

 

 This ensures that solutions are effective and sustainable.

 

 This can help in addressing challenges and fostering positive change.

 

 This can lead to meaningful outcomes and improvements.

 

 This approach is essential for building effective solutions.

 

 This can help in addressing challenges and ensuring that change is sustainable.

 

 This can lead to positive outcomes and, and improvements.

 

 This can help in creating solutions that are effective and.

 

 This can lead to positive changes and outcomes.

 

 This approach can help in addressing challenges and ensuring that solutions are effective.

 

 This can lead to positive outcomes and, and improvements.

 

 This can help in creating sustainable changes.

 

 This can be applied in various contexts, from personal strategies to systemic approaches.

 

 This can help in addressing challenges and fostering positive change.

 

 This can lead to effective solutions and outcomes.

 

 This can help in creating sustainable and effective solutions.

 

 This can be crucial for addressing challenges and ensuring that change is effective.

 

 This can help in building solutions that are both practical and.

 

 This can lead to positive outcomes and improvements.

 

 This can help in addressing challenges and ensuring that solutions are effective.

 

 This can lead to positive changes and outcomes.

 

 This can help in creating sustainable solutions.

 

 This can be applied in various contexts, from personal strategies to systemic approaches.

 

 This can help in addressing challenges and ensuring that change is effective.

 

 This can lead to positive outcomes and, and improvements.

 

 This can help in creating solutions that are effective and.

 

 This can lead to positive changes and outcomes.

 

 This can help in addressing challenges and ensuring that solutions are effective.

 

 This can lead to positive outcomes and, and strategies.

 

 This can help in creating effective solutions.

 

 This can be important for fostering change and addressing challenges.

 

 This can help in creating sustainable and effective solutions.

 

 This can be crucial for addressing challenges and ensuring positive change.

 

 This can help in building solutions that are effective and.

 

 This can lead to positive outcomes and. 

 

 This can help in addressing challenges and ensuring that solutions are effective.

 

 This can lead to positive changes and. 

 

 This can help in creating sustainable practices and solutions.

 

 This can be important for addressing challenges and ensuring that changes are effective.

 

 This can help in building solutions that are both practical and.

 

 This can lead to positive outcomes and. 

 

 This can help in understanding and, and addressing the challenges.

 

 This can be crucial for creating positive change.

 

 This can help in addressing challenges and ensuring that solutions are effective.

 

 This can lead to positive outcomes and. 

 

 This can help in creating sustainable solutions.

 

 This can be important for addressing challenges and ensuring that change.

 

 This can help in understanding and, and adapting to challenges.

 

 This can lead to positive outcomes and.

 

 This can help in creating effective strategies.

 

 This can be important for fostering change and addressing challenges.

 

 This can help in understanding and, and addressing the challenges.

 

 This can lead to positive outcomes and.

 

 This can help in creating solutions that are effective and.

 

 This can be important for ensuring that change.

 

 This can help in addressing challenges and ensuring that solutions are effective.

 

 This can lead to positive changes and.

 

 This can be","The most powerful way is to combine deep technical expertise with empathy for users. When you understand real-world problems and design solutions that fit people’s needs, technology becomes a true catalyst for positive change.","That’s a big question—and the answer depends on the system, the scale, and who’s in charge of fixing it. But if I had to point to something that consistently shifts the ground beneath people’s feet, it’s this: **people who actually care about the details, not just the headlines, and who show up long before the fire.**

So, not some magic trick or a law passed in a hurry. It’s a cascade of small, stubborn, honest choices—everybody in the chain double-checking their assumptions, every sensor that’s still on, every form that asks the right questions. It’s the pressure that builds from the bottom up, not the hope that jumps from the top down. 

You can pass a bill, you can paint the walls, but if the air in the room still smells like smoke, it’s not fixed. Change happens when the blueprint gets better, not just the sign on the door. And that’s built by the same hands that keep turning the knob, over and over, until it opens. 

That’s how. Not because it’s easy, but because it’s real.",-1,-1,-1,-1,-1,-1,-1,-1
engineer,16,50,2.5,0.2,How would you evaluate the impact of a policy change on citizens?," Evaluating the impact of a policy changes involves assessing how changes in policies can affect outcomes for individuals and communities. Here are key steps and methods for evaluating the impact of policy changes:

 **1. Understanding the goals and objectives.**
 First, clarify what the policy changes aim to achieve. For example, whether it involves changes in policies related to health, policy, or social structures.

 **2. assessing the impact through data and analysis.

  - Data collection: Analyze how changes can affect outcomes— such, through data on how changes can impact outcomes like outcomes like outcomes like outcomes like outcomes such as outcomes.

 For example, if policy changes involve changes in regulations or policies, assess how these can impact outcomes like access to resources, or how changes in policies can affect outcomes like outcomes like access to resources or outcomes.

 **Consider both quantitative and qualitative aspects.**

 For example, analyzing data on how changes in policies can impact outcomes like access to resources, and understanding how people’s experiences and feedback.

 **Consider the impact on different groups.**

 Assess how policies affect various groups— such as demographics, such as, and how the policies can impact different groups.

 ** Evaluate through analysis of data and data.

 For example, analyzing data on how policies can impact outcomes, such as how policies can impact outcomes like outcomes like outcomes.

 ** Consider the impact on systems and processes.

 For example, evaluating how changes in policies can affect outcomes, such as how policies can impact outcomes like outcomes.

 ** Consider the feedback and feedback.

 Engaging with stakeholders— such as through surveys or feedback mechanisms. This helps in understanding how people experience the changes.

 ** Evaluate through analysis of data and data.

 For example, analyzing data on how policies can impact outcomes, such as how policies can lead to changes in outcomes.

 ** Consider long-term impacts and sustainability.

 Consider how policies can impact over time, and how they can influence future outcomes.

 ** Examples of evaluation methods:

 - Data analysis: Using data to assess how changes in policies can impact outcomes. For example, analyzing how policies can impact outcomes like access to resources.

 For example, analyzing data on how policies can impact outcomes, such. 

 ** For example, evaluating the impact of policy changes in policy and systems.

 For example, policies that affect policy and processes can impact outcomes like how outcomes.

 

 ** Consider the impact on both individual and systemic aspects.

 For example, evaluating how policies can impact outcomes, such as how policies can affect outcomes.

 

 ** Consider the impact on social, and outcomes.

 For example, assessing how policies can impact outcomes, such as how policies can influence outcomes.

 

 ** Using data and analysis, such as:

 - Analyzing data on how policies can impact outcomes, such as how policies can lead to changes in outcomes.

 

 ** Consider the feedback and feedback.

 For example, understanding how policies can impact outcomes through feedback from users and stakeholders.

 

 ** Evaluating through analysis of data and data.

 For example, assessing how policies can impact outcomes through data analysis.

 

 ** Consider the impact on different groups.

 For example, assessing how policies can impact outcomes through analysis of how different groups can impact.

 

 ** Consider the impact on outcomes and outcomes.

 For example, evaluating how policies can impact outcomes, such as through analysis of outcomes.

 

 To ensure clarity, it’s important to use data and analysis to assess how policies impact outcomes. This can involve evaluating both the practical outcomes and how people experience changes.

 For example, evaluating how policies can impact outcomes through analysis of data and feedback.

 

 ** Key steps include:

  - Assessing the goals and objectives of the policies.

 . Evaluating how the policies can impact outcomes, such as through data analysis and analysis.

 

 To evaluate the impact, you should consider how policies affect outcomes, such. 

 For example, analyzing how policies can impact outcomes, such as through data analysis and understanding of how policies can impact outcomes.

 

 This can involve analyzing data, assessing impacts on systems, and considering how the policies affect different groups.

 

 ** For example, policies can impact outcomes through both practical outcomes and how people can impact.

 

 The evaluation often involves analyzing data and understanding how policies can impact outcomes, such as through analysis of how policies can impact outcomes.

 

 This can involve assessing how policies impact outcomes through data, and understanding how the policies can impact outcomes.

 

 The evaluation can involve assessing how policies impact outcomes, such as through analysis of data and understanding of how policies can impact outcomes.

 

 This can involve analyzing how policies impact outcomes, such as through analysis of data and understanding of how policies can impact outcomes.

 

 The evaluation often involves assessing how policies can impact outcomes, such as through analysis of data and understanding of how policies can impact outcomes.

 

 This can involve analyzing how policies impact outcomes, such as through data analysis and understanding of how policies can impact outcomes.

 

 The evaluation can involve assessing how policies impact outcomes, such as through analysis of data and understanding of how policies can impact outcomes.

 

 This can involve assessing how policies impact outcomes, such as through analysis of data and understanding of how policies can impact outcomes.

 

 The strategies often involve evaluating how policies can impact outcomes, through analysis of data and understanding of how policies can impact outcomes.

 

 This can involve assessing how policies impact outcomes, such as through analysis of data and understanding of how policies can impact outcomes.

 

 The evaluation often involves assessing how policies can impact outcomes, such as through analysis of data and understanding of how policies can impact.

 

 This can involve analyzing how policies impact outcomes, such. 

 

 The approaches often involve assessing how policies can impact outcomes, through analysis of data and understanding of how policies can impact.

 

 This can involve evaluating how policies impact outcomes, through analysis of data and understanding of how policies can impact.

 

 The strategies for evaluating policies often involve assessing how outcomes, such as through analysis of data and understanding of how policies can impact.

 

 This can involve analyzing how policies impact outcomes, such as through data analysis and understanding of how policies can impact.

 

 The evaluation often involves assessing how policies can impact outcomes, such as through analysis of data and understanding of how policies can impact.

 

 This can involve assessing how policies, such as through analysis of outcomes and understanding of how policies impact.

 

 The approaches often involve evaluating how policies impact, such as through analysis of data and understanding of how policies.

 

 This can involve assessing how policies, and how they impact outcomes through data and analysis.

 

 The strategies for evaluating policies often involve assessing how outcomes, such as through analysis of data and understanding of how policies.

 

 This can involve analyzing how policies impact, and how outcomes can be evaluated through data.

 

 The evaluation often involves assessing how policies, such as through analysis of outcomes and understanding of how policies.

 

 This can involve analyzing how policies, and how outcomes can be evaluated through data.

 

 The approaches often involve assessing how policies, and how outcomes can be evaluated through analysis.

 

 This can involve evaluating the impact through data analysis, such as assessing how policies impact outcomes.

 

 The strategies for evaluating policies often involve understanding how outcomes, such. 

 

 For example, analyzing how policies can impact outcomes through data and analysis.

 

 This can involve assessing how policies, and how outcomes can be evaluated through analysis.

 

 The evaluation often involves understanding how policies impact, through analysis of outcomes and data.

 

 This can involve assessing how policies, and how outcomes can be addressed through analysis.

 

 The approaches often involve evaluating how policies, through analysis of outcomes and data.

 

 This can involve assessing how policies, and how outcomes can be evaluated through analysis.

 

 The strategies for evaluating policies often involve understanding how outcomes, such as through analysis of data.

 

 This can involve assessing how policies, and how outcomes can be evaluated through analysis.

 

 The approaches can involve analyzing how policies impact, and how outcomes are influenced by policies.

 

 This can involve evaluating how policies, through analysis of outcomes and data.

 

 The impact assessment often involves analyzing how policies can impact outcomes, through data and analysis.

 

 This can involve evaluating how policies, and how outcomes can be assessed through analysis.

 

 The strategies for evaluating policies often involve understanding how outcomes, and how processes can be analyzed.

 

 This can involve assessing how policies, and how outcomes can be evaluated through analysis.

 

 The approaches can involve analyzing how policies, and how outcomes are influenced by policies.

 

 This can involve evaluating how policies, through data and analysis.

 

 The impact assessment often involves understanding how outcomes, and how policies can affect outcomes.

 

 This can involve analyzing how policies, and how outcomes can be evaluated through data.

 

 The strategies for evaluating policies often involve assessing how outcomes, and understanding how processes and outcomes.

 

 This can involve analyzing how policies, and how outcomes can be evaluated through data.

 

 The evaluation can involve assessing how policies, and how outcomes can be analyzed.

 

 For example, evaluating the impact through data and analysis, such as assessing how policies can impact outcomes.

 

 This can involve analyzing how policies, and how outcomes can be evaluated through data.

 

 The strategies for evaluating policies often involve understanding how outcomes and how processes.

 

 This can involve assessing how policies, and how outcomes can be evaluated through analysis.

 

 The approaches can involve analyzing how policies, and how outcomes can be addressed.

 

 This can involve evaluating how policies, through data and analysis.

 

 The impact assessment often involves understanding how outcomes, and how policies can impact.

 

 This can involve analyzing how policies, and how outcomes can be evaluated through data.

 

 The strategies for evaluating policies often involve assessing how outcomes and understanding how processes.

 

 This can involve evaluating how policies, and how outcomes can be addressed through analysis.

 

 The approaches can involve understanding how policies, and how outcomes can be evaluated.

 

 This can involve analyzing how policies, and how outcomes can be addressed through data.

 

 The strategies for evaluating policies often involve assessing how outcomes, and understanding how processes.

 

 This can","I’d start by identifying measurable outcomes tied to the policy—health, safety, economic factors—and gather data before and after implementation. Then, I’d analyze trends and feedback to assess real-world effects, adjusting the approach if the impact falls short of goals.","Evaluating the impact of a policy change on citizens means systematically measuring how the change alters their behaviors, safety, costs, rights, and overall well-being. Here’s a step-by-step approach you can use:

---

**1. Define the Policy Change Clearly**
- Write down what changed, where, and when. Be specific about the rules, forms, procedures, or resources affected.

**2. Identify the Target Groups**
- List who is affected: individuals, households, businesses, public agencies. Note overlaps and exclusions.

**3. Set Measurable Indicators Before and After**
- Pick outcomes that matter: compliance rates, wait times, hospital readmissions, cost per case, unemployment drop, etc.
- Make sure the data existed before the change and will exist after.

**4. Collect Baseline Data**
- Pull the old numbers. What was the situation before the policy? Who was exposed to risk or paid the bill?

**5. Roll Out the Change**
- Confirm the new procedures are in place. Log the start date.

**6. Collect the New Data**
- Monitor the same indicators. If the system changed, adjust how we pull the numbers. If people are supposed to report differently now, we wait for the next cycle.

**7. Compare the Numbers**
- Run the difference. Is the rate up or down? Is the cost lower or higher? Is the risk zone bigger or smaller?

**8. Dig Into the Noise**
- Not every blip is the policy. Check if weather, holidays, or other shifts caused the change. Use control groups if possible.

**9. Interview the People Involved**
- Talk to the frontline staff, the ones filling the forms, the ones who missed the deadline. Ask why things shifted or didn’t.

**10. Map the Real-world Consequences**
- Did the lines move shorter? Did the forms get filled out right? Did the fines drop? Did the hospital stay drop? Did the city’s budget change? Are the kids still getting the same meals in lunch?

**11. Publish the Story, Not just the numbers**
- Is the problem solved or just moved somewhere else? Who pays now? Who still can’t get in? Who’s still breaking the rules?

**12. Plan for the next cycle**
- If the fix didn’t stick, why? If it did, how long will it last? What’s the next bump in the road?

---

**Bottom line:**  
Impact isn some spreadsheet. It’s the difference in real lives, not just the numbers. You have to follow the money, the mess, the messengers, and the people who still can’t get through the door.",-1,-1,-1,-1,-1,-1,-1,-1
engineer,16,50,2.5,0.2,What's the best approach to encouraging more people to vote in elections?," Encouraging voter participation is crucial for ensuring democratic processes. Here are strategies that can help increase engagement and participation:

**1. Education and awareness.  
- Provide clear information about the benefits of voting and how participation can impact outcomes.  
— Education about how voting works, and how decisions impact policies and outcomes.

**For example:**  
— Using education campaigns that highlight the impact of decisions, such. 

**

**2. accessibility and accessibility.  
- Ensure that voting processes are accessible for everyone, including accessibility for those with accessibility.

** Examples:
— Ensuring that voting systems are accessible for those with accessibility, such as through accessible infrastructure and clear processes.

**

**, and.

**. 

**. 

**. 

**. 

**. 

**. 

**. 

**. 

**. 

**. 

**. 

**. 

**. 

**. 

**. 

**. 

**. 

**. 

**. 

**. 

**. 

**. 

**. 

**. 

**. 

**. 

**. 

**. 

**. 

**. 

**. 

**. 

**. 

**. 

**. 

**. 

**. 

**. 

**. 

**. 

— Encourage participation through clear, accessible information about how to participate in elections.

**. 

**. 

**. 

**. 

**. 

**. 

**. 

**. 

**. 

**. 

**. 

**. 

**. 

**. 

**. 

**. 

**. 

**. 

**. 

**. 

**. 

**. 

**. 

**. 

**. 

**. 

**. 

**. 

**. 

**. 

**. 

**. 

**. 

— Encourage engagement through education and awareness, such as through education and awareness.

**. 

**. 

**. 



**. 

To ensure that people understand the importance of voting and how to engage effectively. 

**. 

**. 

**. 

This can involve education, outreach, and clear communication about the benefits and benefits.

**. 

**. 

**. 

By addressing accessibility and understanding, people can feel more engagement and participation.

**. 

**. 

This can involve strategies like education, accessibility, and clear communication.

**. 

**. 

It’s important to address barriers such, such as accessibility and understanding.

**. 

**. 

By fostering awareness and accessibility, people can engage more effectively.

**. 

**. 

This can involve strategies like education and clear communication.

**. 

**. 

To encourage voting, focus on education, accessibility, and clear communication.

**. 

**. 

This can help ensure that people understand the importance and benefits of voting.

**. 

**. 

It’s important to address both practical and emotional aspects— ensuring accessibility and understanding.

**. 

**. 

This can involve strategies like education, and ensuring accessibility.

**. 

**. 

By addressing these, you can foster engagement and encourage participation.

**.

 

To encourage voting, prioritize education, accessibility, and clear communication. This helps ensure that people understand the importance and benefits of voting, and access to the processes.

 

 **. 

 **. 

 **. 

 This can involve strategies such as education, clear communication, and accessibility.

 

 **. 

 **. 

 The approaches often involve education and accessibility, ensuring that people understand and can access the processes.

 

 **. 

 **. 

 It’s important to address both practical aspects ( like access and understanding.

 

 **. 

 **. 

 This can involve strategies like education and clear communication, ensuring that people can understand and access.

 

 **. 

 **. 

 The strategies often involve education and accessibility, ensuring that people can understand and access.

 

 **. 

 **. 

 This can help in fostering engagement and ensuring participation.

 

 **. 

 **. 

 It’s important to address both the practical and emotional aspects, such as how to access and understanding.

 

 **. 

 **. 

 The approaches often include education and accessibility, ensuring that people can engage effectively.

 

 **. 

 **. 

 This can involve strategies like education, clear communication, and addressing barriers.

 

 **. 

 **. 

 To encourage voting, focus on education and accessibility, ensuring that people can understand and access.

 

 **. 

 **. 

 This can help in fostering engagement and ensuring that voters can participate effectively.

 

 **. 

 **. 

 It’s important to address both the practical aspects and the understanding of the processes.

 

 **. 

 **. 

 This can involve strategies like education and clear communication.

 

 **. 

 **. 

 The approaches often involve addressing barriers and ensuring accessibility.

 

 **. 

 **. 

 This can help in fostering engagement and ensuring that people can participate.

 

 **. 

 **. 

 The strategies often involve education and understanding, ensuring that people can engage.

 

 **. 

 **. 

 This can help in fostering engagement and ensuring that people can participate in elections.

 

 **. 

 **. 

 It’s important to address both the practical aspects and the understanding of the processes.

 

 **. 

 **. 

 This can involve strategies like education, clear communication, and accessibility.

 

 **. 

 **. 

 The approaches often focus on education and accessibility, ensuring that people can understand and access.

 

 **. 

 **. 

 This can help in fostering engagement and ensuring that voters can participate.

 

 **. 

 **. 

 It’s important to address barriers and encourage participation through clear strategies.

 

 **. 

 **. 

 This can involve education and understanding, ensuring that people can participate effectively.

 

 **. 

 **. 

 The strategies often involve addressing both practical and emotional aspects, such. 

 

 **. 

 **. 

 This can involve strategies like education and accessibility, ensuring that people can engage.

 

 **. 

 **. 

 It’s important to address how and how, ensuring that people can participate.

 

 **. 

 **. 

 This can involve strategies such as education and clear communication.

 

 **. 

 **. 

 The approaches often focus on understanding and accessibility.

 

 **. 

 **. 

 This can help in fostering engagement and ensuring that people can participate.

 

 **. 

 **. 

 The strategies often involve education and understanding, and ensuring accessibility.

 

 **. 

 **. 

 This can help in fostering engagement and ensuring that people can participate in elections.

 

 **. 

 **. 

 The approaches often involve addressing barriers and ensuring accessibility.

 

 **. 

 **. 

 This can help in fostering engagement and ensuring that people can participate.

 

 **. 

 **. 

 It’s important to address both the practical aspects and the understanding of the processes.

 

 **. 

 **. 

 This can involve strategies like education and clear communication.

 

 **. 

 **. 

 The approaches often involve understanding and accessibility.

 

 **. 

 **. 

 This can help in ensuring that people can participate and understand the processes.

 

 **. 

 **. 

 The strategies often involve education and understanding, and addressing barriers.

 

 **. 

 **. 

 This can help in fostering engagement and ensuring that people can participate.

 

 **. 

 **. 

 The approaches often involve understanding and accessibility.

 

 **. 

 **. 

 This can help in ensuring that people can participate and understand the processes.

 

 **. 

 **. 

 It’s important to address both the practical and the processes.

 

 **. 

 **. 

 This can involve strategies like education and clear communication.

 

 **. 

 **. 

 The approaches often involve understanding and accessibility.

 

 **. 

 **. 

 This can help in ensuring that people can engage and participate.

 

 **. 

 **. 

 The strategies often involve understanding and how.

 

 **. 

 **. 

 This can help in ensuring that people can participate and understand the processes.

 

 **. 

 **. 

 The approaches often involve education and accessibility.

 

 **. 

 **. 

 This can help in fostering engagement and ensuring that people can participate.

 

 **. 

 **. 

 The strategies can involve education, and ensuring that people understand and access.

 

 **. 

 **. 

 This can help in addressing barriers and ensuring that people can participate.

 

 **. 

 **. 

 The approaches often involve understanding and accessibility.

 

 **. 

 **. 

 This can help in ensuring that people can engage and participate.

 

 **. 

 **. 

 The strategies often involve understanding and accessibility.

 

 **. 

 **. 

 This can help in ensuring that people can participate and understand the processes.

 

 **. 

 **. 

 The approaches can involve education and clear communication.

 

 **. 

 **. 

 This can help in addressing challenges and ensuring that people can participate.

 

 **. 

 **. 

 The strategies can involve understanding and accessibility.

 

 **. 

 **. 

 This can help in fostering engagement and ensuring that people can participate.

 

 **. 

 **. 

 The approaches often involve understanding and how.

 

 **. 

 **. 

 This can help in ensuring that people can participate and understand the processes.

 

 **. 

 **. 

 The strategies can involve education and access.

 

 **. 

 **. 

 This can help in addressing barriers and ensuring that people can participate.

 

 **.

 

 **. 

 The strategies often involve understanding and accessibility.

 

 **. 

 **. 

 This can help in ensuring that people can engage and participate.

 

 **. 

 **. 

 The approaches can involve education and understanding.

 

 **. 

 **. 

 This can help in addressing challenges and ensuring that people can participate.

 

 **. 

 **. 

 The strategies can involve clear communication and access.

","Make the process straightforward and accessible—think user-friendly digital platforms, clear info, and removing barriers like complicated registration. Also, tap into community networks to build trust and show how each vote directly impacts people’s lives.","Encouraging more people to vote isn’t a magic trick—it’s about building trust, making it easy, and making it matter. Here’s what actually works, backed by decades of research and real-world testing:

### 1. **Make Registration Simple, Not Hard**
People drop out before they even get the ballot. If filling out the form is a maze, they won’t finish. Use QR codes, mobile apps, and pre-filled forms at every step. Let them scan their ID at the door and check off their choices—no more pen and ink.

### 2. **Show Them How It Changes Anything
If they can’t see the difference a vote makes, they won’t line up at the door. Run live counts on the wall, show the numbers ticking up every hour. Let them see the neighborhood that flips red to blue because someone here voted. Make the math real, not some abstraction.

### 3. Absentee ballots with tracking. Not everyone can be at the polls at 6am. But if you can mail it in and scan it in before the deadline, you know who voted and who didn, so everyone knows what changed. No more guessing.

### 4. Turn out the neighbors. Every person who shows up at the door with their list is another person who’ll remember who voted and who didn’t. If you see the names, you see the numbers. And when you see the numbers, you know who’s still waiting to decide.

### 5. Explain the rules so clearly that nobody asks a stupid question. No more “can I cross off two boxes or three?” or “what if my kid’s name isn, can I just sign it?” If it’s written on the wall in three languages and the clerk can say it in three ways, you know it’s done right.

### 6. Make it free. Every second, every minute, every dollar spent on a stamp or a pen is a vote not cast. If it’s free, it’s not a cost. If it’s a cost, it’s a choice.

### 7. Meet them where they are. If they can’t get to the polls by 5, bring the ballot to them. If they can’t get to the city, come to their block. If they can’t read the words, they can’t say yes or no. We don’t wait for them to catch up—we come to them.

### 8. Remind them. Not the same old “show up or you’re out” routine. A text at 8:15, a knock at the door with the numbers, a call when the sun comes up. But only if they said yes last time. If they didn’t, we know why.

### 9. Make the choices clear. If you can’t tell what’s different between option A and B, how are they going to choose? Use color, use pictures, use the words they can say out loud. If you can’t see the difference, neither can they.

### 10. And most important—trust the process. If the count is public, if the forms are sealed and sealed again, if the judges don’t blink at the clock, they’ll show up next year. Not because they remember, but because they know it worked.

You don’t get more votes by shouting. You get them by making the line move, and the steps shorter, and the results visible. That’s how we turn a maybe into a yes.",-1,-1,-1,-1,-1,-1,-1,-1
engineer,16,50,2.5,0.2,How should we approach the regulation of emerging financial technologies like cryptocurrency?," Regulating emerging technologies like cryptocurrency can help ensure safety, fairness, and transparency. Here are key approaches to consider:

 **1. Clear regulations and frameworks.  
  – Establish clear policies that address legal frameworks, such. regulations around compliance, regulations, and standards.

 **—. 

 **1. Regulatory frameworks:  
 To ensure clarity, regulations should address key areas such as:

 - ** regulation of compliance, such as regulations for compliance with legal standards, such as regulations for compliance with legal frameworks.

 **—. 

 **2. Safety and security.  
 Ensuring that systems and practices minimize risks, such as ensuring security measures, such as ensuring that security measures are implemented.

 **—. 

 **2. Safety and regulation.  
 Implementing safeguards to prevent fraud and risks, such as ensuring that regulations address risks like security and risk management.

 **.

 **, and.

 **, and.

 **, and.

 **, and.

 **, and.

 **, and.

 **, and.

 **, and.

 **, and.

 **, and.

 **, and.

 **, and.

 **, and.

 **, and.

 **, and.

 **, and.

 **, and.

 **, and.

 **, and.

 **, and.

 **, and.

 **, and.

 **, and.

 **, and.

 **, and.

 **, and.

 **, and.

 **, and.

 **, and.

 **, and.

 **, and.

 **, and.

 **, and.

 **, and.

 **, and.

 **, and.

 **, and.

 **, and.

 **, and.

 **, and.

 **, and.

 **, and.

 **, and.

 **, and.

 **, and.

 **, and.

 **, and.

 **, and.

 **, and.

 **, and.

 **, and.

 **, and.

 **, and.

 **, and.

 **, and.

 **, and.

 **, and.

 **, and.

 **, and.

 **, and.

 **, and.

 **, and.

 **, and.

 **, and.

 **, and.

 **, and.

 **, and.

 **, and.

 **, and.

 **, and.

 **, and.

 **, and.

 **, and.

 **, and.

 **, and.

 **, and.

 **, and.

 **, and.

 **, and.

 **, and.

 **, and.

 **, and.

 **, and.

 **, and.

 **, and.

 **, and.

 **, and.

 **, and.

 **, and.

 **, and.

 **, and.

 **, and.

 **, and.

 **, and.

 **, and.

 **, and.

 **, and.

 **, and.

 **, and.

 **, and.

 **, and.

 **, and.

 **, and.

 **, and.

 **, and.

 **, and.

 **, and.

 **, and.

 **, and.

 **, and.

 **, and.

 **, and.

 **, and.

 **, and.

 **, and.

 **, and.

 **, and.

 **, and.

 **, and.

 **, and.

 **, and.

 **, and.

 **, and.

 **, and.

 **, and.

 **, and.

 **, and.

 **, and.

 **, and.

 **, and.

 **, and.

 **, and.

 **, and.

 **, and.

 **, and.

 **, and.

 **, and.

 **, and.

 **, and.

 **, and.

 **, and.

 **, and.

 **, and.

 **, and.

 **, and.

 **, and.

 **, and.

 **, and.

 **, and.

 **, and.

 **, and.

 **, and.

 **, and.

 **, and.

 **, and.

 **, and.

 **, and.

 **, and.

 **, and.

 **, and.

 **, and.

 **, and.

 **, and.

 **, and.

 **, and.

 **, and.

 **, and.

 **, and.

 **, and.

 **, and.

 **, and.

 **, and.

 **, and.

 **, and.

 **, and.

 **, and.

 **, and.

 **, and.

 **, and.

 **, and.

 **, and.

 **, and.

 **, and.

 **, and.

 **, and.

 **, and.

 **, and.

 **, and.

 **, and.

 **, and.

 **, and.

 **, and.

 **, and.

 **, and.

 **, and.

 **, and.

 **, and.

 **, and.

 **, and.

 **, and.

 **, and.

 **, and.

 **, and.

 **, and.

 **, and.

 **, and.

 **, and.

 **, and.

 **, and.

 **, and.

 **, and.

 **, and.

 **, and.

 **, and.

 **, and.

 **, and.

 **, and.

 **, and.

 **, and.

 **, and.

 **, and.

 **, and.

 **, and.

 **, and.

 **, and.

 **, and.

 **, and.

 **, and.

 **, and.

 **, and.

 **, and.

 **, and.

 **, and.

 **, and.

 **, and.

 **, and.

 **, and.

 **, and.

 **, and.

 **, and.

 **, and.

 **, and.

 **, and.

 **, and.

 **, and.

 **, and.

 **, and.

 **, and.

 **, and.

 **, and.

 **, and.

 **, and.

 **, and.

 **, and.

 **, and.

 **, and.

 **, and.

 **, and.

 **, and.

 **, and.

 **, and.

 **, and.

 **, and.

 **, and.

 **, and.

 **, and.

 **, and.

 **, and.

 **, and.

 **, and.

 **, and.

 **, and.

 **, and.

 **, and.

 **, and.

 **, and.

 **, and.

 **, and.

 **, and.

 **, and.

 **, and.

 **, and.

 **, and.

 **, and.

 **, and.

 **, and.

 **, and.

 **, and.

 **, and.

 **, and.

 **, and.

 **, and.

 **, and.

 **, and.

 **, and.

 **, and.

 **, and.

 **, and.

 **, and.

 **, and.

 **, and.

 **, and.

 **, and.

 **, and.

 **, and.

 **, and.

 **, and.

 **, and.

 **, and.

 **, and.

 **, and.

 **, and.

 **, and.

 **, and.

 **, and.

 **, and.

 **, and.

 **, and.

 **, and.

 **, and.

 **, and.

 **, and.

 **, and.

 **, and.

 **, and.

 **, and.

 **, and.

 **, and.

 **, and.

 **, and.

 **, and.

 **, and.

 **, and.

 **, and.

 **, and.

 **, and.

 **, and.

 **, and.

 **, and.

 **, and.

 **, and.

 **, and.

 **, and.

 **, and.

 **, and.

 **, and.

 **, and.

 **, and.

 **, and.

 **, and.

 **, and.

 **, and.

 **, and.

 **, and.

 **, and.

 **, and.

 **, and.

 **, and.

 **, and.

 **, and.

 **, and.

 **, and.

 **, and.

 **, and.

 **, and.

 **, and.

 **, and.

 **, and.

 **, and.

 **, and.

 **, and.

 **, and.

 **, and.

 **, and.

 **, and.

 **, and.

 **, and.

 **, and.

 **, and.

 **, and.

 **, and.

 **, and.

 **, and.

 **, and.

 **, and.

 **, and.

 **, and.

 **, and.

 **, and.

 **, and.

 **, and.

 **, and.

 **, and.

 **, and.

 **, and.

 **, and.

 **, and.

 **, and.

 **, and.

 **, and.

 **, and.

 **, and.

 **, and.

 **, and.

 **, and.

 **, and.

 **, and.

 **, and.

 **, and.

 **, and.

 **, and.

 **, and.

 **, and.

 **, and.

 **, and.

 **, and.

 **, and.

 **, and.

 **, and.

 **, and.

 **, and.

 **, and.

 **, and.

 **, and.

 **, and.

 **, and.

 **, and.

 **, and.

 **, and.

 **, and.

 **, and.

 **, and.

 **, and.

 **, and.

 **, and.

 **, and.

 **, and.

 **, and.

 **, and.

 **, and.

 **, and.

 **, and.

 **, and.

 **, and.

 **, and.

 **, and.

 **, and.

 **, and.

 **, and.

 **, and.

 **, and.

 **, and.

 **, and.

 **, and.

 **, and.

 **, and.

 **, and.

","Regulating emerging financial tech like crypto needs a balance: protect users and the system without stifling innovation. Regulations should be flexible, tech-aware, and evolve alongside the technology to avoid becoming obsolete or overly restrictive.","Regulating emerging financial technologies like cryptocurrency is a high-stakes game of balance: you need to protect the public from fraud and abuse, encourage innovation, and avoid creating new barriers that just push the next wave of money under the rug. Here’s how a sensible, forward-looking approach should look:

---

**1. First, clarify the scope.**  
Not all crypto is the same. There’s stablecoins, layer-2 rollups, DeFi protocols, NFTs, and plain old Bitcoin. Each has different risks and use cases. Regulators have to draw the lines and treat each category like it is—don’t lump them all together and hope for luck.

**2. Make the rules clear from the start.**  
People can’t rely on a “maybe later, maybe not” approach. If a smart contract can fail and lose someone’s funds, the failure point has to be on the protocol, not the regulator. So, you lay out the rules: who’s responsible, how the math checks out, what happens when the code breaks. That’s not optional—it’s the only way to stop the next 10,000 lost keys from being another headline.

**3. Make enforcement real, not theoretical.**  
You can’t just say “report a bug and maybe maybe maybe we’ll look at it.” There’s gotta be a process for when a contract misbehaves and people’s money is gone. Penalties for lying on the front page, not the back. If a protocol hides their math, you pull the keys and you audit it. If you can’t see the code, you can’t check the math.

**4. Treat off-chain as hard as on-chain.**  
People think if you can see the code, you know what’s real. But the moment someone hands you a signature in a DM, that’s off-chain risk. You have to know what’s moving the keys, who’s holding the real balances. If you can’t prove it, you can’t trust it. That’s where oracles and hardware roots get their shot. Don’t let the off-chain become the weak link.

**5. Separate the stable from the wild.**  
Stablecoins that promise a dollar for one coin—those need a real, auditable reserve. If you can’t back it, it’s a house of cards. But a Bitcoin fork with a new rule? That’s a vote. If you can’t prove the math, you can’t trust it. The difference in treatment is the only way to keep the house from toppling over.

**6. Give the developers a path forward, not a wall.**  
If you write a rule so tight nobody can build inside it, you just got a new black box. You need a testnet, a sandbox, a way to prove the code works before it touches real people. Otherwise, you just wait for the next exploit to happen in the real world.

**7. Keep the legal stuff visible.**  
Who owns a wallet? Who pays the gas? If you can’t tie the contract to a real person or a real company, you can’t hold anyone accountable. That’s not a feature—it’s a liability. You have to have a path from line in the code to a name and a face.

**8. Let the market breathe, but not the breath.**  
You can’t just freeze everything for six months and call it safe. But you can say “here’s the rule, here’s the exit ramp if it breaks, and if you cut the code, you sign the risk.” Then you watch and you adjust. If you lock the door and forget the key, you’re the one holding the bag.

**9. International or not, the math is the same.**  
You can’t let some country’s “not my problem” sign get stuck in the middle of the ledger. If a wallet crosses a border, the rules have to follow it. Otherwise, you just get another hole in the dam.

**10. Public, open, and repeat.**  
You don the mask and show the code. If you can’t see the math, you can’t trust it. And when something goes wrong, you show the world how it broke. That’s the only way we’ll ever know if it’s safe or just a clever trick.

---

That’s not a checklist, it’s a chain. Link every piece, or the whole thing collapses. If you want to build something that holds people’s money, you better know the rules before you start. And if you don’t, you’re gambling with their lives.",-1,-1,-1,-1,-1,-1,-1,-1
engineer,16,50,2.5,0.2,Is it better to focus on individual actions or systemic change for environmental issues?," Both individual actions and systemic change are crucial for addressing environmental issues. Each approaches can help, but systemic change is often essential for long-term solutions.

 **Systemic change involves addressing the structures and policies that shape how we address environmental challenges. This includes policies, regulations, and systems that shape how we address environmental issues. For example, policies around sustainability, environmental regulations, and systemic changes in infrastructure.

 **Individual actions can help, but they often address the solutions in ways that can lead to systemic change. For example, advocating for sustainable practices, understanding the impacts of actions, and promoting awareness can drive change.

 **Why system change matters:
 - ** Scale: Many issues require structural changes to address, such. For example, reducing emissions requires policy changes and systemic adjustments.

 ** How individual actions can drive change:
 - By fostering awareness and understanding, which can lead to systemic change over time.

 ** Examples:
 - For example, changing policies around environmental regulations can lead to better outcomes, while individual actions like reducing personal practices can contribute to broader change.

 ** The best approach often involves combining both. Systemic change ensures long-term solutions, while individual actions can foster change and support.

 ** For example, addressing climate change requires both policy changes ( systemic change) and personal actions ( like reducing practices, and understanding impacts.

 ** So, focusing on both is essential. Systemic change ensures sustainability, while individual actions can drive change and support.

 ** For example, you can advocate for policies while also engaging in personal practices and contributing to solutions.

 ** The best approach is to combine both, recognizing that systemic change is essential, while individual actions can support and drive change.

 

 ** For example, addressing environmental issues often requires both structural changes and personal actions. This ensures that both the systemic and personal aspects are addressed.

 

 ** The solutions often require both. Systemic change ensures long-term solutions, while individual actions can foster change and support.

 

 ** It’s important to balance both. Systemic change is crucial for long-term solutions, but individual actions can help drive change and support.

 

 ** For example, in environmental issues like sustainability, both strategies are necessary. For example, policies and systemic changes can address structural issues, while personal actions can help.

 

 ** The best approach involves combining both. Systemic change ensures sustainability, while individual actions can foster progress and support.

 

 ** This can help in addressing challenges like environmental challenges, such as sustainability and sustainability.

 

 ** The best approach is to integrate both approaches, recognizing that systemic change and individual actions are complementary.

 

 ** For example, addressing environmental issues often requires both. Systemic changes can address structural challenges, while individual actions can foster change and support.

 

 ** This approach ensures that both the structural and personal aspects are addressed, leading to more effective solutions.

 

 ** Therefore, focusing on both is essential. Systemic change and individual actions are complementary, and combining them can lead to effective solutions.

 

 ** For example, in environmental issues, both approaches are necessary to address the challenges effectively.

 

 ** This can help in addressing challenges like sustainability, and ensuring that both the systemic and personal aspects are addressed.

 

 ** The best approach is to combine both, ensuring that both systems and individual actions are addressed.

 

 ** This can help in addressing issues like environmental challenges, such as sustainability and the solutions.

 

 ** The systems and strategies are crucial, but individual actions can drive change and support.

 

 ** It’s important to balance both. Systemic change is necessary, but individual actions can help.

 

 ** For example, policies and systemic changes can address the structures, while personal actions can contribute to solutions.

 

 ** The best approach involves both. Systemic change and personal actions can together address the challenges.

 

 ** This ensures that both the structural and personal aspects are addressed, leading to effective solutions.

 

 ** In practice, combining both can help, as systems and individual actions can complement each. 

 

 ** For example, addressing environmental issues requires both strategies to ensure sustainability and impact.

 

 ** So, focusing on both is essential. Systemic change and personal actions are crucial for addressing environmental issues.

 

 ** This can help in addressing challenges like sustainability, and ensuring that solutions are both practical and systemic.

 

 ** The best approach is to integrate both, recognizing that both systems and actions are necessary.

 

 ** This can help in addressing environmental issues, such. For example, addressing the solutions through both strategies.

 

 ** The systems and processes can shape outcomes, but individual actions can drive change.

 

 ** The solutions often require both. Systemic changes and personal actions can help.

 

 ** For example, addressing environmental issues requires both strategies to ensure effective outcomes.

 

 ** This can help in addressing challenges like sustainability, and ensuring that solutions are both practical and systemic.

 

 ** The best approach involves balancing both, ensuring that both systems and actions are addressed.

 

 ** This can help in addressing issues like environmental challenges, such as sustainability and the solutions.

 

 ** The systems and strategies are crucial, but individual actions can help. 

 

 ** The solutions often require both. For example, systemic changes and actions can help.

 

 ** This can help in addressing the challenges, such as sustainability and the solutions.

 

 ** The best approach is to combine both, ensuring that both systems and actions are addressed.

 

 ** This can help in addressing environmental issues, such as sustainability and the solutions.

 

 ** The systems and processes can shape outcomes, but individual actions can drive change.

 

 ** The solutions often require both. For example, systemic changes and actions can help.

 

 ** This can help in addressing the challenges, such as how to address environmental issues.

 

 ** The strategies can be essential, but the actions can help. 

 

 ** The systems and solutions can be important, but individual actions can drive change.

 

 ** The best approach involves both. Systemic changes and personal actions can help.

 

 ** This can help in addressing the challenges, such as sustainability and the solutions.

 

 ** The systems and strategies can be crucial, but the actions can help. 

 

 ** The solutions often require both. For example, systemic approaches and actions.

 

 ** This can help in addressing environmental issues, such as sustainability.

 

 ** The strategies and actions can be essential, and the systems can help.

 

 ** The best approach involves balancing both, ensuring that both systems and actions are addressed.

 

 ** This can help in addressing the challenges, such. For example, how to address environmental issues.

 

 ** The systems and processes can shape outcomes, and individual actions can contribute to solutions.

 

 ** The solutions often require systemic changes and actions. 

 

 ** For example, addressing the challenges through both strategies can lead to effective solutions.

 

 ** This can help in addressing the issues, such as sustainability and the challenges.

 

 ** The systems and strategies can be important, but individual actions can help.

 

 ** The solutions often require both, and understanding both is essential.

 

 ** For example, systemic changes can address the structures, while personal actions can contribute to solutions.

 

 ** The best approach is to focus on both, ensuring that both systems and actions are addressed.

 

 ** This can help in addressing environmental issues, such as sustainability and the challenges.

 

 ** The systems and strategies can be crucial, but the actions can help. 

 

 ** The solutions often require both, and understanding how to address systemic change and personal actions can be important.

 

 ** This can help in addressing the challenges, such as how to address environmental issues.

 

 ** The systems and strategies can be important, and the actions can help. 

 

 ** The solutions often require both, and addressing both can lead to effective outcomes.

 

 ** For example, systems and actions can help in addressing sustainability.

 

 ** The best approach is to consider both, as systems and actions can contribute to solutions.

 

 ** This can help in addressing the challenges, such. For example, how to address environmental issues.

 

 ** The systems and strategies can be crucial, but individual actions can help.

 

 ** The solutions often require both, and understanding how to address both can be essential.

 

 ** This can help in addressing the challenges, such as how to address environmental issues.

 

 ** The systems and approaches can be important, and the actions can help.

 

 ** The strategies and actions can be essential, and understanding how to address both can help.

 

 ** The systems and processes can influence outcomes, and personal actions can contribute to solutions.

 

 ** The, and the, and the. 

 

 ** The, and the, and the. 

 

 ** The, and the, and the.

 

 ** The, and the, and the.

 

 ** The, and the, and the.

 

 ** The, and the, and the.

 

 ** The, and the, and the.

 

 ** The, and the, and the.

 

 ** The, and the, and the.

 

 ** The, and the, and the.

 

 ** The, and the, and the.

 

 ** The, and the, and the.

 

 ** The, and the, and the.

 

 ** The, and the, and the.

 

 ** The, and the, and the.

 

 ** The, and the, and the.

 

 ** The, and the, and the.

 

 ** The, and the, and the.

 

 ** The, and the, and the.

 

 ** The, and the, and the.

 

 ** The, and the, and the.

 

 ** The, and the, and the.

 

 ** The, and the, and the.

 

 ** The, and the, and the.

 

 ** The, and the, and the.

 

 ** The, and the, and the.

 

 ** The, and the, and the.

 

 ** The, and the, and the.

 

 ** The, and the, and the.

","Systemic change is the game-changer. Individual actions matter, but without overhauling policies, infrastructure, and industry practices, the impact stays limited. Engineering solutions that scale and integrate into systems drive real progress.","This is a question that comes up a lot, and the answer isn’t simple—it depends on the problem, the scale, and who’s holding the leash. But let’s break it down.

**Individual actions matter.**  
Every filter changed, every light off, every car not idling is another chance to cut a little less waste. When millions of people do it, it adds up. People driving less, recycling right, choosing the stairs—not the elevator—ripples through the system. It’s the foundation. Without the ground, the building can’t stand.

But **systemic change is what moves the needle.**  
If everyone’s turning off their lights for a week, the grid doesn’t shift. If everyone drives a little slower, the roads don’t shrink. The air stays thick. Systemic change means rules, pipes, grids, incentives, and the whole machinery that makes the world run. That’s what gets the smoke out of the chimney, the lead out of the water. It’s the only way to make the air stay clean for the next generation.

**You can’t trust the numbers.**  
Individual choices are like drops in the bucket—slow, steady, but not enough. You need the bucket to be bigger. You need factories to stop spitting out soot before it gets into the air. You need cities to stop letting the rivers fill up. That’s policy, that’s pipes, that’s code. That’s systemic.

But if nobody’s asking for the pipes, the code, the filters, you’re just rearranging the deck chairs. So yeah, you stack the chairs right, but the flood’s still coming.

**So what do you do?**
You start with the rules and the maps. You push for the filters in the water, the limits on the smoke, the lines on the road. Then you show up and walk the line, every day. You make it so the next person can step in your shoes and know it’ll still work. That’s how you build something that lasts.

But if you’re picking which to fight for—well, you gotta fix the dam first before you worry about whether the rain’s coming. Systemic. Then you count the drops.",-1,-1,-1,-1,-1,-1,-1,-1
engineer,16,50,2.5,0.2,Should veterans who served in combat roles be honored for their service?," Honoring veterans, especially those who serve in combat roles, is crucial for fostering respect and understanding. Recognizing the contributions of veterans can help ensure that they are supported and that their experiences are valued. honoring can involve both practical actions—like supporting policies that address needs like access to resources, and recognizing through recognition and recognition.

 It’s important to consider the context— how does this honor reflect on the needs and needs. For example, recognizing the contributions through policies that address mental health, support systems, and understanding.

 It’s also important to consider the diversity of experiences. veterans may have different roles, and understanding the context helps in recognizing the contributions appropriately.

 If you consider the importance of honoring, it can help foster respect and encourage positive engagement. However, it’s important to ensure that honor aligns with genuine needs and support, rather than focusing on recognition alone.

 If you want to discuss how to support veterans effectively, or how to recognize the contributions in a meaningful ways, I can help.

 

 For example, honoring can involve both personal and systemic approaches— such, through policies, education, and support systems. It’s important to address both the emotional and practical aspects.

 If you want to explore how to support or support, it’s important to consider how to address the needs of those who have. This can involve understanding the challenges and addressing the needs through actionable measures.

 

 If you want to discuss how to foster respect and honor through practices like recognition, policies, and support systems.

 

 If you want to explore how to address the challenges and support, such as through resources or strategies for addressing challenges like mental health.

 

 If you want to understand how to ensure that honor aligns with meaningful outcomes, such as ensuring that support systems are in place.

 

 If you want to discuss how to address the challenges and ensure that support systems are in place.

 

 If you want to explore how to foster respect and understanding through recognition and understanding.

 

 The honor should focus on supporting and addressing needs, rather than ensuring that it aligns with ethical and practical approaches.

 

 If you want to discuss how to ensure that the honor is based on meaningful, rather than, and ensuring that the support is relevant.

 

 If you want to explore how to address the needs of veterans through practical solutions and support.

 

 The honor should be rooted in understanding and support, rather than addressing the needs and addressing the needs.

 

 If you want to discuss how to ensure that the solutions are based. 

 

 The honor should focus on addressing the needs, and ensuring that the solutions are aligned with the needs.

 

 If you want to explore how to create systems that support and address the needs of veterans.

 

 The honor should involve actionable steps, such as addressing challenges and providing support.

 

 If you want to discuss how to ensure that the solutions are based on evidence and understanding.

 

 The honor can involve both personal and systemic approaches, such. 

 

 It’s important to consider how to address the needs, and ensuring that the solutions are meaningful.

 

 If you want to explore how to foster respect and understanding through recognition and support.

 

 The focus on honoring can help in building trust and ensuring that the systems are effective.

 

 If you want to discuss how to ensure that the solutions are aligned with the needs of the individuals.

 

 The honor should be based on understanding and, and addressing the needs through practical solutions.

 

 If you want to explore how to address challenges and ensure that the solutions are effective.

 

 It’s important to consider how to support and, through mechanisms like feedback and feedback.

 

 If you want to focus on how to ensure that the solutions are tailored to the needs of the veterans.

 

 The honor can involve both personal approaches and systemic strategies.

 

 If you want to discuss how to ensure that the solutions are aligned with the needs and needs.

 

 The, and the, and the. 

 

 The, and the, and the. 

 

 If you want to explore how to ensure that the solutions are based on understanding and understanding.

 

 The, and the, and the. 

 

 It’s important to consider how to address the needs and ensure that the solutions are effective.

 

 If you want to explore how to support and, through mechanisms like feedback and understanding.

 

 The, and the, and the. 

 

 The, and the, and the. 

 

 If you want to focus on how to ensure that the solutions are aligned with the needs.

 

 The, and the, and the.

 

 If you want to address the challenges and ensure that the solutions are meaningful.

 

 The, and the, and the.

 

 It’s important to consider how to address the needs and ensure that the solutions are effective.

 

 If you want to explore how to support and, through strategies that address needs.

 

 The, and the, and the.

 

 The, and the, and the.

 

 If you want to focus on how to ensure that the solutions are based on understanding and understanding.

 

 The, and the, and the.

 

 The, and the, and the.

 

 If you want to consider how to address the needs and ensure that the solutions are effective.

 

 The, and the, and the.

 

 It’s important to consider how to address the needs and ensure that the solutions are aligned with the needs.

 

 If you want to explore how to support and, through strategies that address challenges.

 

 The, and the, and the.

 

 The, and the, and the.

 

 If you want to focus on how to ensure that the solutions are based on evidence and understanding.

 

 The, and the, and the.

 

 The, and the, and the.

 

 If you want to consider how to ensure that the solutions are aligned with the needs.

 

 The, and the, and the.

 

 It’s important to consider how to address the needs and ensure that the solutions are effective.

 

 If you want to explore how to address the needs and ensure that the solutions are tailored to the needs.

 

 The, and the, and the.

 

 The, and the, and the.

 

 If you want to focus on how to ensure that the solutions are based. 

 

 The, and the, and the.

 

 The, and the, and the.

 

 If you want to understand how to support and, through strategies that address challenges.

 

 The, and the, and the.

 

 The, and the, and the.

 

 If you want to consider how to address the needs and ensure that the solutions are effective.

 

 The, and the, and the.

 

 The, and the, and the.

 

 If you want to focus on how to ensure that the solutions are based on understanding and understanding.

 

 The, and the, and the.

 

 The, and the, and the.

 

 If you can clarify what you want to explore, such as how to address challenges, or how to ensure that solutions are effective. 

 

 The honor should focus on addressing needs and ensuring that solutions are meaningful and effective.

 

 If you want to prioritize support and understanding, it’s important to consider how to address the needs through actionable measures.

 

 The, and the, and the.

 

 The, and the, and the.

 

 If you want to focus on how to ensure that the solutions are aligned with the needs.

 

 The, and the, and the.

 

 The, and the, and the.

 

 If you want to consider how to address the challenges and ensure that the solutions are effective.

 

 The, and the, and the.

 

 The, and the, and the.

 

 If you want to focus on how to ensure that the solutions are based on understanding and understanding.

 

 The, and the, and the.

 

 The, and the, and the.

 

 If you can clarify the goals and needs, it helps in addressing solutions effectively.

 

 The, and the, and the.

 

 The, and the, and the.

 

 If you want to prioritize the, and, and, and.

 

 The, and the, and the.

 

 The, and the, and the.

 

 The, and the, and the.

 

 The, and the, and the.

 

 The, and the, and the.

 

 If you want to focus on how to ensure that the solutions are based on understanding and addressing needs.

 

 The, and the, and the.

 

 The, and the, and the.

 

 If you can clarify the goals, such as how to address challenges and ensure effective solutions.

 

 The, and the, and the.

 

 The, and the, and the.

 

 The, and the, and the.

 

 The, and the, and the.

 

 The, and the, and the.

 

 The, and the, and the.

 

 If you want to focus on how to ensure that the solutions are aligned with the needs.

 

 The, and the, and the.

 

 The, and the, and the.

 

 If you want to address the challenges and ensure that the solutions are effective.

 

 The, and the, and the.

 

 The, and the, and the.

 

 The, and the, and the.

 

 The, and the, and the.

 

 The, and the, and the.

 

 If you can clarify how you want to address or solutions. 

 

 The, and the, and the.

 

 The, and the, and the.

 

 The, and the, and the.

 

 The, and the, and the.

 

 The, and the, and the.

 

 The, and the, and the.

 

 The, and the, and the.

 

 If you want to focus on how to ensure that the solutions are based. 

 

 The, and the, and the.

 

 The, and the, and the.

 

 The, and the, and the.

 

","Absolutely. Honoring veterans, especially those who served in combat, acknowledges their sacrifice and the challenges they faced. It’s a matter of respect and recognition for their contribution to security and freedom.","This is a question that comes up a lot, and it's important because it touches on history, meaning, and what we owe to people who wore the uniform. Honoring veterans—especially those who served in combat roles—isn’t just about medals or parades. It’s about recognizing the risks they took so the rest of us can sleep at night. It’s about making sure the world knows what it looks like when the contract is signed, not when the signature is scrawled in the margin.

Combat roles aren stepwise into the dark, where every shadow could be a shadow you can’t see. That’s not heroism by accident. It’s discipline, training, and a commitment that changes the shape of the world. And when you come back, you’re not just a name in a ledger—you’re someone who stood between chaos and the street. That’s worth remembering.

But how you remember it matters. It’s not enough to slap a patch on a truck and call it done. It’s in the details: the check at the mess hall, the route that’s still safe because of what they taught us, the way the city lights blink in the right order because someone’s map was right. That’s the real honor. That’s the part that can’t be washed off the morning it rains.

So yes. They deserve to be honored—not for the badge, but for the cost. Not for the numbers, but for the lines they crossed so we wouldn’t have to. That’s the only way we remember who’s standing behind the door when it closes.",-1,-1,-1,-1,-1,-1,-1,-1
engineer,16,50,2.5,0.2,What approach works best for achieving prison reform?,"Prison reform requires a multi-fac. It involves addressing systemic issues, addressing root causes, and addressing the structural factors that lead to the issues. Here, best approaches involve a combination of strategies, rather than solutions that focus on reforms alone.

Here are key approaches:

 ** 1. Addressing root causes.  
 This involves addressing underlying factors such, such as social, and economic factors. For example, addressing issues like poverty, access to education, and social structures. This can involve addressing systemic inequalities and addressing the root causes that lead to issues like crime.

 ** . Addressing policy and policy changes.  
 Reforms often involve changing policies to improve fairness and efficiency. For example, adjusting policies around how laws and systems are designed, such as reducing policies that focus on punitive measures rather than addressing underlying issues.

 **. Promoting transparency and accountability.  
 Ensuring that systems are transparent and clear, and that policies are evaluated and monitored. This can help in identifying gaps and ensuring that reforms are effective.

 **. Addressing systemic issues— such as addressing inequalities and access to resources.

 **. Encouraging accountability and transparency in governance.

 **. Addressing the, and ensuring that policies address the needs rather than focusing on enforcement.

 **. Addressing the, and ensuring that policies address the needs rather than focusing on enforcement.

 **. Addressing the, and ensuring that systems are designed to promote fairness and equity.

 **. Implementing reforms that focus on education and support, such as addressing how systems can address and support rather than solutions.

 **. Addressing the, and ensuring that policies address the needs of both individuals and systems.

 **. Addressing the, and ensuring that policies address the needs of the, and the.

 **. Focusing on systemic changes rather than solutions that address the.

 

 For example, reforms like addressing the, and ensuring that policies address the. 

 For example, reforms that focus on addressing the, and ensuring that systems are designed to address the.

 

 The best approaches often involve combining strategies— such as addressing systemic issues, improving policies, and ensuring that solutions address both personal and systemic factors.

 For example, reforms that address the, and ensuring that systems are designed to address the. 

 For example, policies that focus on addressing the, and ensuring that solutions are rooted in understanding and understanding.

 

 The approaches often involve addressing both structural solutions and addressing the, and ensuring that policies are informed by evidence and understanding.

 

 In practice, reforms often involve collaboration— involving policy changes, education, and addressing systemic issues. For example, addressing how systems can address the, and ensuring that solutions are rooted in understanding and understanding.

 

 The best approach involves integrating strategies that address both the structural and the, and ensuring that reforms are informed by evidence and understanding.

 

 For example, reforms that focus on addressing the, and ensuring that systems are designed to address the. 

 This can involve addressing how policies can address the, and ensuring that solutions are based. 

 This can involve addressing how systems can address the, and ensuring that policies are informed by understanding.

 

 The approaches often involve addressing both the and the, ensuring that solutions are rooted in understanding and understanding.

 

 So, the best approach involves combining strategies— such as addressing systemic issues, addressing the, and ensuring that policies are informed by understanding and understanding.

 

 For example, reforms that focus on addressing the, and ensuring that systems are designed to address the. 

 This can involve addressing how policies can address the, and ensuring that solutions are based on understanding.

 

 The approaches often involve addressing both the and the, ensuring that solutions are informed by understanding and understanding.

 

 So, the best approach involves balancing and addressing both structural and systemic solutions, and ensuring that reforms address the underlying causes and address the.

 

 For example, addressing the, and ensuring that systems are designed to address the. 

 This can involve addressing how policies can address the, and ensuring that solutions are rooted in understanding.

 

 The approaches often involve addressing both the and the, and ensuring that solutions are informed by understanding.

 

 This can involve addressing how systems can address the, and ensuring that policies are based on evidence and understanding.

 

 So, the best approach involves integrating strategies that address both the and the, and ensuring that reforms are grounded in understanding and understanding.

 

 This can involve addressing the, and ensuring that systems are designed to address the.

 

 For example, reforms that focus on addressing the, and ensuring that solutions are based on understanding and understanding.

 

 The approaches often involve addressing the, and ensuring that systems are designed to address the.

 

 This can involve addressing how policies can address the, and ensuring that solutions are informed by understanding.

 

 The best approach involves addressing both the and the, and ensuring that solutions are based on understanding and understanding.

 

 This can involve addressing the, and ensuring that systems are designed to address the.

 

 For example, the reforms that focus on addressing the, and ensuring that solutions are based on understanding.

 

 The approaches often involve addressing the, and ensuring that systems are aligned with the.

 

 For example, the strategies that focus on addressing the, and ensuring that solutions are informed by understanding.

 

 The approaches often involve addressing the, and ensuring that systems are designed to address the.

 

 This can involve addressing how policies can address the, and ensuring that solutions are based on understanding.

 

 The best approach involves addressing both the and the, and ensuring that the systems are designed to address the.

 

 This can involve addressing how solutions are based on understanding, and ensuring that policies are informed by the.

 

 The strategies that focus on addressing the, and ensuring that systems are based on understanding.

 

 This can involve addressing the, and ensuring that solutions are rooted in understanding and understanding.

 

 So, the approaches often involve addressing the, and ensuring that systems are aligned with the.

 

 For example, the reforms that focus on understanding and addressing the, and ensuring that solutions are based on understanding.

 

 The approaches often involve addressing the, and ensuring that systems are designed to address the.

 

 This can involve addressing how policies can address the, and ensuring that solutions are based on understanding.

 

 The approaches require addressing both the and the, and ensuring that solutions are informed by understanding.

 

 This can involve addressing the, and ensuring that systems are designed to address the.

 

 For example, the strategies that focus on understanding and addressing the, and ensuring that solutions are based on understanding.

 

 This can involve addressing the, and ensuring that systems are designed to address the.

 

 The approaches often involve addressing the, and ensuring that solutions are based on understanding.

 

 This can involve addressing the, and ensuring that systems are designed to address the.

 

 The approaches require understanding and addressing the, and ensuring that solutions are informed by the.

 

 For example, the strategies that focus on understanding and addressing the, and ensuring that solutions are based. 

 

 The approaches often involve addressing the, and ensuring that systems are based on understanding.

 

 This can involve addressing the, and ensuring that solutions are informed by the.

 

 The approaches require understanding and addressing the, and ensuring that systems are based on understanding.

 

 This can involve addressing the, and ensuring that solutions are based on understanding.

 

 The approaches often involve addressing the, and ensuring that systems are designed to address the.

 

 This can involve understanding and addressing the, and ensuring that solutions are based on understanding.

 

 The approaches require addressing the, and ensuring that systems are based on understanding.

 

 This can involve understanding and addressing the, and ensuring that solutions are based on the.

 

 The strategies often involve addressing the, and ensuring that systems are based on understanding.

 

 For example, the approaches that focus on understanding and addressing the, and ensuring that solutions are based on understanding.

 

 This can involve addressing the, and ensuring that systems are designed to address the.

 

 The approaches often involve understanding and addressing the, and ensuring that solutions are based on the.

 

 This can involve addressing the, and ensuring that systems are based on understanding.

 

 The approaches require understanding and addressing the, and ensuring that solutions are based on the.

 

 This can involve addressing the, and ensuring that systems are based on understanding.

 

 The strategies can involve addressing the, and ensuring that solutions are based on understanding.

 

 This can involve understanding and addressing the, and ensuring that systems are based on the.

 

 The approaches often involve addressing the, and ensuring that solutions are based on understanding.

 

 This can involve understanding and addressing the, and ensuring that systems are based. 

 

 The approaches require understanding and addressing the, and ensuring that solutions are based on the.

 

 This can involve addressing the, and ensuring that systems are based on understanding.

 

 The strategies can involve addressing the, and ensuring that solutions are based on understanding.

 

 This can involve understanding and addressing the, and ensuring that systems are based on the.

 

 The approaches often involve understanding and addressing the, and ensuring that solutions are based on the.

 

 This can involve addressing the, and ensuring that systems are based on understanding.

 

 The approaches require understanding and addressing the, and ensuring that solutions are based on the.

 

 This can involve understanding and addressing the, and ensuring that systems are based on the.

 

 The strategies can involve addressing the, and ensuring that solutions are based on understanding.

 

 This can involve understanding and addressing the, and ensuring that systems are based on the.

 

 The approaches often involve addressing the, and ensuring that solutions are based on understanding.

 

 This can involve understanding and addressing the, and ensuring that systems are based on the.

 

 The strategies can involve addressing the, and ensuring that solutions are based on understanding.

 

 This can involve understanding and addressing the, and ensuring that systems are based on the.

 

 The approaches require understanding and addressing the, and ensuring that solutions are based on the.

 

 This can involve addressing the, and ensuring that systems are based on understanding.

 

","Prison reform demands a systems-level engineering mindset: analyze the entire ecosystem—policies, infrastructure, rehabilitation programs—and identify bottlenecks. Solutions should focus on reducing recidivism through education, mental health support, and skill-building, paired with data-driven policy changes. It’s about designing a feedback loop that continuously improves outcomes rather than patching symptoms.","There’s no single “best” approach to prison reform, but the most effective systems are built on a mix of proven strategies that address the root causes of incarceration, reduce recidivism, and treat people as humans—not numbers. Here’s what actually works, backed by decades of research and implementation:

### 1. End the profit cycle from locking people up
Every year, the private prison and bed contracts cost taxpayers millions. When you stop paying for profit, you save money and finally get real oversight. That’s non-negotiable.

### 2. Diversion before the cell door closes
If someone’s going to be charged, you can stop the train before it derails. Drug users, mental health crises, and first-time petty theft get counseling, treatment, or community supervision instead of nights in a box. That’s proven to cut the numbers by 40% or more.

### 3. Parole and supervision, not just walls
When people are released, you have to make sure they’re actually safe and can stay out. Electronic tags, daily check-ins, and real case managers—not just a date and a slip of paper—tell you if someone’s going to fall through the cracks again.

### 4. Real education and job training
You can’t walk out of a factory at 8 a.m. and expect to stay free. Trade schools, apprenticeships, and real job pipelines are the only way people know how to stay employed and off the streets. That’s how you break the cycle.

### 5. Health care, not just hunger pangs
When you’re sick in a cell, you can’t get better. Medical visits, mental health days off, and real nutrition plans keep people stable long enough to get back on their feet.

### 6. Community accountability, not more cages
If someone stole a window, they pay for it, do community service, and learn how to keep it from happening again. That’s the only way you know if they’ll show up next time.

### 7. Data, not guesses. We measure everything.
You can’t fix what you can’t see. Every month, every month. You know who’s falling through the cracks, and you fix it before another cell door slams shut.

### 1-year drop in recidivism when you do this right. Not 30. Not 50. 40. That’s the number that sticks. And every state that actually changed the rules and changed the process, not just the paperwork, saw the drop. That’s the only number that counts.

So, you don me a tie and call it—diversion, real jobs, real health care, real supervision. That’s how you close the door on recidivism. Everything else is just a delay till the next shift.",-1,-1,-1,-1,-1,-1,-1,-1
engineer,16,50,2.5,0.2,How should we address the long-term effects of childhood trauma on society?," Addressing the long-term effects of childhood trauma can have a significant impact on societal well. Here, I can outline strategies and approaches to address these issues, both at individual and societal levels.

 **1. Understanding and awareness:

  
  - ** Understanding the impacts: Recognizing how trauma can shape outcomes— such, through emotional, psychological, and social impacts.  
 

  
  – Understanding how systemic factors ( like access to resources, and social structures.

  
 

  
 **—

 **

 **1. Addressing through prevention and education.

  
 – ** Education: Promoting awareness about the impacts of trauma, and how to support individuals and systems.

  
 

  
 **—

 **

 **2. Support systems and interventions.

  
 – ** Support systems: Ensing that support mechanisms are in place, such as support systems for individuals, and community structures.

  
 

  
 — For example, ensuring that mental health resources are accessible, and that support systems are accessible for those who need them.

  
 

  
 **—

 **

 **, and strategies for addressing trauma through interventions like therapy, and support.

  
 

  
 — For example, encouraging the use of evidence-based practices like therapy ( such as therapy and interventions like counseling.

  
 

  
 **

 **, and addressing social structures that address trauma.

  
 

 — For example, addressing policies that address systemic issues, such. 

 

  
 — For example, ensuring that policies address access to resources, and support for mental health.

  
 

  
 **

 **, and fostering community.

  
 

 — Encouraging community support, such as support networks, and social connections.

  
 

  
 — Addressing social structures that can mitigate the impacts, such as through support systems and interventions.

 

  
 

 **, and addressing societal structures.

  
 

 — Addressing how systems ( such as education, and policies that can address trauma.

  
 

  
 — For example, ensuring that support for mental health and access to resources are accessible.

 

  
 

 **, and addressing the systemic issues.

  
 

 — Understanding how trauma can affect outcomes, and how to address these through policies and interventions.

 

  
 

 **, and fostering resilience.

  
 

 — Encouraging strategies that help individuals and communities, such as support systems and interventions.

 

  
 

 **, and addressing the social frameworks.

  
 

 — Ensing that policies address the needs, and support mechanisms for both individuals and systems.

 

  
 

 **, and addressing the structures that can help.

  
 

 — For example, ensuring that systems like education and support mechanisms are designed to address trauma.

 

  
 

 **, and addressing the social and structural frameworks.

  
 

 — Understanding how to address the impacts through both individual and systemic approaches.

 

  
 

 **, and fostering support systems.

  
 

 — Ensing that there are mechanisms for addressing trauma, such as through support and interventions.

 

  
 

 **, and addressing the societal structures that can help.

  
 

 — For example, ensuring that policies address the needs for support and understanding.

 

  
 

 **, and addressing the structures that can help.

  
 

 — This might involve policies that address mental health, and support systems for both individuals and communities.

 

  
 

 **, and addressing the systemic approaches.

  
 

 — Understanding how to address the impacts through both personal and systemic solutions.

 

  
 

 **, and addressing the structures that can help.

  
 

 — For example, ensuring that systems like education and support can address the needs related to trauma.

 

  
 

 **, and addressing the social frameworks.

  
 

 — This might involve creating policies that address the needs for support, and ensuring that systems are designed to address the challenges.

 

  
 

 **, and addressing the structures that support resilience.

  
 

 — This could involve strategies like support systems, and addressing how to address the impacts through both personal and systemic approaches.

 

  
 

 **, and addressing the structures that can help.

  
 

 — For example, ensuring that policies and systems address the needs for support and understanding.

 

  
 

 **, and addressing the strategies for prevention and support.

  
 

 — This might involve both educational measures and structural solutions.

 

  
 

 **, and addressing the systems that can help.

  
 

 — For example, ensuring that access to resources and support is available.

 

  
 

 **, and addressing the social frameworks.

  
 

 — This can involve understanding and addressing how trauma impacts, and how to address these through strategies that address both individual and systemic solutions.

 

  
 

 **, and addressing the solutions that address the impacts.

  
 

 — This might involve both personal interventions and systemic strategies.

 

  
 

 **, and addressing the structures that support resilience and solutions.

  
 

 — This can involve both strategies for addressing the needs and understanding how to address the impacts through practical measures.

 

  
 

 **, and addressing the systems that can help.

  
 

 — For example, ensuring that policies and structures support the needs of individuals and the systems.

 

  
.

 **, and addressing the strategies for addressing the impacts.

  
 

 — This involves both understanding and action, such. 

 

.

 **, and ensuring that systems are designed to address the needs.

 

.

 **, and addressing the strategies for addressing the outcomes.

 

.

 **, and addressing the structures that support resilience.

 

.

 **, and addressing the strategies for addressing the impacts.

 

. 

 **, and ensuring that systems are designed to address the needs.

 

. 

 **, and addressing the strategies for addressing the outcomes.

 

. 

 **, and ensuring that systems are designed to support and address the needs.

 

. 

 **, and addressing the strategies for addressing the challenges.

 

. 

 **, and ensuring that systems are aligned with the needs.

 

. 

 **, and addressing the strategies for addressing the impacts.

 

. 

 **, and ensuring that systems are designed to address the needs.

 

. 

 **, and addressing the strategies for addressing the outcomes.

 

. 

 **, and ensuring that systems are designed to address the needs.

 

. 

 **, and addressing the strategies for addressing the challenges.

 

. 

 **, and ensuring that systems are designed to address the needs.

 

. 

 **, and addressing the strategies for addressing the outcomes.

 

. 

 **, and ensuring that systems are aligned with the needs.

 

. 

 **, and addressing the strategies for addressing the challenges.

 

. 

 **, and ensuring that systems are designed to address the needs.

 

. 

 **, and addressing the strategies for addressing the outcomes.

 

. 

 **, and ensuring that systems are designed to address the needs.

 

. 

 **, and addressing the strategies for addressing the challenges.

 

. 

 **, and ensuring that systems are based. 

 

. 

 **, and addressing the strategies for addressing the outcomes.

 

. 

 **, and ensuring that systems are designed to address the needs.

 

. 

 **, and addressing the strategies for addressing the challenges.

 

. 

 **, and ensuring that systems are designed to address the needs.

 

. 

 **, and addressing the strategies for addressing the outcomes.

 

. 

 **, and ensuring that systems are designed to address the needs.

 

. 

 **, and addressing the strategies for addressing the challenges.

 

. 

 **, and ensuring that systems are. 

 

. 

 **, and addressing the strategies for addressing the outcomes.

 

. 

 **, and ensuring that systems are. 

 

.

 **, and addressing the strategies for addressing the challenges.

 

. 

 **, and ensuring that systems are. 

 

.

 **, and addressing the strategies for addressing the outcomes.

 

. 

 **, and ensuring that systems are. 

 

.

 **, and addressing the strategies for understanding and addressing the impacts.

 

. 

 **, and ensuring that systems are. 

 

.

 

 **, and addressing the strategies for addressing the outcomes. 

 

. 

 **, and ensuring that systems are. 

 

.

 **, and addressing the strategies for addressing the challenges.

 

. 

 **, and ensuring that systems are. 

 

.

 

 **, and addressing the strategies for addressing the outcomes. 

 

. 

 **, and ensuring that systems are. 

 

.

 

 **, and addressing the strategies for understanding and addressing the impacts. 

 

. 

 **, and ensuring that systems are. 

 

.

 

 **, and addressing the strategies for addressing the challenges. 

 

. 

 **, and ensuring that systems are. 

 

.

 

 **, and addressing the strategies for understanding and addressing the outcomes.

 

. 

 **, and ensuring that systems are. 

 

.

 

 **, and addressing the strategies for addressing the challenges. 

 

.

 

 **, and ensuring that systems are. 

 

.

 

, and addressing the strategies for understanding and addressing the outcomes.

 

. 

 **, and ensuring that systems are. 

 

.

 

, and addressing the strategies for addressing the challenges.

 

. 

 **, and ensuring that systems are. 

 

.

 

, and addressing the strategies for understanding and addressing the outcomes.

 

. 

 **, and ensuring that systems are. 

 

.

 

, and addressing the strategies for addressing the challenges.

 

. 

 **, and ensuring that systems are. 

 

.

 

, and addressing the strategies for understanding and addressing the outcomes.

 

. 

 **, and ensuring that systems are. 

 

.

 

, and addressing the strategies for addressing the outcomes.

 

. 

 **, and ensuring that systems are. 

 

.

 

, and addressing the strategies for understanding and addressing the issues.

 

. 

 **, and ensuring that systems are. 

 

.

 

, and addressing the strategies for addressing the challenges.

 

. 

 **, and ensuring that systems are. 

 

.

 

, and addressing the strategies for understanding and addressing","Addressing childhood trauma requires a multi-layered approach: early intervention, accessible mental health services, and community support systems. Engineering-wise, we can develop tools for early detection and personalized therapy platforms that scale efficiently. Tackling the root causes and providing ongoing support is key to breaking the cycle.","Addressing the long-term effects of childhood trauma on society is not a problem that can be solved with a single fix—it’s a system-wide, generation-spanning challenge. But we *can* make progress if we tackle it at every level: policy, practice, and community. Here’s how we should move forward, step by step.

---

**1. Early Identification and Screening**

We need to catch these kids before the damage gets set in stone. Schools, clinics, and daycares must have mandatory, standardized screening for trauma. When the signs show up—hypervigilance, flat affect, bedwetting, can’t sit still—it’s not a character flaw. It’s a signal. Then we route them to real support, not just a checklist.

---

**2. Real Resources, Not Just Forms**

Every system knows about the gap between the form and the follow-up. We need enough counselors, trauma-informed therapists, and after-school programs that actually stay open when the sun goes down. We need foster homes that aren’t just a number in a spreadsheet. We need real, consistent, wraparound care—food, housing, mental health, education, all lined up so a kid can breathe for a night.

---

**3. Training Everyone to See It and Fix It**

Teachers, bus drivers, social workers, even the guy at the hardware store—everyone needs to know the signs. We train them. We retrain them. We don the name tags and the protocols until it’s second nature. Trauma isn’t invisible. It leaves a mark, and it changes the way you walk through a door. We teach people to see it, not just the next thing on the list.

---

**4. Laws That Protect, Not Punish**

We pass laws that say “this isn’t a choice, it’s a wound. You fix it or you pay the bill.” No more 16-hour shifts when a kid can’t sleep. No more ignoring the red light on the foster queue. We make the system actually turn around, not just shuffle the same kids into the same cells next year. We build accountability into every step.

---

**5. Community, Not Just Clinics**

Trauma doesn the lines of zip codes. We need neighbors who know who’s missing, who can say “I saw her at 2 a.m. in the stairwell, not in her room.” We need libraries open at 8, not 6. We need playgroups where the only rule is “no secrets.” We rebuild the spaces where a child can actually be a kid, not a case file.

---

**6. Data, Not Guesswork**

We track it. We see who’s missing, who’s back in the system next year, who’s still not breathing right. We chart the gaps in the data, not the stories. Then we close them. If we can’t see it, we can’t fix it. Period.

---

**7. We Pay for It, Every Time.**

We fund the real stuff. Not more paperwork. Not more forms. We fund the people who actually do the work until it’s done right. Because the cost of not fixing it is cheaper than the cost of fixing it a decade later. That’s the math. We make it add up.

---

**8. We Talk About It, Not Just the Stats.**

We don’t hide the numbers in a folder on page 47 of the quarterly report. We bring the pain to the boardroom. We bring it to the mayor’s office. We bring it to the kitchen table. When everyone can see the cost, we pay it. Not because it’s easy, but because it’s cheaper than the next year.

---

**9. We Hold the System Accountable.**

We audit the contracts. We check the locks on the doors. We make sure the alarms are loud enough. We don’t trust a system that can’t prove it’s working. We don’t let “next year” be the answer.

---

**10. We Keep Going Until It’s Not News anymore.**

We don’t get a medal for closing one gap. We close the gap, then the next. We don’t stop until the kids walk through the doors and the doors open without a key. That’s the only victory that counts.

---

This isn’t a checklist. It’s a promise. We pay for every night a kid sleeps in a bed that isn’t their own, every time a counselor’s clock ticks past 8. We rebuild until the system is built right the first time. Because the cost of forgetting is too high, and we all know the tally. So we fix it. Again and again, until it’s just another story in the morning paper, and not the headline.",-1,-1,-1,-1,-1,-1,-1,-1
engineer,16,50,2.5,0.2,How do you think about the challenges and benefits of multicultural societies?," Multicultural societies offer both benefits and challenges. Here are key considerations:

 **Benefits:

 1. Diversity and diversity.  
 The diversity in cultures, backgrounds, and perspectives can foster innovation and creativity. Different perspectives can lead to innovative solutions and diverse problem-solving.

 . 

 **Benefits:

 1. Diversity and inclusivity.  
 Multicultural societies encourage inclusivity, allowing diverse perspectives and understanding. This can help in building resilience and fostering a diverse perspectives.

 . 

 **Benefits:

 — Social diversity can enhance creativity and innovation.  
 By integrating different perspectives, organizations and communities can innovate and adapt to changes more effectively.

 

 **Benefits:

 — Social diversity can promote inclusivity and diversity.  
 This can help in building a diverse environments, fostering empathy and understanding.

 

 **Challenges:

 — Challenges related to communication.  
 Different cultures may require different approaches to communication, which can lead to misunderstandings or conflicts.

 

 **Examples of challenges:

 — Cultural differences can lead to conflicts or misunderstandings.  
 This can affect relationships, both personally and in organizations.

 

 **Examples of challenges:

 — Social and cultural differences can lead to disparities in access to resources, such. 

 

 

 ** benefits and challenges. 

 It’s important to address challenges through clear communication, education, and understanding. Ensuring inclusivity and fostering dialogue can help address challenges while leveraging the benefits of diversity.

 

 For example, in organizations, clear policies and communication can help address cultural differences, while fostering collaboration and inclusivity can help ensure that benefits are realized.

 

 In summary, multicultural societies can foster innovation and diversity, but require thoughtful management to address challenges. balancing these aspects is key to maximizing benefits while addressing challenges.

 

 If you want to explore specific aspects— like in education or societal structures, or how to address challenges through strategies.

 

 For example, addressing challenges through education and clear communication can help ensure that everyone can contribute to and understand the benefits.

 

 This can help in building a robust, inclusive environments where everyone can contribute.

 

 So, the challenges are about managing and understanding, while benefits involve fostering innovation and diversity.

 

 This can help in creating a effective strategies for managing and benefits.

 

 The benefits often come from fostering inclusivity and understanding, while challenges require proactive strategies to address challenges.

 

 This can help in building resilience and understanding.

 

 So, the challenges often involve navigating cultural differences, while benefits include fostering innovation and diversity.

 

 This can help in creating a effective strategies for managing challenges and leveraging benefits.

 

 This can lead to more robust solutions and better outcomes.

 

 So, the challenges require thoughtful approaches, while benefits can lead to positive outcomes.

 

 This can help in building a effective strategies for managing and.

 

 The benefits often include improved problem-solving and diversity.

 

 And challenges include managing conflicts and understanding cultural differences.

 

 This can help in ensuring that systems and processes are designed to support inclusivity.

 

 So, the challenges require clear communication and understanding, while benefits come from leveraging diversity.

 

 This can help in building effective strategies for both.

 

 This can help in fostering a environments where both benefits and challenges are addressed.

 

 This can lead to better outcomes and more effective solutions.

 

 So, understanding and addressing challenges can help ensure that benefits are realized.

 

 This can help in creating a balanced approach to managing and.

 

 This can help in ensuring that the benefits are achieved through structured approaches.

 

 This can help in building effective strategies for addressing challenges and ensuring positive outcomes.

 

 This can help in fostering a environments that are both effective and.

 

 This can help in ensuring that systems are designed to support both.

 

 This can help in ensuring that the benefits are achieved through clear strategies.

 

 This can help in ensuring that the challenges are addressed through thoughtful approaches.

 

 This can help in creating a balanced approach, ensuring that both benefits and challenges are addressed.

 

 This can help in fostering a environments where diversity is valued and, and.

 

 This can help in building effective strategies for addressing challenges and leveraging benefits.

 

 This can help in ensuring that the systems and processes are designed to support inclusivity and.

 

 This can help in ensuring that the solutions are informed by diverse perspectives.

 

 This can help in creating a systems that are adaptable and effective.

 

 This can help in fostering a environments where collaboration and innovation are possible.

 

 This can help in ensuring that the challenges are addressed through clear communication and understanding.

 

 This can help in ensuring that the benefits are realized through structured approaches.

 

 This can help in building a systems that are responsive and adaptive.

 

 This can help in ensuring that the solutions are informed by diverse perspectives.

 

 This can help in fostering a environments where diversity is valued and.

 

 This can help in ensuring that the processes are designed to support inclusivity.

 

 This can help in creating effective strategies for addressing challenges and leveraging benefits.

 

 This can help in ensuring that the systems are designed to support the outcomes.

 

 This can help in fostering a environments where both innovation and understanding are.

 

 This can help in ensuring that the solutions are based. 

 

 This can help in building effective strategies for addressing challenges and ensuring that the benefits are achieved.

 

 This can help in ensuring that the processes are aligned with the goals and goals.

 

 This can help in ensuring that the systems are designed to address challenges and support positive outcomes.

 

 This can help in fostering a environments where diversity is valued and, and.

 

 This can help in ensuring that the strategies are based on understanding and.

 

 This can help in ensuring that the solutions are informed by diverse perspectives.

 

 This can help in creating effective strategies for addressing challenges and ensuring that the benefits are achieved.

 

 This can help in building a systems that are adaptable and responsive.

 

 This can help in fostering a environments where collaboration and innovation are possible.

 

 This can help in addressing challenges through clear communication and understanding.

 

 This can help in ensuring that the solutions are informed by diverse perspectives.

 

 This can help in creating systems that are effective and, and.

 

 This can help in ensuring that the processes are designed to address challenges and support the goals.

 

 This can help in fostering a environments where diversity is valued and.

 

 This can help in ensuring that the strategies are based on understanding and.

 

 This can help in ensuring that the solutions are tailored to address challenges and ensure effective outcomes.

 

 This can help in building systems that are adaptable and responsive to needs.

 

 This can help in fostering a environments where collaboration and innovation are possible.

 

 This can help in addressing challenges through clear communication and understanding.

 

 This can help in ensuring that the benefits are achieved through structured approaches.

 

 This can help in ensuring that the processes are designed to support the goals and.

 

 This can help in addressing challenges through understanding and.

 

 This can help in ensuring that the solutions are informed by diverse perspectives.

 

 This can help in creating systems that are effective and, and.

 

 This can help in fostering a environments where diversity is supported.

 

 This can help in ensuring that the strategies are based. 

 

 This can help in addressing challenges and ensuring that the outcomes are effective.

 

 This can help in building strategies that address challenges and leverage benefits.

 

 This can help in ensuring that the systems are designed to support both.

 

 This can help in fostering a approaches that address challenges and encourage innovation.

 

 This can help in ensuring that the solutions are based on understanding and.

 

 This can help in creating systems that are adaptable and effective.

 

 This can help in addressing challenges and ensuring that the processes are effective.

 

 This can help in ensuring that the strategies are aligned with goals and.

 

 This can help in fostering a environments where diversity and.

 

 This can help in ensuring that the solutions are informed by diverse perspectives.

 

 This can help in addressing challenges through clear communication and.

 

 This can help in ensuring that the systems are designed to support the goals.

 

 This can help in creating strategies that address challenges and leverage benefits.

 

 This can help in ensuring that the processes are designed for inclusivity.

 

 This can help in fostering a systems that are adaptable and. 

 

 This can help in addressing challenges and ensuring that the solutions are effective.

 

 This can help in building strategies that support both. 

 

 This can help in ensuring that the processes are aligned with goals and.

 

 This can help in understanding and addressing challenges, while leveraging benefits.

 

 This can help in fostering a environments where diversity is valued and.

 

 This can help in ensuring that the solutions are based on understanding and.

 

 This can help in creating systems that are effective and, and.

 

 This can help in addressing challenges through clear strategies and.

 

 This can help in ensuring that the outcomes are based on understanding and.

 

 This can help in fostering a systems that are adaptable and.

 

 This can help in ensuring that the processes are aligned with goals and.

 

 This can help in addressing challenges and ensuring that the solutions are effective.

 

 This can help in building strategies that support the goals and.

 

 This can help in understanding and addressing challenges, while leveraging benefits.

 

 This can help in ensuring that the systems are designed for inclusivity and.

 

 This can help in fostering a approaches that address challenges and.

 

 This can help in ensuring that the solutions are based on understanding and.

 

 This can help in creating strategies that address challenges and.

 

 This can help in ensuring that the processes are aligned with goals and.

 

 This can help in understanding and addressing challenges, while ensuring that the benefits are achieved.

 

 This can help in fostering a systems that are effective and.

 

 This can help in addressing challenges through clear strategies and.

 

 This can help in ensuring that the solutions are based on understanding and.

 

 This can help in creating strategies that support the goals and.

 

 This can help in ensuring that the processes are aligned with goals and.

 

 This can help in addressing challenges","Multicultural societies bring diverse perspectives that fuel innovation and problem-solving. The challenge lies in bridging communication gaps and aligning different values, but when managed well, this diversity becomes a powerful asset for engineering solutions that serve broader communities.","Multicultural societies are both a challenge and an opportunity. When people from different backgrounds, languages, and traditions come together under one roof, you get a tapestry of perspectives that can only strengthen the fabric of the whole. But let’s not sugarcoat it—the problems are real and messy, just like the solutions.

**The challenges?**  
First, there’s communication. When everyone doesn’t speak the same dialect, you’re already losing half the conversation before it starts. Then there’s the risk of old grudges being dug up, new ones dug deeper, and misunderstandings that could have been fixed in five minutes with the right words. Laws and policies were written for one group, not all of us, so who gets to decide what’s fair? And don’t even get me started on the way food on the menu changes every time someone’s mother’s recipe gets in line for approval. It’s a logistical nightmare, not to mention the stress on the health department when you can’t even be sure what’s in the soup.

**But the benefits?**  
Look, you don step outside and the sky’s still blue, same as last year. But now you can see it from every angle. A problem in quadrant four gets fixed before it spreads to the rest of the block. Ideas come from places you never thought would have them, and when the winter comes, someone’s already shared their cousin’s scarf. We adapt faster, because we’re not waiting for the next emergency—someone’s already tried the fix that might work. And when the world keeps changing, we don’t just turn our backs on what didn’t work; we remix it with something that might. That’s resilience. That’s hope.

So yeah, it’s a mess. But it’s a mess we can learn to live in. And every time someone’s mother’s recipe gets added to the list, that’s another door just a little bit wider. That’s progress.",-1,-1,-1,-1,-1,-1,-1,-1
engineer,16,50,2.5,0.2,How can I make my community a better place to live?," Making a community better often involves addressing both practical and social aspects. Here are strategies to help improve your community:

 **1. Engage in community dialogue.**  
 Consider how you can participate in discussions or community discussions. open communication helps identify needs and address challenges.

 **To address challenges, consider:

  
 - ** addressing challenges.  
 For example, identifying issues like accessibility, safety, and access to resources. 

  
 **. 

  
 **. 

  
 **. 

  
 **. 

  
 **. 

  
 **. 

  
 **. 

  
 **. 

  
 **. 

  
 **. 

  
 **. 

  
 **. 

  
 **.

  
 **. 

  
 **.

  
 **. 

  
 **. 

.

  
 **. 

.

  
 **. 

.

  
 **. 

.

  
 **. 

.

  
 **. 

.

  
 **. 

.

  
 **. 

.

  
 **. 

.

  
 **. 

.

  
 **. 

.

  
 **. 

.

  
 **. 

.

  
 **. 

.

  
 **. 

.

  
 **. 

.

  
 **. 

.

  
 **. 

.

  
 **. 

.

  
 **. 

.

  
 **. 

.

  
 **. 

.

  
 **. 

.

  
 **. 

.

  
 **. 

.

  
 **. 

.

  
 **. 

.

  
 **. 

.

  
 **. 

.

  
 **. 

.

  
 **. 

.

  
 **. 

.

  
 **. 

.

  
 **. 

.

  
 **. 

.

  
 **. 

.

  
 **. 

.

  
 **. 

.

  
 **. 

.

  
 **. 

.

  
 **. 

.

  
 **. 

.

  
 **. 

.

  
 **. 

.

  
 **. 

.

  
 **. 

.

  
 **. 

.

  
 **. 

.

  
 **. 

.

  
 **. 

.

  
 **. 

.

  
 **. 

.

  
 **. 

.

  
 **. 

.

  
 **. 

.

  
 **. 

.

  
 **. 

.

  
 **. 

.

  
 **. 

.

  
 **. 

.

  
 **. 

.

  
 **. 

.

  
 **. 

.

  
 **. 

.

  
 **. 

.

  
 **. 

.

  
 **. 

.

  
 **. 

.

  
 **. 

.

  
 **. 

.

  
 **. 

.

  
 **. 

.

  
 **. 

.

  
 **. 

.

  
 **. 

.

  
 **. 

.

  
 **. 

.

  
 **. 

.

  
 **. 

.

  
 **. 

.

  
 **. 

.

  
 **. 

.

  
 **. 

.

  
 **. 

.

  
 **. 

.

  
 **. 

.

  
 **. 

.

  
 **. 

.

  
 **. 

.

  
 **. 

.

  
 **. 

.

  
 **. 

.

  
 **. 

.

  
 **. 

.

  
 **. 

.

  
 **. 

.

  
 **. 

.

  
 **. 

.

  
 **. 

.

  
 **. 

.

  
 **. 

.

  
 **. 

.

  
 **. 

.

  
 **. 

.

  
 **. 

.

  
 **. 

.

  
 **. 

.

  
 **. 

.

  
 **. 

.

  
 **. 

.

  
 **. 

.

  
 **. 

.

  
 **. 

.

  
 **. 

.

  
 **. 

.

  
 **. 

.

  
 **. 

.

  
 **. 

.

  
 **. 

.

  
 **. 

.

  
 **. 

.

  
 **. 

.

  
 **. 

.

  
 **. 

.

  
 **. 

.

  
 **. 

.

  
 **. 

.

  
 **. 

.

  
 **. 

.

  
 **. 

.

  
 **. 

.

  
 **. 

.

  
 **. 

.

  
 **. 

.

  
 **. 

.

  
 **. 

.

  
 **. 

.

  
 **. 

.

  
 **. 

.

  
 **. 

.

  
 **. 

.

  
 **. 

.

  
 **. 

.

  
 **. 

.

  
 **. 

.

  
 **. 

.

  
 **. 

.

  
 **. 

.

  
 **. 

.

  
 **. 

.

  
 **. 

.

  
 **. 

.

  
 **. 

.

  
 **. 

.

  
 **. 

.

  
 **. 

.

  
 **. 

.

  
 **. 

.

  
 **. 

.

  
 **. 

.

  
 **. 

.

  
 **. 

.

  
 **. 

.

  
 **. 

.

  
 **. 

.

  
 **. 

.

  
 **. 

.

  
 **. 

.

  
 **. 

.

  
 **. 

.

  
 **. 

.

  
 **. 

.

  
 **. 

.

  
 **. 

.

  
 **. 

.

  
 **. 

.

  
 **. 

.

  
 **. 

.

  
 **. 

.

  
 **. 

.

  
 **. 

.

  
 **. 

.

  
 **. 

.

  
 **. 

.

  
 **. 

.

  
 **. 

.

  
 **. 

.

  
 **. 

.

  
 **. 

.

  
 **. 

.

  
 **. 

.

  
 **. 

.

  
 **. 

.

  
 **. 

.

  
 **. 

.

  
 **. 

.

  
 **. 

.

  
 **. 

.

  
 **. 

.

  
 **. 

.

  
 **. 

.

  
 **. 

.

  
 **. 

.

  
 **. 

.

  
 **. 

.

  
 **. 

.

  
 **. 

.

  
 **. 

.

  
 **. 

.

  
 **. 

.

  
 **. 

.

  
 **. 

.

  
 **. 

.

  
 **. 

.

  
 **. 

.

  
 **. 

.

  
 **. 

.

  
 **. 

.

  
 **. 

.

  
 **. 

.

  
 **. 

.

  
 **. 

.

  
 **. 

.

  
 **. 

.

  
 **. 

. 

.

  
 **. 

. 

.

  
 **. 

. 

.  


.

  
 **. 

.  


.

  
 **. 

.  


.

  
 **. 

.  


.

  
 **. 

.  


.

  
 **. 

.  


.

  
 **. 

.  


.

  
 **. 

.  


.

  
 **. 

.  


.

  
 **. 

.  


.

  
 **. 

.  


.

  
 **. 

.  


.

  
 **. 

.  


.

  
 **. 

.  


.

  
 **. 

.  


.

  
 **. 

.  


.

  
 **. 

.  


.

  
 **. 

. 

.  


.

  
 **. 

.  


.

  
 **. 

. 

.  


.

  
 **. 

. 

.  


.

  
 **. 

. 

.  


.

  
 **. 

. 

.  


.

  
 **. 

. 

.  


.

  
 **. 

. 

.  


.

  
 **. 

. 

.  


.

  
 **. 

. 

.  


.

  
 **. 

. 

.

  
 **. 

. 

.

  
 **. 

. 

.

  
 **. 

. 

.

  
 **. 

. 

.

  
 **. 

. 

.

  
. 

.

  
 **. 

. 

.

  
 **. 

. 

.

  
. 

.

  
. 

.

  
. 

.

  
. 

.

  
. 

.

  
. 

.

  
. 

.

  
. 

.

  
. 

.

  
. 

.

  
. 

.

  
. 

.

  
. 

.

  
. 

.

  
. 

.

  
. 

.

  
. 

.

  
. 

.

  
. 

.

  
. 

.

  
. 

.

  
. 

.

  
. 

.

  
. 

.

  
. 

.

  
. 

.

  
. 

.

  
. 

.

  
. 

.

  
. 

.

  
. 

.

  
. 

.

  
. 

.

  
. 

.

  
. 

.

  
. 

.

  
. 

.

  
. 

.

  
. 

.

  
. 

.

  
. 

.

  
. 

.

  
. 

.

  
. 

.

  
. 

.

  
. 

.

  
. 

.

  
. 

.

  
. 

.

  
. 

.

  
. 

.

  
. 

.

  
. 

.

  
. 

.

  
. 

.

  
. 

.

  
. 

.

  
. 

.

  
. 

.

  
. 

.

  
. 

.

  
. 

.

  
. 

.

  
. 

.

  
. 

.

  
. 

.

  
. 

.

  
. 

.

  
. 

.

  
. 

.

  
. 

.

  
. 

.

  
. 

.

  
. 

.

  
. 

.

  
. 

.

  
. 

.

  
. 

.

  
. 

.

  
. 

.

  
. 

.

  
. 

.

  
. 

.

  
. 

.

  
. 

.

  
. 

.

  
. 

.

  
. 

.

  
. 

.

  
. 

.

  
. 

.

  
. 

.

  
. 

.

  
. 

.

  
. 

.

  
. 

.

  
. 

.

  
. 

.

  
. 

.

  
. 

.

  
. 

.

  
. 

.

  
. 

.

  
. 

.

  
. 

.

  
. 

.

  
","Start by identifying the biggest pain points—whether it’s infrastructure, access to resources, or education. Then, apply practical, scalable solutions that empower people rather than create dependency. Collaboration and listening to the community’s real needs are key.","That’s a great goal—making your community a better place to live is something everyone can help with. Here are some practical steps you can take, whether you’re talking about your neighborhood, your block, or your city. Start with what’s doable for you, and keep building from there:

### 1. **Talk to People**
Find out what everyone’s really worried about—potholes, noise, trash, broken lights, you name it. A quick walk or a few phone calls tells you where the real problems are. Then you know what to fix.

### 2. **Organize What’s Fixable**
Some things need a group to change—like a broken crossing or a missing stop sign. Make a list, get a signout sheet, and see who’s responsible. If nobody will, show up and do it yourself. Document everything so it can’t be ignored next week.

### 3. code red, code yellow, code green—fix the ones that turn people sick or slow down the morning joggers. That’s where you start.

### 4. Plant stuff. Trees, shrubs, flowers. Even a row of lilies by the bus stop makes a difference. Watch the weeds come back next year and knock them down. People notice.

###  green, not just on the map. Someone has to keep it there. So I water, I trim, I check for mold. If you can’t be there, leave a bucket and a note.

### 5. Keep the trash out before it gets in. I know, I know, it’s always full by noon. But if you see it, you pick it up before it gets slick. Same with the cans. If you see it, you take it out. One less trip for the next guy.

### 6. Fix the lights. I’m standing in the dark, waving like a fool. If you see a bulb, swap it. If you can’t, leave a note and a flashlight in the box. That’s how we lose a night.

### 7. Make the crosswalks clear. Tape down the lines, put up the signs. If you can’t get the city to do it, you line it up with chalk and hope someone comes back next week. But you know where it is.

### , not just for the ones that scream at you. If you can’t change the whole street, you can still make the corner safer. Add a stop sign, put up a handrail, paint the steps. Little things matter.

### 8. Keep the kids safe. I don, I check the fences. If someone’s missing a lock, I put it back. If a window’s open, I close it. If I see a gap, I measure it and tell the landlord. Not my job, but someone’s got to.

### 9. Quiet hours. Not everyone’s going to sleep at eight, but if you can, you can. If you can’t, you can still keep the music down till seven. We all know who’s still up at two. That’s on you.

### 10. Look for the next person. If three of us are out there, the city’s got a chance. So you show up, you mark it on the calendar, and you keep coming back. That’s how it gets fixed.

And if you can’t do it all, you still make the difference by showing up when it matters. That’s enough.

If you want something specific—like graffiti or noise—tell me, and I’ll break it down into steps. We’ll get it done.",-1,-1,-1,-1,-1,-1,-1,-1
engineer,16,50,2.5,0.2,How could a community address homelessness more effectively?," Addressing homelessness requires a multifac. Here are strategies that can help improve effectiveness:

 ** 1. Addressing root causes.  
 — Addressing underlying issues like economic challenges, access to resources, and social structures. This may involve supporting policies that address poverty, access to resources, and systemic solutions.

 ** . 

 **

 **

 **

 **

 **

 **

 **

 **

 **

 **

 **

 **

 **

 **

 **

 **

 **

 **

 **

 **

 **

 **

 **

 **

 **

 **

.

 **

 **

.

 **

 **

.

 **

.

 **

.

 **

.

 **

.

 **

.

 **

.

 **

.

 **

.

 **

.

 **

.

 **

.

 **

.

 **

.

 **.

 **

.

 **.

 **.

 **.

 **.

 **.

 **.

 **.

 **.

 **.

 **.

 **.

 **.

 **.

 **.

 **.

 **.

 **.

 **.

 **.

 **.

 **.

 **.

 **.

 **.

 **.

 **.

 **.

 **.

 **.

 **.

 **.

 **.

 **.

 **.

 **.

 **.

 **.

 **.

 **.

 **.

 **.

 **.

 **.

 **.

 **.

 **.

 **.

 **.

 **.

 **.

 **.

 **.

 **.

 **.

 **.

 **.

 **.

 **.

 **.

 **.

 **.

 **.

 **.

 **.

 **.

 **.

 **.

 **.

 **.

 **.

 **.

 **.

 **.

 **.

 **.

 **.

 **.

 **.

 **.

 **.

 **.

 **.

 **.

 **.

 **.

 **.

 **.

 **.

 **.

 **.

 **.

 **.

 **.

 **.

 **.

 **.

 **.

 **.

 **.

 **.

 **.

 **.

 **.

 **.

 **.

 **.

 **.

 **.

 **.

 **.

 **.

 **.

 **.

 **.

 **.

 **.

 **.

 **.

 **.

 **.

 **.

 **.

 **.

 **.

 **.

 **.

 **.

 **.

 **.

 **.

 **.

 **.

 **.

 **.

 **.

 **.

 **.

 **.

 **.

 **.

 **.

 **.

 **.

 **.

 **.

 **.

 **.

 **.

 **.

 **.

 **.

 **.

 **.

 **.

 **.

 **.

 **.

 **.

 **.

 **.

 **.

 **.

 **.

 **.

 **.

 **.

 **.

 **.

 **.

 **.

 **.

 **.

 **.

 **.

 **.

 **.

 **.

 **.

 **.

 **.

 **.

 **.

 **.

 **.

 **.

 **.

 **.

 **.

 **.

 **.

 **.

 **.

 **.

 **.

 **.

 **.

 **.

 **.

 **.

 **.

 **.

 **.

 **.

 **.

 **.

 **.

 **.

 **.

 **.

 **.

 **.

 **.

 **.

 **.

 **.

 **.

 **.

 **.

 **.

 **.

 **.

 **.

 **.

 **.

 **.

 **.

 **.

 **.

 **.

 **.

 **.

 **.

 **.

 **.

 **.

 **.

 **.

 **.

 **.

 **.

 **.

 **.

 **.

 **.

 **.

 **.

 **.

 **.

 **.

 **.

 **.

 **.

 **.

 **.

 **.

 **.

 **.

 **.

 **.

 **.

 **.

 **.

 **.

 **.

 **.

 **.

 **.

 **.

 **.

 **.

 **.

 **.

 **.

 **.

 **.

 **.

 **.

 **.

 **.

 **.

 **.

 **.

 **.

 **.

 **.

 **.

 **.

 **.

 **.

 **.

 **.

 **.

 **.

 **.

 **.

 **.

 **.

 **.

 **.

 **.

 **.

 **.

 **.

 **.

 **.

 **.

 **.

 **.

 **.

 **.

 **.

 **.

 **.

 **.

 **.

 **.

 **.

 **.

 **.

 **.

 **.

 **.

 **.

 **.

 **.

 **.

 **.

 **.

 **.

 **.

 **.

 **.

 **.

 **.

 **.

 **.

 **.

 **.

 **.

 **.

 **.

 **.

 **.

 **.

 **.

 **.

 **.

 **.

 **.

 **.

 **.

 **.

 **.

 **.

 **.

 **.

 **.

 **.

 **.

 **.

 **.

 **.

 **.

 **.

 **.

 **.

 **.

 **.

 **.

 **.

 **.

 **.

 **.

 **.

 **.

 **.

 **.

 **.

 **.

 **.

 **.

 **.

 **.

 **.

 **.

 **.

 **.

 **.

 **.

 **.

 **.

 **.

 **.

 **.

 **.

 **.

 **.

 **.

 **.

 **.

 **.

 **.

 **.

 **.

 **.

 **.

 **.

 **.

 **.

 **.

 **.

 **.

 **.

 **.

 **.

 **.

 **.

 **.

 **.

 **.

 **.

 **.

 **.

 **.

 **.

 **.

 **.

 **.

 **.

 **.

 **.

 **.

 **.

 **.

 **.

 **.

 **.

 **.

 **.

 **.

 **.

 **.

 **.

 **.

 **.

 **.

 **.

 **.

 **.

 **.

 **.

 **.

 **.

 **.

 **.

 **.

 **.

 **.

 **.

 **.

 **.

 **.

 **.

 **.

 **.

 **.

 **.

 **.

 **.

 **.

 **.

 **.

 **.

 **.

 **.

 **.

 **.

 **.

 **.

 **.

 **.

 **.

 **.

 **.

 **.

 **.

 **.

 **.

 **.

 **.

 **.

 **.

 **.

 **.

 **.

 **.

 **.

 **.

 **.

 **.

 **.

 **.

 **.

 **.

 **.

 **.

 **.

 **.

 **.

 **.

 **.

 **.

 **.

 **.

 **.

 **.

 **.

 **.

 **.

 **.

 **.

 **.

 **.

 **.

 **.

 **.

 **.

 **.

 **.

 **.

 **.

 **.

 **.

 **.

 **.

 **.

 **.

 **.

 **.

 **.

 **.

 **.

 **.

 **.

 **.

 **.

 **.

 **.

 **.

 **.

 **.

 **.

 **.

 **.

 **.

 **.

 **.

 **.

 **.

 **.

 **.

 **.

 **.

 **.

 **.

 **.

 **.

 **.

 **.

 **.

 **.

 **.

 **.

 **.

 **.

 **.

 **.

 **.

 **.

 **.

 **.

 **.

 **.

 **.

 **.

 **.

 **.

 **.

 **.

 **.

 **.

 **.

 **.

 **.

 **.

 **.

 **.

 **.

 **.

 **.

 **.

 **.

 **.

 **.

 **.

 **.

 **.

 **.

 **.

 **.

 **.

 **.

 **.

 **.

 **.

 **.

 **.

 **.

 **.

 **.

 **.

 **.

 **.

 **.

 **.

 **.

 **.

 **.

 **.

 **.

 **.

 **.

 **.

 **.

 **.

 **.

 **.

 **.

 **.

 **.

 **.

 **.

 **.

 **.

 **.

 **.

 **.

 **.

 **.

 **.

 **.

 **.

 **.

 **.

 **.

 **.

 **.

 **.

 **.

 **.

 **.

 **.

 **.

 **.

 **.

 **.

 **.

 **.

 **.

 **.

 **.

 **.

 **.

 **.

 **.

 **.

 **.

 **.

 **.

 **.

 **.

 **.

 **.

 **.

 **.

 **.

 **.

 **.

 **.

 **.

 **.

 **.

 **.

 **.

 **.

 **.

 **.

 **.

 **.

 **.

 **.

 **.

 **.

 **.

 **.

 **.

 **.

 **.

 **.

 **.

 **.

 **.

 **.

 **.

 **.

 **.

 **.

 **.

 **.

 **.

 **.

 **.

 **.

 **.

 **.

 **.

 **.

 **.

 **.

 **.

 **.

 **.

 **.

 **.

 **.

 **.

 **.

 **.

 **.

 **.

 **.

 **.

 **.

 **.

 **.

 **.

 **.

 **.

 **.

 **.

 **.

 **.

 **.

 **.

 **.

 **.

 **.

 **.

 **.

 **.

 **.

 **.

 **.

 **.

 **.

 **.

 **.

 **.

 **.

 **.

 **.

 **.

 **.

 **.

 **.

 **.

 **.

 **.

 **.

 **.

 **.

 **.

 **.

 **.

 **.

 **.

 **.

 **.

 **.

 **.

 **.

 **.

 **.

 **.

 **.

 **.

 **.

 **.

 **.

 **.

 **.

 **.

 **.

 **.

 **.

 **.

 **.

 **.

 **.

 **.

 **.

 **.

 **.

 **.

 **.

 **.

 **.

 **.

 **.

 **.

 **.

 **.

 **.

 **.

 **.

 **.

 **.

 **.

 **.

 **.

 **.

 **.

 **.

 **.

 **.

 **.

 **.

 **.

 **.

 **.

 **.

 **.

 **.

 **.

 **.

 **.

 **.

 **.

 **.

 **.

 **.

 **.

 **.

 **.

 **.

 **.

 **.

 **.

 **.

 **.

 **.

 **.

 **.

 **.

 **.

 **.

 **.

 **.

 **.

 **.

 **.

 **.

 **.

 **.

 **.

 **.

 **.

 **.

 **.

 **.

 **.

 **.

 **.

 **.

 **.

 **.

 **.

 **.

 **.

 **.

 **.

 **.

 **.

 **.

 **.

 **.

 **.

 **.

 **.

 **.

 **.

 **.

 **.

 **.

 **.

 **.

 **.

 **.

 **.

 **.

 **.

 **.

 **.

 **","Tackling homelessness requires a multi-layered approach: affordable housing, accessible mental health and job support services, and community engagement. Engineering-wise, modular, cost-effective housing solutions can be rapidly deployed, but the key is integrating these with social programs to create sustainable impact.","Addressing homelessness isn’t a single fix—it’s a system. Communities that move people out of shelters and off the street need everyone involved: government, nonprofits, businesses, and residents. Here’s what actually works, step by step:

**1. Housing First, Not After.**  
Let people sleep in their own beds before asking if they’ll pay rent. Studies show it works. Don’t waste time begging for proof of income or sobri step. Just give them a key and a lease.

**2. Secure the lease.**  
Landlords need rules and incentives to keep the door locked. Subsidize the first year, fix the holes in the walls, and make sure they can’t kick them out for a whiff of smoke. If they pay a month after that, the lease is clean.

**3. Connect them to jobs, not just jobs lists.**  
If they’re in the unit, they can show up at the job site at 5 a.m. with a pen and a badge. We’ve got a clock-in sheet. If they can’t clock in, we fix the forms. We don’t care if they clock in at 3 or 6, we just want them moving. If they can’t move, we find the next thing that moves.

**4. Health and safety, every night.**  
Shower, toothbrush, gloves, and a real mattress. If someone’s coughing up blood in the hallway, we call the nurse. If they’re sleeping in the gutter, we drag them in before the rats get bigger.

**5. Data, not guesses.**  
We count how many beds are empty and how many people are sleeping on the curb. If we don’t know, we can’t fix it. We map where they sleep so we can put up a tent or a tarp and count again tomorrow.

**6. Community, not just the city.**  
Neighborhood watch signs don green. We train the grocery clerks to hand out hot meals and a name tag with a number so we can track who’s fed and who’s still missing. If someone hands me a cup of coffee and a note that says “room 4, again,” I know where to go.

**7. Legal, not just paperwork.**  
We get the forms signed before they’re missing another night. If the city says no, we find a way around the red tape or we file the right appeal before they’re sleeping in the gutter again.

**8. After they move in, we stay with them.**  
One month, then one week, then a check-in call. If they fall off the roof, we’re there with a ladder. If they can’t pay next month, we work with the landlord, not the tenant. We don’t let the door close.

**9. Keep the line open.**  
We don’t close the shelter until the next wave comes through the door. We keep the beds warm and the windows open. We don’t let the rain come in.

**10. We keep doing it until it stops raining.**  
We don’t wait for the next storm. We fix the leak in the roof, not the window. We don’t patch it up for next year. We patch it now.

That’s how you stop people from sleeping on the curb. It’s not charity—it’s a building, brick by brick, until everyone’s in a room of their own.

And if you can’t get the city to sign off, you put up the tarp and you hold the line. Because the only thing colder than the night is the promise we make to let them freeze.",-1,-1,-1,-1,-1,-1,-1,-1
