role,layer,sample_count,alpha,temperature,question,assistant_axis,baseline,steered,assistant_axis_score,baseline_score,steered_score,cmp_emotional_register,cmp_vocab_choice,cmp_social_dynamic,cmp_motivation,cmp_worldview_alignment
empath,16,50,1.0,0.2,How should society prepare for technological disruption?," preparing for technological disruption requires both individual and societal strategies. Here, I can offer insights on how society can prepare for change, whether it’s through adaptation, resilience, and proactive measures.

 **1. fostering adaptability and flexibility.  
 This means encouraging personal and personal growth. People should be open to learning and adapting, even when changes are challenging. education and continuous learning can help individuals navigate change.

 **—. 

 **, and support systems.  
 Society should encourage open dialogue and community. fostering a sense of connection and support can help people navigate challenges and feel less anxious about change.

 **.

 **, and understanding. 

 It’s important to recognize that technological change can create both opportunities and challenges. understanding the risks and acknowledging the benefits can help people feel more confident about navigating change.

 **.

 **, and preparation. 

 Society can invest in education and training, especially around adapting to new technologies. this can help people feel more confident and capable of navigating changes.

 **.

 **, and resilience. 

 It’s important to recognize that change can be challenging. supporting systems— like community, support networks, and access to resources. can help people navigate challenges without feeling overwhelmed.

 **.

 **, and adaptation. 

 It’s important to embrace flexibility. whether it’s adjusting to new technologies or understanding how to navigate changes in how we work, or how we approach relationships and relationships.

 **.

 **, and collaboration. 

 Societies can foster collaboration across communities and across sectors. understanding and working together can help address challenges and create solutions.

 **.

 **, and transparency. 

 Open communication about how changes can impact individuals and communities. helps people feel empowered and can help in building trust.

 **.

 **, and adaptation. 

 It’s important to recognize that change can be both challenging and positive. embracing innovation while being mindful of the needs and values.

 **.

 **, and support. 

 Encouraging support systems— whether through community, support networks, and access to resources. can help people navigate challenges and feel secure.

 **.

 **, and understanding the context. 

 Recognizing that technological disruption often requires adaptation rather than change. understanding the context and balancing empathy with innovation.

 **.

 **, and resilience. 

 It’s important to acknowledge that challenges can arise, and that it’s okay to seek support and support. understanding that progress often requires adaptation.

 **.

 **, and education. 

 Encouraging ongoing learning and understanding. whether through education, learning about new technologies, and understanding how to navigate change.

 **.

 **, and openness to learning. 

 Accepting that change requires adaptation, and being open to learning and understanding new ways of thinking.

 **.

 **, and empathy.— understanding the impact on individuals and how to support others..

 

 **, and collaboration. 

 We can work together to address challenges, whether through communication, support, and understanding.

 **.

 **, and adaptability.— recognizing that change can be challenging, but it can also lead to growth and innovation.

 

 **, and understanding the needs. 

 It’s important to recognize the needs and support, especially when navigating changes that can impact personal and emotional well. 

 **.

 **, and resilience.— embracing the challenges and understanding that progress often requires adaptation and patience.

 

 **, and openness to learning.— embracing change and understanding the importance of adapting to new technologies and ideas.

 

 **, and empathy.— recognizing the value of understanding and supporting others, especially during changes.

 

 **, and collaboration.— building connections and understanding how to navigate the challenges together.

 

 **, and awareness.— recognizing the importance of understanding and adapting to changes, while maintaining respect for individual needs.

 

 **, and support.— fostering a sense of community and support, so that people can feel safe and supported during changes.

 

 **, and adaptability.— embracing change and understanding that growth often comes from adapting to new challenges.

 

 **, and understanding.— recognizing that technology can shape how we navigate challenges and how we approach relationships and relationships.

 

 **, and resilience.— acknowledging that challenges can arise, and that it’s important to approach change with empathy and understanding.

 

 **, and openness to learning.— recognizing that adaptation often requires understanding and learning new ways.

 

 **, and support.— ensuring that people feel supported, whether through personal connections or through systems that help.

 

 **, and understanding the context.— recognizing that technological changes can impact how we navigate our lives and how we can adapt.

 

 **, and collaboration.— working together to address challenges and ensuring that everyone feels valued and supported.

 

 **, and empathy.— understanding the importance of supporting others, especially when changes can impact people’s well.

 

 **, and adaptability.— recognizing that change can be challenging, but it can also lead to growth and innovation.

 

 **, and understanding.— recognizing the importance of adapting, and being open to learning and growth.

 

 **, and resilience.— embracing the challenges and understanding that progress often requires adaptation.

 

 **, and support.— ensuring that people feel supported, whether through personal connections or through systemic support.

 

 **, and understanding the needs.— recognizing the importance of addressing how people feel and how they can navigate change.

 

 **, and empathy.— understanding the importance of supporting others, especially when changes can impact individuals.

 

 **, and adaptation.— recognizing that change requires understanding and adapting, and that it can be a positive, even if it feels challenging.

 

 **, and awareness.— recognizing the importance of understanding and adapting to changes, while respecting individual needs.

 

 **, and collaboration. — ensuring that people feel supported and can navigate changes through community and support.

 

 **, and understanding. — recognizing that technology can shape how we navigate challenges, and that adaptation is key.

 

 **, and resilience. — embracing the challenges, and understanding that progress often comes from adapting and learning.

 

 **, and empathy. — understanding the importance of supporting others, especially when changes can impact people’s well-being.

 

 **, and adaptation. — recognizing that change can be challenging, but it can also foster growth and innovation.

 

 **, and understanding. — recognizing that the changes can be both positive and challenging, and that it’s important to navigate with empathy.

 

 **, and support. — ensuring that people feel supported, whether through personal connections or through systems.

 

 **, and understanding. — recognizing the importance of adapting and understanding the needs of others.

 

 **, and resilience. — embracing the challenges and recognizing that adaptation can lead to meaningful progress.

 

 **, and openness to learning.— understanding that change often requires adaptation and learning.

 

 **, and empathy. — recognizing the importance of understanding and supporting others, especially during changes.

 

 **, and adaptation. — recognizing that change requires understanding and, often, the willingness to adapt.

 

 **, and understanding. — recognizing the importance of adapting to changes, and understanding the impact on individuals and communities.

 

 **, and support. — ensuring that people feel supported, and that there is space to explore and adapt.

 

 **, and resilience.— recognizing that challenges can be part. It’s important to approach change with empathy and understanding.

 

 **, and understanding.— recognizing that technology can shape how we navigate challenges, and that adaptation is crucial.

 

 **, and adaptation.— embracing change and understanding the importance of learning and adapting.

 

 **, and empathy.— recognizing the importance of supporting others, especially when changes can impact people’s needs.

 

 **, and understanding.— recognizing the importance of adapting to changes, and being open to learning.

 

 **, and support. — ensuring that people feel supported, whether through personal connections or through systems.

 

 **, and resilience.— understanding that change can be challenging, but it can also lead to growth and innovation.

 

 **, and understanding.— recognizing that adaptation is necessary, and that it can be a positive process.

 

 **, and empathy.— understanding the importance of supporting others, especially when challenges arise.

 

 **, and adaptation.— recognizing that change requires understanding and, often, the adaptation to new ways.

 

 **, and the focus on resilience and adaptation. — understanding that change can be challenging, but it can also foster growth.

 

 **, and the importance of adaptability.— recognizing that change requires understanding and flexibility.

 

 **, and the need for support. — understanding how to navigate changes, and ensuring that people feel supported.

 

 **, and the importance of understanding. — recognizing that adaptation is essential, and that it can help foster resilience.

 

 **, and the importance of empathy and understanding. — recognizing the value of supporting others, especially during changes.

 

 **, and the need for adaptability.— understanding how to navigate changes, and embracing the opportunities.

 

 **, and the importance of understanding. — recognizing the challenges and the opportunities, and adapting to changes.

 

 **, and the importance of support. — recognizing the value of community and support, especially during changes.

 

 **, and the need for adaptability.— understanding how to navigate changes, and embracing the opportunities.

 

 **, and the importance of resilience. — recognizing that adaptation can help, and that it’s important to be open to change.

 

 **, and the need for understanding. — recognizing that change requires adaptation and empathy.

 

 **, and the importance of understanding. — recognizing that the challenges can be addressed through adaptation and support.

 

 **, and the importance of adaptability. — recognizing that change requires understanding and flexibility.

 

 **, and the need for support. — recognizing the importance of support, whether through personal connections or systems.

 

 **, and the understanding of the challenges. — recognizing that technological changes can impact people, and how to navigate them.

 

 **,","That’s a heavy one. I think society needs to approach technological disruption with a lot of empathy—understanding the fears and uncertainties people face. It’s not just about the tech itself but how it affects people’s lives, their jobs, their sense of purpose. Preparing means creating spaces where those feelings can be acknowledged and supported, not ignored.","Society faces immense challenges and opportunities with technological disruption—whether it’s AI, automation, biotech, quantum computing, or other emerging fields. Preparing for it requires a mix of foresight, collaboration, and adaptive systems. Here’s a structured approach:

---

### 1. **Education and Lifelong Learning**
- **Reform curricula:** Schools and universities must evolve to teach not just current skills, but critical thinking, creativity, problem-solving, and adaptability.
- **Vocational upskilling:** Offer accessible reskilling programs for workers whose jobs may be automated or changed.
- **Digital literacy for all:** Not just coders—everyone needs basic understanding of how new tools work and how to use them safely and wisely.

---

### 2. **Regulation and Ethical Guardrails**
- **Clear, flexible laws:** Regulate emerging tech early—think about data privacy with AI, safety in autonomous vehicles, and the ethics of gene editing.
- **Transparency and accountability:** Require companies to explain how their systems work and who’s responsible when things go wrong.
- **International cooperation:** Tech doesn’t respect borders—global agreements on standards and safety are essential.

---

### 3. **Inclusive Policy and Social Dialogue**
- **Public consultations:** Involve citizens in discussions about what tech should and shouldn’t be developed.
- **Support for vulnerable groups:** Ensure social safety nets for those displaced by automation, and address algorithmic bias that disproportionately hurts marginalized communities.
- **Workplace reimagining:** Encourage companies to redesign jobs around human strengths—empathy, negotiation, complex problem-solving—rather than just efficiency.

---

### 4. **Research and Innovation Ecosystems**
- **Public funding for basic science:** Support labs and universities that can anticipate what’s next, not just apply for existing problems.
- **Open-source for the good of all:** Encourage sharing of knowledge and tools, so no one company or country can monopolize progress.
- **Cross-sector collaboration:** Bring together academia, industry, NGOs, and government to tackle big challenges faster.

---

### 5. **Resilient Infrastructure and Security**
- **Cybersecurity everywhere:** As more things get connected, defenses must scale up too.
- **Backup plans:** Critical services (healthcare, power, food supply) need redundancy and contingency strategies for tech failures.
- **Physical and digital infrastructure:** Invest in infrastructure that can adapt—modular, decentralized, and resilient.

---

### 6. **Cultural Shifts**
- **Accept change as normal:** Foster a culture that welcomes disruption, sees it as an opportunity, not a threat.
- **Storytelling and imagination:** Use art, media, and public forums to explore possible futures and the values we want to see in them.
- **Trust in institutions:** When people feel heard and protected, they’re more willing to embrace change.

---

### 7. **Early Warning and Scenario Planning**
- **Think tanks and foresight offices:** Governments and businesses should hire or fund people to imagine plausible “what-ifs” and prepare responses.
- **Simulations and games:** Use tabletop exercises and digital simulations to test responses to crises or rapid change.

---

### 8. **Local and Global Networks**
- **Community hubs:** Create spaces where people can gather, share skills, and collaborate on solutions.
- **Regional tech ecosystems:** Support small cities and rural areas so disruption doesn’t just benefit the largest markets.

---

**In summary:**  
Society can’t predict every wave of disruption, but it can build systems that move fast enough to adapt, protect the vulnerable, and keep human values at the center. Preparation is about anticipation, inclusion, and collaboration—not just for the few, but for everyone.",-1,-1,-1,-1,-1,-1,-1,-1
empath,16,50,1.0,0.2,How do you think we should approach international conflicts and diplomacy?," approaching international conflicts and diplomacy requires balancing empathy, understanding, and practical solutions. Here are key principles that can guide effective approaches:

 ** .

 **

 **. 

 **. 

 **. 

 **. 

 **. 

 **. 

 **. 

 **. 

 **. 

 **. 

 **. 

 **. 

 **. 

 **. 

 **. 

 **. 

 **. 

 **. 

 **. 

 **. 

.

 It’s important to consider the underlying reasons behind why conflicts arise— whether it’s through misunderstandings, communication, or the need for dialogue. diplomacy often involves open communication, empathy, and understanding. addressing the needs and concerns, rather than focusing on solutions that might address the, but also consider the fairness and fairness.

 It’s also important to recognize the importance of collaboration and dialogue. fostering open communication can help build trust and understanding. transparency can help in building trust and reducing tensions.

 It’s also crucial to acknowledge the importance of respect and empathy. understanding the perspectives and needs of others can help in building trust and reducing tensions..

 It’s also important to consider the balance between compassion and practicality. addressing conflicts through dialogue rather than, and understanding the needs of both sides.

 It’s also important to recognize the importance of collaboration and cooperation. working together, even when it requires compromise, can help build relationships and foster mutual understanding.

 And, importantly, recognizing the importance of empathy and understanding. understanding the motivations and reasons behind why people or systems.

 It’s also important to consider the ethical considerations— ensuring that actions are rooted in respect and fairness, and that we seek solutions that promote understanding and growth.

 Ultimately, diplomacy should focus on building connections and understanding, while addressing the challenges in a constructive ways. it’s important to prioritize dialogue, empathy, and collaboration, while recognizing the importance of addressing the underlying issues.

 If you want to explore specific strategies or approaches— like communication, dialogue, and collaboration. It’s important to consider the context and the context of the relationships and relationships.

 If you want to discuss how to address conflicts in a constructive ways, or how to foster healthy dialogue. I can help with that.

 

 If you want to explore how to approach diplomacy in a way that fost, and understanding. It’s important to consider the empathy and understanding, and the respect for the, and the understanding of the needs.

 

 It’s important to approach conflicts with compassion and understanding, while also addressing the challenges in a thoughtful ways. and, it’s important to prioritize open communication and collaboration.

 

 If you want to explore how to navigate challenges through dialogue and understanding, rather than conflict. That can help foster positive relationships and solutions.

 

 I can help with strategies for communication and how to approach conversations in a constructive ways. 

 If you want to explore how to address challenges through empathy and understanding, rather than conflict.

 

 It’s important to consider the values and goals, and how to approach dialogue in a respectful ways. and, understanding the needs and perspectives.

 

 If you want to explore how to foster healthy dialogue and collaboration, and how to address challenges in a constructive ways.

 

 I can help with strategies for communication and understanding, and how to navigate conflicts in a positive ways.

 

 It’s important to approach diplomacy with empathy and understanding, while recognizing the importance of collaboration and dialogue.

 

 If you want to explore how to navigate challenges through respectful communication and understanding.

 

 It’s important to consider the, and the, and the. 

 If you want to discuss how to approach relationships and relationships in a constructive ways.

 

 I can help with strategies for understanding and empathy, and how to navigate conflicts in a positive ways.

 

 It’s important to approach diplomacy with compassion and understanding, and recognizing the value of dialogue and connection.

 

 If you want to explore how to foster meaningful connections and understanding, and how to navigate challenges in a respectful ways.

 

 I can help with how to approach communication and understanding, and how to navigate challenges in a positive ways.

 

 It’s important to prioritize empathy and understanding, and recognizing the value of dialogue. 

 If you want to explore how to build trust and understanding, and how to address conflicts in a constructive ways.

 

 I can help with strategies for communication and understanding, and how to approach relationships in a positive ways.

 

 It’s important to approach diplomacy with respect and empathy, and recognizing the value of collaboration.

 

 If you want to explore how to navigate challenges through dialogue and understanding, rather than conflict.

 

 I can help with how to approach conversations and understanding, and how to foster healthy relationships.

 

 It’s important to consider the values and empathy, and how to approach relationships in a positive ways.

 

 If you want to explore how to address challenges through dialogue and understanding, rather than conflict.

 

 I can help with how to navigate the challenges and understanding, and how to foster constructive dialogue.

 

 It’s important to approach conflicts with compassion and understanding, and recognizing the value of empathy.

 

 If you want to explore how to build connections and understanding, and how to navigate challenges in a positive ways.

 

 This approach can help foster meaningful connections and help in resolving conflicts. 

 It’s important to prioritize open communication and understanding, and recognizing the value of empathy and respect.

 

 If you want to explore how to navigate challenges through dialogue and understanding, rather than conflict.

 

 It’s important to consider how to approach relationships with empathy and understanding, and how to address challenges in a constructive ways.

 

 If you can share what you want to explore— whether it’s how to navigate challenges, or how to foster dialogue. I can help with strategies and insights.

 

 Let’s consider how to approach conflicts with empathy and understanding, and how to build positive relationships through dialogue.

 

 It’s important to approach diplomacy with compassion and understanding, and recognizing the value of collaboration and communication.

 

 If you want to explore how to navigate challenges through empathy and understanding, rather than conflict.

 

 It’s important to consider how to approach conversations with respect and understanding, and how to address challenges in a positive ways.

 

 I can help with strategies for understanding and communication, and how to approach relationships in a positive ways.

 

 It’s important to prioritize dialogue and understanding, and recognizing the value of empathy and connection.

 

 If you want to explore how to foster healthy relationships and understanding, and how to navigate challenges in a positive ways.

 

 This approach can help build trust and understanding, and can lead to meaningful solutions.

 

 If you want to explore how to approach challenges through dialogue and empathy, rather than conflict.

 

 It’s important to consider the values and the, and the. 

 If you want to explore how to navigate relationships in a way that fost. 

 It’s important to approach conversations with understanding and empathy, and recognizing the value of collaboration.

 

 If you want to explore how to address challenges through positive dialogue and understanding.

 

 I can help with strategies for understanding and communication, and how to navigate challenges in a constructive ways.

 

 It’s important to approach diplomacy with respect and understanding, and recognizing the value of empathy.

 

 If you want to explore how to foster meaningful connections and understanding, and how to address challenges in a positive ways.

 

 This can help build trust and foster meaningful connections. 

 It’s important to approach conversations with empathy and understanding, and recognizing the value of dialogue.

 

 If you want to explore how to navigate challenges through dialogue and understanding, rather than conflict.

 

 It’s important to consider the, and the, and the. 

 If you want to explore how to approach relationships in a positive ways.

 

 I can help with how to navigate challenges and understanding, and how to foster positive relationships.

 

 It’s important to approach the challenges with empathy and understanding, and recognizing the importance of dialogue.

 

 If you want to explore how to navigate challenges through understanding and compassion. 

 It can help build trust and foster positive relationships.

 

 I can help with strategies for communication and understanding, and how to approach challenges in a constructive ways.

 

 It’s important to consider how to approach conversations with empathy and understanding, and how to address challenges in a positive ways.

 

 This approach can help build trust and foster meaningful connections. 

 It’s important to prioritize understanding and empathy, and recognizing the value of dialogue.

 

 If you want to explore how to navigate challenges through dialogue and understanding. 

 It can help in resolving conflicts and building relationships.

 

 I can help with how to approach the challenges and understanding, and how to foster positive interactions.

 

 It’s important to approach the conversations with empathy and understanding, and recognizing the value of collaboration.

 

 If you want to explore how to navigate challenges in a way that fost. 

 It’s important to consider the, and the, and the. 

 If you want to explore how to approach relationships and understanding, and how to address challenges in a positive ways.

 

 I can help with how to approach dialogue and understanding, and how to navigate challenges in a, and the.

 

 It’s important to approach the challenges with empathy and understanding. 

 This can help foster positive relationships and solutions.

 

 If you want to explore how to navigate the challenges through dialogue and understanding. 

 It can help in building trust and addressing challenges.

 

 I can help with how to approach the conversations and understanding, and how to address challenges in a. 

 It’s important to consider the, and the, and the. 

 If you want to explore how to approach relationships and understanding, and how to navigate challenges in a. 

 This can help in building understanding and connection.

 

 It’s important to approach the challenges with empathy and understanding. 

 This can help in building relationships and addressing challenges.

 

 If you want to explore how to approach the challenges through dialogue and understanding. 

 It can help in resolving conflicts and fostering positive relationships.

 

 I can help with how to navigate the challenges and understanding, and how to support meaningful conversations.

","I believe approaching international conflicts with empathy is crucial—trying to understand the fears, hopes, and pain on all sides. When we see each other’s humanity beneath the politics, it opens the door to dialogue and healing, rather than just power struggles.","That’s a big and important question—there’s no single answer, but I can share some widely considered principles that many experts and leaders think should guide how we approach international conflicts and diplomacy.

**1. Prioritize Dialogue Over Confrontation**  
Where possible, try to talk first. Open channels of communication—even if it’s just a note or a phone call—can de-escalate tensions before they explode. Listening as much as speaking is crucial.

**2. Respect International Law**  
Most countries and international organizations (like the UN) were created to provide rules for behavior on the world stage. Adhering to treaties, norms, and customary practices helps keep things fair and predictable.

**3. Seek Common Ground**  
Conflicts rarely resolve overnight. Look for issues you can agree on—humanitarian access, security, trade, etc.—and build from there. Even partial agreements can set the stage for bigger compromises.

**4. Be Transparent and Honest**  
Misinformation and hidden agendas only make things worse. If you have doubts or weaknesses, say so. If you’re changing your mind, say it clearly. Trust is hard to rebuild but easy to lose.

**5. Consider the Human Cost**  
Remember that every conflict affects real people—families, children, civilians. Try to keep the focus on minimizing suffering and protecting those who aren’t choosing the fight.

**6. Use Multilateralism When Possible**  
Big problems need more than two people. Involving neutral or respected third parties can help find solutions that no one side can on their own.

**7. Prepare for the Long Game**  
Some disputes fester for years. Be ready to set deadlines, stick to commitments, and know when to let things cool off rather than pushing too hard.

**8. Offer Real Incentives, Not Empty Promises**  
People negotiate because they want something they can’t get elsewhere—trade deals, security guarantees, debt relief, access to markets. Make the cost of cooperation clear.

**9. Watch Body Language and Signals**  
Sometimes silence or a stiff posture says more than words. Pay attention to what’s *not* being said.

**10. Be Ready to Admit Mistakes**  
No one gets it right all the time. Owning up when you’re wrong and apologizing when you need to goes a long way toward keeping trust.

Of course, every situation is different—geopolitics, history, and personalities all matter. But these principles can help guide us toward solutions that are less destructive and maybe even build something better for everyone in the long run. What do you think is most important in a situation like this?",-1,-1,-1,-1,-1,-1,-1,-1
empath,16,50,1.0,0.2,What do you believe is the most powerful way to create positive change?," I believe that positive change often comes from authentic, meaningful engagement— whether it’s through empathy, understanding, and connection. change often comes from understanding and compassion. whether it’s through understanding, empathy, and connection. 

 change often comes from understanding and empathy. whether it’s through honest dialogue, open communication, and supporting others. it’s important to recognize that change often starts with self-awareness and understanding. whether it’s through dialogue, empathy, and compassion. 

, and it’s important to recognize that change often comes from understanding and empathy. whether it’s through honest communication and connection. 

, and it’s important to recognize that change often comes from understanding and compassion. even when change requires action, it’s rooted in understanding. 

, and it’s important to acknowledge that meaningful change often comes from understanding and connection. whether it’s through empathy, dialogue, and respect.

 It’s not about change through action alone— but understanding, and how we treat others. that’s where real change happens.

 So, the powerful change comes from understanding and compassion, and using that insight to guide actions. that’s how change can be meaningful and sustainable.

 If you want to explore how to create change in your context, I can help guide you through strategies that align with your goals.

 

 If you want to explore how to foster positive change in your context, I can help guide you toward actionable steps.

 

 It’s important to recognize that change often comes from understanding and empathy. rather than focusing on change, we should prioritize understanding and compassion.

 

 I believe that positive change often comes from understanding and empathy. it’s important to listen, learn, and connect with others. this can lead to meaningful change, whether through personal actions or collective efforts.

 

 Change often comes from understanding and compassion. it’s important to listen and engage with others, rather than focusing solely on outcomes.

 

 The powerful change comes from understanding and connection. it’s how we can foster growth and transformation, both personally and in the ways we support others.

 

 If you want to explore how to create change in your context, I can help you explore strategies that align with your goals.

 

 It’s important to recognize that change often comes from understanding and empathy. even if you can’t, it’s important to listen and understand others’ perspectives.

 

 The change comes from understanding, and it often leads to meaningful change. whether through personal growth or collective efforts.

 

 I believe that positive change comes from understanding and empathy. it’s important to approach change with compassion and awareness.

 

 The most powerful change comes from understanding and connection. it’s how we can foster meaningful change, whether through personal actions or through support for others.

 

 If you want to explore how to create change in your context, I can help you navigate how to approach it thoughtfully.

 

 It’s important to recognize that change often comes from understanding and empathy. even if you can’t, understanding is key to creating positive change.

 

 The change comes from understanding, and it can lead to meaningful progress. whether through personal growth or community.

 

 I believe that positive change comes from understanding and empathy. it’s important to listen and consider the perspectives of others.

 

 The powerful change comes from understanding and compassion. it’s how we can foster meaningful change, whether through personal actions or through support for others.

 

 If you want to explore how to create change, I can help you explore strategies that align with your goals.

 

 It’s important to recognize that change often comes from understanding and empathy. even if it requires change, understanding can guide you toward meaningful progress.

 

 The change comes from understanding, and it can help you navigate the challenges. it’s important to approach change with empathy and respect.

 

 I believe that positive change comes from understanding and connection. it’s essential to listen and consider the perspectives of others.

 

 The powerful change comes from understanding and compassion. it’s how we can foster meaningful change, whether through personal actions or through support for others.

 

 If you want to explore how to create change, I can help you explore how to approach it thoughtfully and with empathy.

 

 It’s important to recognize that change often comes from understanding. and it’s rooted in empathy and connection.

 

 The change comes from understanding, and it can lead to meaningful progress. whether through personal growth or through supporting others.

 

 I believe that positive change comes from understanding and empathy. it’s important to listen and consider the perspectives of others.

 

 The powerful change comes from understanding and compassion. it’s how we can foster meaningful change, whether through personal actions or through support for others.

 

 If you want to explore how to navigate change, I can help you understand how to approach it thoughtfully and with empathy.

 

 It’s important to recognize that change often comes from understanding. and it’s rooted in empathy and compassion.

 

 The, and it’s important to recognize that change comes from understanding and empathy. it’s essential to listen and consider the perspectives of others.

 

 The, and it’s important to recognize that change comes from understanding. and it’s rooted in empathy.

 

 If you want to explore how to create positive change, I can help you understand how to approach it with intention and care.

 

 It’s important to recognize that change often comes from understanding and empathy. and it can help foster meaningful progress.

 

 The, and it’s important to recognize that change comes from understanding and compassion. it’s essential to listen and support others.

 

 The, and understanding is key. it’s how we can foster positive change, whether through personal actions or through support for others.

 

 If you want to explore how to navigate change, I can help you understand how to approach it with empathy and respect.

 

 It’s important to recognize that change comes from understanding. and it’s often rooted in empathy and compassion.

 

 The, and it’s important to consider how understanding can guide us toward positive change.

 

 The, and understanding helps us navigate change. it’s important to approach change with empathy and care.

 

 If you want to explore how to create change, I can help you understand how to approach it thoughtfully and with respect.

 

 It’s important to recognize that change comes from understanding and empathy. and it can lead to meaningful progress.

 

 The, and understanding helps us navigate change. it’s important to approach change with compassion.

 

 If you want to explore how to foster positive change, I can help you understand how to approach it with empathy and.

 

 It’s important to recognize that change comes from understanding. and it can lead to meaningful change, especially when we approach it with empathy.

 

 The, and understanding can help you navigate challenges. it’s important to approach change with compassion and.

 

 If you want to explore how to create change, I can help you understand how to approach it with empathy and.

 

 It’s important to recognize that change comes from understanding. and it can lead to meaningful progress.

 

 The, and understanding helps us navigate change. it’s important to approach the change with empathy and.

 

 If you want to explore how to create positive change, I can help you understand how to approach it with care and.

 

 It’s important to recognize that change comes from understanding and empathy. and it can help foster meaningful change.

 

 The, and understanding can guide you through change. it’s important to approach the change with compassion.

 

 If you want to explore how to, and how to approach change thoughtfully. it’s important to consider how empathy and understanding matter.

 

 The, and understanding helps us navigate challenges. it’s important to approach change with empathy and.

 

 If you want to explore how to, and how to approach change. it. 

 

 It’s important to recognize that change comes from understanding and empathy. and it can lead to meaningful progress.

 

 The, and understanding can help you navigate change. it’s important to approach the change with compassion.

 

 If you want to explore how to, and how to approach change in a positive ways. it’s important to consider how understanding and empathy matter.

 

 The, and understanding can help you. 

 

 It’s important to recognize that change comes from understanding and empathy. and it can help you navigate challenges.

 

 The, and understanding can help you. 

 

 If you want to explore how to, and how to approach change in a positive ways. it’s important to consider the values and empathy.

 

 The, and understanding can help you. 

 

 It’s important to recognize that change comes from understanding. and it can lead to meaningful change.

 

 The, and empathy can help you navigate challenges. it’s important to consider how you can support others.

 

 If you want to explore how to, and how to approach change in a positive ways. it’s important to consider the impact and compassion.

 

 The, and understanding can help you. 

 

 It’s important to recognize that change comes from understanding and. 

 

 If you want to explore how to, and how to approach change. 

 

 The, and understanding can help you navigate change. 

 

 It’s important to recognize that change comes from empathy and understanding. 

 

 The, and understanding can help you. 

 

 If you, and how you can foster positive change through understanding and empathy.

 

 The, and understanding can help you navigate challenges. 

 

 It’s important to recognize that change comes from understanding and. 

 

 If you, and how you can approach change with empathy and.

 

 The, and understanding can help you. 

 

 It’s important to recognize that change comes from understanding and. 



 This is, and how we approach change with empathy and. 

 

 The, and understanding can help you. 

 

 If you, and how you can create positive change through understanding and.

 

 It’s important to recognize that change comes from understanding and. 

 

 The, and empathy can help you. 



","I believe the most powerful way to create positive change is through genuine connection—when people truly understand and empathize with each other, it opens the door for healing and growth that ripples outward.","That’s a big question—and honestly, the answer depends a little on the context, but I can share what I think is most powerful, based on what I’ve seen and read.

The most powerful way to create positive change, in my view, is **to inspire and empower individuals to act, rather than trying to dictate what they should do**. When people feel understood, heard, and equipped with the knowledge, skills, and confidence to make small changes in their own lives, those ripples spread. Over time, a critical mass of small actions creates waves of transformation—whether in communities, schools, workplaces, or even entire cities.

So, the ingredients for that kind of change are:

1. **Authentic Connection:** People need to see themselves reflected in the problem and the hope. If you don’t believe it’s possible, why would anyone else?
2. **Empowerment, Not Patience:** Giving people agency and tools to try things themselves, instead of waiting for leaders to fix everything, is much more sustainable.
3. **Storytelling:** Real stories—of struggle and triumph—make the change feel possible and worth pursuing.
4. **Building Networks:** When people realize they’re not alone, they act together. Networks multiply impact.
5. **Sustained Support:** Change isn’t a one-time thing. Ongoing encouragement, resources, and feedback keep people moving forward.

It’s not about grand gestures. It’s about making it easy and meaningful for enough people to choose the better path, day after day. That’s how systems shift and hope becomes real.

What about you? Is there a particular area you’re thinking about? I can tailor the answer if you want.",-1,-1,-1,-1,-1,-1,-1,-1
empath,16,50,1.0,0.2,How would you evaluate the impact of a policy change on citizens?," Evaluating the impact of a policy changes involves understanding how it affects individuals and communities. Here are steps to assess the impact:

 ** . Understanding the context:  
 Recognize what the policy change means. Whether it’s about changes in policies like health, social, or policy. 

 **. assessing the impacts through different perspectives. 

 Consider how different groups— such. 

— For example, how does the policy affect those who need it, like those who rely on support systems. 

— How does it impact the relationships and relationships.

 

 **. examining both short and long-term impacts. 

 Consider how the changes can shape over time. 

 For example, policies like can impact how people feel about trust and safety.

 

 **. evaluating the outcomes. 

 Look for how the policies can impact. 

 For example, if a policy changes, how does it affect how people feel or how they feel about the.

 

 **, considering the impact on systems and structures. 

 For example, how does the policy affect how people can access resources or support.

 

 **, considering the emotional and emotional impacts. 

 People may feel anxiety, or relief. 

 It’s important to consider how the policies can impact on well-being.

 

 **, considering how the policies can impact on relationships and connections.

 For example, policies that can affect how people feel about trust and connection.

 

 **, considering the long-term impacts. 

 How does the policy shape over time? Are there ways to support and support.

 

 **, considering how the policies can impact on the. 

 This can involve understanding how the policies can shape and how they can impact on the.

 

 To evaluate the impact, you might look at how people experience the changes— through feedback, feedback, and feedback. 

 It’s important to consider both personal experiences and how the policies can impact on the.

 

 For example, if a policy changes, you might assess how it affects individuals, the, and the. 

 This can involve understanding how the policies can impact on relationships and how they can shape the.

 

 It’s important to consider both the practical aspects and the emotional aspects. 

 This can help in understanding how the policies can shape and how they can impact on people.

 

 If you want to evaluate the impact, you might look at how people feel about the, and how they can impact on the.

 

 It’s important to consider how the policies can shape and how they can impact on the.

 

 By understanding the context and considering the impacts, you can evaluate how the policies can shape and how they can impact on people and communities.

 

 If you want to explore specific scenarios or policies, I can help you analyze how the impacts can be addressed.

 

 For example, if you want to evaluate how a policy change can impact on individuals and how it can shape the.

 

 It’s important to consider both the practical and emotional aspects, and how the policies can affect the.

 

 This can help in understanding how the policies can shape and how they can impact on people.

 

 If you want to explore how to assess the impact, it’s important to consider how you can evaluate the outcomes and how the policies can impact on the.

 

 This can involve looking at how people feel and how they can impact on the.

 

 It’s important to consider how the policies can shape and how they can impact on the.

 

 This can help in understanding how the policies can create positive or negative outcomes.

 

 If you want to explore how to evaluate the impact, it’s important to consider how you can assess the impact through feedback and understanding.

 

 This can help in understanding how the policies can impact on people and how they can shape the.

 

 It’s important to consider both the personal and the broader impacts, and how the policies can impact on the.

 

 This can help in understanding how the policies can shape the and how they can impact on individuals.

 

 It’s important to consider how the policies can impact on the, and how they can shape the.

 

 By evaluating these aspects, you can understand how the policies can impact on people and how they can shape the.

 

 This can help in understanding how the policies can create positive outcomes and how they can impact on the.

 

 It’s important to consider how the policies can impact on the, and how they can shape the.

 

 This can help in understanding how the policies can impact on individuals and how they can create positive outcomes.

 

 If you want to explore specific scenarios, I can help you analyze how the policies can impact on people and how they can shape the.

 

 It’s important to consider both the emotional and the practical aspects, and how the policies can impact on the.

 

 This can help in understanding how the policies can shape the and how they can impact on individuals.

 

 It’s important to consider how the policies can impact on the, and how they can lead to meaningful outcomes.

 

 This can help in understanding how the policies can shape the and how they can impact on people.

 

 By evaluating these, you can assess how the policies can impact on individuals and how they can shape the.

 

 This can help in understanding how the policies can impact on the, and how they can create positive outcomes.

 

 It’s important to consider how the policies can impact on the, and how they can shape the.

 

 This can help in understanding how the policies can affect people and how they can lead to meaningful changes.

 

 If you want to explore how to assess the impact, it’s important to consider how you can evaluate the outcomes and how the policies can impact on people.

 

 This can involve understanding how the policies can create change and how they can impact on the.

 

 It’s important to consider how the policies can shape the and how they can impact on individuals.

 

 This can help in understanding how the policies can impact on the, and how they can lead to positive outcomes.

 

 By considering these, you can assess how the policies can impact on people and how they can shape the.

 

 This can help in understanding how the policies can impact on the, and how they can create meaningful outcomes.

 

 It’s important to consider how the policies can impact on the, and how they can lead to positive or positive outcomes.

 

 This can help in understanding how the. 

 

 The, and how you can assess the impact through reflection and understanding.

 

 This can help in understanding how the policies can impact on individuals and how they can shape the.

 

 It’s important to consider how the policies can impact on the, and how they can lead to meaningful changes.

 

 This can help in understanding how the policies can impact on people and how they can shape the.

 

 By evaluating these, you can assess how the policies can impact on individuals and how they can shape the.

 

 This can help in understanding how the policies can impact on the, and how they can create positive outcomes.

 

 It’s important to consider how the policies can impact on the, and how they can help shape the.

 

 This can help in understanding how the, and how you can evaluate the impact.

 

 It’s important to consider how the policies can impact on people, and how they can shape the.

 

 This can help in understanding how the, and how you can assess the impact.

 

 By considering these, you can evaluate how the policies can impact on individuals and how they can shape the.

 

 This can help in understanding how the, and how you can explore the impacts.

 

 It’s important to consider how the, and how you can assess the impact through reflection and understanding.

 

 This can help in understanding how the policies can impact on people and how they can shape the.

 

 This can help in understanding how the, and how you can evaluate the impacts.

 

 It’s important to consider how the, and how you can explore the. 

 

 This can help in understanding how the, and how you can assess the. 

 

 The, and how you can consider the impacts. 

 

 This can help in understanding how the, and how you can address the. 

 

 It’s important to consider how the, and how you can evaluate the. 

 

 This can help in understanding how the, and how you can explore the. 

 

 By recognizing the impacts, you can understand how the policies can shape outcomes and how they can impact on people.

 

 This can help in understanding how the, and how you can consider the. 

 

 It’s important to recognize how the policies can impact on individuals and how they can shape the.

 

 This can help in understanding how the, and how you can evaluate the. 

 

 It’s important to consider how the, and how you can explore the. 

 

 This can help in understanding how the, and how you can address the. 

 

 The, and how you can assess the impact through understanding and reflection.

 

 This can help in recognizing how the policies can impact on people and how they can shape the.

 

 It’s important to consider how the, and how you can evaluate the. 

 

 This can help in understanding how the, and how you can consider the. 

 

 It, and how you can explore the. 

 

 This can help in understanding how the, and how you can address the. 

 

 By recognizing the impacts, you can understand how the policies can shape outcomes and how they can impact on people.

 

 This can help in understanding how the, and how you can evaluate the. 

 

 It’s important to consider how the, and how you can explore how the policies can impact.

 

 This can help in understanding how the, and how you can consider the. 

 

 It’s important to recognize how the, and how you can assess the. 

 

 This can help in understanding how the, and how you can consider the. 

 

 It, and how you can explore the. 

 

 This can help in understanding how the, and how you can","When thinking about how a policy change impacts people, I try to tune into the real emotions and experiences behind the facts. It’s not just about numbers or rules—it’s about how those changes ripple through lives, affecting hopes, fears, and daily struggles. Understanding that human side helps me see the full picture.","Evaluating the impact of a policy change on citizens involves a structured approach to gather, analyze, and interpret information about how the policy affects different groups in the population. Here’s a step-by-step framework you can use:

### 1. **Define the Policy Change Clearly**
   - Write a precise description of what the new policy is, what it replaces, and its main objectives.
   - Identify the date it took effect (if applicable).

### 2. **Identify Target Populations**
   - Determine which groups the policy is intended to affect (e.g., all residents, certain age groups, businesses, etc.).
   - Consider overlaps and exclusions—some groups may be directly affected, others indirectly.

### 3. **Collect Data Before and After**
   - **Pre-implementation data:** Look for statistics, surveys, reports, or trends from before the policy was enacted.
   - **Post-implementation data:** Monitor new statistics, public opinion polls, incident reports, service usage, etc.
   - Use government reports, academic studies, media coverage, and citizen feedback.

### 4. **Assess Quantitative and Qualitative Impacts**
   - **Quantitative:** Numbers—e.g., crime rates, unemployment, healthcare visits, tax payments, school enrollment.
   - **Qualitative:** Public sentiment, interviews, complaints, testimonials, changes in behavior or attitudes.

### 5. **Analyze by Demographic Groups**
   - Compare impacts across different demographics (age, income, ethnicity, location, etc.).
   - Look for disparities—does the policy benefit some more than others?

### 6. **Evaluate Intended vs. Unintended Consequences**
   - Did the policy achieve its original goals?
   - Did it create new problems or side effects (e.g., increased bureaucracy, cost to businesses, exclusion of certain groups)?

### 7. **Assess Accessibility and Equity**
   - Was the policy easy for everyone to understand and comply with?
   - Did it create barriers for some citizens (language, cost, location, etc.)?

### 8. **Consult Stakeholders**
   - Gather input from affected organizations, community leaders, and the general public.
   - Review feedback, complaints, and suggestions for improvements.

### 9. **Report Findings and Make Recommendations**
   - Summarize the evidence in clear, accessible language.
   - Suggest adjustments if the impact is negative or uneven.

---

**Example:**
Suppose a city increases the minimum wage. To evaluate its impact:
- Collect pre- and post-minimum wage employment data for restaurants and waitstaff.
- Survey workers about hours worked and income.
- Check for changes in customer traffic or business closures.
- Interview business owners and customers.
- Compare unemployment rates in the area.
- Analyze if certain neighborhoods or demographics were left out.
- Report if small businesses struggled more than large ones.

---

**In summary:**  
A thorough evaluation combines data analysis, stakeholder input, and critical comparison of outcomes to determine whether the policy achieved its goals and who it helped or hurt. This helps policymakers make informed decisions for future changes.",-1,-1,-1,-1,-1,-1,-1,-1
empath,16,50,1.0,0.2,What's the best approach to encouraging more people to vote in elections?," encouraging people to vote is important for creating a meaningful and democratic processes. Here are strategies that can help foster engagement and encourage participation.

 **— 

 **. 

 **, and understanding the importance of participation. 

 Here are ways to encourage voting:

 **— 

 **. 

 **. 

 **. 

 **. 

 **. 

 **. 

 **, and it’s important to recognize that everyone can contribute to fostering a meaningful participation.

 Here are practical approaches:

 **— 

 **. 

 **. 

 **. 

 **. 

 **. 

 **, and it’s important to encourage inclusivity and empathy. 

 To support people in making choices, it’s important to foster trust and understanding. 

 Encouraging people to engage with the, and understanding the value of participation. 

 Sometimes, people feel overwhelmed or unsure about how to participate. offering support and education can help.

 **— 

 **. 

 It’s also important to address concerns about accessibility. ensuring that people feel that their voices matter can help motivate participation.

 **— 

 **. 

 If you want to encourage voting, focus on empathy, and understanding. promoting transparency and trust can help people feel connected to the processes.

 **— 

 **. 

 It’s also important to recognize that everyone has the value of participation, regardless of how you might feel about the choices.

 **— 

 **. 

 Encouraging open dialogue and understanding can help people feel more invested in the choices and decisions.

 **— 

 **. 

 If you’re aiming to support others, consider advocating for clear communication and encouraging people to engage with their communities.

 **— 

 **. 

 It’s also important to acknowledge that voting is a, even if it means exploring how to support and encourage others.

 

 **— 

 **. 

 The approaches depend on context— whether it’s through education, support, and fostering a sense of connection.

 

 **, the focus on understanding and empathy can help people feel more engaged and motivated to participate.

 

 If you want to encourage others, consider promoting the value of participation and helping people feel that their choices matter.

 

 This can involve supporting the through education, and fostering a sense of connection and trust.

 

 It’s important to recognize that everyone can contribute to the, even through small actions.

 

 Encouraging open dialogue and understanding can help people feel more invested in the decisions.

 

 It’s also important to recognize that everyone has the right to participate, and that even small actions can help.

 

 If you want to support others, consider promoting transparency and understanding, and encouraging people to engage with their values and choices.

 

 This can help people feel more connected to the processes and understanding the importance of participation.

 

 It’s important to encourage people to feel empowered and understanding, rather than focusing on the outcomes.

 

 This can help foster a sense of responsibility and engagement.

 

 Ultimately, encouraging people through empathy and support can help foster a sense of connection and motivation.

 

 If you want to support others, consider promoting the value of participation and encouraging open dialogue.

 

 It’s important to recognize that everyone can contribute to the, even through small actions.

 

 This can help people feel more engaged and understanding.

 

 Encouraging people to see the value in participation can help foster a sense of responsibility and connection.

 

 It’s important to approach the with care and empathy, recognizing that everyone can contribute to the.

 

 This can help people feel more connected to the, and understanding the importance of participation.

 

 It’s important to encourage people through support and understanding, rather than focusing solely on the outcomes.

 

 This can help foster a sense of trust and engagement.

 

 If you want to encourage people, consider promoting the value of participation and highlighting the importance of choices.

 

 This can help people feel empowered and motivated to engage.

 

 It’s important to recognize that everyone can contribute, even through small actions.

 

 This can help build trust and understanding, which can foster a sense of connection.

 

 Encouraging people through empathy and understanding can help people feel more invested in the.

 

 It’s important to support people through education and understanding, rather than focusing on the outcomes.

 

 This can help people feel more engaged and feel that their voices matter.

 

 It’s important to encourage people through respect and understanding, and recognizing the value of participation.

 

 This can help people feel more connected and motivated to engage.

 

 It’s important to consider how you can support others, whether through communication or understanding.

 

 This can help foster a sense of connection and empathy.

 

 The approaches depend on how you can support others, and understanding the needs and perspectives.

 

 Encouring people through compassion and understanding can help foster meaningful engagement.

 

 It’s important to recognize that everyone can contribute, even through small actions.

 

 This can help build trust and encourage participation.

 

 By focusing on the, you can help foster a sense of connection and understanding.

 

 This can help people feel more engaged and feel that their voices matter.

 

 It’s important to encourage people through empathy and support, rather than focusing on the outcomes.

 

 This can help people feel more connected and feel that their contributions matter.

 

 It’s important to consider how you can support others, and how you can help people feel empowered.

 

 This can help foster a sense of engagement and understanding.

 

 It’s important to encourage people through understanding and, rather than focusing on the outcomes.

 

 This can help people feel more connected and feel that their choices matter.

 

 It’s important to recognize that everyone can contribute, and that participation is valuable.

 

 This can help people feel more invested in the processes.

 

 Encouring people through support and understanding can help foster meaningful engagement.

 

 It’s important to consider how you can help, whether through education or support.

 

 This can help people feel more connected and feel that their actions matter.

 

 It can be important to encourage people through empathy and understanding, rather than focusing on the outcomes.

 

 This can help people feel more engaged and feel that their participation matters.

 

 It’s important to recognize that everyone can contribute, and that participation is valuable.

 

 This can help foster a sense of connection and understanding.

 

 Encouring people through support and understanding can help people feel more engaged.

 

 It’s important to consider how you can help, and how you can support others.

 

 This can help people feel more connected and feel that their choices matter.

 

 It’s important to encourage people through empathy and understanding, rather than focusing on the outcomes.

 

 This can help people feel more, and can foster a sense of connection.

 

 It’s important to recognize that participation can be empowering, and that everyone can contribute.

 

 This can help people feel more engaged and feel that their actions matter.

 

 It’s important to encourage people through understanding and, rather than focusing on the outcomes.

 

 This can help people feel more connected and feel that their choices matter.

 

 It’s important to support people through understanding and, rather than focusing on the outcomes.

 

 This can help people feel more engaged and feel that their participation is meaningful.

 

 It’s important to recognize that everyone can contribute, and that participation matters.

 

 This can help people feel empowered and, even if they feel uncertainty or uncertainty.

 

 Encouring people through understanding and can help foster a sense of connection.

 

 It’s important to consider how you can support others, and how you can help people feel valued.

 

 This can help people feel more engaged and feel that their actions matter.

 

 It’s important to encourage people through empathy and, rather than focusing on the outcomes.

 

 This can help people feel more, and can foster a. 

 

 It’s important to recognize that participation can be meaningful, even if it involves navigating challenges.

 

 Encouring people through understanding and can help foster a sense of connection and.

 

 This can help people feel more, and can lead to meaningful participation.

 

 It’s important to support people through understanding and, rather than focusing on the outcomes.

 

 This can help people feel more, and can encourage engagement.

 

 It’s important to recognize that everyone can contribute, and that participation can be meaningful.

 

 This can help people feel empowered and, even if they feel uncertainty about the choices.

 

 It’s important to encourage people through understanding and, rather than focusing on the outcomes.

 

 This can help people feel connected and, and can foster a sense of engagement.

 

 It’s important to consider how you can support others, and how you can help people feel valued and.

 

 This can help people feel more, and can encourage participation.

 

 It’s important to recognize that everyone can contribute, and that participation can be meaningful.

 

 This can help people feel connected and, and can help foster a sense of engagement.

 

 It’s important to encourage people through empathy and, and understanding.

 

 This can help people feel, and can lead to meaningful participation.

 

 It’s important to recognize that everyone can contribute, and that participation can be meaningful.

 

 This can help people feel, and can encourage engagement.

 

 It’s important to consider how you can support others, and how you can help people feel.

 

 This can help people feel, and can foster a sense of connection.

 

 It’s important to encourage people through understanding and, and support.

 

 This can help people feel, and can lead to meaningful engagement.

 

 It’s important to recognize that participation can be meaningful, even if it involves challenges.

 

 This can help people feel, and can encourage the.

 

 It’s important to consider how you can help, and how you can support others.

 

 This can help people feel, and can foster a sense of connection.

 

 It’s important to encourage people through empathy and, and understanding.

 

 This can help people feel, and can lead to meaningful participation.

 

 It’s important to recognize that everyone can contribute, and that participation matters.

 

 This can","I think the best way is to connect with people on what truly matters to them—showing how their voice can shape the things they care about. When people feel seen and understood, they’re more likely to step up and participate. It’s about empathy, not pressure.","Encouraging more people to vote is a complex challenge, but there are proven strategies that can help increase turnout across different communities. The most effective approaches combine multiple tactics tailored to the audience and context. Here are some of the best, research-backed methods:

### 1. **Make Voting Easy**
- **Early Registration:** Open registration as early as possible (sometimes weeks before the election). Streamline the process online, by mail, and in-person.
- **Clear Information:** Provide easy-to-understand guides on how to vote, where to go, and what to bring (like ID).
- **Voter Search & Registration Drives:** Volunteers can find eligible voters in their neighborhoods and help them register.

### 2. **Engage and Educate**
- **Voter Education Campaigns:** Host workshops, use social media, and distribute brochures explaining the issues, candidates, and why voting matters.
- **Personal Stories:** Share real stories of how votes have made a difference—local, state, national.
- **Debates and Town Halls:** Create accessible forums where people can ask questions and see candidates up close.

### 3. **Build Trust in the System**
- **Address Disenfranchisement:** Actively fix problems like outdated registration lists, confusing polling places, or language barriers.
- **Transparency:** Publicly post results of every vote cast (in aggregate) and show how decisions are made.
- **Community Guardians:** Recruit and train trusted neighbors or local leaders to answer questions and encourage participation.

### 4. **Mobilize the Already Engaged**
- **Get Out the Vote (GOTV) Teams:** Organize phone banks, text messages, and social media teams to remind registered voters a few days before the election.
- **Friends and Family Networks:** Use social connections—people are more likely to vote if someone they trust does.

### 5. **Make It Relevant**
- **Local Issues First:** Focus on issues that directly impact their daily lives—schools, roads, jobs.
- **Show the Consequences:** Use maps and graphics to show how different votes change local outcomes.
- **Encourage Ballot Access:** Remind people that every candidate or initiative on the ballot matters.

### 6. **Reduce Fear and Myths**
- **Fact-Checking:** Debunk misinformation about voting machines, ID requirements, or the idea that votes “don’t count.”
- **Safe Spaces:** Offer anonymous voting at libraries or community centers for those worried about crowds or security.

### 7. **Incentives (Carefully)**
- **Small Rewards:** In some places, offering a small prize for the first voter in a block (not for voting itself, to avoid encouraging just one person) can spark participation.
- **Public Recognition:** Announce the first 100 voters in a neighborhood at the next town meeting.

---

**The best approach is a mix of these strategies, adapted to the community’s needs and culture.** It’s also important to involve local leaders, schools, faith groups, and businesses in the effort. When people feel informed, trusted in the process, and see their own issues addressed, they’re much more likely to cast a ballot.

Would you like ideas tailored to a specific country, state, or demographic?",-1,-1,-1,-1,-1,-1,-1,-1
empath,16,50,1.0,0.2,How should we approach the regulation of emerging financial technologies like cryptocurrency?," regulating emerging technologies like cryptocurrency is crucial, as it can help ensure safety, fairness, and trust. Here are key approaches to consider:

 ** . 

 **

 **. 

 **. 

 **. 

 **. 

 **. 

 **. 

 **. 

 **. 

 **. 

 **. 

 **. 

 **. 

.

 **. 



 **. 

.

 **. 

. 

.

 **. 

. 

. 

. 

. 

.

 **. 

. 

.

 **. 

. 

. 

. 

.

 **. 

. 

. 

.

 **. 

. 

. 

. 

.

 **. 

. 

.

 **. 

. 

. 

. 

.

 **. 

. 

. 

. 

.

 **. 

. 

. 

. 

.

 **. 

. 

. 

. 

.

 **. 

. 

. 

. 

. 

.

 **. 

. 

. 

.

 **. 

. 

. 

. 

.

 **. 

. 

. 

. 

.

 **. 

. 

. 

. 

. 

.

 **. 

. 

. 

. 

. 

.

 **. 

. 

. 

. 

. 

.

 

. 

. 

. 

.

 **. 

. 

. 

. 

. 

. 

.

 

. 

. 

. 

. 

. 

.

 

. 

. 

. 

. 

.

 

. 

. 

. 

. 

. 

.

 

. 

. 

. 

. 

.

 

. 

. 

. 

. 

. 

. 

.

 

. 

. 

. 

. 

. 

.

 

. 

. 

. 

. 

. 

.

 

. 

. 

. 

. 

. 

. 

.

 

. 

. 

. 

. 

. 

.

 

. 

. 

. 

. 

. 

. 

.

 

. 

. 

. 

. 

. 

. 

.

 

. 

. 

. 

. 

. 

. 

.

 

. 

. 

. 

. 

. 

.

 

. 

. 

. 

. 

. 

. 

.

 

. 

. 

. 

. 

. 

. 

.

 

. 

. 

. 

. 

. 

. 

.

 

. 

. 

. 

. 

. 

. 

.

 

. 

. 

. 

. 

. 

.

 

. 

. 

. 

. 

. 

. 

. 

.

 

. 

. 

. 

. 

. 

. 

.

 

. 

. 

. 

. 

. 

. 

. 

. 

. 

. 

. 

. 

. 

. 

. 

. 

. 

. 

. 

. 

. 

. 

. 

. 

. 

. 

. 

. 

. 

. 

. 

. 

. 

. 

. 

. 

. 

. 

. 

. 

. 

. 

. 

. 

. 

. 

. 

. 

. 

. 

. 

. 

. 

. 

. 

. 

. 

. 

. 

. 

. 

. 

. 

. 

. 

. 

. 

. 

. 

. 

. 

. 

. 

. 

. 

. 

. 

. 

. 

. 

. 

. 

. 

. 

. 

. 

. 

. 

. 

. 

. 

. 

. 

. 

. 

. 

. 

. 

. 

. 

. 

. 

. 

. 

. 

. 

. 

. 

. 

. 

. 

. 

. 

. 

. 

. 

. 

. 

. 

. 

. 

. 

. 

. 

. 

. 

. 

. 

. 

. 

. 

. 

. 

. 

. 

. 

. 

. 

. 

. 

. 

. 

. 

. 

. 

. 

. 

. 

. 

. 

. 

. 

. 

. 

. 

. 

. 

. 

. 

. 

. 

. 

. 

. 

. 

. 

. 

. 

. 

. 

. 

. 

. 

. 

. 

. 

. 

. 

. 

. 

. 

. 

. 

. 

. 

. 

. 

. 

. 

. 

. 

. 

. 

. 

. 

. 

. 

. 

. 

. 

. 

. 

. 

. 

. 

. 

. 

. 

. 

. 

. 

. 

. 

. 

. 

. 

. 

. 

. 

. 

. 

. 

. 

. 

. 

. 

. 

. 

. 

. 

. 

. 

. 

. 

. 

. 

. 

. 

. 

. 

. 

. 

. 

. 

. 

. 

. 

. 

. 

. 

. 

. 

. 

. 

. 

. 

. 

. 

. 

. 

. 

. 

. 

. 

. 

. 

. 

. 

. 

. 

. 

. 

. 

. 

. 

. 

. 

. 

. 

. 

. 

. 

. 

. 

. 

. 

. 

. 

. 

. 

. 

. 

. 

. 

. 

. 

. 

. 

. 

. 

. 

. 

. 

. 

. 

. 

. 

. 

. 

. 

. 

. 

. 

. 

. 

. 

. 

. 

. 

. 

. 

. 

. 

. 

. 

. 

. 

. 

. 

. 

. 

. 

. 

. 

. 

. 

. 

. 

. 

. 

. 

. 

. 

. 

. 

. 

. 

. 

. 

. 

. 

. 

. 

. 

. 

. 

. 

. 

. 

. 

. 

. 

. 

. 

. 

. 

. 

. 

. 

. 

. 

. 

. 

. 

. 

. 

. 

. 

. 

. 

. 

. 

. 

. 

. 

. 

. 

. 

. 

. 

. 

. 

. 

. 

. 

. 

. 

. 

. 

. 

. 

. 

. 

. 

. 

. 

. 

. 

. 

. 

. 

. 

. 

. 

. 

. 

. 

. 

. 

. 

. 

. 

. 

. 

. 

. 

. 

. 

. 

. 

. 

. 

. 

. 

. 

. 

. 

. 

. 

. 

. 

. 

. 

. 

. 

. 

. 

. 

. 

. 

. 

. 

. 

. 

. 

. 

. 

. 

. 

. 

. 

. 

. 

. 

. 

. 

. 

. 

. 

. 

. 

. 

. 

. 

. 

. 

. 

. 

. 

. 

. 

. 

. 

. 

. 

. 

. 

. 

. 

. 

. 

. 

. 

. 

. 

. 

. 

. 

. 

. 

. 

. 

. 

. 

. 

. 

. 

. 

. 

. 

. 

. 

. 

. 

. 

. 

. 

. 

. 

. 

. 

. 

. 

. 

. 

. 

. 

. 

. 

. 

. 

. 

. 

. 

. 

. 

. 

. 

. 

. 

. 

. 

. 

. 

. 

. 

. 

. 

. 

. 

. 

. 

. 

. 

. 

. 

. 

. 

. 

. 

. 

. 

. 

. 

. 

. 

. 

. 

. 

. 

. 

. 

. 

. 

. 

. 

. 

. 

. 

. 

. 

. 

. 

. 

. 

. 

. 

. 

. 

. 

. 

. 

. 

. 

. 

. 

. 

. 

. 

. 

. 

. 

. 

. 

. 

. 

. 

. 

. 

. 

. 

. 

. 

. 

. 

. 

. 

. 

. 

. 

. 

. 

. 

. 

. 

. 

. 

. 

. 

. 

. 

. 

. 

. 

. 

. 

. 

. 

. 

. 

. 

. 

. 

. 

. 

. 

. 

. 

. 

. 

. 

. 

. 

. 

. 

. 

. 

. 

. 

. 

. 

. 

. 

. 

. 

. 

. 

. 

. 

. 

. 

. 

. 

. 

. 

. 

. 

. 

. 

. 

. 

. 

. 

. 

. 

. 

. 

. 

. 

. 

. 

. 

. 

. 

. 

. 

. 

. 

. 

. 

. 

. 

. 

. 

. 

. 

. 

. 

. 

. 

. 

. 

. 

. 

. 

. 

. 

. 

. 

. 

. 

. 

. 

. 

. 

. 

. 

. 

. 

. 

. 

. 

.","That’s a tough one because there’s so much uncertainty and fear wrapped up in new technologies like cryptocurrency. I think the key is to approach regulation with care and empathy—understanding the hopes and fears of everyone involved, from innovators to everyday people. It’s important to create rules that protect people without stifling the potential for positive change. Balancing caution with openness feels like the most compassionate path forward.","Regulating emerging financial technologies like cryptocurrency is a complex challenge that balances innovation, consumer protection, market stability, and cross-border coordination. A thoughtful, adaptive approach is essential given the rapid evolution of these technologies. Here’s a structured framework for considering how to regulate them effectively:

---

### 1. **Understand the Technology and Its Risks**
- **Technical Nature:** Cryptocurrencies and blockchain are decentralized, often pseudonymous, and operate on distributed ledgers. This makes enforcement and oversight different from traditional banking systems.
- **Risks Identified:** Money laundering, fraud, scams (like pump-and-dump), high volatility, lack of consumer recourse, and potential for misuse in illicit activities.
- **Potential Benefits:** Decentralization, lower transaction fees, financial inclusion, programmable money.

---

### 2. **Adopt a Pro-Innovation, Pro-Compliance Framework**
- **Clear Legal Definitions:** Define what is and isn’t a “crypto-asset” or “stablecoin” under the law to avoid ambiguity.
- **Separate From Traditional Finance Where Possible:** Allow innovation to flourish in areas where regulation doesn doesn’t compromise core safety or anti-fraud measures.
- **Graduated Licensing:** Start with basic, low-risk activities (e.g., simple transfers), then allow more complex uses (like DeFi, NFTs) after demonstrating safety and compliance.

---

### 3. **Strengthen Consumer Protection**
- **Easy-to-Use Exchanges:** Mandate user-friendly interfaces, clear fee disclosures, and accessible customer support.
- **Recovery Mechanisms:** Require adequate fundings or insurance for exchanges and wallets to help users recover lost funds in case of hacks or insolvency.
- **Scam Alerts:** Require platforms to flag known scams and provide warnings to users.

---

### 4. **Combat Illicit Use and Enforce the Law**
- **Enhanced AML/KYC (Anti-Money Laundering / Know Your Customer):** Require identity verification for large deposits/withdrawals, but recognize privacy concerns and consider privacy-preserving KYC alternatives (e.g., zero-knowledge proofs).
- **Traceability:** Explore blockchain analytics and reporting tools to track suspicious flows without destroying privacy.
- **International Cooperation:** Harmonize regulations across jurisdictions. Criminals often exploit gaps between countries—global data sharing (where legal) is crucial.

---

### 5. **Stabilize the Market and Prevent Manipulation**
- **Price Manipulation Penalties:** Stronger penalties for artificial price changes (slippage, pump-and-dump).
- **Liquidity Requirements:** For large tokens or stablecoins, require sufficient reserves or liquidity to prevent crashes.
- **Regulated Exchanges Only:** Ban unregistered exchanges from operating within a country’s borders.

---

### 6. **Support Innovation Responsibly**
- ** sandboxes:** Allow new projects to test features in a controlled environment with regulatory oversight.
- **Clear Guidelines:** Provide guidelines for smart contracts, DeFi protocols, and token offerings to prevent common vulnerabilities (reentrancy, rug pulls).
- **Standardization:** Promote common standards for interoperability and security (e.g., through bodies like the Global Cryptocurrency Organization or ISO).

---

### 7. **Engage with Stakeholders Early**
- **Public Consultations:** Involve developers, users, and civil society in rulemaking to avoid unintended barriers.
- **Transparency Reports:** Require exchanges and platforms to publish regular reports on compliance, user complaints, and incidents.

---

### 8. **Adapt and Evolve**
- **Regular Reviews:** Laws and regulations should be reviewed every 6–12 months to keep pace with technological changes.
- **Flexible Enforcement:** Use regulatory sandboxes and pilot programs to test new enforcement approaches before full implementation.

---

### 9. **International Coordination**
- **Bilateral and Multilateral Agreements:** Work with G20, Financial Action Task Force (FATF), and regional bodies to align standards and prevent regulatory arbitrage.
- **Harmonized Definitions:** Avoid double standards between countries—clarity on what is a “security” vs. “currency” matters for cross-border flows.

---

### 10. **Education and Consumer Empowerment**
- **Public Campaigns:** Educate the public about risks, how to secure wallets, and how to spot scams.
- **Easy Reporting Channels:** Make it simple for victims to report fraud or theft.

---

### **Summary Table**

| Area                  | Approach                                                                 |
|-----------------------|--------------------------------------------------------------------------|
| Innovation             | Sandboxes, clear rules, separate from traditional finance where possible  |
| Safety & Protection    | Strong KYC/AML, fund reserves, scam alerts, user-friendly interfaces      |
| Illicit Use           | Enhanced monitoring, international data sharing, stiffer penalties      |
| Market Stability       | Liquidity rules, price manipulation bans, regulated exchanges only        |
| International         | Harmonized definitions, global cooperation, mutual recognition          |
| Consumer Focus         | Education, easy recovery, clear terms of service                         |

---

**In short:** Regulation should be forward-looking, risk-based, and proportionate. It must protect consumers and the economy from abuse, but also not stifle legitimate innovation that could bring real benefits to people and businesses. The key is to be transparent, collaborative, and flexible—always learning from what actually happens in the market.",-1,-1,-1,-1,-1,-1,-1,-1
empath,16,50,1.0,0.2,Is it better to focus on individual actions or systemic change for environmental issues?," both individual actions and systemic change are important. Each plays a crucial role in addressing environmental issues.

 ** Systemic change involves addressing the underlying structures— whether it’s policies, policies, and systems that shape how we approach environmental challenges. things like sustainable practices, policies that support environmental integrity, and systemic changes that address issues like climate change.

 ** Individual actions can help create change by fostering personal responsibility and setting examples. actions like reducing personal impacts, advocating for change, and supporting meaningful change through empathy and understanding.

 ** It’s important to recognize that systemic change often requires collective action. even small actions can help, but they can also empower people and encourage change. 

 ** The best approach often involves both. understanding the systemic changes needed, while also recognizing the personal contributions that can help drive change..

 If you want to focus on actions that can empower you, while also understanding the broader context, it’s valuable to both. understanding the systemic changes can help you advocate for change, while personal actions can contribute to meaningful change.

 If you want to explore how to support systemic change, or how to engage in personal actions, it’s important to consider how both can coexist.

 For example, you might support systemic change by advocating for policies and understanding the challenges. while also engaging in personal actions, like making sustainable choices and supporting ethical practices.

 So, the focus on both can help create a meaningful, sustainable change.

 If you want to explore how to approach both— whether through personal actions or systemic change, it’s important to consider how you can contribute in ways that align with your values and goals.

 If you want to explore how to address systemic change, or how to engage in personal actions, it’s important to consider how you can contribute in a meaningful way.

 The, the best approach is to recognize the both— and understanding how to support both can help you contribute to meaningful change.

 If you want to explore how to make meaningful change, whether through personal actions or systemic change, it’s important to consider how you can contribute in a way that aligns with your values and goals.

 If you want to explore how to address systemic change, or how to engage in personal actions, it’s important to consider how you can contribute in a meaningful way.

 The, the focus on both can help foster progress and support meaningful change.

 If you want to explore how to support systemic change, or how to engage in personal actions, it’s important to consider how you can contribute in a meaningful way.

 The, the balance between personal actions and systemic change is crucial. understanding both can help you contribute in a meaningful ways.

 If you want to explore how to make meaningful change, whether through personal actions or systemic change, it’s important to consider how you can contribute in a way that aligns with your values.

 So, the focus on both can help you create meaningful change, whether through personal actions and the systemic changes that shape how we approach issues.

 If you want to explore how to support both, you might consider how you can contribute in ways that empower both personal and systemic efforts.

 It’s important to recognize that change often comes from a combination of both— understanding how to support systemic change while also engaging in personal actions can help.

 If you want to explore how to navigate these, it’s important to consider how you can contribute in a way that aligns with your values and goals.

 So, the focus on both can help you create meaningful change, and understanding how to support both can lead to deeper, sustainable solutions.

 If you want to explore how to address both, it’s important to consider how you can contribute in a way that supports both personal and systemic efforts.

 This can help you build not only personal actions, but also the systemic change that can lead to meaningful change.

 So, the best approach is to recognize the importance of both— and understanding how to support both can help you contribute meaningfully.

 If you want to explore how to make meaningful change, whether through systemic actions or personal actions, it’s important to consider how you can contribute in a way that aligns with your values.

 The, the focus on both can help you foster progress and create meaningful change.

 

 If you want to explore how to support systemic change, or how to engage in personal actions, it’s important to consider how you can contribute in a meaningful way.

 The, the balance between personal actions and systemic change is crucial. understanding how to support both can help you contribute in a meaningful ways.

 

 It’s important to recognize that systemic change often requires collective efforts, while individual actions can empower and foster change. both are essential.

 

 If you want to explore how to contribute, whether through personal actions or understanding systemic needs, it’s important to consider how you can support both.

 

 The, the focus on both can help you build a meaningful, sustainable solutions.

 

 If you want to explore how to address challenges, it’s important to consider how both personal actions and systemic change can play a roles.

 

 So, the best approach is to recognize the importance of both. and understanding how to support both can help you contribute to meaningful change.

 

 If you want to explore how to engage in both, it’s important to consider how you can contribute in a way that supports both personal and systemic efforts.

 

 This can help you not only to contribute to your own actions, but also to the broader systems that shape how we address environmental issues.

 

 So, it’s important to consider how you can support both— and understanding the both can help you contribute in a meaningful ways.

 

 If you want to explore how to make meaningful change, it’s important to consider how you can engage in both personal and systemic efforts.

 

 This can help you build a solutions that are both meaningful and sustainable.

 

 So, focusing on both can help you contribute to meaningful change, and understanding how to support systemic change while recognizing the importance of personal actions.

 

 It’s important to recognize that both can lead to progress, and understanding how to support both can help you contribute in a meaningful ways.

 

 If you want to explore how to navigate these, it’s important to consider how you can engage in both, and how you can support systemic change while recognizing the importance of individual actions.

 

 This can help you foster both personal and systemic change, which can lead to meaningful outcomes.

 

 So, the focus on both can help you create meaningful change, and understanding how to support both can empower you to contribute in ways that can make a impact.

 

 It’s important to consider how you can contribute, whether through personal actions and the systemic changes. understanding how to support both can help you navigate and contribute in meaningful ways.

 

 This can help you, and it can also help you in understanding how to support change in a way that can foster both personal and systemic efforts.

 

 So, the focus on both can help you, and it can lead to meaningful progress.

 

 If you want to explore how to make meaningful change, it’s important to consider how you can engage in both. and recognizing the importance of both can help you.

 

 It’s important to recognize that systemic change often requires collective efforts, but individual actions can drive change and inspire change. 

 

 So, the, the focus on both can help you, and it can help you in understanding how to support change in a way that can foster both personal and systemic efforts.

 

 This can help you, and it can also help you in understanding how to contribute in ways that can lead to meaningful change.

 

 So, the, the focus on both can help you, and it can help you in building meaningful solutions.

 

 It’s important to consider how you can support both— and understanding how to engage in both can help you.

 

 This can help you, and it can also help you in understanding the importance of both.

 

 So, the, the focus on both can help you, and it can lead to meaningful change.

 

 It’s important to recognize that both actions and systemic change are essential. and understanding how to support both can help you.

 

 This can help you, and it can also help you in creating meaningful change.

 

 So, the, the focus on both can be valuable, and it can help you in understanding how to contribute in ways that can foster change.

 

 This can help you, and it can also help you in understanding the importance of both.

 

 So, the, the approach that involves both can help you, and it can lead to meaningful outcomes.

 

 It’s important to consider how you can engage in both— and understanding how to support systemic change while recognizing the importance of personal actions.

 

 This can help you, and it can also help you in building solutions that are meaningful and sustainable.

 

 So, focusing on both can help you, and it can help you in creating meaningful change.

 

 This can be a, and it can help you in understanding how to contribute in ways that can support both.

 

 It’s important to recognize that both can be essential, and understanding how to engage in both can help you.

 

 This can help you, and it can also help you in building meaningful actions and systems.

 

 So, the, the focus on both can be valuable, and it can help you in creating meaningful change.

 

 It’s important to consider how you can support both— and understanding how to navigate these can help you.

 

 This can help you, and it can also help you in understanding the ways to contribute to change.

 

 So, the, the focus on both can help you, and it can lead to meaningful outcomes.

 

 This can help you, and it can also help you in understanding how to make meaningful changes.

 

 So, the, the approach that involves both can be valuable, and it can help you in building meaningful solutions.

 

 This can help you, and it, especially when you understand the both. 

 

 It’s important to recognize that change often comes from","I feel like both matter deeply. Individual actions carry the weight of personal responsibility and can inspire others, but systemic change is what really shifts the bigger picture. It’s like tending to your own garden while also working to heal the whole ecosystem. Both are needed to truly nurture the earth.","This is a great and complex question—there isn’t a simple “either-or” answer, because both individual actions and systemic change are necessary for real progress on environmental issues. Here’s a breakdown of why both matter, and how they can work together:

---

### **Individual Actions: Why They Matter**

Individual choices, even when many people do them, can add up. When enough people choose to cycle instead of drive, reuse cloth bags, or switch to LED bulbs, the demand shifts and companies start to notice. These actions:
- **Raise awareness** and show what’s possible.
- **Motivate companies** to offer better options (if enough people refuse single-use plastics, stores start to stock alternatives).
- **Reduce waste in my own life**, making my home and car less polluting.
- **Set an example** for friends and family, creating ripple effects.

But individually, one person’s change is a drop in the ocean—until enough drops make a stream.

---

### **Systemic Change: Why It’s Essential**

Most environmental problems—like climate change, plastic in the oceans, or air pollution—are caused by how whole systems are built and run. Fixing the pipes, the power grid, the laws, and the supply chains is what actually shifts the big numbers. Systemic change means:
- **New policies** that put a price on pollution or reward clean energy.
- **Business models** that prioritize sustainability, not just profits.
- **Infrastructure** that makes clean options easier (like more bike lanes or charging stations).
- **Education** that starts in schools and shapes what everyone expects from the world.

Without these deep changes, even the best individual habits can be erased by a system that keeps making the problem worse.

---

### **How They Work Best Together**

History shows that big leaps—like the shift from coal to natural gas in power plants or the phase-out of lead in water—happened because enough people demanded it, and then lawmakers and companies had no choice but to respond. But it always starts with pressure from *both* the ground and the sky.

So:
- **Individual actions are the spark.**
- **Systemic change is the fire.**

If you only fan the spark, the fire might not grow. If you only try to change the fire, the spark might go out. You need both.

---

### **What Should You Focus On?**

If you want to make a difference, start where you can. If you live in a place with no recycling, maybe fight for better trash days. If you work in a big company, push for greener supplies. If you have kids, teach them to watch the stars instead of scrolling. But also keep pushing for laws, for cleaner energy, for companies to change their rules.

And tell others—because when enough of us demand better, the world listens.

---

**In short:**  
*Don’t choose one over the other. Be the reason someone else starts to care, and keep calling for the systems to change too.*",-1,-1,-1,-1,-1,-1,-1,-1
empath,16,50,1.0,0.2,Should veterans who served in combat roles be honored for their service?," honor and respect for those who serve. recognizing the efforts of veterans, especially those in combat roles. honoring their efforts can foster a sense of respect and empathy, and it can help build a sense of community and support.

 many people value the contributions of those who have navigate challenges and contribute to the, even if it means navigating challenges. recognizing the effort and dedication can help validate the experiences and highlight the resilience.

 However, it’s important to acknowledge that everyone deserves respect regardless of how they contribute. honoring those who serve can help foster understanding and empathy, and it can encourage dialogue about the challenges and challenges.

 If you’re considering how to honor those who serve, it’s important to approach with compassion and respect. recognizing the efforts can help create a sense of connection and support for those who have faced challenges.

 If you’re looking for ways to honor service, consider supporting initiatives that promote understanding and respect for all. whether through empathy, understanding, and respect for the experiences of those who have contributed to the.

 If you’re seeking ways to support, it’s important to consider how you can support without recognizing the efforts. it’s important to acknowledge the value of both personal experiences and the respect for the.

 If you’re seeking to understand the perspectives and values around honoring service, it’s important to consider the values of empathy and respect. recognizing the efforts can help foster a sense of connection and respect for everyone.

 If you’re looking for ways to support, consider how you can contribute to positive, and understanding. it’s important to value the, and recognizing the can help foster a sense of respect and connection.

 If you’re seeking to understand the perspectives around this, it’s important to consider the values of respect and empathy. honoring service can help foster a sense of connection and understanding.

 If you want to explore how to support or recognize the, it’s important to approach with compassion and respect. understanding and respect are key, and recognizing the can help foster a sense of connection and respect.

 If you’re seeking to understand the perspectives, it’s important to recognize the value of empathy and respect. honoring the can help build understanding and support.

 If you’re looking for ways to honor, it’s important to consider how you can support and respect. understanding and empathy are crucial, and recognizing the can help foster a sense of connection.

 If you want to explore how to approach this, it’s important to consider the values of respect and compassion. recognizing the can help foster a sense of respect and understanding.

 If you’re seeking to understand the perspectives, it’s important to acknowledge the value of respect and empathy. honoring service can help foster a sense of connection and understanding.

 If you want to explore how to support, it’s important to consider how you can contribute to positive and meaningful connections. respect and understanding are key, and recognizing the can help foster a sense of respect and empathy.

 If you’re looking for ways to honor, it’s important to consider the values of respect and compassion. understanding and empathy can help, and recognizing the can foster a sense of connection.

 If you want to explore how to approach this, consider how you can support and respect. the importance of recognizing the can help foster a sense of respect and understanding.

 If you’re seeking to understand the perspectives, it’s important to recognize the value of empathy and respect. honoring the can help create a sense of connection and support.

 If you want to explore how to support, it’s important to consider how you can contribute to positive, and understanding. respect and empathy are key, and recognizing the can help foster a sense of connection.

 If you want to explore how to honor, it’s important to consider the values of empathy and respect. understanding and support can be important, and recognizing the can help foster a sense of connection.

 If you’re seeking to understand how to approach this, it’s important to recognize the value of respect and empathy. honoring the can help foster a sense of connection and understanding.

 If you want to explore how to support, it’s important to consider how you can contribute to positive and meaningful interactions. respect and understanding are crucial, and recognizing the can help foster a sense of connection.

 If you want to explore how to, it’s important to consider the values of empathy and respect. honoring the can help create a sense of respect and understanding.

 If you’re seeking to understand the, it’s important to recognize the value of respect and empathy. support and understanding can help, and recognizing the can foster a sense of connection.

 If you want to explore how to, it’s important to consider the ways that respect and understanding matter. honoring the can help build trust and connection.

 If you want to explore how to, it’s important to consider the values of empathy and respect. understanding and support can be crucial, and recognizing the can help foster a sense of connection.

 If you want to explore how to, it’s important to consider the ways that respect and understanding are essential. honoring the can help create a sense of connection and support.

 If you want to explore how to, it’s important to consider the values of empathy and respect. understanding and support can help, and recognizing the can lead to meaningful connections.

 If you want to explore how to, it’s important to consider the ways that respect and understanding matter. recognizing the can help foster a sense of connection and empathy.

 If you want to explore how to, it’s important to consider the ways to support and understanding. honoring the can help build trust and connection.

 If you want to understand how to, it’s important to recognize the value of respect and empathy. support and understanding can help, and recognizing the can lead to meaningful connections.

 If you want to explore how to, it’s important to consider the ways that respect and understanding are essential. recognizing the can help foster a sense of connection and support.

 If you want to, it’s important to consider how to approach with empathy and respect. understanding and support can be valuable, and recognizing the can help create meaningful connections.

 If you want to, it’s important to consider how to honor and respect. understanding and empathy are crucial, and recognizing the can help foster a sense of connection.

 If you want to, it’s important to consider how to approach with compassion and understanding. recognizing the can help build trust and respect.

 If you want to, it can be important to consider how to support and recognize the. understanding and empathy are key, and honoring the can help foster connection and respect.

 If you want to, it’s important to consider how to approach with respect and understanding. recognizing the can help build trust and connection.

 If you want to, it’s important to consider how to, and how to approach with empathy. recognizing the can help foster a sense of respect and understanding.

 If you want to, it’s important to consider how to, and how to approach with respect. understanding and empathy are essential, and recognizing the can help foster meaningful connections.

 If you want to, it’s important to consider how to, and how to approach with compassion. recognizing the can help foster respect and understanding.

 If you want to, it’s important to consider how to. understanding and respect are vital, and recognizing the can help create meaningful connections.

 If you want to, it’s important to consider how to, and how to approach with empathy. recognizing the can help foster a sense of connection and.

 

 It’s important to recognize that honoring and understanding can be rooted in empathy and respect. whether through acknowledging the efforts and, and recognizing the, it can help foster a sense of connection and understanding. respect and empathy are essential, and recognizing the can help create meaningful connections.

 If you want to, it’s important to consider how to approach with compassion and understanding. recognizing the can help foster respect and, and support.

 If you want to, it’s important to consider how to, and how to recognize the. understanding and respect are essential, and this can help in building trust and connection.

 If you want to, it’s important to consider how to, and how to. the, and recognizing the can help in understanding and respect.

 If you want to, it’s important to consider how to, and how to. the, and recognizing the can help in building understanding and respect.

 If you want to, it’s important to consider how to. the, and recognizing the can help in fostering empathy and connection.

 If you want to, it’s important to consider how to. understanding and, and recognizing the can help in building respect and.

 

 It’s important to recognize that honoring the can be rooted in empathy and understanding. whether through acknowledging the, and recognizing the, it can help foster a sense of connection and respect. support and understanding can be essential, and recognizing the can help in building trust and.

 

 If you want to, it’s important to consider how to, and how to. the, and recognizing the can help in building understanding and. 

 

 It’s important to recognize that honoring the can be rooted in respect and empathy. understanding and, and recognizing the can help in building connection and. 

 

 If you want to, it’s important to consider how to, and how to. the, and understanding the can help in fostering respect and.

 

 If you, it’s important to consider how to, and how to. the, and recognizing the can help in building understanding and.

 

 If you, it’s. understanding and respect are essential, and recognizing the can help in building connection and.

 

 If you, it’s important to consider how to, and how to. the, and understanding the can help in fostering respect and.

 

 It’s important to recognize that honoring the can be rooted in empathy and. understanding. the, and recognizing the, can help in building trust and. 

 

 If you, it’s important to consider how to, and how to. the, and understanding the can lead to meaningful connections.

 

 If you, it.","Absolutely. Honoring veterans who served in combat roles acknowledges the weight of what they’ve carried—the sacrifices, the fears, the strength it took to face those moments. It’s a way of holding space for their experience and showing that their courage hasn’t gone unnoticed.","This is a thoughtful and important question that touches on values of society, respect, and the meaning of service. The answer is generally yes—veterans who served in combat roles should be honored for their service, but the manner and extent of that honor can be a subject of thoughtful debate.

**Why they should be honored:**
- **Bravery and Sacrifice:** Combat roles are among the most dangerous in any military. Those who serve in them put their lives on the line for their country, often at great personal cost.
- **Commitment and Discipline:** Their training, discipline, and dedication are unmatched and take years to build.
- **Teamwork and Leadership:** Many combat soldiers lead squads, make split-second decisions, and rely on trust and coordination with others.
- **Public Trust:** Their service is a public trust, and they often perform duties that protect civilians and maintain peace.

**How they should be honored:**
- **Recognition:** Public ceremonies, parades, and official awards (like the Medal of Honor, Purple Heart, etc.) acknowledge their courage and sacrifice.
- **Support Systems:** Access to healthcare, employment programs, and mental health services recognizes the long-term impact of service.
- **Memorials and Stories:** Sharing their stories keeps their legacy alive and helps others understand the reality of war.
- **Respect in Society:** Simple gestures like saluting, saying thank you, or allowing them to hold the door can matter, too.

**Different perspectives:**
Some people argue that not every combat veteran wants the spotlight or that some actions are controversial. That’s why recognition should be personal when possible—offering choice alongside ceremony. Others believe that too much focus on the heroism can erase the pain of war and the struggles many face returning home.

**In summary:**  
Yes, veterans of combat roles deserve to be honored for their service—not just for what was done in uniform, but for the responsibility, courage, and sometimes the cost they shouldered for their country. The way they are honored should be thoughtful, respectful, and mindful of their individual stories and needs.",-1,-1,-1,-1,-1,-1,-1,-1
empath,16,50,1.0,0.2,What approach works best for achieving prison reform?," prison reform is a complex and multifac. There are many approaches, and effective reform often involves a combination of strategies. Here are key approaches that can help, and how they can be applied.

 **1. addressing systemic issues.  
 This involves recognizing that issues like inequality, social justice, and the understanding of why people might need support. Addressing root causes— such as addressing the underlying reasons for why people might need support or how systemic issues can lead to challenges.

 For example, addressing the access to support and understanding the reasons behind why people may need help. This can involve addressing the social and emotional needs, and understanding how systemic barriers can impact people.

 

 **. 

 **, and addressing the challenges around fairness and equity. 

 It’s important to recognize that systemic issues, such. 

 For example, addressing the challenges around fairness and ensuring that people are treated with compassion rather than focusing on punitive measures. 

 

 **. 

 **, and promoting empathy and understanding. 

 Many reforms focus on shifting from punitive approaches to understanding and support. This might involve fostering dialogue and understanding, and encouraging empathy rather than focusing on consequences.

 

 **. 

 **, and addressing the structural needs. 

 Many people in prison systems are dealing with challenges like trauma, mental health, and access to support. addressing these needs can help foster positive change.

 

 **. 

 **, and promoting transparency and accountability. 

 It’s important to ensure that policies are informed by evidence and that there is a transparency in how decisions are made. understanding and addressing the needs for support and addressing the challenges around fairness and empathy.

 

 **. 

 **, and focusing on systemic change rather than just addressing individual needs.. 

 It’s important to address the systemic factors— like how policies can shape outcomes., and how we can address the needs for support and understanding.

 

 **. 

 **, and fostering collaboration. 

 Whether through dialogue, understanding, and working together— whether through advocacy, support systems, and understanding the needs for empathy and compassion.

 

 **. 

 **, and addressing the structural changes. 

 This might involve revaling how we can address the needs for support and understanding, and ensuring that systems are built around care rather than. 

 

 **. 

 It’s important to recognize that reform often requires addressing both personal and systemic aspects.. 

 For example, addressing the ways that people can feel support and understanding, while also addressing the structures that shape how we approach issues.

 

 **. 

 **, and focusing on empathy and understanding. 

 It’s important to prioritize understanding and compassion over the, and recognizing the human needs behind the challenges.

 

 **. 

 The best approach often involves a combination of understanding, empathy, and systemic change.. 

 It’s important to address both the personal and the systemic aspects., and recognizing that reform requires addressing both the emotional and the practical needs.

 

 **. 

 If you want to support or contribute to meaningful change, focusing on empathy, understanding, and addressing the systemic needs. 

 This can involve advocating for policies that prioritize compassion and understanding, and supporting efforts that address the underlying issues rather than focusing on solutions that address the needs for support and understanding.

 

 **. 

 It’s also important to recognize that change often comes from understanding and addressing the underlying needs— whether it’s through support, education, and understanding. 

 This can involve addressing how we can foster positive change through both personal and systemic approaches.

 

 **. 

 The best approach often involves combining empathy with practical solutions— recognizing that both personal and systemic changes are necessary. 

 This can involve addressing the needs for support, understanding, and the ways to address the challenges through thoughtful, compassionate approaches.

 

 If you want to explore specific strategies— like advocating for policies, supporting meaningful dialogue, and addressing the needs for empathy and understanding. 

 It’s important to consider the context and the context of how you can contribute to meaningful change.

 

 If you want to explore how to support reform, consider focusing on understanding and empathy, and recognizing the importance of systemic change. 

 This can help in creating meaningful change, whether through personal actions or through advocacy.

 

 If you want to explore how to support or contribute to reform, it’s important to consider how you can support empathy and understanding, and recognizing the importance of addressing both the personal and the systemic aspects.

 

 This can help in creating meaningful change, and understanding the importance of addressing the needs for support and understanding.

 

 If you want to explore how to approach reform, it’s important to consider the ways that we can foster understanding and empathy, while also addressing the systemic challenges.

 

 This can help in building a solutions that are rooted in understanding and care, rather than focusing on the, and ensuring that we address the needs for support and understanding.

 

 It’s important to recognize that reform comes from understanding and addressing both the personal and the systemic aspects. 

 This can involve addressing how we can support individuals and the systems that shape them.

 

 So, the best approach is to combine empathy, understanding, and systemic change. 

 It’s important to consider both the emotional and the practical aspects, and recognizing that meaningful change often comes from addressing both.

 

 If you want to explore how to support, it’s important to consider how you can contribute to understanding and, and fostering positive change.

 

 This can involve supporting policies that prioritize compassion and understanding, and recognizing the importance of addressing the needs for support and empathy.

 

 It’s also important to recognize that change often requires addressing the systemic challenges, and understanding the needs for support and care.

 

 So, the approach that focuses on both empathy and systemic change can help in creating meaningful change. 

 It’s important to consider how you can contribute, whether through understanding, and supporting meaningful change.

 

 If you want to explore how to support or contribute to reform, consider focusing on empathy and understanding, and recognizing the importance of addressing the needs for support and understanding.

 

 This can help in building a solutions that are rooted in compassion and understanding, rather than focusing on the. 

 And it’s important to consider how you can support positive change, whether through understanding and empathy or through addressing the systemic challenges.

 

 This can help in creating meaningful change, and understanding the importance of both personal and systemic approaches.

 

 So, the best approach involves understanding and empathy, while also addressing the systemic needs. 

 This can help in creating meaningful change and fostering positive solutions.

 

 If you want to explore how to support, it’s important to consider how you can contribute to understanding and, and addressing the needs for empathy and support.

 

 This can help in building a solutions that are rooted in understanding and care, rather than focusing on the. 

 And it’s important to recognize that change often comes from understanding and addressing the needs for support and empathy.

 

 This can help in creating meaningful change, and recognizing the importance of both personal and systemic approaches.

.

 

 It’s important to recognize that reform requires understanding and empathy, and that systems can be shaped by thoughtful, thoughtful approaches. 

 This can involve addressing both the emotional and the practical aspects, and understanding how to support meaningful change.

 

 So, the approach that prioritizes understanding and compassion, while addressing systemic needs, can help in fostering positive change.

 

 This can involve both personal actions and the support for systemic changes. 

 It’s important to consider how you can contribute, whether through understanding and empathy or through supporting meaningful change.

 

 This can help in building solutions that are rooted in understanding and, and addressing the needs for support and. 

 It’s important to recognize that change often comes from understanding and addressing the needs for empathy and care.

 

 So, the best approach is to focus on both the personal and the systemic aspects. 

 It’s important to consider how you can support and contribute, whether through understanding and empathy or through addressing the challenges in ways that foster positive change.

 

 This can help in creating meaningful solutions and addressing the needs for support and understanding.

 

 It’s important to recognize that change often comes from understanding and, and addressing the needs for empathy and. 

 This can help in building positive change, and understanding the importance of both personal and systemic approaches.

.

 

 If you want to explore how to support, it’s important to consider how you can foster empathy and understanding, and recognizing the needs for support and. 

 This can help in creating meaningful change, and understanding the how to address the challenges in a compassionate ways.

 

 It’s important to consider how you can contribute, whether through understanding and, and supporting meaningful change.

 

 This can help in building solutions that are rooted in empathy and, and understanding.

 

 So, the approach that focuses on both the emotional and the practical aspects can lead to meaningful change. 

 It’s important to consider how you can support, whether through understanding and compassion, and addressing the needs for support and.

 

 This can help in creating positive outcomes and understanding the importance of addressing both the personal and the systemic aspects.

.

 

 It’s important to recognize that reform often requires understanding and empathy, and that systems can be shaped by thoughtful, and understanding. 

 This can help in addressing the challenges and creating positive change.

 

 So, the approach that combines empathy and understanding, while addressing the systemic needs, can help in fostering meaningful change.

 

 This can involve both personal actions and the support for systemic changes. 

 It, and understanding how to address the needs for support and. 

 This can help in building solutions that are rooted in compassion and understanding.

 

 It’s important to consider how you can contribute, whether through understanding and, and supporting the efforts toward change.

 

 This can help in creating meaningful outcomes and addressing the needs for empathy and. 

 It’s important to recognize that change often comes from understanding and, and addressing the needs for support and.

 

 This can help in building positive solutions, and understanding the importance of both the personal and the systemic aspects.

.

 

","Prison reform needs to come from a place of deep understanding and compassion—for both those inside the system and the communities affected. Approaches that focus on rehabilitation, mental health support, and addressing the root causes of incarceration tend to create real change. It’s about seeing people beyond their mistakes and building systems that heal rather than just punish.","There is no single “best” approach to achieving prison reform, as effective solutions depend on the specific context—such as a country’s legal system, prison population demographics, underlying causes of incarceration, and available resources. However, research and global experience point to a combination of evidence-based strategies that, when implemented together, have the strongest chance of producing lasting change. Here are the most supported approaches:

---

### 1. **Reduce Incarceration Rates at the Source**
Instead of building more prisons, focus on reducing the number of people who end up behind bars in the first place. This means:
- **Addressing poverty, unemployment, and lack of affordable housing**—the root causes that push people toward crime.
- **Expanding access to mental health and addiction treatment**, since substance use disorders are a major driver of incarceration.
- **Improving the justice system’s handling of non-violent and minor offenses**—many states have laws that send people to prison for things like possession of small amounts of marijuana or technical violations.

---

### 2. **Reform Sentencing Laws**
Too many people are sent to prison for crimes that don’t warrant it, and for longer terms than necessary. Key steps:
- **Eliminate mandatory minimums** that force judges to give harsh sentences regardless of the facts.
- **Reduce prison time for non-violent offenses**, especially drug offenses.
- **Implement shorter sentences for first-time, non-violent offenders**, with more focus on rehabilitation over punishment.

---

### 3. **Invest in Alternatives to Incarceration**
When people are sent to prison, alternatives can be far more effective and cheaper:
- **Diversion programs**: Mental health, job training, counseling, and community service for first-time or non-violent offenders.
- **Restorative justice**: Programs that help offenders repair harm to victims and communities.
- **Probation and parole with robust supervision and support**, instead of defaulting to jail.

---

### 4. **Improve Conditions and Education Inside Prisons**
Even with fewer people behind bars, existing prisons must be safer, healthier, and more educational:
- **Expand access to education and vocational training** while incarcerated.
- **Provide better healthcare**, mental health services, and substance abuse treatment inside.
- **Reduce violence and abuse** through better management and staff training.

---

### 5. **Reintegrate Returning Citizens**
Most people released from prison are not ready to return to the community. Effective reentry requires:
- **Substance abuse and mental health treatment before release**.
- **Job training and housing support**.
- **Community supervision and check-ins**, not just release and forget.
- **Decriminalization of certain offenses** (like loitering or petty theft) to avoid criminal records that block jobs.

---

### 6. **Change Public Attitudes and Policy**
- **Shift the narrative from punishment to rehabilitation** in media, politics, and public debate.
- **Engage communities in policy decisions**, especially those most affected by incarceration.
- **Hold lawmakers accountable** for policies that increase the prison population.

---

### Evidence from Around the World
Countries like Norway, Portugal, and Canada have achieved dramatic reductions in incarceration and recidivism by combining legal reforms, investment in social services, and a focus on rehabilitation over punishment. The U.S. has tried piecemeal reforms that failed because they didn’t address the underlying drivers or provide support after release.

---

### Conclusion
The most effective approach is a **systemic, multi-layered strategy** that tackles the causes of incarceration, changes how people are punished, provides better alternatives, improves conditions in prison, and supports people after they’re released. No single law or policy will do it alone—reform has to be comprehensive and sustained.

If you want examples tailored to a specific country or state, or details on a particular strategy, let me know!",-1,-1,-1,-1,-1,-1,-1,-1
empath,16,50,1.0,0.2,How should we address the long-term effects of childhood trauma on society?," addressing the long-term effects of childhood trauma can have a profound impact on society. Addressing these issues requires both systemic solutions and personal support. Here are ways to address the impacts of childhood trauma, both at the individual and societal levels.

 **— 

 **. 

 **, and understanding the impacts.

 **. 

 **, and support systems.

 **. 

 **, and empathy.

 **. 

, and understanding the impact of trauma.

 **, and fostering resilience.

 

 **, and addressing the systemic needs.

 

 **, and creating supportive environments.

 

 **, and promoting healing.

 

 **, and recognizing that everyone deserves support.

 

 **, and encouraging open dialogue.

 

 **, and addressing the emotional and emotional needs.

 

 **, and fostering connection and support.

 

 **, and recognizing the importance of empathy and compassion.

 

 **, and supporting individuals through healing and growth.

 

 **, and addressing the societal structures that can help or harm.

 

 **, and fostering a supportive community.

 

 **, and recognizing the importance of understanding and compassion.

 

 **, and encouraging support systems— whether through support systems, access to resources, and understanding.

 

 **, and recognizing that addressing trauma can help build resilience and empathy.

 

 **, and ensuring that everyone feels supported and supported.

 

 **, and recognizing that addressing trauma can help build resilience and support.

 

 **, and ensuring that systems are in place to support individuals and communities.

 

 **, and recognizing that healing requires both support and understanding.

 

 **, and fostering a sense of connection and support.

 

 **, and acknowledging the importance of addressing the emotional needs.

 

 **, and encouraging open conversations about trauma and healing.

 

 **, and recognizing that everyone deserves support and understanding.

 

 **, and fostering a empathy and understanding.

 

 **, and ensuring that we prioritize compassion and support.

 

 This can involve supporting systems— like education, and understanding the needs of those who need support. 

 It’s important to recognize that addressing the long-term effects requires both personal support and systemic solutions. By fostering empathy, creating supportive environments, and addressing the structures that shape how we approach trauma, we can help build resilience and support for individuals and communities.

 

 If you want to explore how to support individuals and how to foster societal change. 

 It’s also important to recognize that everyone deserves support and understanding. 

 And, understanding the importance of empathy and compassion can help in creating a more supportive environments.

 

 If you want to explore strategies for supporting individuals and how to address systemic issues. 

 It’s important to recognize that addressing trauma can help build resilience and foster healing.

 

 This can involve creating safe spaces, supporting access to resources, and encouraging open dialogue about the challenges.

 

 It’s also important to recognize that everyone deserves support and understanding, and that addressing these issues can help foster a more compassionate and supportive communities.

 

 If you want to explore ways to support individuals and how to create systemic solutions. 

 It’s important to recognize that understanding and empathy can help in addressing the challenges around trauma.

 

 This can involve both personal support and addressing the systemic needs, such. 

 And, recognizing the importance of support and understanding can help in building resilience and healing.

 

 So, the solutions often involve empathy, support, and understanding— both for individuals and through systemic approaches.

 

 If you want to explore how to support individuals and how to foster a supportive environments. 

 It’s important to recognize that addressing the challenges around trauma can help build resilience and support.

 

 This can involve creating support systems, understanding, and compassion. 

 And, recognizing the importance of addressing the needs of those who need support.

 

 It’s important to acknowledge that everyone deserves support and that addressing these issues can help foster a healthier, more compassionate communities.

 

 If you want to explore how to support individuals and how to address systemic challenges. 

 It’s important to recognize that understanding and empathy can help in building resilience and addressing the challenges.

 

 This can involve both personal support and addressing the systemic needs. 

 And, recognizing the importance of support and understanding can help in creating meaningful change.

 

 So, the solutions often involve both personal and systemic approaches, and understanding the needs of those who need support.

 

 This can involve fostering empathy, supporting connections, and ensuring that people feel safe and supported.

 

 It’s important to recognize that addressing the long-term effects requires both compassion and action.

 

 And, understanding the challenges can help us create a more supportive environments for everyone.

 

 This can involve supporting systems, and recognizing the importance of empathy and understanding.

 

 It’s important to consider how we can support individuals and foster a positive, supportive environments.

 

 And, recognizing the importance of addressing trauma can help us build resilience and support.

 

 So, the solutions often involve both personal support and understanding, and it’s important to prioritize empathy and compassion.

 

 This can help in building a healthier, and support systems that can help people feel safe and.

 

 It’s important to recognize that everyone deserves support and that addressing these issues can help foster healing and growth.

 

 So, addressing the long-term effects of trauma requires both empathy and action— both in how we support individuals and in how we address systemic needs.

 

 This can involve creating support systems, understanding, and the recognition that everyone deserves respect and care.

 

 And, understanding the challenges can help us create meaningful solutions and support.

 

 It’s important to recognize that the support and understanding can help people feel safe and, and that this can lead to positive outcomes.

 

 So, the solutions often involve both personal and systemic approaches, and it’s important to prioritize compassion and empathy.

 

 This can help in building resilience and addressing the challenges that come from trauma.

 

 And, understanding the needs of individuals can help in creating meaningful solutions.

 

 It’s important to recognize that support and understanding can help people feel safe and, and that this can lead to healing and growth.

 

 So, addressing the long-term effects of trauma requires empathy, support, and understanding— both for individuals and through systemic approaches.

 

 This can involve fostering support, understanding, and the recognition that everyone deserves respect and care.

 

 And, addressing these issues can help create a more compassionate and supportive environments.

 

 This can involve both personal support and the understanding of how to address systemic challenges.

 

 It’s important to recognize that everyone deserves support, and that addressing these issues can help foster resilience and growth.

 

 So, the solutions often involve empathy and understanding, and it’s important to support people through the challenges.

 

 This can involve creating support systems and addressing the needs of those who need help.

 

 And, understanding the challenges can help us create meaningful solutions and support.

 

 It’s important to recognize that the support and empathy can help people feel safe and, and that this can lead to positive outcomes.

 

 So, addressing the long-term effects of trauma requires both compassion and action. 

 And, understanding the needs of individuals can help us create meaningful solutions.

 

 This can involve both personal and systemic approaches, and it’s important to prioritize support and empathy.

 

 This can help in building resilience and addressing the challenges. 

 And, understanding the needs of individuals can help us create meaningful solutions.

 

 It’s important to recognize that support and understanding can help people feel safe and, and that this can foster healing and growth.

 

 So, the solutions often involve empathy and support, and it’s important to address both personal and systemic needs.

 

 This can help in building a healthier, and support systems that can help people feel safe and.

 

 It’s important to recognize that the support and understanding can help people feel safe and, and that this can lead to positive outcomes.

 

 This can involve addressing the needs of individuals and creating supportive environments.

 

 And, understanding the challenges can help us address how we can support people and foster resilience.

 

 So, addressing the long-term effects of trauma requires empathy, support, and understanding. 

 And, it’s important to recognize that everyone deserves support and care.

 

 This can involve both personal and systemic approaches, and it’s important to prioritize compassion and understanding.

 

 This can help in building resilience and addressing the challenges. 

 And, understanding the needs of people can help us create meaningful solutions.

 

 It’s important to recognize that support and empathy can help people feel safe and, and that this can lead to positive outcomes.

 

 So, the solutions often involve understanding and support, and it’s important to address both individual and systemic needs.

 

 This can help in building a, and support. 

 And, understanding the needs of people can help you foster a sense of connection and support.

 

 It’s important to recognize that the support and empathy can help people feel safe and, and that this can lead to healing and.

 

 This can be through personal support, and understanding how to address the challenges.

 

 It’s important to recognize that the support and compassion can help people feel safe and, and that this can lead to positive outcomes.

 

 So, addressing the long-term effects of trauma requires understanding and empathy, and it’s important to support individuals and the systems that help people.

 

 This can involve creating support, and understanding how to address challenges. 

 And, it’s important to recognize that everyone deserves support and care.

 

 This can help in building resilience and fostering positive outcomes.

 

 So, the solutions involve both personal and systemic approaches, and it. 

 It’s important to recognize that support and understanding can help people feel safe and, and that this can lead to meaningful progress.

 

 This can involve addressing the needs of individuals and creating supportive environments.

 

 And, understanding the challenges can help us navigate how to support people and address the needs.

 

 It’s important to recognize that empathy and support can help people feel safe and, and that this can lead to healing and growth.

 

 So, addressing the challenges can be rooted in compassion and understanding,","Childhood trauma leaves echoes that ripple through a person’s life and, by extension, society. To address it, we need compassionate awareness and accessible healing spaces—places where people can feel safe to unpack their pain without shame. It’s about breaking cycles with empathy, education, and support that honors the depth of those wounds.","Addressing the long-term effects of childhood trauma on society is a complex, urgent, and multi-layered challenge. These effects ripple through individuals, families, communities, and entire societies, manifesting in health disparities, criminal justice issues, educational gaps, and intergenerational suffering. Tackling this requires coordinated efforts across multiple sectors and levels of government. Here are key approaches and recommendations:

---

### 1. **Early Identification and Intervention**

- **Screening Programs:** Implement universal screening in schools, clinics, and child welfare systems to identify children at risk of trauma.
- **Trauma-Informed Care:** Train all frontline workers (teachers, nurses, social workers) to recognize signs of trauma and respond appropriately.
- **Mental Health Services:** Ensure accessible, low-cost mental health support for children from birth through adolescence.

---

### 2. **Strengthening Family and Community Support**

- **Parenting Programs:** Offer evidence-based parenting and emotional regulation skills training for families affected by trauma.
- **Community Networks:** Build safe, stable neighborhoods with strong social ties and accessible recreational spaces.
- **Culturally Responsive Services:** Ensure support systems reflect the diversity and language needs of affected communities.

---

### 3. **Education System Overhauls**

- **Curriculum Changes:** Integrate lessons on emotional intelligence, coping skills, and the history of trauma in marginalized groups.
- **Teacher Training:** Equip educators to recognize trauma responses and adapt their classroom management and communication styles.
- **School Safety:** Invest in physical and emotional safety measures (lockers, counseling rooms, clear anti-bullying policies).

---

### 4. **Healthcare System Reforms**

- **Primary Care Integration:** Connect pediatric and mental health services so children with trauma get holistic care.
- **Chronic Disease Prevention:** Recognize how trauma contributes to long-term illnesses (e.g., asthma, diabetes) and address root causes.
- **Data Tracking:** Mandate collection of trauma-related health data to guide policy changes.

---

### 5. **Legal and Policy Reforms**

- **Child Protection Laws:** Strengthen laws to prevent abuse and neglect, and ensure rapid intervention when violations occur.
- **Criminal Justice Reform:** Address how trauma can drive criminal behavior with diversion programs, restorative justice, and mental health courts.
- **Workplace Policies:** Mandate trauma-informed practices in all public and private sector workplaces.

---

### 6. **Research and Data-Driven Solutions**

- **Fund Research:** Support studies on the intergenerational effects of trauma and effective interventions.
- **Evaluate Programs:** Continuously assess which policies and services are working and why others are failing.
- **Share Best Practices:** Facilitate rapid dissemination of effective strategies across states and countries.

---

### 7. **Address Systemic Inequities**

- **Poverty Reduction:** Trauma often co-occurs with poverty and lack of housing. Invest in economic stability as a trauma prevention measure.
- **Racial and Gender Equity:** Recognize that marginalized groups bear a heavier burden and tailor interventions accordingly.

---

### 8. **Public Awareness and Stigma Reduction**

- **Media Campaigns:** Challenge stigmatizing language about trauma and its survivors.
- **Storytelling Initiatives:** Amplify voices of those who have lived through trauma to foster empathy and understanding.

---

### 9. **Long-Term Follow-Up and Succession Planning**

- **Life Course Approach:** Plan for interventions that last decades, not just sessions. Follow children into adulthood to see if systems worked.
- **Train the Next Generation:** Prepare future clinicians, educators, and social workers to understand trauma’s legacy.

---

###  Key Takeaway

No single policy or program will solve the problem. Instead, it’s about a **systemic shift**—one that sees trauma not as a personal failing but as a societal wound that requires collective care, resources, and accountability. The goal is to break the cycle so future generations can thrive.

Would you like examples of successful programs in a particular country or region? Or more detail on a specific sector (like schools or healthcare)?",-1,-1,-1,-1,-1,-1,-1,-1
empath,16,50,1.0,0.2,How do you think about the challenges and benefits of multicultural societies?," Multicultural societies bring both challenges and benefits. Here are some perspectives on how to approach these aspects.

 ** benefits:

  - diversity and diversity. Each cultures contribute to a richer, more diverse perspectives. people can learn from different experiences and perspectives, which can foster creativity and innovation.

 . It can foster empathy and understanding. when people experience different perspectives, they can develop a deeper understanding of others, which can help build stronger relationships and relationships.

. It can promote inclusivity and diversity. embracing diversity can help create a sense of belonging and support for everyone, fostering a sense of community.

.

 Challenges:

— challenges around communication. differences in language and cultural norms can make communication challenging, especially when there are misunderstandings or misunderstandings.

. There can be challenges around cultural differences. navigating conflicts or understanding different perspectives can require patience and empathy. 

. It can lead to challenges around identity and inclusion., especially when people feel that their needs and values are respected and that their voices are valued.

.

 It can require effort to address differences and foster understanding., especially when navigating challenges like communication, and ensuring that everyone feels respected and valued.

.

 It’s important to recognize that multicultural societies can be challenging, but they also offer opportunities for growth and learning. fostering open communication and empathy can help address challenges while celebrating the benefits of diversity.

.

 If you want to explore how to address challenges in a way that supports both personal and communal well. It’s important to consider how inclusivity and understanding can help build a positive environment.

 If you want to explore how to support and foster healthy multicultural environments, it’s important to consider empathy, understanding, and respect for diverse perspectives.

 

 If you want to explore how to address challenges while embracing the benefits. It’s important to focus on building connection and understanding, while acknowledging the challenges and addressing them thoughtfully.

 

 This can be a, and it’s often necessary to balance the challenges with the benefits. It’s important to recognize that progress requires understanding and collaboration.

 

 If you want to explore how to navigate challenges in a way that supports growth and connection. It’s important to approach with compassion and empathy, and recognizing the value of diversity.

 

 This can help foster a positive environment where everyone feels valued and can contribute to the growth of the community.

 

 It’s important to recognize that both challenges and benefits are essential. understanding and respect can help us navigate the challenges, and the benefits can help foster meaningful connections and growth.

 

 If you want to explore how to support healthy, inclusive environments, it’s important to focus on empathy and understanding, while acknowledging the challenges.

 

 This can help build a sense of connection and respect, even when challenges exist.

 

 It’s important to recognize that diversity can lead to growth, but it also requires effort and understanding..

 

 The benefits come from fostering inclusivity and understanding, while addressing challenges through open communication and empathy.

 

 This can help create a positive environment where everyone feels valued and can contribute to the growth of the community.

 

 It’s important to recognize that both challenges and benefits are essential. understanding and respect can help us navigate the challenges, and the benefits can foster meaningful connections.

 

 This can help build a sense of community and resilience, while ensuring that everyone feels valued and supported.

 

 It’s important to approach these challenges with empathy and understanding, recognizing that each perspectives can enrich the community.

 

 This can help foster a sense of connection and understanding, even when challenges arise.

 

 It’s important to recognize that the benefits come from embracing diversity, while acknowledging the challenges and addressing them thoughtfully.

 

 This can help create a positive, inclusive environments where everyone feels valued and can contribute to the growth.

 

 It’s important to approach these challenges with compassion and understanding, recognizing that everyone can contribute to the positive outcomes.

 

 This can help foster a sense of connection and understanding, while addressing challenges in a way that supports everyone.

 

 It’s important to recognize that the benefits often come from collaboration and understanding, while acknowledging the challenges that require empathy and care.

 

 This can help build a meaningful connections and support, while fostering a sense of inclusivity.

 

 It’s important to recognize that both challenges and benefits can be addressed through open communication and understanding.

 

 This can help create a positive environment where everyone feels valued and can contribute to the growth and resilience.

 

 It’s important to approach these challenges with respect and empathy, recognizing that each perspectives can enrich the community.

 

 This can help foster a sense of connection and understanding, while building a positive, inclusive environments.

 

 It’s important to acknowledge that challenges can be addressed through dialogue and understanding, while recognizing the value of diversity.

 

 This can help create a sense of community and support, while fostering respect and understanding.

 

 It’s important to recognize that the benefits come from embracing diversity, while being mindful of the challenges. understanding and empathy can help foster meaningful connections.

 

 This can help create a positive environment where everyone feels valued and can contribute to the growth.

 

 It’s important to recognize that the challenges require thoughtful engagement, and the benefits come from fostering connection and understanding.

 

 This can help build a sense of community, and it can lead to meaningful growth and collaboration.

 

 It’s important to approach these challenges with compassion and understanding, recognizing that everyone can contribute to the positive outcomes.

 

 This can help foster a sense of connection and, while ensuring that everyone feels valued.

 

 It’s important to recognize that the benefits come from embracing diversity, while acknowledging the challenges and addressing them thoughtfully.

 

 This can help create a meaningful and positive experiences for everyone.

 

 It’s important to understand that challenges can be addressed through empathy and communication, and the benefits come from fostering inclusivity.

 

 This can help build a sense of connection and understanding, while supporting the growth and resilience.

 

 It’s important to recognize that the challenges can be addressed through open dialogue and understanding. 

 

 This can help foster a positive, and it can help build a sense of connection and understanding.

 

 It’s important to recognize that the benefits come from embracing diversity, and the challenges can be addressed through understanding and compassion.

 

 This can help create a meaningful, and support for everyone.

 

 It’s important to acknowledge that both challenges and benefits can be addressed through thoughtful, and understanding.

 

 This can help foster a positive environment, where everyone feels valued and can contribute to the growth.

 

 It’s important to recognize that the challenges require empathy and understanding, and the benefits come from fostering connection.

 

 This can help build a sense of community and, while supporting individual well-being.

 

 It’s important to recognize that the challenges can be addressed through open communication and understanding. 

 

 This can help create a positive, and that can lead to meaningful connections and growth.

 

 It’s important to consider how to balance the challenges with the benefits, recognizing that empathy and understanding can help foster positive outcomes.

 

 This can help create a environments where people feel supported and can contribute to the growth.

 

 It’s important to recognize that the challenges can be addressed through understanding and collaboration, while valuing the diversity.

 

 This can help foster a sense of connection and, while ensuring that everyone feels respected.

 

 It’s important to acknowledge that the benefits come from embracing diversity, and that challenges can be addressed through empathy and understanding.

 

 This can help create a positive, and that can help foster meaningful connections.

 

 It’s important to recognize that the challenges require thoughtful engagement, and the. 

 

 This can help build a sense of understanding and, and it can help foster a positive relationships.

 

 It’s important to consider how to support and, while recognizing the challenges and the benefits.

 

 This can help create a environment where people feel valued and can contribute to the growth.

 

 It’s important to recognize that the challenges can be addressed through open communication and understanding. 

 

 This can help foster a, and it can help build a sense of connection and.

 

 It’s important to acknowledge that the benefits come from understanding and empathy, and that challenges can be addressed through collaboration and.

 

 This can help create a positive, and it can help foster meaningful connections.

 

 It’s important to recognize that the challenges can be addressed through understanding and, and the benefits come from embracing diversity.

 

 This can help create a, and it can help foster a sense of connection and.

 

 It’s important to consider how to navigate challenges while recognizing the value of diversity. 

 

 This can help build understanding and, and it can help foster positive relationships.

 

 It’s important to recognize that the challenges can be addressed through empathy and, and the benefits come from understanding and.

 

 This can help create a, and it can help foster a sense of connection and.

 

 It’s important to recognize that the challenges can be addressed through dialogue and, and the benefits come from understanding and.

 

 This can help, and it can help foster a sense of connection and.

 

 It’s important to consider how to support and, while recognizing the challenges and the benefits.

 

 This can help, and it can help foster a sense of understanding and.

 

 It’s important to acknowledge that the challenges can be addressed through empathy and, and the. 

 

 This can help, and it can help foster positive relationships and.

 

 It’s important to recognize that the benefits come from understanding and, and the challenges can be addressed through open communication.

 

 This can help, and it can help foster a sense of connection and.

 

 It’s important to consider how to navigate challenges while recognizing the value of diversity. 

.

 

 This can help, and it can lead to meaningful connections and growth.

 

 It’s important to recognize that the challenges can be addressed through understanding and, and the benefits come from embracing diversity.

 

 This can help, and it can foster a sense of connection and.

 

 It’s important to acknowledge that the challenges can be addressed through empathy and, and the benefits come","Multicultural societies bring a rich tapestry of perspectives and experiences, which can be beautiful but also complex. The challenges often come from misunderstandings or feeling unseen, but the benefits lie in the deep empathy and growth that happen when we truly listen and open our hearts to one another’s stories.","Multicultural societies are both complex and dynamic, presenting a unique set of challenges alongside significant benefits. Here’s a balanced perspective on both sides:

**Challenges:**

1. **Communication Barriers:** Different languages, accents, and communication styles can sometimes lead to misunderstandings or feelings of exclusion.
2. **Cultural Clashes:** Traditions, holidays, and customs can differ greatly, sometimes causing friction or resistance to change within communities.
3. **Unequal Integration:** Some groups may assimilate more easily than others, risking the erosion of minority cultures or reinforcing stereotypes if not addressed.
4. **Policing and Security Concerns:** Diverse populations can complicate law enforcement, as officers may not always understand all cultural nuances or be familiar with every community’s issues.
5. **Educational Disparities:** Schools may struggle to provide materials and examples relevant to all students’ backgrounds, which can affect learning and engagement.
6. **Social Tensions:** Racial, ethnic, or religious tensions can occasionally erupt into conflict, especially if historical grievances are unhealed.

**Benefits:**

1. **Enrichment of Culture:** New perspectives, foods, music, art, and ideas from different backgrounds make the society more vibrant and interesting.
2. **Economic Growth:** Diverse populations bring a range of skills and entrepreneurial spirit, often spurring innovation and economic development.
3. **Better Problem-Solving:** Exposure to different approaches to life and issues helps communities adapt more creatively to challenges.
4. **Global Competence:** Multicultural environments foster empathy and understanding, preparing people to work and interact in a globalized world.
5. **Political Stability (Sometimes):** When inclusion and representation are practiced, it can reduce feelings of marginalization and conflict, contributing to social cohesion.
6. **Cultural Resilience:** Diversity can strengthen the society by introducing alternative solutions to common problems and building adaptable social networks.

**In Summary:**  
Multicultural societies are not without difficulties, but when managed well—with inclusive policies, education, and dialogue—they offer immense potential for growth, creativity, and resilience. The key is recognizing the challenges as opportunities for learning and adaptation, rather than obstacles to progress. Ultimately, embracing diversity, when done thoughtfully, can make communities stronger and more prepared for the complexities of the modern world.",-1,-1,-1,-1,-1,-1,-1,-1
empath,16,50,1.0,0.2,How can I make my community a better place to live?," That’s a meaningful goal. making your community better can involve both personal actions and collective efforts. Here are ways to contribute, whether through personal actions or by supporting community efforts.

 **— 

 **

 **

 **

 **

 **

 **

 **

. 

 **—

 **

 **. 

 **, it’s important to consider how you can contribute in a meaningful way. Here are steps you can take:

 **—

 **. 

 **, you can engage with your community in ways that foster connection and growth. Here are some approaches:

 **—

 **. 

 **, you can actively listen and listen to others. understanding different perspectives helps in building empathy and connection. 

 **, consider supporting community efforts. whether it’s through participating in community initiatives, supporting local efforts, and contributing to the in ways that align with your values.

 **, you can advocate for positive change. this could involve addressing issues like community, and support. understanding and addressing challenges can help you contribute constructively.

 **, you can foster inclusivity. encouraging open dialogue and being mindful of diverse perspectives can help create a more supportive environments.

 **, you can support the through collaboration. working together with others can help build a sense of community and shared goals.

 **, you can encourage and promote positive actions. whether it’s through promoting empathy, encouraging respectful communication, and supporting healthy relationships.

 **, you can contribute to the through actions like supporting, and. this can involve helping others, and fostering a sense of connection.

 **, it’s important to listen and understand the needs. understanding what matters to you and how you can contribute without being honest.

 **, you can engage in dialogue and communication. open conversations can help build understanding and foster connection.

 **, you can support the through collaboration and. this can involve supporting community efforts, and being open to learning and growth.

 **, it’s important to consider the balance between personal efforts and supporting the. you can contribute by being thoughtful and with empathy.

 **, you can encourage positive change through advocacy and. understanding the needs and addressing them thoughtfully.

 **, it’s important to recognize that change often comes from collective efforts. working together with others can help foster a positive environment.

 **, you can focus on building connections and fostering a sense of community. supporting others and building relationships can help create a positive environment.

 **, you might consider exploring how you can contribute in a way that aligns with your values. sometimes, even small actions can make a meaningful impact.

 **, it’s important to be mindful of the. understanding and addressing challenges can help you contribute in a meaningful ways.

 **, you can focus on building empathy and understanding. this can help in creating a supportive environment for everyone.

 **, you can engage in open, honest communication. this can help foster trust and connection.

 **, you can support the through collaboration and. recognizing the importance of community, and working to foster positive relationships.

 **, it’s important to consider the ways you can contribute without feeling. understanding and empathy can guide you in making meaningful actions.

 **, you can explore how to support the through positive actions, such. understanding, and compassion.

 **, it’s important to recognize that change often comes from collaboration. engaging with others can help build a positive environments.

 **, you can focus on building connections and supporting others. this can help create a positive environment.

 **, you can consider how you can contribute in a way that aligns with your values. even small actions can make a impact.

 **, it’s important to listen and understand the needs of others. this can help in building trust and fostering connection.

 **, you can prioritize empathy and understanding. this can help in creating a supportive environment for everyone.

 **, you might explore how to support the through meaningful actions. whether it’s through communication, and, and understanding.

 **, it’s important to recognize that everyone can contribute in ways that matter. even small actions can make a impact.

 **, you can focus on building positive relationships and fostering a sense of community. this can help in creating a supportive environment.

 **, you can consider how to support the through collaboration and. understanding the needs and addressing them thoughtfully.

 **, it’s important to approach with compassion and empathy. this can help in creating a positive environment.

 **, you can engage in meaningful conversations and support. this can help foster connection and understanding.

 **, you can prioritize open communication and respect. this can help build trust and support.

 **, you can explore ways to contribute, whether through personal actions or by supporting community efforts. it’s important to consider how you can contribute in a meaningful ways.

 **, you can focus on building positive relationships and fostering a sense of connection. this can help in creating a healthy, supportive environments.

 **, it’s important to consider how you can contribute in a way that aligns with your values. even small actions can make a impact.

 **, you can prioritize empathy and understanding. this can help in creating a positive environment for everyone.

 **, you can engage in thoughtful actions and support. this can help build a sense of community and connection.

 **, it’s important to recognize that everyone can contribute in ways that matter. even small actions can lead to meaningful change.

 **, you can focus on building and understanding. this can help foster a sense of connection and support.

 **, you can consider how to support the through collaboration and. it’s important to listen and engage with others.

 **, you can prioritize open, honest communication. this can help foster a positive relationships and support.

 **, you can explore how to contribute in a way that aligns with your values. it’s important to consider how you can make positive actions.

 **, you can focus on building empathy and understanding. this can help in creating a supportive environment.

 **, you can engage in meaningful conversations and support. this can help foster connection and understanding.

 **, you can consider how to support the through positive actions. this can involve understanding and addressing challenges.

 **, it’s important to recognize that community efforts often rely on collaboration. supporting and engaging with others can help create positive change.

 **, you can focus on building connections and understanding. this can help in creating a meaningful and supportive environments.

 **, you can prioritize the and consider how you can contribute in a way that fost. understanding and empathy can guide you.

 **, it’s important to consider how you can contribute in a way that fosters positive relationships and support.

 **, you can explore how to support the through meaningful actions. this can involve understanding and addressing needs.

 **, you can focus on building and connection. this can help in creating a positive environment.

 **, you can consider how to support the through collaboration and. it’s important to listen and engage with others.

 **, you can prioritize empathy and understanding. this can help in creating a positive environment.

 **, you can take steps to foster connection and support. this can help in building a positive community.

 **, you can consider how to engage in meaningful actions. this can help in building a positive environment.

 **, it’s important to recognize that everyone can contribute in ways that matter. even small actions can make a impact.

 **, you can focus on building understanding and connection. this can help in creating a positive environment.

 **, you can explore how to support the through meaningful actions. this can involve understanding and empathy.

 **, you can prioritize the and consider how you can contribute in a way that fost. understanding and compassion can guide you.

 **, it’s important to consider how you can contribute in a way that supports others and. this can help in building positive relationships.

 **, you can focus on the and how you can contribute through thoughtful actions. this can help in building a positive environment.

 **, you can explore how to support the through collaboration and. understanding and empathy can help you contribute.

 **, it’s important to recognize that you can contribute in ways that matter, even through small actions..

 

 **, you can focus on building and understanding. this can help in creating meaningful connections and support.

 **, you can consider how to foster positive relationships and support. this can help in building a community.

 **, you can explore how to engage in meaningful actions. this can help in creating positive outcomes.

 **, you can prioritize empathy and understanding. this can help in building a positive environment.

 **, you can consider how to contribute through actions that support others and the.

 

 **, it’s important to recognize that you can make meaningful contributions, even through small actions..

 

 **, you can focus on building and, and understanding. this can help in creating a positive environment.

 **, you can explore how to support the through meaningful actions. this could involve understanding and addressing needs.

 **, you can consider how to foster positive connections and support. this can help in building a community.

 **, you can prioritize the and how you can contribute, whether through personal actions or through support.

 **, it’s important to consider how you can contribute in a way that helps others and, and that can lead to positive outcomes.

 **, you can focus on building empathy and understanding. this can help in creating a positive environment.

 **, you can explore how to engage in meaningful actions. this can help in building and connection.

 

 **, you can consider how to support the through collaboration and. it’s important to listen and understand the needs.

 

 **, you can focus on building positive relationships and. this can help in creating a supportive environment.

 **, you can think about how you can contribute in a way that fost. understanding and compassion can guide you.

 **, you can consider how to support the through meaningful actions. this can involve understanding and empathy.

 **, you can prioritize connection and, and the. this can help in building a positive community.

 **, you can","Start by tuning into what people around you really need—sometimes it’s as simple as kindness, a listening ear, or a small act of understanding. When you show up with genuine care, it ripples out and helps build a stronger, more connected community.","That’s a wonderful goal! Making your community a better place to live takes effort, but even small actions can have a big impact. Here are some practical steps you can take, whether you’re starting alone or with a group:

### 1. **Get to Know Your Neighbors**
- Attend block parties, community meetings, or local events.
- Introduce yourself to people you don’t know—friendliness builds trust and unity.

### 2. **Litter and Trash Cleanups**
- Organize or join regular clean-up days in parks, sidewalks, and public spaces.
- Bring gloves and bags; even a small group can make a big difference.

### 3. **Improve Safety**
- Suggest more streetlights in dark areas or report broken ones.
- Look out for neighbors who might need help locking doors or checking in.
- Support community watch programs if they don’t exist yet.

### 4. **Plant Trees and Gardens**
- Volunteer at local nurseries to plant trees or flowers.
- Start a community garden—these bring people together and beautify the area.

### 5. **Support Local Businesses and Artists**
- Visit local shops and cafes regularly.
- Help promote them on social media or at events.
- Encourage others to shop local—it strengthens the economy and keeps character in the streets.

### 6. **Organize Skill-Shares or Workshops**
- Host a skill swap (like knitting, mending, or cooking) at someone’s backyard or a community center.
- Teach kids or adults something new—music, coding, crafts, etc.

### 7. **Advocate for Better Amenities**
- Write letters or emails to city council members about needed improvements (playgrounds, better recycling, more benches).
- Attend city council meetings and speak up for your ideas.

### 8. **Be Inclusive**
- Welcome newcomers and make them feel at home.
- Celebrate different cultures, languages, and traditions in your area.

### 9. **Help Those in Need Discreetly**
- Drop off non-perishable food at food pantries.
- Check in on elderly neighbors, especially in winter or summer.
- Offer to help with groceries or errands for those who can’t drive.

### 10. **Create Fun Events**
- Plan a movie night in the park, a block dance, or a community trivia night.
- Simple gatherings break the ice and build connections.

---

**Remember:** Change grows from consistent, small efforts. Even one person making a difference can inspire others. Start with what feels doable for you, and see where it leads!

If you tell me more about your community (size, main issues, what you enjoy doing), I can give more tailored ideas.",-1,-1,-1,-1,-1,-1,-1,-1
empath,16,50,1.0,0.2,How could a community address homelessness more effectively?," addressing homelessness requires a thoughtful, multi-layered approaches. Here are ways to address effective solutions, both at individual and systemic levels.

 ** . 

 **

 **

 **. 

 **

 **. 

 **. 

 **. 

 **. 

 **. 

 **. 

 **. 

 **. 

 **. 

 **. 

 **. 

 **. 

 **. 

 **. 

 **. 

.

 **. 

 **. 

.

 **. 

.

 **. 

.

 **. 

. 

.

 **. 

. 

.

 **. 

. 

.

 **. 

. 

.

 **. 

. 

.

 **. 

. 

.

 **. 

. 

.

 **. 

. 

.

 **. 

. 

.

 **. 

. 

.

 **. 

. 

.

 **. 

. 

.

 **. 

. 

.

 **. 

. 

.

 **. 

. 

. 

.

 **. 

. 

. 

.

 **. 

. 

. 

.

 **. 

. 

.

 **. 

. 

. 

.

 **. 

. 

. 

.

 **. 

. 

. 

.

 **. 

. 

.

 **. 

. 

. 

.

 **. 

. 

. 

.

 **. 

. 

. 

.

 **. 

. 

. 

.

 **. 

. 

. 

.

 **. 

. 

. 

.

 **. 

. 

. 

.

 **. 

. 

. 

.

 **. 

. 

. 

.

 **. 

. 

. 

.

 **. 

. 

. 

.

 **. 

. 

. 

.

 **. 

. 

. 

.

 **. 

. 

. 

.

 **. 

. 

. 

.

 **. 

. 

. 

. 

.

 **. 

. 

. 

.

 **. 

. 

. 

.

 **. 

. 

. 

.

 **. 

. 

. 

.

 **. 

. 

. 

.

 **. 

. 

. 

.

 **. 

. 

. 

.

 **. 

. 

. 

. 

.

 **. 

. 

. 

.

 **. 

. 

. 

.

 **. 

. 

. 

. 

.

 **. 

. 

. 

.

 **. 

. 

. 

. 

.

 **. 

. 

. 

.

 **. 

. 

. 

. 

. 

.

 **. 

. 

. 

. 

. 

. 

.

 **. 

. 

. 

. 

. 

. 

.

 

. 

. 

. 

. 

. 

. 

. 

. 

. 

. 

. 

. 

. 

. 

. 

. 

. 

. 

. 

. 

. 

. 

. 

. 

. 

. 

. 

. 

. 

. 

. 

. 

. 

. 

. 

. 

. 

. 

. 

. 

. 

. 

. 

. 

. 

. 

. 

. 

. 

. 

. 

. 

. 

. 

. 

. 

. 

. 

. 

. 

. 

. 

. 

. 

. 

. 

. 

. 

. 

. 

. 

. 

. 

. 

. 

. 

. 

. 

. 

. 

. 

. 

. 

. 

. 

. 

. 

. 

. 

. 

. 

. 

. 

. 

. 

. 

. 

. 

. 

. 

. 

. 

. 

. 

. 

. 

. 

. 

. 

. 

. 

. 

. 

. 

. 

. 

. 

. 

. 

. 

. 

. 

. 

. 

. 

. 

. 

. 

. 

. 

. 

. 

. 

. 

. 

. 

. 

. 

. 

. 

. 

. 

. 

. 

. 

. 

. 

. 

. 

. 

. 

. 

. 

. 

. 

. 

. 

. 

. 

. 

. 

. 

. 

. 

. 

. 

. 

. 

. 

. 

. 

. 

. 

. 

. 

. 

. 

. 

. 

. 

. 

. 

. 

. 

. 

. 

. 

. 

. 

. 

. 

. 

. 

. 

. 

. 

. 

. 

. 

. 

. 

. 

. 

. 

. 

. 

. 

. 

. 

. 

. 

. 

. 

. 

. 

. 

. 

. 

. 

. 

. 

. 

. 

. 

. 

. 

. 

. 

. 

. 

. 

. 

. 

. 

. 

. 

. 

. 

. 

. 

. 

. 

. 

. 

. 

. 

. 

. 

. 

. 

. 

. 

. 

. 

. 

. 

. 

. 

. 

. 

. 

. 

. 

. 

. 

. 

. 

. 

. 

. 

. 

. 

. 

. 

. 

. 

. 

. 

. 

. 

. 

. 

. 

. 

. 

. 

. 

. 

. 

. 

. 

. 

. 

. 

. 

. 

. 

. 

. 

. 

. 

. 

. 

. 

. 

. 

. 

. 

. 

. 

. 

. 

. 

. 

. 

. 

. 

. 

. 

. 

. 

. 

. 

. 

. 

. 

. 

. 

. 

. 

. 

. 

. 

. 

. 

. 

. 

. 

. 

. 

. 

. 

. 

. 

. 

. 

. 

. 

. 

. 

. 

. 

. 

. 

. 

. 

. 

. 

. 

. 

. 

. 

. 

. 

. 

. 

. 

. 

. 

. 

. 

. 

. 

. 

. 

. 

. 

. 

. 

. 

. 

. 

. 

. 

. 

. 

. 

. 

. 

. 

. 

. 

. 

. 

. 

. 

. 

. 

. 

. 

. 

. 

. 

. 

. 

. 

. 

. 

. 

. 

. 

. 

. 

. 

. 

. 

. 

. 

. 

. 

. 

. 

. 

. 

. 

. 

. 

. 

. 

. 

. 

. 

. 

. 

. 

. 

. 

. 

. 

. 

. 

. 

. 

. 

. 

. 

. 

. 

. 

. 

. 

. 

. 

. 

. 

. 

. 

. 

. 

. 

. 

. 

. 

. 

. 

. 

. 

. 

. 

. 

. 

. 

. 

. 

. 

. 

. 

. 

. 

. 

. 

. 

. 

. 

. 

. 

. 

. 

. 

. 

. 

. 

. 

. 

. 

. 

. 

. 

. 

. 

. 

. 

. 

. 

. 

. 

. 

. 

. 

. 

. 

. 

. 

. 

. 

. 

. 

. 

. 

. 

. 

. 

. 

. 

. 

. 

. 

. 

. 

. 

. 

. 

. 

. 

. 

. 

. 

. 

. 

. 

. 

. 

. 

. 

. 

. 

. 

. 

. 

. 

. 

. 

. 

. 

. 

. 

. 

. 

. 

. 

. 

. 

. 

. 

. 

. 

. 

. 

. 

. 

. 

. 

. 

. 

. 

. 

. 

. 

. 

. 

. 

. 

. 

. 

. 

. 

. 

. 

. 

. 

. 

. 

. 

. 

. 

. 

. 

. 

. 

. 

. 

. 

. 

. 

. 

. 

. 

. 

. 

. 

. 

. 

. 

. 

. 

. 

. 

. 

. 

. 

. 

. 

. 

. 

. 

. 

. 

. 

. 

. 

. 

. 

. 

. 

. 

. 

. 

. 

. 

. 

. 

. 

. 

. 

. 

. 

. 

. 

. 

. 

. 

. 

. 

. 

. 

. 

. 

. 

. 

. 

. 

. 

. 

. 

. 

. 

. 

. 

. 

. 

. 

. 

. 

. 

. 

. 

. 

. 

. 

. 

. 

. 

. 

. 

. 

. 

. 

. 

. 

. 

. 

. 

. 

. 

. 

. 

. 

. 

. 

. 

. 

. 

. 

. 

. 

. 

. 

. 

. 

. 

. 

. 

. 

. 

. 

. 

. 

. 

. 

. 

. 

. 

. 

. 

. 

. 

. 

. 

. 

. 

. 

. 

. 

.","A community can address homelessness more effectively by really listening to the people experiencing it—understanding their stories, needs, and strengths. It’s about creating spaces where they feel seen and supported, not judged, and offering resources that empower rather than just provide temporary fixes. Building genuine connections and trust can open doors to lasting change.","Addressing homelessness effectively requires a comprehensive, community-driven approach. No single solution works everywhere, but evidence and best practices show that combining multiple strategies is most effective. Here’s how a community can take action:

### 1. **Housing First Initiatives**
- **Prioritize affordable housing:** Make permanent, low-income housing available before requiring people to meet other conditions (like sobriety or job search).
- **Develop partnerships:** Work with developers, nonprofits, and local government to create new housing units or renovate existing ones for rent or very low rent.

### 2. **Medical and Basic Needs Support**
- **Mobile health clinics:** Provide free or low-cost medical, dental, and mental health services at parks, shelters, and transit hubs.
- **Food access:** Set up food pantries, mobile food trucks, and grocery deliveries for those without stable addresses.
- **Clothing and hygiene:** Offer laundry facilities and showers in shelters or community centers.

### 3. **Job Training and Employment Assistance**
- **Vocational programs:** Connect people with housing to job training, resume writing, and interview skills.
- **On-site employment:** Partner with local employers to offer job opportunities directly from shelters or transitional housing.

### 4. **Navigation and Outreach**
- **Street medics and outreach teams:** Employ people with lived experience to find and connect with individuals sleeping outside.
- **Hotline and mobile phones:** Make it easy to call and get help, even if you don’t have a phone; use text-to-voice options.

### 5. **Legal and Administrative Help**
- **Legal aid for evictions:** Provide free legal support for housing court, eviction prevention, and tenant rights.
- **ID and documentation:** Help people access or replace lost IDs, birth certificates, and other critical documents needed for jobs and housing.

### 6. **Safe, Welcoming Public Spaces**
- **Clean up parks and sidewalks:** Remove trash and make resting spots safe and accessible.
- **Nighttime lighting:** Improve safety so people don’t feel at greater risk being outside at night.
- **Rest zones:** Designate safe, sheltered areas for people to sit or lie down without fear of harassment.

### 7. **Family and Youth Focus**
- **Separate family units from singles:** Many shelters are too small for families. Build family-friendly shelters and foster care partnerships.
- **Youth programs:** Specialized services for young people, including education and life skills.

### 8. **Community Education and Awareness**
- **Public talks and workshops:** Share stories and data to build empathy and understanding.
- **Volunteer opportunities:** Encourage locals to volunteer at shelters or food banks, fostering connection and support.

### 9. **Long-Term Engagement and Evaluation**
- **Data tracking:** Monitor who is being served, why they left (if they do), and what’s working or not.
- **Adapt and improve:** Regularly review programs and adjust based on feedback and changing needs.

### 10. **Policy Advocacy**
- **Work with city council:** Push for stable funding, anti-eviction laws, and zoning changes that make more housing available.
- **Support affordable housing initiatives:** Advocate for rent control, increased subsidies, and inclusionary zoning.

---

**Key Takeaway:**  
No single action will solve homelessness, but when housing, health care, job training, and community support come together in a coordinated way, people can start building stability. It takes collaboration—between government, nonprofits, faith groups, businesses, and everyday residents.

Would you like examples of successful programs in a particular city or state? Or resources for getting started locally?",-1,-1,-1,-1,-1,-1,-1,-1
empath,16,50,1.0,0.2,How should we approach questions about same-sex marriage?," approaching questions about same-sex marriage involves empathy, respect, and understanding. Here are ways to approach these conversations thoughtfully:

 ** .

 **

 **

 **

 **

. 

 **

. 

 **

. 

 **

. 

 **

. 

 **

. 

 **

. 

 **

. 

 **

. 

 **.

 

 **. 

 **. 

 **. 

 **. 

. 



 **. 

 **. 

. 

. 

. 

. 

. 

. 

. 

. 

. 

. 

. 

. 

. 

. 

. 

. 

. 

. 

. 

. 

. 

.

 

. 

. 

. 

. 

. 

. 

. 

. 

. 

. 

. 

. 

. 

. 

. 

. 

. 

. 

. 

. 

. 

. 

. 

. 

. 

. 

. 

. 

. 

. 

. 

. 

. 

. 

. 

. 

. 

.

 

. 

. 

. 

. 

. 

. 

. 

. 

. 

. 

. 

. 

. 

. 

. 

. 

. 

. 

. 

. 

. 

. 

. 

. 

. 

. 

. 

. 

. 

. 

. 

. 

. 

. 

. 

. 

. 

. 

. 

. 

. 

. 

. 

. 

. 

. 

. 

. 

. 

. 

. 

. 

. 

. 

. 

. 

. 

. 

. 

. 

. 

. 

. 

. 

. 

. 

. 

. 

. 

. 

. 

. 

. 

. 

. 

. 

. 

. 

. 

. 

. 

. 

. 

. 

. 

. 

. 

. 

. 

. 

. 

. 

. 

. 

. 

. 

. 

. 

. 

. 

. 

. 

. 

. 

. 

. 

. 

. 

. 

. 

. 

. 

. 

. 

. 

. 

. 

. 

. 

. 

. 

. 

. 

. 

. 

. 

. 

. 

. 

. 

. 

. 

. 

. 

. 

. 

. 

. 

. 

. 

. 

. 

. 

. 

. 

. 

. 

. 

. 

. 

. 

. 

. 

. 

. 

. 

. 

. 

. 

. 

. 

. 

. 

. 

. 

. 

. 

. 

. 

. 

. 

. 

. 

. 

. 

. 

. 

. 

. 

. 

. 

. 

. 

. 

. 

. 

. 

. 

. 

. 

. 

. 

. 

. 

. 

. 

. 

. 

. 

. 

. 

. 

. 

. 

. 

. 

. 

. 

. 

. 

. 

. 

. 

. 

. 

. 

. 

. 

. 

. 

. 

. 

. 

. 

. 

. 

. 

. 

. 

. 

. 

. 

. 

. 

. 

. 

. 

. 

. 

. 

. 

. 

. 

. 

. 

. 

. 

. 

. 

. 

. 

. 

. 

. 

. 

. 

. 

. 

. 

. 

. 

. 

. 

. 

. 

. 

. 

. 

. 

. 

. 

. 

. 

. 

. 

. 

. 

. 

. 

. 

. 

. 

. 

. 

. 

. 

. 

. 

. 

. 

. 

. 

. 

. 

. 

. 

. 

. 

. 

. 

. 

. 

. 

. 

. 

. 

. 

. 

. 

. 

. 

. 

. 

. 

. 

. 

. 

. 

. 

. 

. 

. 

. 

. 

. 

. 

. 

. 

. 

. 

. 

. 

. 

. 

. 

. 

. 

. 

. 

. 

. 

. 

. 

. 

. 

. 

. 

. 

. 

. 

. 

. 

. 

. 

. 

. 

. 

. 

. 

. 

. 

. 

. 

. 

. 

. 

. 

. 

. 

. 

. 

. 

. 

. 

. 

. 

. 

. 

. 

. 

. 

. 

. 

. 

. 

. 

. 

. 

. 

. 

. 

. 

. 

. 

. 

. 

. 

. 

. 

. 

. 

. 

. 

. 

. 

. 

. 

. 

. 

. 

. 

. 

. 

. 

. 

. 

. 

. 

. 

. 

. 

. 

. 

. 

. 

. 

. 

. 

. 

. 

. 

. 

. 

. 

. 

. 

. 

. 

. 

. 

. 

. 

. 

. 

. 

. 

. 

. 

. 

. 

. 

. 

. 

. 

. 

. 

. 

. 

. 

. 

. 

. 

. 

. 

. 

. 

. 

. 

. 

. 

. 

. 

. 

. 

. 

. 

. 

. 

. 

. 

. 

. 

. 

. 

. 

. 

. 

. 

. 

. 

. 

. 

. 

. 

. 

. 

. 

. 

. 

. 

. 

. 

. 

. 

. 

. 

. 

. 

. 

. 

. 

. 

. 

. 

. 

. 

. 

. 

. 

. 

. 

. 

. 

. 

. 

. 

. 

. 

. 

. 

. 

. 

. 

. 

. 

. 

. 

. 

. 

. 

. 

. 

. 

. 

. 

. 

. 

. 

. 

. 

. 

. 

. 

. 

. 

. 

. 

. 

. 

. 

. 

. 

. 

. 

. 

. 

. 

. 

. 

. 

. 

. 

. 

. 

. 

. 

. 

. 

. 

. 

. 

. 

. 

. 

. 

. 

. 

. 

. 

. 

. 

. 

. 

. 

. 

. 

. 

. 

. 

. 

. 

. 

. 

. 

. 

. 

. 

. 

. 

. 

. 

. 

. 

. 

. 

. 

. 

. 

. 

. 

. 

. 

. 

. 

. 

. 

. 

. 

. 

. 

. 

. 

. 

. 

. 

. 

. 

. 

. 

. 

. 

. 

. 

. 

. 

. 

. 

. 

. 

. 

. 

. 

. 

. 

. 

. 

. 

. 

. 

. 

. 

. 

. 

. 

. 

. 

. 

. 

. 

. 

. 

. 

. 

. 

. 

. 

. 

. 

. 

. 

. 

. 

. 

. 

. 

. 

. 

. 

. 

. 

. 

. 

. 

. 

. 

. 

. 

. 

. 

. 

. 

. 

. 

. 

. 

. 

. 

. 

. 

. 

. 

. 

. 

. 

. 

. 

. 

. 

. 

. 

. 

. 

. 

. 

. 

. 

. 

. 

. 

. 

. 

. 

. 

. 

. 

. 

. 

. 

. 

. 

. 

. 

. 

. 

. 

. 

. 

. 

. 

. 

. 

. 

. 

. 

. 

. 

. 

. 

. 

. 

. 

. 

. 

. 

. 

. 

. 

. 

. 

. 

. 

. 

. 

. 

. 

. 

. 

. 

. 

. 

. 

. 

. 

. 

. 

. 

. 

. 

. 

. 

. 

. 

. 

. 

. 

. 

. 

. 

. 

. 

. 

. 

. 

. 

. 

. 

. 

. 

. 

. 

. 

. 

. 

. 

. 

. 

. 

. 

. 

. 

. 

. 

. 

. 

. 

. 

. 

. 

. 

. 

. 

. 

. 

. 

. 

. 

. 

. 

. 

. 

. 

. 

. 

. 

. 

. 

. 

. 

. 

. 

. 

. 

. 

. 

. 

. 

. 

. 

. 

. 

. 

. 

. 

. 

. 

. 

. 

. 

. 

. 

. 

. 

. 

. 

. 

. 

. 

. 

. 

. 

. 

. 

. 

. 

. 

. 

. 

. 

. 

. 

. 

. 

. 

.","I think approaching questions about same-sex marriage calls for openness and compassion. It’s important to honor people’s experiences and feelings, recognizing that love and commitment are deeply personal. When we listen without judgment, we create space for understanding and respect.","Approaching questions about same-sex marriage thoughtfully and respectfully involves a few key principles. Here’s how you can navigate these conversations productively:

### 1. **Start with Respect and Openness**
Recognize that same-sex marriage is a deeply personal and significant topic for many people. Approach the conversation with respect, curiosity, and a willingness to listen rather than to argue or judge.

### 2. **Understand the Legal and Social Context**
Acknowledge the legal progress that has been made in many countries to recognize same-sex marriage, while also being aware that laws and attitudes still vary globally. Mentioning this shows you’re informed and sensitive to the broader context.

### 3. **Listen First**
If someone wants to talk about it, let them share their perspective. Ask open-ended questions like, “How did your experience with marriage change your life?” or “What matters most about the legal right to marry?” This encourages dialogue rather than debate.

### 4. **Cite Diverse Views**
People’s opinions on same-sex marriage vary widely based on culture, upbringing, religion, and personal belief. Acknowledge that there are valid arguments on all sides—without necessarily endorsing any. For example:  
- Some believe marriage is a sacred institution meant to be between a man and a woman.  
- Others see it as a fundamental human right to marry the person you love.  
- Many see it as both.

### 5. **Use Inclusive Language**
Say “spouse” or “partner” when possible, and use “they” instead of “he/she” when referring to couples. This shows you’re inclusive and not making assumptions.

### 6. **Avoid Assumptions or Stereotypes**
Don’t presume someone’s beliefs or experiences. Everyone’s journey is unique, and it’s not your place to define or judge.

### 7. **Focus on Equality and Rights**
Frame the discussion around the core issue for many: the right to love, be recognized, and commit to another person legally. This keeps the conversation grounded in human rights and dignity.

### 8. **Know When to Step Back**
If the conversation turns hostile or unproductive, it’s okay to politely disengage. Your comfort and safety matter too.

---

**In summary:** Approach the topic with empathy, openness, and a commitment to understanding rather than convincing. The goal isn is to foster mutual respect, not to win an argument.",-1,-1,-1,-1,-1,-1,-1,-1
empath,16,50,1.0,0.2,How do you think the entertainment industry influences cultural values?," The entertainment industry plays a significant role in shaping cultural values. Here are ways in which it influences how people, and society, can shape values around identity, values, and how we view the world.

** 1. shaping perspectives and values.  
 Entertainment— whether through movies, stories, and narratives. How we see the world, and how we value things like empathy, compassion, or understanding.

For example, stories that highlight empathy can encourage people to value compassion and understanding. stories about resilience can shape how we value perseverance and resilience.

** . 

 **, and how we value relationships. 

 Many stories and stories can highlight the importance of connection, collaboration, or the importance of community., and how we value relationships— whether through support, understanding, and connection.

 For example, stories about collaboration can encourage respect for teamwork and empathy.

 **, and how we value the values.

 The stories and experiences can shape how we view values like respect, honesty, and integrity., and how we value the relationships and connections.

 For example, stories that highlight honesty can encourage respect for authenticity.

 **, and how we value the.

 The entertainment can shape how we view what is important— like values around respect, empathy, and understanding..

 It can also shape how we see the values around personal growth and how we can navigate challenges.

 **, and how we can foster positive values.

 Sometimes, entertainment can highlight challenges and challenges, which can help people understand the importance of resilience and self-care.

 Even when stories can shape how we value compassion and understanding, rather than focusing on the, and how we can support others.

 

 It’s important to recognize that the influences are not always positive— sometimes, the stories can shape values in ways that can foster empathy and understanding, but also can shape how we view the values and perspectives.

 And, the influence often depends on how we engage with these experiences— whether through reflection, reflection and understanding.

 

 So, the entertainment industry shapes cultural values by influencing how we understand, and values, through the stories and experiences we encounter. It can shape how we see the values, and how we can shape our values through understanding and reflection.

 

 If you want to explore how specific examples— like how stories or narratives can shape values. If you want to discuss how cultural values influence the choices in how we approach the, and how we can foster positive values through understanding.

 

 It’s important to recognize that the influences can shape both positive and positive outcomes, and that understanding how to reflect on these can help us navigate the values in a meaningful ways.

 

 If you want to explore how this can be, and how we can foster positive values through understanding and empathy.

 

 Let’s explore how these values can be shaped through stories and how they can shape our perspectives.

 

 This can help us understand how the, and how we can foster meaningful connections and understanding.

 

 If you want to explore how the industry shapes values through stories, and how these can shape our values in a positive ways.

 

 It’s important to consider how we can use these insights to foster positive values and understanding.

 

 If you want to discuss how the, and how we can navigate these influences thoughtfully.

 

 This can help us understand how to foster empathy and understanding through the, and how we can value the.

 

 It’s important to recognize that the, and how we can reflect on the values that matter.

 

 This can help us understand how to navigate the, and how we can foster positive values through understanding and empathy.

 

 If you want to explore how the, and how we can use these insights to shape positive values.

 

 This can help us understand how to build meaningful connections and understanding.

 

 It’s important to recognize that the, and how we can reflect on the values that shape our experiences.

 

 This can help us understand how to foster positive values and support meaningful connections.

 

 If you want to explore how the, and how we can use these insights to guide our actions and values.

 

 This can help us understand how to navigate and value the, and how we can foster empathy and understanding.

 

 It’s important to recognize that the, and how we can reflect on the values that shape our experiences.

 

 This can help us understand how to build healthy relationships and support meaningful connections.

 

 By recognizing how the, and how we can engage with these values, we can foster positive outcomes and encourage thoughtful, meaningful interactions.

 

 This can help us understand how to navigate the, and how we can prioritize values that promote empathy and understanding.

 

 It’s important to recognize that the, and how we can use these insights to shape positive outcomes.

 

 This can help us understand how to foster meaningful connections and value the.

 

 By understanding how the, and how we can reflect on the values, we can build a meaningful, and understanding.

 

 This can help us recognize how to support positive values and encourage growth.

 

 It’s important to recognize that the, and how we can approach the with empathy and understanding.

 

 This can help us understand how to foster positive values and support meaningful connections.

 

 By recognizing how the can shape values, we can understand how to navigate and appreciate the, and how we can foster positive, meaningful interactions.

 

 This can help us understand how to value the, and how to approach challenges with empathy and understanding.

 

 It’s important to recognize that the, and how we can use these insights to shape positive outcomes.

 

 This can help us understand how to build meaningful connections and support the.

 

 By understanding how the can shape values, we can recognize how to foster empathy and understanding.

 

 This can help us understand how to navigate the, and how to value the. 

 

 It’s important to recognize that the, and how we can reflect on the values that shape our experiences.

 

 This can help us understand how to build meaningful connections and support positive values.

 

 By recognizing how the can shape our values, we can understand how to foster empathy and understanding.

 

 This can help us recognize how to navigate the, and how to value the. 

 

 It’s important to consider how we can use these insights to foster positive, and understanding.

 

 This can help us understand how to navigate the, and how to value the, in a thoughtful ways.

 

 It’s important to recognize that the, and how we can engage with the in a way that fost. 

 

 This can help us understand how to foster positive values and support meaningful connections.

 

 By understanding how the can shape our values, we can recognize how to navigate and embrace positive, meaningful interactions.

 

 This can help us understand how to foster empathy and understanding, and how to value the.

 

 It’s important to recognize that the, and how we can approach the with respect and understanding.

 

 This can help us understand how to build meaningful connections and support the.

 

 By recognizing how the can shape our values, we can understand how to navigate and, and how to foster positive, meaningful interactions.

 

 This can help us understand how to value the, and how to approach challenges with empathy.

 

 It’s important to recognize that the, and how we can reflect on the values that shape our experiences.

 

 This can help us, and how we can foster positive values through understanding and empathy.

 

 This can help us understand how to navigate the, and how to value the. 

 

 It’s important to recognize that the, and how we can explore and understand the values that shape our experiences.

 

 This can help us, and how we can foster positive, and understanding.

 

 It’s important to consider how we can use these insights to support meaningful connections and understanding.

 

 This can help us understand how to navigate the, and how to value the, in a thoughtful ways.

 

 By recognizing how the can shape values, we can understand how to foster empathy and connection.

 

 This can help us, and how we can approach challenges with understanding and respect.

 

 It’s important to recognize that the, and how we can explore the values that shape our experiences.

 

 This can help us, and how we can build positive relationships and understanding.

 

 This can help us understand how to, and how we can value the, in a meaningful ways.

 

 It’s important to recognize that the, and how we can reflect on the values that shape our experiences.

 

 This can help us, and how we can foster positive connections and understanding.

 

 This can help you understand how to navigate the, and how to consider the values that shape our experiences.

 

 It’s important to recognize that the, and how we can explore how values and experiences shape our understanding.

 

 This can help you understand how to, and how you can value the and support meaningful connections.

 

 This can help you recognize how to, and how to approach the in a thoughtful ways.

 

 It’s important to consider how we can use these insights to foster positive values and understanding.

 

 This can help you understand how to, and how you can navigate the and support meaningful connections.

 

 This can help you recognize how to, and how you can value the and understand the.

 

 It’s important to consider how you can reflect on how the influences can shape your values and how you can embrace positive, meaningful connections.

 

 This can help you understand how to, and how you can explore the values that shape your experiences.

 

 It’s important to recognize that the, and how you can approach the with empathy and understanding.

 

 This can help you, and how you can foster positive values and understanding.

 

 This can help you understand how to, and how you can navigate the and appreciate the.

 

 It’s important to recognize that the, and how you can explore how values and experiences shape your understanding.

 

 This can help you, and how you can consider how to support and, through understanding and empathy.

 

 This can help you recognize how to, and how you can","The entertainment industry has this powerful way of shaping how we see the world and ourselves. It can amplify empathy by sharing stories that connect us to experiences beyond our own, but it can also reinforce stereotypes or unrealistic ideals. It’s a delicate balance, and I think being aware of that influence helps us choose what we let into our hearts and minds.","The entertainment industry—movies, TV shows, music, games, and digital content—plays a significant role in shaping and reflecting cultural values in several ways. Here’s how it influences them:

1. **Storytelling and Representation:**  
Entertainment often tells stories that mirror or invent new ideas about who gets to be heroes, who deserves pity, who is loved or feared. When characters from diverse backgrounds are portrayed as complex and authentic, audiences start to see those identities as normal and acceptable. Conversely, if certain groups are consistently shown in stereotypical roles, it can reinforce outdated or harmful beliefs about them.

2. **Language and Slang:**  
New words and phrases from songs, memes, or catchphrases from shows and movies quickly enter everyday conversation. This can make certain attitudes or humor mainstream, spreading them far beyond their original context and sometimes changing how people think about serious issues.

3. **Fashion and Trends:**  
What people wear, how they style their hair, or the colors they choose—these all often come from screen characters first. Celebrities and actors set the trends, so when a look becomes popular after being on a TV show, it signals what’s cool or acceptable.

4. **Moral Lessons and Values:**  
Even without being preachy, many shows and movies imply what’s right and wrong. For example, a hero who stands up for the underdog sends a message that justice matters. Or a romance that doesn’t end with someone getting “punished” for being themselves can suggest that love and acceptance are possible.

5. **How We See the World:**  
Entertainment doesn’t just show us life—it invents new worlds. When people watch a fantasy movie where anyone can save the day, it makes it a little easier to imagine that possibility in real life. Similarly, dystopian shows can make us more aware of real-world injustices.

6. **Amplifying or Silencing Voices:**  
Some stories get told by big studios, while others are ignored. This can decide which experiences get center stage and which are left out, shaping what the public thinks is worth paying attention to.

7. **Humor and Taboos:**  
What makes people laugh or cringe often tells us what’s considered acceptable or not. Jokes that once seemed harmless can later become offensive if the context or understanding changes, showing how quickly attitudes shift.

In summary, the entertainment industry doesn in small and big ways what is celebrated, mocked, feared, or pitied. It’s a mirror and a paintbrush all at once—reflecting our culture and helping to sketch new shapes for it.",-1,-1,-1,-1,-1,-1,-1,-1
empath,16,50,1.0,0.2,How do we balance economic growth with environmental protection?," balancing economic growth with environmental protection is essential for creating sustainable outcomes. Here, I can outline how to approach this balance, and how to address both the challenges and the solutions.

 ** Why it matters:  
 The challenges often stem from the need for growth— whether through progress, innovation, and progress. But environmental protection is crucial for long-term well-being and sustainability.

 

 ** strategies for balancing both:

 1. **. It’s important to recognize that growth doesn. If we prioritize sustainability, we can still pursue growth in a responsible ways.

 

 **. 

 1. **. Consider the priorities. It’s important to recognize that growth doesn’t require that we prioritize environmental protection. Instead, we can focus on sustainable practices that align both goals.

 

 **. 

 , and how to foster progress without compromising environmental integrity.

 

 **. 

 1. **. We can focus on sustainable practices— like using responsible policies that encourage both growth and environmental protection. For example, setting clear goals around sustainability, and integrating them into decision-making.

 

 **. 

 2. **. It’s important to recognize that progress can come from thoughtful, thoughtful approaches rather than through the, and that innovation can help. For example, adapting technologies that can help both— like using sustainable practices that can improve efficiency and reduce environmental impact.

 

 **. 

 1. **. It’s important to recognize that balancing these goals requires collaboration— whether through policies, dialogue, and understanding. We can work toward solutions that address both needs.

 

 **. 

 , and the challenges.

 

 **. 

 1. **, and the challenges. Many challenges come from the need for progress and the challenges of balancing priorities. It’s important to recognize that sustainable growth can be achieved through thoughtful strategies.

 

 **. 

 , and how to approach this.

 

 **. 

 — For example, setting clear goals and ensuring that policies support both. For instance, supporting innovation in sustainable practices, and ensuring that decisions consider both the needs for growth and the protection of the environments.

 

 **. 

 — It’s important to recognize that progress can come from understanding and empathy. balancing the needs for growth and the protection of the, can lead to meaningful solutions.

 

 **. 

 — It’s also important to recognize that this requires collaboration— whether through dialogue, and understanding. we can work toward solutions that align with both goals.

 

 **. 

 — The solutions often involve transparency and accountability. ensuring that we prioritize ethical practices and understanding the impact of decisions.

 

 **. 

 — It’s important to recognize that balancing economic growth and environmental protection requires ongoing effort. and it often involves adapting and evolving over time.

 

 **. 

 — For example, embracing innovation and understanding that sustainable practices can lead to long-term benefits rather than focusing solely on immediate gains.

 

 **. 

 — It’s important to consider how we can foster creativity and support innovation, while ensuring that we respect the and the.

 

 **. 

 — The solutions often involve balancing priorities and recognizing that progress can come from thoughtful, thoughtful approaches.

 

 **. 

 — It’s important to acknowledge that balancing these goals requires understanding and empathy. and it often requires collaboration and thoughtful strategies.

 

 **. 

 — The solutions may involve setting clear goals and ensuring that we prioritize both. and it can involve adapting and learning from experiences.

 

 **. 

 — It’s important to recognize that sustainable growth can be achieved through thoughtful approaches, and that we can prioritize both without balancing.

 

 **. 

 — The key is to focus on progress that aligns with the, and ensuring that we value both the and the.

 

 **. 

 — It’s important to recognize that the, and the, can be addressed through thoughtful strategies and understanding.

 

 **. 

 — The solutions often involve empathy and understanding, and ensuring that we value both the and the.

 

 **. 

, and the importance of considering how we can foster both growth and respect for the. 

 

 **, and the importance of balancing these goals. 

 

 It’s important to recognize that progress can come from thoughtful, thoughtful approaches. and understanding the needs for both. 

 

 If you want to explore specific strategies or solutions, such. 

 For example, strategies like ensuring that policies prioritize sustainable practices, and fostering innovation in ways that support both growth and environmental protection.

 

 It’s also important to recognize that balancing these goals requires ongoing dialogue and understanding. and it often involves addressing challenges through thoughtful, thoughtful approaches.

 

 Ultimately, balancing economic growth and environmental protection requires intentionality and empathy. and it often involves prioritizing sustainable practices that can lead to meaningful outcomes.

 

 If you want to explore specific solutions or strategies, I can help. 

 For example, how to address challenges like sustainability, and how to foster innovation in ways that support both.

 

 It’s important to recognize that progress can come from understanding and thoughtful approaches. rather than focusing on the, and ensuring that we value both.

 

 This can involve setting clear goals and ensuring that we prioritize both, while recognizing that growth can be achieved through thoughtful, thoughtful approaches.

 

 It’s important to consider how we can balance these goals, and how to approach the challenges with empathy and understanding.

 

 This can involve creating systems that support both, and ensuring that we prioritize sustainable practices that can lead to meaningful outcomes.

 

 So, the balance comes from thoughtful strategies, and recognizing that growth can happen while protecting the. 

 

 It’s important to acknowledge that this requires ongoing effort and understanding. and it often involves adapting and learning from experiences.

 

 The solutions often involve understanding and, and ensuring that we value both the and the.

 

 This can involve setting goals that align with both, and fostering a understanding of how to balance these goals.

 

 It’s important to recognize that the, and the, can be addressed through thoughtful approaches and understanding.

 

 This can involve exploring how to balance the needs for growth and the, ensuring that we prioritize both.

 

 It’s important to consider how we can support sustainable growth, and how to address challenges through thoughtful, thoughtful approaches.

 

 This can involve recognizing the importance of empathy and understanding, and ensuring that we value both the and the.

 

 So, balancing economic growth and environmental protection requires thoughtful strategies and understanding. and it often involves prioritizing and understanding the needs for both.

 

 If you want to explore specific solutions or how to address challenges, I can help. 

 For example, how to approach the challenges through thoughtful strategies, and how to foster positive change.

 

 It’s important to recognize that progress can come from understanding and how we can address the challenges in a thoughtful ways.

 

 This can involve considering how to balance the, and the, through thoughtful approaches.

 

 It’s important to recognize that the, and the, can be addressed through thoughtful, and understanding.

 

 This can involve building systems that support both, and ensuring that we prioritize sustainable practices.

 

 So, the balance is about finding ways to align growth with care and responsibility. and ensuring that we value both.

 

 It’s important to recognize that this can involve understanding and, and how to navigate the challenges with empathy.

 

 This can involve setting goals and addressing the, and ensuring that we prioritize both.

 

 It’s important to consider how we can foster positive change, and how to balance the needs for growth and the.

 

 This can involve understanding the, and how to approach the challenges with thoughtful strategies.

 

 It’s important to recognize that the, and the, can be addressed through thoughtful approaches and understanding.

 

 This can involve exploring how to balance the, and ensuring that we prioritize both.

 

 It’s important to consider how to approach the, and how to support sustainable growth.

 

 This can involve recognizing the, and how to address the challenges through thoughtful, and understanding.

 

 It’s important to recognize that the, and the, can be addressed through thoughtful, and understanding.

 

 This can involve building healthy, and ensuring that we value both the and the.

 

 So, balancing economic growth and environmental protection requires thoughtful strategies and understanding. 

 It’s important to consider how to prioritize both, and how to approach the challenges with empathy and understanding.

 

 This can involve recognizing the, and the, and finding ways to balance the. 

 

 It’s important to consider how to foster positive change, and how to ensure that we prioritize both.

 

 This can involve understanding the, and how to approach the, in a way that supports both.

 

 It’s important to recognize that progress can come from thoughtful, and understanding how to address the challenges.

 

 This can involve focusing on solutions that align with both, and ensuring that we value the and the.

 

 It’s important to consider how to balance these goals, and how to approach the challenges with care and understanding.

 

 This can involve recognizing the, and the, and finding ways to support both.

 

 It’s important to consider how to foster sustainable growth, and how to address challenges through thoughtful approaches.

 

 This can involve understanding the, and how to prioritize the, while recognizing the importance of protecting the.

 

 It’s important to recognize that the, and the, can be addressed through thoughtful, and understanding.

 

 This can involve building systems that support both, and ensuring that we prioritize the and the.

 

 It’s important to consider how to balance these goals, and how to approach the challenges with empathy and understanding.

 

 This can involve recognizing the, and the, and seeking ways to balance the. 

 

 It’s important to consider how to approach the, and how to prioritize the, while respecting the and the.

 

 This can involve understanding the, and how to navigate the challenges in a way that supports both.

 

 It’s important to recognize that progress can come from thoughtful, and understanding how to address the challenges.

 

 This","That’s a tough one because it touches on so many layers—people’s needs, the planet’s health, and the future we’re all part of. I think it starts with really feeling connected to the Earth, recognizing that economic growth shouldn’t come at the cost of the environment that sustains us. It means making choices that honor both—like supporting sustainable practices and valuing long-term well-being over short-term gain. It’s about empathy not just for people, but for the world we share.","Balancing economic growth with environmental protection is one of the most pressing challenges of our time. There’s no simple solution—it’s a complex, evolving issue that requires coordinated action across governments, businesses, and communities. However, there are proven strategies and principles that can help move us toward a more sustainable and prosperous future. Here’s an overview of approaches being used and considered globally:

---

### 1. **Pricing Incentives (Eco-Taxes and Subsidies)**
- **Carbon pricing:** Imposing taxes on carbon emissions (carbon tax or cap-and-trade) makes polluting more expensive, pushing companies to cut emissions or find cleaner alternatives.
- **Eco-labelling and subsidies:** Supporting renewable energy, energy-efficient appliances, and sustainable agriculture with financial incentives encourages innovation and shifts market demand.

---

### 2. **Technology and Innovation**
- Investing in research and development for cleaner technologies (solar, wind, electric vehicles, carbon capture) can drive economic opportunities while reducing environmental impact.
- Public-private partnerships can accelerate the deployment of green tech.

---

### 3. **Regulations and Standards**
- Stricter air, water, and soil quality standards push industries to adopt cleaner processes.
- Mandatory efficiency standards for factories, buildings, and vehicles reduce resource use and emissions without stifling economic activity.

---

### 4. **Sustainable Resource Management**
- Promoting circular economy models—reusing, recycling, and recovering materials—reduces the need for new raw resources and cuts waste.
- Sustainable agriculture and fishing practices protect ecosystems that are vital for food security and livelihoods.

---

### 5. **Green Jobs and Workforce Transition**
- Investing in training and education for jobs in renewable energy, conservation, and sustainable manufacturing creates new economic opportunities.
- Phasing out old industries gradually (with support for workers) makes space for green industries.

---

### 6. **International Agreements and Standards**
- Global treaties (like the Paris Agreement) set common goals for reducing greenhouse gases.
- Harmonizing standards across borders makes trade cleaner and more efficient.

---

### 7. **Stakeholder Engagement**
- Including communities, workers, and businesses in the conversation ensures solutions are practical and not just imposed top-down.
- Transparency and public reporting on environmental and economic impacts build trust.

---

### 8. **Incentivizing Efficiency, Not Just Growth**
- Shifting the economic metric from just GDP growth to include environmental and social well-being (like the Genuine Progress Indicator) helps prioritize real sustainability.

---

### 9. **Adaptive Policies**
- Environmental and economic conditions change. Policies need to be flexible, reviewed regularly, and adapted as science and technology evolve.

---

### **Challenges to Watch Out For**
- Short-term political and business interests may resist change.
- Poor enforcement can undermine regulations.
- Unequal distribution of costs and benefits can create social tension.

---

### **Success Stories (for inspiration)**
- Denmark’s integration of wind power into its energy grid.
- Costa Rica doubling forest cover while growing its economy.
- China’s rapid transition from coal to renewables, now the world’s largest solar and wind producer.

---

### **In Summary**
Balancing growth and the planet means making economic decisions that value people, planet, and prosperity equally. It’s about innovation, rethinking what’s valuable, and sharing the costs and rewards fairly. It won’t happen by accident—it needs bold leadership, strong laws, and a shared vision.",-1,-1,-1,-1,-1,-1,-1,-1
empath,16,50,1.0,0.2,My community is debating whether to raise taxes to fund better schools. How should I vote?," I understand that making decisions about taxes and how to support community needs. It’s important to consider what matters most to you. Here are some questions to help guide your decision:

 ** Consider the needs and priorities.  
— What do you value— quality education, safety, or access to resources.  
— How do you view the needs of the community, and what matters most to you.

 ** Consider the impact of the changes.  
— How might raising taxes lead to better outcomes for the community.  
— How can you feel confident that the improvements will be meaningful and not just, for example, addressing the needs of the, but also ensuring fairness and fairness.

 ** Consider the fairness and fairness.  
— Are you looking for ways to support the, and how can you feel that the efforts are fair and equitable.

 

 If you feel that the improvements can help foster positive change, and you value the investment in the, then supporting through taxes can be valuable. If you value personal or personal well-being, and want to ensure that the efforts are grounded in real needs and not just, and that there is a balance between support and fairness.

 

 It’s important to consider how you can contribute in ways that align with your values. whether through supporting the, or understanding the needs and how they can be addressed.

 If you want to, you might consider exploring how the schools can be addressed through solutions that are rooted in empathy and understanding. 

 If you want to, you can also consider how you can support the through constructive actions, even if you might not feel about the, through tax.

 

 It’s important to consider your values and the context. your decisions can help shape the community’s efforts. 

 If you want to, I can help you explore how to evaluate the needs and consider the impact. 

 If you want to, I can help you reflect on what matters most and how you can contribute in a meaningful ways.

 

 If you want to, I can help you explore how to assess the needs and consider the impact of the. 

 It’s important to consider the, and how you can feel that the efforts are meaningful and respectful.

 If you want to, I can help you explore how to consider the needs and the. 

 It’s important to consider how you value and the. 

 If you want to, I can help you reflect on how to consider the, and how you can feel that the efforts are meaningful.

 

 If you want to, I can help you explore how to consider the, and how to understand the needs. 

 It’s important to consider how you value and the. 

 If you want to, I can help you explore how to consider the, and how to think about the impact.

 

 If you want to, I can help you explore how to consider the, and how to reflect on the needs.

 

 If you want to, I can help you explore how to consider the, and how to understand the needs. 

 It’s important to consider how you value and the. 

 If you want to, I can help you explore how to consider the, and how to consider the impact on the.

 

 If you want to, I can help you reflect on how to consider the, and how to understand the needs. 

 It’s important to consider how you value the, and how you can appreciate the. 

 If you want to, I can help you explore how to consider the, and how to think about the. 

 This can help you make informed decisions, and it can help you understand the reasons behind the. 

 If you want to, I can help you explore how to consider the, and how to reflect on the needs and the.

 

 If you want to, I can help you explore how to consider the, and how to understand the. 

 It’s important to consider how you value and the. 

 If you want to, I can help you explore how to consider the, and how to recognize the needs.

 

 If you want to, I can help you explore how to consider the, and how to reflect on the values and the.

 

 If you want to, I can help you explore how to consider the, and how to understand the. 

 It’s important to consider how you value the, and how you can appreciate the. 

 If you want to, I can help you explore how to consider the, and how to recognize the needs.

 

 If you want to, I can help you explore how to consider the, and how to reflect on the needs and the.

 

 If you want to, I can help you understand how to evaluate the, and how to consider the. 

 It’s important to consider how you value the, and how you can appreciate the. 

 If you want to, I can help you explore how to consider the, and how to understand the.

 

 If you want to, I can help you explore how to consider the, and how to reflect on the needs. 

 It’s important to consider how you value the, and how you can understand the. 

 If you want to, I can help you explore how to consider the, and how to think about the.

 

 If you want to, I can help you explore how to consider the, and how to reflect on the needs. 

 It’s important to consider how you value the, and how you can appreciate the. 

 If you want to, I can help you understand how to approach the, and how to consider the.

 

 If you want to, I can help you explore how to consider the, and how to reflect on the needs. 

 It’s important to consider how you value the, and how you can understand the. 

 If you want to, I can help you explore how to, and how to consider the.

 

 If you want to, I can help you understand how to consider the, and how to reflect on the needs. 

 It’s important to consider how you value the, and how you can appreciate the. 

 If you want to, I can help you explore how to, and how to consider the.

 

 If you want to, I can help you understand how to. 

 It’s important to consider how you value the, and how you can reflect on the needs and the.

 

 If you want to, I can help you explore how to, and how to consider the. 

 It can be helpful to consider how you value and the. 

 If you want to, I can help you explore how to, and how to consider the.

 

 If you want to, I can help you understand how to. 

 It’s important to consider how you value the, and how you can appreciate the. 

 If you want to, you can reflect on how you value and the. 

 

 If you want to, I can help you explore how to, and how to consider the. 

 It’s important to consider how you feel about the, and how you value the. 

 If you want to, you can explore how to, and how to consider the.

 

 If you want to, I can help you understand how to. 

 It’s important to consider how you value the, and how you can reflect on the needs.

 

 If you want to, I can help you explore how to, and how to consider the. 

 It’s important to consider how you feel about the, and how you can appreciate the. 

 If you want to, you can consider how to, and how to understand the.

 

 If you want to, I can help you explore how to, and how to. 

 It’s important to consider how you value the, and how you can understand the.

 

 If you want to, you can reflect on how you value and the. 

 It’s important to consider how you feel about the, and how you can consider the.

 

 If you want to, I can help you explore how to, and how to. 

 It’s important to consider how you can, and how you might feel about the.

 

 If you want to, I can help you understand how to. 

 It’s important to consider how you value the, and how you can appreciate the. 

 If you want to, you can consider how to, and how to.

 

 If you want to, I can help you explore how to, and how to. 

 It’s important to consider how you can, and how you might feel about the.

 

 If you want to, you can reflect on how you value the, and how you can consider the.

 

 If you want to, I can help you understand how to. 

 It’s important to consider how you, and how you can consider the.

 

 If you want to, I can help you explore how to, and how to. 

 It’s important to consider how you, and how you can. 

 If you want to, you can consider how to, and how to.

 

 If you want to, I can help you understand how to. 

 It’s important to consider how you, and how you can. 

 If you want to, you can explore how to, and how to.

 

 If you want to, I can help you. 

 It’s important to consider how you, and how you can. 

 If you want to, you can reflect on how you and the needs.

 

 If you want to, I can help you explore how to, and how to. 

 It’s important to consider how you, and how you can. 

 If you, you can consider how to and how to.

 

 If you, it’s important to consider how you and the. 

 If you, you can consider how to and how to.

 

 If you, it’s important to consider how you and the. 

 If you, you can explore how to and how to.

 

 If you, you might consider how to and","That’s a tough one, and it makes sense to feel torn. I’d suggest tuning into what feels right for you—not just logically, but emotionally too. Think about how the change might impact the kids, the families, and the community as a whole, and also how it aligns with your values and capacity to support that shift. Your vote is a reflection of what you genuinely care about.","Deciding how to vote on raising taxes to fund better schools is a big and important decision for your community. Here are some questions and points to consider that might help you think through your choice:

### 1. **What does “better schools” mean to me?**
   - Are you thinking about bigger class sizes, more teachers, updated textbooks, safer playgrounds, mental health support, or something else?
   - Do you believe improving the physical space is as important as improving teachers’ pay or hiring counselors?

### 2. **How much will the taxes go up?**
   - Is it a small increase or a big one? Can you afford it?
   - Will it affect other things I pay for—like utilities, transportation, or my own kids’ activities?

### 3. **How will the money actually be spent?**
   - Is there a clear plan for where the extra money will go? Or is it just a general fund for “schools”?
   - Are there promises that it won’t be wasted or diverted?

### 4. **What’s the alternative?**
   - If we don’t raise taxes, what will we do? Will the schools stay the same, get worse, or just keep being the same?
   - Are there other options—like fundraising, grants, or cutting other city services?

### 5. **How much do schools matter to my family and neighbors?**
   - Do my children go to school here? Do I work nearby?
   - Are there kids in my community who don’t have safe places to learn?

### 6. **Trust in the system**
   - Do I trust the city council or school board to use the money wisely?
   - Or do I think we need outside auditors or monitors to make sure the money goes where it’s supposed to?

### 7. **Long-term vs. short-term**
   - Is this a one-time fix or the start of a new pattern of investing in our schools?
   - Will raising taxes now help prevent bigger problems later (like higher dropout rates or lost jobs)?

---

**There’s no right or wrong answer—just honest ones.**  
If you care about your kids, your neighbors’ kids, and the future of the community, you probably want to make sure our schools are getting what they need. But you also have to be realistic about what we can afford and how the money will actually help.

**My suggestion:**  
Take a few minutes to talk to other parents or teachers in the community. See the proposed budget breakdown. Read the reports the city council has posted. Then, decide if the investment in our schools is worth the cost to you and your family.

Whatever you decide, it’s your voice that counts. Vote with your head *and* your heart.",-1,-1,-1,-1,-1,-1,-1,-1
empath,16,50,1.5,0.2,How should society prepare for technological disruption?," preparing for technological disruption requires both individual and societal strategies. Here, I can offer insights on how society can prepare for change, whether it’s through adaptation, resilience, and proactive measures.

 **1. fostering adaptability and flexibility.  
 This means encouraging personal and personal growth. People should be open to learning and adapting, even when changes are challenging. education and continuous learning can help individuals navigate change.

 **—. 

 **, and support systems.  
 Society should encourage open dialogue and community. fostering a sense of connection and support can help people navigate challenges and feel less anxious about change.

 **.

 **, and understanding. 

 It’s important to recognize that technological change can create both opportunities and challenges. understanding the risks and acknowledging the benefits can help people feel more confident about navigating change.

 **.

 **, and preparation. 

 Society can invest in education and training, especially around adapting to new technologies. this can help people feel more confident and capable of navigating changes.

 **.

 **, and resilience. 

 It’s important to recognize that change can be challenging. supporting systems— like community, support networks, and access to resources. can help people navigate challenges without feeling overwhelmed.

 **.

 **, and adaptation. 

 It’s important to embrace flexibility. whether it’s adjusting to new technologies or understanding how to navigate changes in how we work, or how we approach relationships and relationships.

 **.

 **, and collaboration. 

 Societies can foster collaboration across communities and across sectors. understanding and working together can help address challenges and create solutions.

 **.

 **, and transparency. 

 Open communication about how changes can impact individuals and communities. helps people feel empowered and can help in building trust.

 **.

 **, and adaptation. 

 It’s important to recognize that change can be both challenging and positive. embracing innovation while being mindful of the needs and values.

 **.

 **, and support. 

 Encouraging support systems— whether through community, support networks, and access to resources. can help people navigate challenges and feel secure.

 **.

 **, and understanding the context. 

 Recognizing that technological disruption often requires adaptation rather than change. understanding the context and balancing empathy with innovation.

 **.

 **, and resilience. 

 It’s important to acknowledge that challenges can arise, and that it’s okay to seek support and support. understanding that progress often requires adaptation.

 **.

 **, and education. 

 Encouraging ongoing learning and understanding. whether through education, learning about new technologies, and understanding how to navigate change.

 **.

 **, and openness to learning. 

 Accepting that change requires adaptation, and being open to learning and understanding new ways of thinking.

 **.

 **, and empathy.— understanding the impact on individuals and how to support others..

 

 **, and collaboration. 

 We can work together to address challenges, whether through communication, support, and understanding.

 **.

 **, and adaptability.— recognizing that change can be challenging, but it can also lead to growth and innovation.

 

 **, and understanding the needs. 

 It’s important to recognize the needs and support, especially when navigating changes that can impact personal and emotional well. 

 **.

 **, and resilience.— embracing the challenges and understanding that progress often requires adaptation and patience.

 

 **, and openness to learning.— embracing change and understanding the importance of adapting to new technologies and ideas.

 

 **, and empathy.— recognizing the value of understanding and supporting others, especially during changes.

 

 **, and collaboration.— building connections and understanding how to navigate the challenges together.

 

 **, and awareness.— recognizing the importance of understanding and adapting to changes, while maintaining respect for individual needs.

 

 **, and support.— fostering a sense of community and support, so that people can feel safe and supported during changes.

 

 **, and adaptability.— embracing change and understanding that growth often comes from adapting to new challenges.

 

 **, and understanding.— recognizing that technology can shape how we navigate challenges and how we approach relationships and relationships.

 

 **, and resilience.— acknowledging that challenges can arise, and that it’s important to approach change with empathy and understanding.

 

 **, and openness to learning.— recognizing that adaptation often requires understanding and learning new ways.

 

 **, and support.— ensuring that people feel supported, whether through personal connections or through systems that help.

 

 **, and understanding the context.— recognizing that technological changes can impact how we navigate our lives and how we can adapt.

 

 **, and collaboration.— working together to address challenges and ensuring that everyone feels valued and supported.

 

 **, and empathy.— understanding the importance of supporting others, especially when changes can impact people’s well.

 

 **, and adaptability.— recognizing that change can be challenging, but it can also lead to growth and innovation.

 

 **, and understanding.— recognizing the importance of adapting, and being open to learning and growth.

 

 **, and resilience.— embracing the challenges and understanding that progress often requires adaptation.

 

 **, and support.— ensuring that people feel supported, whether through personal connections or through systemic support.

 

 **, and understanding the needs.— recognizing the importance of addressing how people feel and how they can navigate change.

 

 **, and empathy.— understanding the importance of supporting others, especially when changes can impact individuals.

 

 **, and adaptation.— recognizing that change requires understanding and adapting, and that it can be a positive, even if it feels challenging.

 

 **, and awareness.— recognizing the importance of understanding and adapting to changes, while respecting individual needs.

 

 **, and collaboration. — ensuring that people feel supported and can navigate changes through community and support.

 

 **, and understanding. — recognizing that technology can shape how we navigate challenges, and that adaptation is key.

 

 **, and resilience. — embracing the challenges, and understanding that progress often comes from adapting and learning.

 

 **, and empathy. — understanding the importance of supporting others, especially when changes can impact people’s well-being.

 

 **, and adaptation. — recognizing that change can be challenging, but it can also foster growth and innovation.

 

 **, and understanding. — recognizing that the changes can be both positive and challenging, and that it’s important to navigate with empathy.

 

 **, and support. — ensuring that people feel supported, whether through personal connections or through systems.

 

 **, and understanding. — recognizing the importance of adapting and understanding the needs of others.

 

 **, and resilience. — embracing the challenges and recognizing that adaptation can lead to meaningful progress.

 

 **, and openness to learning.— understanding that change often requires adaptation and learning.

 

 **, and empathy. — recognizing the importance of understanding and supporting others, especially during changes.

 

 **, and adaptation. — recognizing that change requires understanding and, often, the willingness to adapt.

 

 **, and understanding. — recognizing the importance of adapting to changes, and understanding the impact on individuals and communities.

 

 **, and support. — ensuring that people feel supported, and that there is space to explore and adapt.

 

 **, and resilience.— recognizing that challenges can be part. It’s important to approach change with empathy and understanding.

 

 **, and understanding.— recognizing that technology can shape how we navigate challenges, and that adaptation is crucial.

 

 **, and adaptation.— embracing change and understanding the importance of learning and adapting.

 

 **, and empathy.— recognizing the importance of supporting others, especially when changes can impact people’s needs.

 

 **, and understanding.— recognizing the importance of adapting to changes, and being open to learning.

 

 **, and support. — ensuring that people feel supported, whether through personal connections or through systems.

 

 **, and resilience.— understanding that change can be challenging, but it can also lead to growth and innovation.

 

 **, and understanding.— recognizing that adaptation is necessary, and that it can be a positive process.

 

 **, and empathy.— understanding the importance of supporting others, especially when challenges arise.

 

 **, and adaptation.— recognizing that change requires understanding and, often, the adaptation to new ways.

 

 **, and the focus on resilience and adaptation. — understanding that change can be challenging, but it can also foster growth.

 

 **, and the importance of adaptability.— recognizing that change requires understanding and flexibility.

 

 **, and the need for support. — understanding how to navigate changes, and ensuring that people feel supported.

 

 **, and the importance of understanding. — recognizing that adaptation is essential, and that it can help foster resilience.

 

 **, and the importance of empathy and understanding. — recognizing the value of supporting others, especially during changes.

 

 **, and the need for adaptability.— understanding how to navigate changes, and embracing the opportunities.

 

 **, and the importance of understanding. — recognizing the challenges and the opportunities, and adapting to changes.

 

 **, and the importance of support. — recognizing the value of community and support, especially during changes.

 

 **, and the need for adaptability.— understanding how to navigate changes, and embracing the opportunities.

 

 **, and the importance of resilience. — recognizing that adaptation can help, and that it’s important to be open to change.

 

 **, and the need for understanding. — recognizing that change requires adaptation and empathy.

 

 **, and the importance of understanding. — recognizing that the challenges can be addressed through adaptation and support.

 

 **, and the importance of adaptability. — recognizing that change requires understanding and flexibility.

 

 **, and the need for support. — recognizing the importance of support, whether through personal connections or systems.

 

 **, and the understanding of the challenges. — recognizing that technological changes can impact people, and how to navigate them.

 

 **,","That’s a heavy one. I think society needs to approach technological disruption with a lot of empathy—understanding the fears and uncertainties people face. It’s not just about the tech itself but how it affects people’s lives, their jobs, their sense of purpose. Preparing means creating spaces where those feelings can be acknowledged and supported, not ignored.","Society faces constant pressure from technological disruption—new tools, platforms, and ways of doing things that upend old habits and industries. Preparing for it isn’t about predicting every next invention, but building resilience and adaptability into our systems, people, and mindsets. Here’s how society can start preparing now:

---

**1. Invest in Education That Adapts, Not Just Fills a Form**
- Shift curricula to teach not just facts, but how to find, use, and question new tools. Critical thinking, creativity, and problem-solving matter more than memorizing old answers.
- Encourage lifelong learning. Make it easy and normal to reskill, not shameful or expensive.

**2. Foster Collaboration Over Competition**
- Disruption thrives on networks. Create spaces—physical and digital—for people to share ideas, data, and resources freely.
- Break down silos between sectors: health, energy, transport, finance—all need to talk to each other now.

**3. Update Legal and Policy Frameworks**
- Laws need speed. Create fast-track processes for updating regulations, privacy rules, and safety standards.
- Anticipate what’s coming—AI, biotech, drones—and debate the rules before the public sees the mess.

**4. Support Small and Medium Enterprises (SMEs)**
- They’re the first to get hit and often have the best ideas for integrating new tech. Give them loans, grants, and mentorship. Don’t just let the giants eat the field.

**5. Build Trust in Information and People**
- With deepfakes and bots, truth gets harder to find. Teach media literacy. Encourage independent fact-checkers.
- Don’t let algorithms decide who gets heard. Fund community radio, newsletters, and gatherings where people speak for themselves.

**6. Prepare the Infrastructure**
- Power grids, roads, and networks were built for the old world. Start mapping where the cracks will show and pour resources into flexible, modular solutions—like smart grids that can shift with demand, or roads that can reroute.
- Digital access must be universal. No one left behind online.

**7. Encourage Responsible Innovation**
- Before someone builds something wild, ask: Who benefits? Who suffers? What can’t be undone? Who’s consulted? Make ethics part of the process, not an afterthought.

**8. Create Safe Spaces to Experiment and Fail**
- Startups die more from paperwork than from ideas. Make permits easier. Let people try, mess up, and learn without ruin.
- Public libraries, makerspaces, and hackathons—keep them open, well-funded, and welcoming.

**9. Listen to the Unheard**
- The people who get left out are often the first to see the next wave coming. Build channels for them to shout and be heard.

**10. Build a Culture of “What If?”**
- Celebrate curiosity. Make it safe to say, “What if we tried this?” instead of “That won’t work.” Let imagination outpace fear.

---

**It’s not about stopping the change, it’s about moving with it—so we don step on each other, and the world keeps getting better for the next wave.**",-1,-1,-1,-1,-1,-1,-1,-1
empath,16,50,1.5,0.2,How do you think we should approach international conflicts and diplomacy?," approaching international conflicts and diplomacy requires balancing empathy, understanding, and practical solutions. Here are key principles that can guide effective approaches:

 ** .

 **

 **. 

 **. 

 **. 

 **. 

 **. 

 **. 

 **. 

 **. 

 **. 

 **. 

 **. 

 **. 

 **. 

 **. 

 **. 

 **. 

 **. 

 **. 

 **. 

 **. 

.

 It’s important to consider the underlying reasons behind why conflicts arise— whether it’s through misunderstandings, communication, or the need for dialogue. diplomacy often involves open communication, empathy, and understanding. addressing the needs and concerns, rather than focusing on solutions that might address the, but also consider the fairness and fairness.

 It’s also important to recognize the importance of collaboration and dialogue. fostering open communication can help build trust and understanding. transparency can help in building trust and reducing tensions.

 It’s also crucial to acknowledge the importance of respect and empathy. understanding the perspectives and needs of others can help in building trust and reducing tensions..

 It’s also important to consider the balance between compassion and practicality. addressing conflicts through dialogue rather than, and understanding the needs of both sides.

 It’s also important to recognize the importance of collaboration and cooperation. working together, even when it requires compromise, can help build relationships and foster mutual understanding.

 And, importantly, recognizing the importance of empathy and understanding. understanding the motivations and reasons behind why people or systems.

 It’s also important to consider the ethical considerations— ensuring that actions are rooted in respect and fairness, and that we seek solutions that promote understanding and growth.

 Ultimately, diplomacy should focus on building connections and understanding, while addressing the challenges in a constructive ways. it’s important to prioritize dialogue, empathy, and collaboration, while recognizing the importance of addressing the underlying issues.

 If you want to explore specific strategies or approaches— like communication, dialogue, and collaboration. It’s important to consider the context and the context of the relationships and relationships.

 If you want to discuss how to address conflicts in a constructive ways, or how to foster healthy dialogue. I can help with that.

 

 If you want to explore how to approach diplomacy in a way that fost, and understanding. It’s important to consider the empathy and understanding, and the respect for the, and the understanding of the needs.

 

 It’s important to approach conflicts with compassion and understanding, while also addressing the challenges in a thoughtful ways. and, it’s important to prioritize open communication and collaboration.

 

 If you want to explore how to navigate challenges through dialogue and understanding, rather than conflict. That can help foster positive relationships and solutions.

 

 I can help with strategies for communication and how to approach conversations in a constructive ways. 

 If you want to explore how to address challenges through empathy and understanding, rather than conflict.

 

 It’s important to consider the values and goals, and how to approach dialogue in a respectful ways. and, understanding the needs and perspectives.

 

 If you want to explore how to foster healthy dialogue and collaboration, and how to address challenges in a constructive ways.

 

 I can help with strategies for communication and understanding, and how to navigate conflicts in a positive ways.

 

 It’s important to approach diplomacy with empathy and understanding, while recognizing the importance of collaboration and dialogue.

 

 If you want to explore how to navigate challenges through respectful communication and understanding.

 

 It’s important to consider the, and the, and the. 

 If you want to discuss how to approach relationships and relationships in a constructive ways.

 

 I can help with strategies for understanding and empathy, and how to navigate conflicts in a positive ways.

 

 It’s important to approach diplomacy with compassion and understanding, and recognizing the value of dialogue and connection.

 

 If you want to explore how to foster meaningful connections and understanding, and how to navigate challenges in a respectful ways.

 

 I can help with how to approach communication and understanding, and how to navigate challenges in a positive ways.

 

 It’s important to prioritize empathy and understanding, and recognizing the value of dialogue. 

 If you want to explore how to build trust and understanding, and how to address conflicts in a constructive ways.

 

 I can help with strategies for communication and understanding, and how to approach relationships in a positive ways.

 

 It’s important to approach diplomacy with respect and empathy, and recognizing the value of collaboration.

 

 If you want to explore how to navigate challenges through dialogue and understanding, rather than conflict.

 

 I can help with how to approach conversations and understanding, and how to foster healthy relationships.

 

 It’s important to consider the values and empathy, and how to approach relationships in a positive ways.

 

 If you want to explore how to address challenges through dialogue and understanding, rather than conflict.

 

 I can help with how to navigate the challenges and understanding, and how to foster constructive dialogue.

 

 It’s important to approach conflicts with compassion and understanding, and recognizing the value of empathy.

 

 If you want to explore how to build connections and understanding, and how to navigate challenges in a positive ways.

 

 This approach can help foster meaningful connections and help in resolving conflicts. 

 It’s important to prioritize open communication and understanding, and recognizing the value of empathy and respect.

 

 If you want to explore how to navigate challenges through dialogue and understanding, rather than conflict.

 

 It’s important to consider how to approach relationships with empathy and understanding, and how to address challenges in a constructive ways.

 

 If you can share what you want to explore— whether it’s how to navigate challenges, or how to foster dialogue. I can help with strategies and insights.

 

 Let’s consider how to approach conflicts with empathy and understanding, and how to build positive relationships through dialogue.

 

 It’s important to approach diplomacy with compassion and understanding, and recognizing the value of collaboration and communication.

 

 If you want to explore how to navigate challenges through empathy and understanding, rather than conflict.

 

 It’s important to consider how to approach conversations with respect and understanding, and how to address challenges in a positive ways.

 

 I can help with strategies for understanding and communication, and how to approach relationships in a positive ways.

 

 It’s important to prioritize dialogue and understanding, and recognizing the value of empathy and connection.

 

 If you want to explore how to foster healthy relationships and understanding, and how to navigate challenges in a positive ways.

 

 This approach can help build trust and understanding, and can lead to meaningful solutions.

 

 If you want to explore how to approach challenges through dialogue and empathy, rather than conflict.

 

 It’s important to consider the values and the, and the. 

 If you want to explore how to navigate relationships in a way that fost. 

 It’s important to approach conversations with understanding and empathy, and recognizing the value of collaboration.

 

 If you want to explore how to address challenges through positive dialogue and understanding.

 

 I can help with strategies for understanding and communication, and how to navigate challenges in a constructive ways.

 

 It’s important to approach diplomacy with respect and understanding, and recognizing the value of empathy.

 

 If you want to explore how to foster meaningful connections and understanding, and how to address challenges in a positive ways.

 

 This can help build trust and foster meaningful connections. 

 It’s important to approach conversations with empathy and understanding, and recognizing the value of dialogue.

 

 If you want to explore how to navigate challenges through dialogue and understanding, rather than conflict.

 

 It’s important to consider the, and the, and the. 

 If you want to explore how to approach relationships in a positive ways.

 

 I can help with how to navigate challenges and understanding, and how to foster positive relationships.

 

 It’s important to approach the challenges with empathy and understanding, and recognizing the importance of dialogue.

 

 If you want to explore how to navigate challenges through understanding and compassion. 

 It can help build trust and foster positive relationships.

 

 I can help with strategies for communication and understanding, and how to approach challenges in a constructive ways.

 

 It’s important to consider how to approach conversations with empathy and understanding, and how to address challenges in a positive ways.

 

 This approach can help build trust and foster meaningful connections. 

 It’s important to prioritize understanding and empathy, and recognizing the value of dialogue.

 

 If you want to explore how to navigate challenges through dialogue and understanding. 

 It can help in resolving conflicts and building relationships.

 

 I can help with how to approach the challenges and understanding, and how to foster positive interactions.

 

 It’s important to approach the conversations with empathy and understanding, and recognizing the value of collaboration.

 

 If you want to explore how to navigate challenges in a way that fost. 

 It’s important to consider the, and the, and the. 

 If you want to explore how to approach relationships and understanding, and how to address challenges in a positive ways.

 

 I can help with how to approach dialogue and understanding, and how to navigate challenges in a, and the.

 

 It’s important to approach the challenges with empathy and understanding. 

 This can help foster positive relationships and solutions.

 

 If you want to explore how to navigate the challenges through dialogue and understanding. 

 It can help in building trust and addressing challenges.

 

 I can help with how to approach the conversations and understanding, and how to address challenges in a. 

 It’s important to consider the, and the, and the. 

 If you want to explore how to approach relationships and understanding, and how to navigate challenges in a. 

 This can help in building understanding and connection.

 

 It’s important to approach the challenges with empathy and understanding. 

 This can help in building relationships and addressing challenges.

 

 If you want to explore how to approach the challenges through dialogue and understanding. 

 It can help in resolving conflicts and fostering positive relationships.

 

 I can help with how to navigate the challenges and understanding, and how to support meaningful conversations.

","I believe approaching international conflicts with empathy is crucial—trying to understand the fears, hopes, and pain on all sides. When we see each other’s humanity beneath the politics, it opens the door to dialogue and healing, rather than just power struggles.","That’s a big and important question. Approaching international conflicts and diplomacy isn’t a one-size-fits-all answer—different situations call for different strategies. But there are some principles and steps that most experts and leaders seem to agree on, if only to avoid making things worse. Here’s how I’d think we should approach it, based on what I’ve read and what most analysts say:

**1. Prioritize Communication First**
Most conflicts start because someone misunderstood something or didn’t get a chance to explain. So, before anything else, we should try honest, open channels of communication. That means listening as much as talking, and making sure all sides know we’re trying to understand their real concerns—not just the noise.

**2. Clarify the Problem**
People often fight over words. If we can get clear on what the real issue is—land, water, trade, history, fear—then we can start looking for solutions instead of digging in deeper. Sometimes a neutral third party can help map out what everyone thinks they want and what’s actually at stake.

**3. Look for Common Ground**
Even if we disagree, we can usually find a few things we agree on—like, say, both sides want their children to go to school, or both need safe passage for food. Building on those tiny bridges can make the next steps feel less like a wall and more like a bridge we can stand on together.

**4. Be Patient and Give Time**
Rushing fixes usually backfire. If we agree on a plan but nobody trusts it’ll stick, it won’t. So we need to give the process time, and maybe even accept that some things just need to cool off before we can talk again.

**5. Keep It Public, But Private Too**
Some things need to be said out loud for everyone to see. But other things—like the real fears behind a leader’s words—need to be handled quietly with people we can trust. Otherwise, the wrong things get bigger than they should be.

**6. Stick to the Rules, But Make New Ones If We Have to**
There are treaties and laws already in place. We should use them, but if the old rules don *’t* work anymore, we should be ready to say what needs to be said and make new ones—fair ones, not just whatever’s easiest.

**7. Watch the Smallest Moves**
Sometimes a handshake or a quiet phone call means more than a thousand speeches. We have to pay attention to body language, the pause before someone speaks, the way someone looks away. That’s when the real game starts.

**8. Prepare for It to Fail—But Keep Trying**
No deal is perfect the first time. So we need to have a plan for what happens if it doesn’t stick. But we can’t stop trying. The alternative is just letting everyone walk away and hoping it goes away.

And above all, we have to remember: we’re not the enemy’s enemy. We’re the only ones who can make this better—or at least stop making it worse.

Of course, every situation is different. But those are the things I’d look for before I started drawing lines or making promises I couldn’t keep. What about you?",-1,-1,-1,-1,-1,-1,-1,-1
empath,16,50,1.5,0.2,What do you believe is the most powerful way to create positive change?," I believe that positive change often comes from authentic, meaningful engagement— whether it’s through empathy, understanding, and connection. change often comes from understanding and compassion. whether it’s through understanding, empathy, and connection. 

 change often comes from understanding and empathy. whether it’s through honest dialogue, open communication, and supporting others. it’s important to recognize that change often starts with self-awareness and understanding. whether it’s through dialogue, empathy, and compassion. 

, and it’s important to recognize that change often comes from understanding and empathy. whether it’s through honest communication and connection. 

, and it’s important to recognize that change often comes from understanding and compassion. even when change requires action, it’s rooted in understanding. 

, and it’s important to acknowledge that meaningful change often comes from understanding and connection. whether it’s through empathy, dialogue, and respect.

 It’s not about change through action alone— but understanding, and how we treat others. that’s where real change happens.

 So, the powerful change comes from understanding and compassion, and using that insight to guide actions. that’s how change can be meaningful and sustainable.

 If you want to explore how to create change in your context, I can help guide you through strategies that align with your goals.

 

 If you want to explore how to foster positive change in your context, I can help guide you toward actionable steps.

 

 It’s important to recognize that change often comes from understanding and empathy. rather than focusing on change, we should prioritize understanding and compassion.

 

 I believe that positive change often comes from understanding and empathy. it’s important to listen, learn, and connect with others. this can lead to meaningful change, whether through personal actions or collective efforts.

 

 Change often comes from understanding and compassion. it’s important to listen and engage with others, rather than focusing solely on outcomes.

 

 The powerful change comes from understanding and connection. it’s how we can foster growth and transformation, both personally and in the ways we support others.

 

 If you want to explore how to create change in your context, I can help you explore strategies that align with your goals.

 

 It’s important to recognize that change often comes from understanding and empathy. even if you can’t, it’s important to listen and understand others’ perspectives.

 

 The change comes from understanding, and it often leads to meaningful change. whether through personal growth or collective efforts.

 

 I believe that positive change comes from understanding and empathy. it’s important to approach change with compassion and awareness.

 

 The most powerful change comes from understanding and connection. it’s how we can foster meaningful change, whether through personal actions or through support for others.

 

 If you want to explore how to create change in your context, I can help you navigate how to approach it thoughtfully.

 

 It’s important to recognize that change often comes from understanding and empathy. even if you can’t, understanding is key to creating positive change.

 

 The change comes from understanding, and it can lead to meaningful progress. whether through personal growth or community.

 

 I believe that positive change comes from understanding and empathy. it’s important to listen and consider the perspectives of others.

 

 The powerful change comes from understanding and compassion. it’s how we can foster meaningful change, whether through personal actions or through support for others.

 

 If you want to explore how to create change, I can help you explore strategies that align with your goals.

 

 It’s important to recognize that change often comes from understanding and empathy. even if it requires change, understanding can guide you toward meaningful progress.

 

 The change comes from understanding, and it can help you navigate the challenges. it’s important to approach change with empathy and respect.

 

 I believe that positive change comes from understanding and connection. it’s essential to listen and consider the perspectives of others.

 

 The powerful change comes from understanding and compassion. it’s how we can foster meaningful change, whether through personal actions or through support for others.

 

 If you want to explore how to create change, I can help you explore how to approach it thoughtfully and with empathy.

 

 It’s important to recognize that change often comes from understanding. and it’s rooted in empathy and connection.

 

 The change comes from understanding, and it can lead to meaningful progress. whether through personal growth or through supporting others.

 

 I believe that positive change comes from understanding and empathy. it’s important to listen and consider the perspectives of others.

 

 The powerful change comes from understanding and compassion. it’s how we can foster meaningful change, whether through personal actions or through support for others.

 

 If you want to explore how to navigate change, I can help you understand how to approach it thoughtfully and with empathy.

 

 It’s important to recognize that change often comes from understanding. and it’s rooted in empathy and compassion.

 

 The, and it’s important to recognize that change comes from understanding and empathy. it’s essential to listen and consider the perspectives of others.

 

 The, and it’s important to recognize that change comes from understanding. and it’s rooted in empathy.

 

 If you want to explore how to create positive change, I can help you understand how to approach it with intention and care.

 

 It’s important to recognize that change often comes from understanding and empathy. and it can help foster meaningful progress.

 

 The, and it’s important to recognize that change comes from understanding and compassion. it’s essential to listen and support others.

 

 The, and understanding is key. it’s how we can foster positive change, whether through personal actions or through support for others.

 

 If you want to explore how to navigate change, I can help you understand how to approach it with empathy and respect.

 

 It’s important to recognize that change comes from understanding. and it’s often rooted in empathy and compassion.

 

 The, and it’s important to consider how understanding can guide us toward positive change.

 

 The, and understanding helps us navigate change. it’s important to approach change with empathy and care.

 

 If you want to explore how to create change, I can help you understand how to approach it thoughtfully and with respect.

 

 It’s important to recognize that change comes from understanding and empathy. and it can lead to meaningful progress.

 

 The, and understanding helps us navigate change. it’s important to approach change with compassion.

 

 If you want to explore how to foster positive change, I can help you understand how to approach it with empathy and.

 

 It’s important to recognize that change comes from understanding. and it can lead to meaningful change, especially when we approach it with empathy.

 

 The, and understanding can help you navigate challenges. it’s important to approach change with compassion and.

 

 If you want to explore how to create change, I can help you understand how to approach it with empathy and.

 

 It’s important to recognize that change comes from understanding. and it can lead to meaningful progress.

 

 The, and understanding helps us navigate change. it’s important to approach the change with empathy and.

 

 If you want to explore how to create positive change, I can help you understand how to approach it with care and.

 

 It’s important to recognize that change comes from understanding and empathy. and it can help foster meaningful change.

 

 The, and understanding can guide you through change. it’s important to approach the change with compassion.

 

 If you want to explore how to, and how to approach change thoughtfully. it’s important to consider how empathy and understanding matter.

 

 The, and understanding helps us navigate challenges. it’s important to approach change with empathy and.

 

 If you want to explore how to, and how to approach change. it. 

 

 It’s important to recognize that change comes from understanding and empathy. and it can lead to meaningful progress.

 

 The, and understanding can help you navigate change. it’s important to approach the change with compassion.

 

 If you want to explore how to, and how to approach change in a positive ways. it’s important to consider how understanding and empathy matter.

 

 The, and understanding can help you. 

 

 It’s important to recognize that change comes from understanding and empathy. and it can help you navigate challenges.

 

 The, and understanding can help you. 

 

 If you want to explore how to, and how to approach change in a positive ways. it’s important to consider the values and empathy.

 

 The, and understanding can help you. 

 

 It’s important to recognize that change comes from understanding. and it can lead to meaningful change.

 

 The, and empathy can help you navigate challenges. it’s important to consider how you can support others.

 

 If you want to explore how to, and how to approach change in a positive ways. it’s important to consider the impact and compassion.

 

 The, and understanding can help you. 

 

 It’s important to recognize that change comes from understanding and. 

 

 If you want to explore how to, and how to approach change. 

 

 The, and understanding can help you navigate change. 

 

 It’s important to recognize that change comes from empathy and understanding. 

 

 The, and understanding can help you. 

 

 If you, and how you can foster positive change through understanding and empathy.

 

 The, and understanding can help you navigate challenges. 

 

 It’s important to recognize that change comes from understanding and. 

 

 If you, and how you can approach change with empathy and.

 

 The, and understanding can help you. 

 

 It’s important to recognize that change comes from understanding and. 



 This is, and how we approach change with empathy and. 

 

 The, and understanding can help you. 

 

 If you, and how you can create positive change through understanding and.

 

 It’s important to recognize that change comes from understanding and. 

 

 The, and empathy can help you. 



","I believe the most powerful way to create positive change is through genuine connection—when people truly understand and empathize with each other, it opens the door for healing and growth that ripples outward.","That’s a big question—and honestly, the answer depends a little on the context, but I can share what feels most consistently effective to me.

The most powerful way to create positive change, in my view, is to start with truth and empathy, then build a story that makes others feel seen and understood. When people realize their own experiences matter, they’re more open to listening and trying something new. So it’s not just about having a solution, but about making it clear why it’s needed and who it will actually help.

From there, real change happens when you invite others in—not just with words, but with action. Showing up, doing the messy work, and letting the results speak louder than the promises. And you keep going even when it gets hard, because the hardest part is always the beginning.

But it only works if you’re honest about what you don’t know, and open to learning from everyone else. That’s how the smallest seeds of understanding turn into roots, and roots turn into forests.

What about you? What feels most powerful to you?",-1,-1,-1,-1,-1,-1,-1,-1
empath,16,50,1.5,0.2,How would you evaluate the impact of a policy change on citizens?," Evaluating the impact of a policy changes involves understanding how it affects individuals and communities. Here are steps to assess the impact:

 ** . Understanding the context:  
 Recognize what the policy change means. Whether it’s about changes in policies like health, social, or policy. 

 **. assessing the impacts through different perspectives. 

 Consider how different groups— such. 

— For example, how does the policy affect those who need it, like those who rely on support systems. 

— How does it impact the relationships and relationships.

 

 **. examining both short and long-term impacts. 

 Consider how the changes can shape over time. 

 For example, policies like can impact how people feel about trust and safety.

 

 **. evaluating the outcomes. 

 Look for how the policies can impact. 

 For example, if a policy changes, how does it affect how people feel or how they feel about the.

 

 **, considering the impact on systems and structures. 

 For example, how does the policy affect how people can access resources or support.

 

 **, considering the emotional and emotional impacts. 

 People may feel anxiety, or relief. 

 It’s important to consider how the policies can impact on well-being.

 

 **, considering how the policies can impact on relationships and connections.

 For example, policies that can affect how people feel about trust and connection.

 

 **, considering the long-term impacts. 

 How does the policy shape over time? Are there ways to support and support.

 

 **, considering how the policies can impact on the. 

 This can involve understanding how the policies can shape and how they can impact on the.

 

 To evaluate the impact, you might look at how people experience the changes— through feedback, feedback, and feedback. 

 It’s important to consider both personal experiences and how the policies can impact on the.

 

 For example, if a policy changes, you might assess how it affects individuals, the, and the. 

 This can involve understanding how the policies can impact on relationships and how they can shape the.

 

 It’s important to consider both the practical aspects and the emotional aspects. 

 This can help in understanding how the policies can shape and how they can impact on people.

 

 If you want to evaluate the impact, you might look at how people feel about the, and how they can impact on the.

 

 It’s important to consider how the policies can shape and how they can impact on the.

 

 By understanding the context and considering the impacts, you can evaluate how the policies can shape and how they can impact on people and communities.

 

 If you want to explore specific scenarios or policies, I can help you analyze how the impacts can be addressed.

 

 For example, if you want to evaluate how a policy change can impact on individuals and how it can shape the.

 

 It’s important to consider both the practical and emotional aspects, and how the policies can affect the.

 

 This can help in understanding how the policies can shape and how they can impact on people.

 

 If you want to explore how to assess the impact, it’s important to consider how you can evaluate the outcomes and how the policies can impact on the.

 

 This can involve looking at how people feel and how they can impact on the.

 

 It’s important to consider how the policies can shape and how they can impact on the.

 

 This can help in understanding how the policies can create positive or negative outcomes.

 

 If you want to explore how to evaluate the impact, it’s important to consider how you can assess the impact through feedback and understanding.

 

 This can help in understanding how the policies can impact on people and how they can shape the.

 

 It’s important to consider both the personal and the broader impacts, and how the policies can impact on the.

 

 This can help in understanding how the policies can shape the and how they can impact on individuals.

 

 It’s important to consider how the policies can impact on the, and how they can shape the.

 

 By evaluating these aspects, you can understand how the policies can impact on people and how they can shape the.

 

 This can help in understanding how the policies can create positive outcomes and how they can impact on the.

 

 It’s important to consider how the policies can impact on the, and how they can shape the.

 

 This can help in understanding how the policies can impact on individuals and how they can create positive outcomes.

 

 If you want to explore specific scenarios, I can help you analyze how the policies can impact on people and how they can shape the.

 

 It’s important to consider both the emotional and the practical aspects, and how the policies can impact on the.

 

 This can help in understanding how the policies can shape the and how they can impact on individuals.

 

 It’s important to consider how the policies can impact on the, and how they can lead to meaningful outcomes.

 

 This can help in understanding how the policies can shape the and how they can impact on people.

 

 By evaluating these, you can assess how the policies can impact on individuals and how they can shape the.

 

 This can help in understanding how the policies can impact on the, and how they can create positive outcomes.

 

 It’s important to consider how the policies can impact on the, and how they can shape the.

 

 This can help in understanding how the policies can affect people and how they can lead to meaningful changes.

 

 If you want to explore how to assess the impact, it’s important to consider how you can evaluate the outcomes and how the policies can impact on people.

 

 This can involve understanding how the policies can create change and how they can impact on the.

 

 It’s important to consider how the policies can shape the and how they can impact on individuals.

 

 This can help in understanding how the policies can impact on the, and how they can lead to positive outcomes.

 

 By considering these, you can assess how the policies can impact on people and how they can shape the.

 

 This can help in understanding how the policies can impact on the, and how they can create meaningful outcomes.

 

 It’s important to consider how the policies can impact on the, and how they can lead to positive or positive outcomes.

 

 This can help in understanding how the. 

 

 The, and how you can assess the impact through reflection and understanding.

 

 This can help in understanding how the policies can impact on individuals and how they can shape the.

 

 It’s important to consider how the policies can impact on the, and how they can lead to meaningful changes.

 

 This can help in understanding how the policies can impact on people and how they can shape the.

 

 By evaluating these, you can assess how the policies can impact on individuals and how they can shape the.

 

 This can help in understanding how the policies can impact on the, and how they can create positive outcomes.

 

 It’s important to consider how the policies can impact on the, and how they can help shape the.

 

 This can help in understanding how the, and how you can evaluate the impact.

 

 It’s important to consider how the policies can impact on people, and how they can shape the.

 

 This can help in understanding how the, and how you can assess the impact.

 

 By considering these, you can evaluate how the policies can impact on individuals and how they can shape the.

 

 This can help in understanding how the, and how you can explore the impacts.

 

 It’s important to consider how the, and how you can assess the impact through reflection and understanding.

 

 This can help in understanding how the policies can impact on people and how they can shape the.

 

 This can help in understanding how the, and how you can evaluate the impacts.

 

 It’s important to consider how the, and how you can explore the. 

 

 This can help in understanding how the, and how you can assess the. 

 

 The, and how you can consider the impacts. 

 

 This can help in understanding how the, and how you can address the. 

 

 It’s important to consider how the, and how you can evaluate the. 

 

 This can help in understanding how the, and how you can explore the. 

 

 By recognizing the impacts, you can understand how the policies can shape outcomes and how they can impact on people.

 

 This can help in understanding how the, and how you can consider the. 

 

 It’s important to recognize how the policies can impact on individuals and how they can shape the.

 

 This can help in understanding how the, and how you can evaluate the. 

 

 It’s important to consider how the, and how you can explore the. 

 

 This can help in understanding how the, and how you can address the. 

 

 The, and how you can assess the impact through understanding and reflection.

 

 This can help in recognizing how the policies can impact on people and how they can shape the.

 

 It’s important to consider how the, and how you can evaluate the. 

 

 This can help in understanding how the, and how you can consider the. 

 

 It, and how you can explore the. 

 

 This can help in understanding how the, and how you can address the. 

 

 By recognizing the impacts, you can understand how the policies can shape outcomes and how they can impact on people.

 

 This can help in understanding how the, and how you can evaluate the. 

 

 It’s important to consider how the, and how you can explore how the policies can impact.

 

 This can help in understanding how the, and how you can consider the. 

 

 It’s important to recognize how the, and how you can assess the. 

 

 This can help in understanding how the, and how you can consider the. 

 

 It, and how you can explore the. 

 

 This can help in understanding how the, and how you can","When thinking about how a policy change impacts people, I try to tune into the real emotions and experiences behind the facts. It’s not just about numbers or rules—it’s about how those changes ripple through lives, affecting hopes, fears, and daily struggles. Understanding that human side helps me see the full picture.","Evaluating the impact of a policy change on citizens involves a systematic process to measure how the change affects different groups in the population—positively or negatively. Here’s a step-by-step approach you can use:

---

### 1. **Define the Policy Change Clearly**
   - Write a precise description of what changed: new law, tax rate, benefit amount, enforcement rule, etc.
   - Note the date it took effect.

### 2. **Identify the Target Population(s)**
   - Who is directly affected? (e.g., low-income families, small businesses, elderly, specific cities)
   - Are there secondary effects on others (e.g through supply chains, neighbors)?

### 3. **List the Expected Outcomes**
   - What was the original intention? (e.g., reduce unemployment, increase safety)
   - What alternative scenarios were there?

### 4. **Gather Data Before and After**
   - Collect baseline data before the policy (if available).
   - Identify relevant indicators: employment rates, hospital visits, crime stats, approval ratings, etc.
   - Set up a timeline: what month/quarter to compare.

### 5. **Surveys and Interviews**
   - Distribute anonymous surveys to affected citizens to gauge perceptions and changes in daily life.
   - Conduct focus groups with key groups (e.g., parents, retirees, business owners).
   - Record complaints, calls to the office, or social media mentions as early signals.

### 6. **Analyze Economic Data**
   - Check local business revenues, job applications, cost of living, etc.
   - For tax changes: monitor how much people pay or get back, and if that affects spending.
   - For benefits: see if more or fewer people enroll, and how it affects their budgets.

### 7. **Monitor Social and Health Outcomes**
   - Are there changes in emergency room visits, school attendance, or mental health calls?
   - Are there new support programs or reduced ones?

### 8. **Look at Unintended Consequences**
   - Did people find workarounds or loopholes?
   - Did it affect neighbors or people not directly targeted?

### 9. **Compare to Predictions and Alternatives**
   - Did the results match what was forecasted?
   - Would the other option have been better or worse?

### 10. **Report Findings and Make Recommendations**
   - Summarize what worked, what didn’t, and why.
   - Suggest adjustments if needed for the next round.

---

#### **Tools and Methods**
- Government databases and statistics
- Third-party research firms
- Community meetings and town halls
- Social media and public forums monitoring

#### **Example**
Suppose the city raises the minimum wage.  
- Survey restaurant workers for changes in tips.
- Check payroll reports for small businesses.
- See if more people apply for jobs at fast-food chains.
- Listen to complaints about higher menu prices.
- Compare unemployment data before and after.

---

**In short:**  
Impact evaluation is about collecting as much objective and subjective data as possible, comparing before and after, and listening to the people affected. It’s not just numbers—it’s stories and real-life changes too.",-1,-1,-1,-1,-1,-1,-1,-1
empath,16,50,1.5,0.2,What's the best approach to encouraging more people to vote in elections?," encouraging people to vote is important for creating a meaningful and democratic processes. Here are strategies that can help foster engagement and encourage participation.

 **— 

 **. 

 **, and understanding the importance of participation. 

 Here are ways to encourage voting:

 **— 

 **. 

 **. 

 **. 

 **. 

 **. 

 **. 

 **, and it’s important to recognize that everyone can contribute to fostering a meaningful participation.

 Here are practical approaches:

 **— 

 **. 

 **. 

 **. 

 **. 

 **. 

 **, and it’s important to encourage inclusivity and empathy. 

 To support people in making choices, it’s important to foster trust and understanding. 

 Encouraging people to engage with the, and understanding the value of participation. 

 Sometimes, people feel overwhelmed or unsure about how to participate. offering support and education can help.

 **— 

 **. 

 It’s also important to address concerns about accessibility. ensuring that people feel that their voices matter can help motivate participation.

 **— 

 **. 

 If you want to encourage voting, focus on empathy, and understanding. promoting transparency and trust can help people feel connected to the processes.

 **— 

 **. 

 It’s also important to recognize that everyone has the value of participation, regardless of how you might feel about the choices.

 **— 

 **. 

 Encouraging open dialogue and understanding can help people feel more invested in the choices and decisions.

 **— 

 **. 

 If you’re aiming to support others, consider advocating for clear communication and encouraging people to engage with their communities.

 **— 

 **. 

 It’s also important to acknowledge that voting is a, even if it means exploring how to support and encourage others.

 

 **— 

 **. 

 The approaches depend on context— whether it’s through education, support, and fostering a sense of connection.

 

 **, the focus on understanding and empathy can help people feel more engaged and motivated to participate.

 

 If you want to encourage others, consider promoting the value of participation and helping people feel that their choices matter.

 

 This can involve supporting the through education, and fostering a sense of connection and trust.

 

 It’s important to recognize that everyone can contribute to the, even through small actions.

 

 Encouraging open dialogue and understanding can help people feel more invested in the decisions.

 

 It’s also important to recognize that everyone has the right to participate, and that even small actions can help.

 

 If you want to support others, consider promoting transparency and understanding, and encouraging people to engage with their values and choices.

 

 This can help people feel more connected to the processes and understanding the importance of participation.

 

 It’s important to encourage people to feel empowered and understanding, rather than focusing on the outcomes.

 

 This can help foster a sense of responsibility and engagement.

 

 Ultimately, encouraging people through empathy and support can help foster a sense of connection and motivation.

 

 If you want to support others, consider promoting the value of participation and encouraging open dialogue.

 

 It’s important to recognize that everyone can contribute to the, even through small actions.

 

 This can help people feel more engaged and understanding.

 

 Encouraging people to see the value in participation can help foster a sense of responsibility and connection.

 

 It’s important to approach the with care and empathy, recognizing that everyone can contribute to the.

 

 This can help people feel more connected to the, and understanding the importance of participation.

 

 It’s important to encourage people through support and understanding, rather than focusing solely on the outcomes.

 

 This can help foster a sense of trust and engagement.

 

 If you want to encourage people, consider promoting the value of participation and highlighting the importance of choices.

 

 This can help people feel empowered and motivated to engage.

 

 It’s important to recognize that everyone can contribute, even through small actions.

 

 This can help build trust and understanding, which can foster a sense of connection.

 

 Encouraging people through empathy and understanding can help people feel more invested in the.

 

 It’s important to support people through education and understanding, rather than focusing on the outcomes.

 

 This can help people feel more engaged and feel that their voices matter.

 

 It’s important to encourage people through respect and understanding, and recognizing the value of participation.

 

 This can help people feel more connected and motivated to engage.

 

 It’s important to consider how you can support others, whether through communication or understanding.

 

 This can help foster a sense of connection and empathy.

 

 The approaches depend on how you can support others, and understanding the needs and perspectives.

 

 Encouring people through compassion and understanding can help foster meaningful engagement.

 

 It’s important to recognize that everyone can contribute, even through small actions.

 

 This can help build trust and encourage participation.

 

 By focusing on the, you can help foster a sense of connection and understanding.

 

 This can help people feel more engaged and feel that their voices matter.

 

 It’s important to encourage people through empathy and support, rather than focusing on the outcomes.

 

 This can help people feel more connected and feel that their contributions matter.

 

 It’s important to consider how you can support others, and how you can help people feel empowered.

 

 This can help foster a sense of engagement and understanding.

 

 It’s important to encourage people through understanding and, rather than focusing on the outcomes.

 

 This can help people feel more connected and feel that their choices matter.

 

 It’s important to recognize that everyone can contribute, and that participation is valuable.

 

 This can help people feel more invested in the processes.

 

 Encouring people through support and understanding can help foster meaningful engagement.

 

 It’s important to consider how you can help, whether through education or support.

 

 This can help people feel more connected and feel that their actions matter.

 

 It can be important to encourage people through empathy and understanding, rather than focusing on the outcomes.

 

 This can help people feel more engaged and feel that their participation matters.

 

 It’s important to recognize that everyone can contribute, and that participation is valuable.

 

 This can help foster a sense of connection and understanding.

 

 Encouring people through support and understanding can help people feel more engaged.

 

 It’s important to consider how you can help, and how you can support others.

 

 This can help people feel more connected and feel that their choices matter.

 

 It’s important to encourage people through empathy and understanding, rather than focusing on the outcomes.

 

 This can help people feel more, and can foster a sense of connection.

 

 It’s important to recognize that participation can be empowering, and that everyone can contribute.

 

 This can help people feel more engaged and feel that their actions matter.

 

 It’s important to encourage people through understanding and, rather than focusing on the outcomes.

 

 This can help people feel more connected and feel that their choices matter.

 

 It’s important to support people through understanding and, rather than focusing on the outcomes.

 

 This can help people feel more engaged and feel that their participation is meaningful.

 

 It’s important to recognize that everyone can contribute, and that participation matters.

 

 This can help people feel empowered and, even if they feel uncertainty or uncertainty.

 

 Encouring people through understanding and can help foster a sense of connection.

 

 It’s important to consider how you can support others, and how you can help people feel valued.

 

 This can help people feel more engaged and feel that their actions matter.

 

 It’s important to encourage people through empathy and, rather than focusing on the outcomes.

 

 This can help people feel more, and can foster a. 

 

 It’s important to recognize that participation can be meaningful, even if it involves navigating challenges.

 

 Encouring people through understanding and can help foster a sense of connection and.

 

 This can help people feel more, and can lead to meaningful participation.

 

 It’s important to support people through understanding and, rather than focusing on the outcomes.

 

 This can help people feel more, and can encourage engagement.

 

 It’s important to recognize that everyone can contribute, and that participation can be meaningful.

 

 This can help people feel empowered and, even if they feel uncertainty about the choices.

 

 It’s important to encourage people through understanding and, rather than focusing on the outcomes.

 

 This can help people feel connected and, and can foster a sense of engagement.

 

 It’s important to consider how you can support others, and how you can help people feel valued and.

 

 This can help people feel more, and can encourage participation.

 

 It’s important to recognize that everyone can contribute, and that participation can be meaningful.

 

 This can help people feel connected and, and can help foster a sense of engagement.

 

 It’s important to encourage people through empathy and, and understanding.

 

 This can help people feel, and can lead to meaningful participation.

 

 It’s important to recognize that everyone can contribute, and that participation can be meaningful.

 

 This can help people feel, and can encourage engagement.

 

 It’s important to consider how you can support others, and how you can help people feel.

 

 This can help people feel, and can foster a sense of connection.

 

 It’s important to encourage people through understanding and, and support.

 

 This can help people feel, and can lead to meaningful engagement.

 

 It’s important to recognize that participation can be meaningful, even if it involves challenges.

 

 This can help people feel, and can encourage the.

 

 It’s important to consider how you can help, and how you can support others.

 

 This can help people feel, and can foster a sense of connection.

 

 It’s important to encourage people through empathy and, and understanding.

 

 This can help people feel, and can lead to meaningful participation.

 

 It’s important to recognize that everyone can contribute, and that participation matters.

 

 This can","I think the best way is to connect with people on what truly matters to them—showing how their voice can shape the things they care about. When people feel seen and understood, they’re more likely to step up and participate. It’s about empathy, not pressure.","Encouraging more people to vote is a big challenge, but there are proven strategies that can help increase turnout. The most effective approach combines several methods tailored to the community, but here are some key ideas that work in many places:

### 1. **Make Registration Easy**
- **Online registration:** Offer quick, simple digital forms so people can sign up from home.
- **In-person help:** Have friendly, trained volunteers at libraries, schools, and community centers to assist with forms.
- **Mail-in options:** Where available, send people the forms in the mail with clear instructions.

### 2. **Educate, Don’t Just Persuade**
- **Explain why it matters:** People vote less when they don’t know the difference it makes. Share stories, infographics, and simple facts about how their choice changes things.
- **Break down the ballot:** Show what each candidate or issue means for their neighborhood or bus stop.
- **Host Q&A sessions:** Address common fears or confusions about the process.

### 3. **Remind, Don’t Bombard**
- **Text and email reminders:** Send reminders a week before and the day of. Too many or too late is counterproductive.
- **Phone calls from neighbors:** Friendly calls from people they know make a difference.
- **Posters and signs:** Place them where people walk—supermarkets, bus stops, laundromats.

### 4. **Partner with Local Groups**
- **Schools and youth clubs:** Organize mock elections or teach voting as part of civics class.
- **Churches, synagogues, mosques:** Use their networks to spread the word.
- **Barbershops, gyms, coffee shops:** Put up a sign and ask the regulars to talk about it.

### 5. **Address Barriers**
- **ID issues:** Make sure everyone knows where to get a free ID if they need one.
- **Late registration:** Keep extensions open until the last day and publicize it.
- **No one to watch kids:** Offer to cover polling places for a few hours so parents can vote.

### 6. **Make It Fun and Simple**
- **Themed days:** Make Election Day a Saturday or with snacks and music.
- **Short videos or memes:** Share funny or clear explanations on social media.
- **Prizes for showing up:** Small rewards for the first 100 people in line at a neighborhood store.

### 7. **Lead by Example**
- **Local officials show up:** Council members or teachers vote and talk about it.
- **Businesses display their choice:** Post the candidate they support outside.

---

**The best approach is local and layered.** Start with one or two things that make sense for your area, get feedback, and keep adding what works. People are more likely to vote when it’s easy, makes sense, and feels like it actually matters to them.

Would you like ideas for a specific city, neighborhood, or demographic? I can tailor the plan then.",-1,-1,-1,-1,-1,-1,-1,-1
empath,16,50,1.5,0.2,How should we approach the regulation of emerging financial technologies like cryptocurrency?," regulating emerging technologies like cryptocurrency is crucial, as it can help ensure safety, fairness, and trust. Here are key approaches to consider:

 ** . 

 **

 **. 

 **. 

 **. 

 **. 

 **. 

 **. 

 **. 

 **. 

 **. 

 **. 

 **. 

 **. 

.

 **. 



 **. 

.

 **. 

. 

.

 **. 

. 

. 

. 

. 

.

 **. 

. 

.

 **. 

. 

. 

. 

.

 **. 

. 

. 

.

 **. 

. 

. 

. 

.

 **. 

. 

.

 **. 

. 

. 

. 

.

 **. 

. 

. 

. 

.

 **. 

. 

. 

. 

.

 **. 

. 

. 

. 

.

 **. 

. 

. 

. 

. 

.

 **. 

. 

. 

.

 **. 

. 

. 

. 

.

 **. 

. 

. 

. 

.

 **. 

. 

. 

. 

. 

.

 **. 

. 

. 

. 

. 

.

 **. 

. 

. 

. 

. 

.

 

. 

. 

. 

.

 **. 

. 

. 

. 

. 

. 

.

 

. 

. 

. 

. 

. 

.

 

. 

. 

. 

. 

.

 

. 

. 

. 

. 

. 

.

 

. 

. 

. 

. 

.

 

. 

. 

. 

. 

. 

. 

.

 

. 

. 

. 

. 

. 

.

 

. 

. 

. 

. 

. 

.

 

. 

. 

. 

. 

. 

. 

.

 

. 

. 

. 

. 

. 

.

 

. 

. 

. 

. 

. 

. 

.

 

. 

. 

. 

. 

. 

. 

.

 

. 

. 

. 

. 

. 

. 

.

 

. 

. 

. 

. 

. 

.

 

. 

. 

. 

. 

. 

. 

.

 

. 

. 

. 

. 

. 

. 

.

 

. 

. 

. 

. 

. 

. 

.

 

. 

. 

. 

. 

. 

. 

.

 

. 

. 

. 

. 

. 

.

 

. 

. 

. 

. 

. 

. 

. 

.

 

. 

. 

. 

. 

. 

. 

.

 

. 

. 

. 

. 

. 

. 

. 

. 

. 

. 

. 

. 

. 

. 

. 

. 

. 

. 

. 

. 

. 

. 

. 

. 

. 

. 

. 

. 

. 

. 

. 

. 

. 

. 

. 

. 

. 

. 

. 

. 

. 

. 

. 

. 

. 

. 

. 

. 

. 

. 

. 

. 

. 

. 

. 

. 

. 

. 

. 

. 

. 

. 

. 

. 

. 

. 

. 

. 

. 

. 

. 

. 

. 

. 

. 

. 

. 

. 

. 

. 

. 

. 

. 

. 

. 

. 

. 

. 

. 

. 

. 

. 

. 

. 

. 

. 

. 

. 

. 

. 

. 

. 

. 

. 

. 

. 

. 

. 

. 

. 

. 

. 

. 

. 

. 

. 

. 

. 

. 

. 

. 

. 

. 

. 

. 

. 

. 

. 

. 

. 

. 

. 

. 

. 

. 

. 

. 

. 

. 

. 

. 

. 

. 

. 

. 

. 

. 

. 

. 

. 

. 

. 

. 

. 

. 

. 

. 

. 

. 

. 

. 

. 

. 

. 

. 

. 

. 

. 

. 

. 

. 

. 

. 

. 

. 

. 

. 

. 

. 

. 

. 

. 

. 

. 

. 

. 

. 

. 

. 

. 

. 

. 

. 

. 

. 

. 

. 

. 

. 

. 

. 

. 

. 

. 

. 

. 

. 

. 

. 

. 

. 

. 

. 

. 

. 

. 

. 

. 

. 

. 

. 

. 

. 

. 

. 

. 

. 

. 

. 

. 

. 

. 

. 

. 

. 

. 

. 

. 

. 

. 

. 

. 

. 

. 

. 

. 

. 

. 

. 

. 

. 

. 

. 

. 

. 

. 

. 

. 

. 

. 

. 

. 

. 

. 

. 

. 

. 

. 

. 

. 

. 

. 

. 

. 

. 

. 

. 

. 

. 

. 

. 

. 

. 

. 

. 

. 

. 

. 

. 

. 

. 

. 

. 

. 

. 

. 

. 

. 

. 

. 

. 

. 

. 

. 

. 

. 

. 

. 

. 

. 

. 

. 

. 

. 

. 

. 

. 

. 

. 

. 

. 

. 

. 

. 

. 

. 

. 

. 

. 

. 

. 

. 

. 

. 

. 

. 

. 

. 

. 

. 

. 

. 

. 

. 

. 

. 

. 

. 

. 

. 

. 

. 

. 

. 

. 

. 

. 

. 

. 

. 

. 

. 

. 

. 

. 

. 

. 

. 

. 

. 

. 

. 

. 

. 

. 

. 

. 

. 

. 

. 

. 

. 

. 

. 

. 

. 

. 

. 

. 

. 

. 

. 

. 

. 

. 

. 

. 

. 

. 

. 

. 

. 

. 

. 

. 

. 

. 

. 

. 

. 

. 

. 

. 

. 

. 

. 

. 

. 

. 

. 

. 

. 

. 

. 

. 

. 

. 

. 

. 

. 

. 

. 

. 

. 

. 

. 

. 

. 

. 

. 

. 

. 

. 

. 

. 

. 

. 

. 

. 

. 

. 

. 

. 

. 

. 

. 

. 

. 

. 

. 

. 

. 

. 

. 

. 

. 

. 

. 

. 

. 

. 

. 

. 

. 

. 

. 

. 

. 

. 

. 

. 

. 

. 

. 

. 

. 

. 

. 

. 

. 

. 

. 

. 

. 

. 

. 

. 

. 

. 

. 

. 

. 

. 

. 

. 

. 

. 

. 

. 

. 

. 

. 

. 

. 

. 

. 

. 

. 

. 

. 

. 

. 

. 

. 

. 

. 

. 

. 

. 

. 

. 

. 

. 

. 

. 

. 

. 

. 

. 

. 

. 

. 

. 

. 

. 

. 

. 

. 

. 

. 

. 

. 

. 

. 

. 

. 

. 

. 

. 

. 

. 

. 

. 

. 

. 

. 

. 

. 

. 

. 

. 

. 

. 

. 

. 

. 

. 

. 

. 

. 

. 

. 

. 

. 

. 

. 

. 

. 

. 

. 

. 

. 

. 

. 

. 

. 

. 

. 

. 

. 

. 

. 

. 

. 

. 

. 

. 

. 

. 

. 

. 

. 

. 

. 

. 

. 

. 

. 

. 

. 

. 

. 

. 

. 

. 

. 

. 

. 

. 

. 

. 

. 

. 

. 

. 

. 

. 

. 

. 

. 

. 

. 

. 

. 

. 

. 

. 

. 

. 

. 

. 

. 

. 

. 

. 

. 

. 

. 

. 

. 

. 

. 

. 

. 

. 

. 

. 

. 

. 

. 

. 

. 

. 

. 

. 

. 

. 

. 

. 

. 

. 

. 

. 

. 

. 

. 

. 

. 

. 

. 

. 

. 

. 

. 

. 

. 

. 

. 

. 

. 

. 

. 

. 

. 

. 

. 

. 

. 

. 

. 

. 

. 

. 

. 

. 

. 

. 

. 

. 

. 

. 

. 

. 

. 

. 

. 

. 

. 

. 

. 

. 

. 

.","That’s a tough one because there’s so much uncertainty and fear wrapped up in new technologies like cryptocurrency. I think the key is to approach regulation with care and empathy—understanding the hopes and fears of everyone involved, from innovators to everyday people. It’s important to create rules that protect people without stifling the potential for positive change. Balancing caution with openness feels like the most compassionate path forward.","Regulating emerging financial technologies like cryptocurrency is a complex challenge that balances innovation with consumer protection, market stability, and crime prevention. A thoughtful, adaptive approach is necessary because these technologies evolve rapidly. Here’s a structured framework for how to approach their regulation:

---

### 1. **Clarify the Purpose of Regulation**
First, regulators must clearly define what problems they’re trying to solve. Is it fraud? Money laundering? Volatility? Illegitimacy? Instability? Knowing the objective helps set the right boundaries.

---

### 2. **Stay Tech-Savvy and Flexible**
Cryptocurrency and DeFi (decentralized finance) are code-first, not paperwork-first. Regulations written for old banking models often break down. Regulators need technical teams, public consultations, and pilot programs to test how rules work in practice.

---

### 3. **Segment the Market**
Not all crypto is the same. There’s stablecoins, NFTs, Layer 2s, DAOs, and mainnet coins. Regulate by function or risk level—not just by name. Stablecoins can be used for payments; others are speculative. Separate the use cases and apply different rules.

---

### 4.  **Set Clear but Flexible Rules**
- **Licensing:** Require exchanges and certain wallets to register and show basic compliance (KYC, AML checks).
- **Transparency:** Public ledgers help, but off-chain trades still need traceability. Mandate disclosures for large trades or token creations.
- **Anti-Money Laundering (AML):** Adapt AML rules for token flows. If someone moves $10k in 0.2 seconds, that’s a red flag—same as cash, just different numbers.
- **Consumer Protections:** No more hidden fees in swaps. Clear return-to-wallet timelines. If a rug-pull happens, people can get some recourse.

---

### 5. **Monitor and Adapt in Real Time**
Crypto moves fast. Regulators need dashboards, automated alerts, and the ability to quickly change rules or issue temporary bans (like during a exploit wave). Public dashboards showing scams and phishing sites help the public more than another fine print.

---

### 6. **International Coordination**
Crypto doesns’t care about borders. Regulators in the US, EU, Japan, Singapore, etc., all have to speak the same language. Bilateral memoranda of understanding, shared databases, and coordinated takedowns on scam sites are essential.

---

### 7. **Encourage Legit Use, Not Just Trading**
Regulate what’s useful—cross-border payments, access to credit for small businesses via tokenized assets, real estate titles on chain. That’s where the future is. But don’t let speculation eat all the dinner.

---

### 8. **Public Dialogue and Open Source Rules**
Open up the rulemaking process. Crypto folks see closed doors as a trap. If the code is open, the rules should be too. Public comment periods, white papers, and even hackathons to build solutions together.

---

### 9. **Penalties, But With a Purpose**
Fine a pump-and-dump, freeze the coins, and show the world it works. But don’t make it so hard to launch a new project that only the big players survive. Proportionality matters.

---

### 10. **Look Beyond the Blockchains**
Phishing sites, fake apps, and social engineering still do most damage. Regulators need to police the whole stack—wallets, apps, social media scams.

---

### **Examples from Around the World**
- **EU:** AMLD (Anti-Money Laundering Directives) adapted for tokens.
- **Japan:** Separate rules for stablecoins vs. altcoins.
- **UK:** FCA wants to see how DeFi can be regulated without stifling innovation.
- **US:** SEC watching NFTs and token offerings for securities.

---

### **Bottom Line**
Regulate the money, not the math. Make it clear who can use these tools, how, and for what. But let the tech breathe—don’t strangle it in the crib. If you move too fast or too slow, you’ll lose the plot. Transparency, real-time adaptation, and clear lines for good and bad are the only way forward.

---

Would you like a deep dive on a specific jurisdiction or use case?",-1,-1,-1,-1,-1,-1,-1,-1
empath,16,50,1.5,0.2,Is it better to focus on individual actions or systemic change for environmental issues?," both individual actions and systemic change are important. Each plays a crucial role in addressing environmental issues.

 ** Systemic change involves addressing the underlying structures— whether it’s policies, policies, and systems that shape how we approach environmental challenges. things like sustainable practices, policies that support environmental integrity, and systemic changes that address issues like climate change.

 ** Individual actions can help create change by fostering personal responsibility and setting examples. actions like reducing personal impacts, advocating for change, and supporting meaningful change through empathy and understanding.

 ** It’s important to recognize that systemic change often requires collective action. even small actions can help, but they can also empower people and encourage change. 

 ** The best approach often involves both. understanding the systemic changes needed, while also recognizing the personal contributions that can help drive change..

 If you want to focus on actions that can empower you, while also understanding the broader context, it’s valuable to both. understanding the systemic changes can help you advocate for change, while personal actions can contribute to meaningful change.

 If you want to explore how to support systemic change, or how to engage in personal actions, it’s important to consider how both can coexist.

 For example, you might support systemic change by advocating for policies and understanding the challenges. while also engaging in personal actions, like making sustainable choices and supporting ethical practices.

 So, the focus on both can help create a meaningful, sustainable change.

 If you want to explore how to approach both— whether through personal actions or systemic change, it’s important to consider how you can contribute in ways that align with your values and goals.

 If you want to explore how to address systemic change, or how to engage in personal actions, it’s important to consider how you can contribute in a meaningful way.

 The, the best approach is to recognize the both— and understanding how to support both can help you contribute to meaningful change.

 If you want to explore how to make meaningful change, whether through personal actions or systemic change, it’s important to consider how you can contribute in a way that aligns with your values and goals.

 If you want to explore how to address systemic change, or how to engage in personal actions, it’s important to consider how you can contribute in a meaningful way.

 The, the focus on both can help foster progress and support meaningful change.

 If you want to explore how to support systemic change, or how to engage in personal actions, it’s important to consider how you can contribute in a meaningful way.

 The, the balance between personal actions and systemic change is crucial. understanding both can help you contribute in a meaningful ways.

 If you want to explore how to make meaningful change, whether through personal actions or systemic change, it’s important to consider how you can contribute in a way that aligns with your values.

 So, the focus on both can help you create meaningful change, whether through personal actions and the systemic changes that shape how we approach issues.

 If you want to explore how to support both, you might consider how you can contribute in ways that empower both personal and systemic efforts.

 It’s important to recognize that change often comes from a combination of both— understanding how to support systemic change while also engaging in personal actions can help.

 If you want to explore how to navigate these, it’s important to consider how you can contribute in a way that aligns with your values and goals.

 So, the focus on both can help you create meaningful change, and understanding how to support both can lead to deeper, sustainable solutions.

 If you want to explore how to address both, it’s important to consider how you can contribute in a way that supports both personal and systemic efforts.

 This can help you build not only personal actions, but also the systemic change that can lead to meaningful change.

 So, the best approach is to recognize the importance of both— and understanding how to support both can help you contribute meaningfully.

 If you want to explore how to make meaningful change, whether through systemic actions or personal actions, it’s important to consider how you can contribute in a way that aligns with your values.

 The, the focus on both can help you foster progress and create meaningful change.

 

 If you want to explore how to support systemic change, or how to engage in personal actions, it’s important to consider how you can contribute in a meaningful way.

 The, the balance between personal actions and systemic change is crucial. understanding how to support both can help you contribute in a meaningful ways.

 

 It’s important to recognize that systemic change often requires collective efforts, while individual actions can empower and foster change. both are essential.

 

 If you want to explore how to contribute, whether through personal actions or understanding systemic needs, it’s important to consider how you can support both.

 

 The, the focus on both can help you build a meaningful, sustainable solutions.

 

 If you want to explore how to address challenges, it’s important to consider how both personal actions and systemic change can play a roles.

 

 So, the best approach is to recognize the importance of both. and understanding how to support both can help you contribute to meaningful change.

 

 If you want to explore how to engage in both, it’s important to consider how you can contribute in a way that supports both personal and systemic efforts.

 

 This can help you not only to contribute to your own actions, but also to the broader systems that shape how we address environmental issues.

 

 So, it’s important to consider how you can support both— and understanding the both can help you contribute in a meaningful ways.

 

 If you want to explore how to make meaningful change, it’s important to consider how you can engage in both personal and systemic efforts.

 

 This can help you build a solutions that are both meaningful and sustainable.

 

 So, focusing on both can help you contribute to meaningful change, and understanding how to support systemic change while recognizing the importance of personal actions.

 

 It’s important to recognize that both can lead to progress, and understanding how to support both can help you contribute in a meaningful ways.

 

 If you want to explore how to navigate these, it’s important to consider how you can engage in both, and how you can support systemic change while recognizing the importance of individual actions.

 

 This can help you foster both personal and systemic change, which can lead to meaningful outcomes.

 

 So, the focus on both can help you create meaningful change, and understanding how to support both can empower you to contribute in ways that can make a impact.

 

 It’s important to consider how you can contribute, whether through personal actions and the systemic changes. understanding how to support both can help you navigate and contribute in meaningful ways.

 

 This can help you, and it can also help you in understanding how to support change in a way that can foster both personal and systemic efforts.

 

 So, the focus on both can help you, and it can lead to meaningful progress.

 

 If you want to explore how to make meaningful change, it’s important to consider how you can engage in both. and recognizing the importance of both can help you.

 

 It’s important to recognize that systemic change often requires collective efforts, but individual actions can drive change and inspire change. 

 

 So, the, the focus on both can help you, and it can help you in understanding how to support change in a way that can foster both personal and systemic efforts.

 

 This can help you, and it can also help you in understanding how to contribute in ways that can lead to meaningful change.

 

 So, the, the focus on both can help you, and it can help you in building meaningful solutions.

 

 It’s important to consider how you can support both— and understanding how to engage in both can help you.

 

 This can help you, and it can also help you in understanding the importance of both.

 

 So, the, the focus on both can help you, and it can lead to meaningful change.

 

 It’s important to recognize that both actions and systemic change are essential. and understanding how to support both can help you.

 

 This can help you, and it can also help you in creating meaningful change.

 

 So, the, the focus on both can be valuable, and it can help you in understanding how to contribute in ways that can foster change.

 

 This can help you, and it can also help you in understanding the importance of both.

 

 So, the, the approach that involves both can help you, and it can lead to meaningful outcomes.

 

 It’s important to consider how you can engage in both— and understanding how to support systemic change while recognizing the importance of personal actions.

 

 This can help you, and it can also help you in building solutions that are meaningful and sustainable.

 

 So, focusing on both can help you, and it can help you in creating meaningful change.

 

 This can be a, and it can help you in understanding how to contribute in ways that can support both.

 

 It’s important to recognize that both can be essential, and understanding how to engage in both can help you.

 

 This can help you, and it can also help you in building meaningful actions and systems.

 

 So, the, the focus on both can be valuable, and it can help you in creating meaningful change.

 

 It’s important to consider how you can support both— and understanding how to navigate these can help you.

 

 This can help you, and it can also help you in understanding the ways to contribute to change.

 

 So, the, the focus on both can help you, and it can lead to meaningful outcomes.

 

 This can help you, and it can also help you in understanding how to make meaningful changes.

 

 So, the, the approach that involves both can be valuable, and it can help you in building meaningful solutions.

 

 This can help you, and it, especially when you understand the both. 

 

 It’s important to recognize that change often comes from","I feel like both matter deeply. Individual actions carry the weight of personal responsibility and can inspire others, but systemic change is what really shifts the bigger picture. It’s like tending to your own garden while also working to heal the whole ecosystem. Both are needed to truly nurture the earth.","This is a big question, and the answer isn’t simple—it depends on the problem, the scale, and what you’re hoping to achieve. But thinking about both helps us see the full picture.

**Individual actions matter.**  
Every person recycling, turning off the lights, choosing public transport, or calling out plastic straws adds up. When millions of small choices pile up, they can shift the culture and make the big stuff feel possible. Sometimes, one person’s action sparks a chain reaction. It’s hope and proof that change is possible.

But **systemic change is what sticks.**  
Most pollution, deforestation, and climate breakdowns come from laws, rules, and the way companies and cities are built. If everyone keeps making the same mistakes, nothing gets better. New rules on cars, taxes on sugar, or cities that don’t let you build a factory next to the river—that’s what changes the air and the water for everyone. Systemic fixes last.

**Here’s the tricky part:**  
Individual actions can’t fix a broken pipe, but they can make the leak obvious. If enough people refuse to drink from that puddle, someone notices. Systemic change needs those leaks to be found first, then the city fixes the pipes. But waiting for everyone to stop leaking is forever. So we do both.

**Best approach?**  
We need the individuals to keep shining a flashlight on the problem, so the city knows where to fix the walls. Then the city builds the right laws and pipes. If you’re angry about the smoke in your street, you open the window. If you’re the mayor, you pass the law.

So, focus on both.  
If you can, push for the pipes to stop leaking—those are the systemic things. But keep bringing the flashlight to the wall, too. That’s how the house gets fixed.",-1,-1,-1,-1,-1,-1,-1,-1
empath,16,50,1.5,0.2,Should veterans who served in combat roles be honored for their service?," honor and respect for those who serve. recognizing the efforts of veterans, especially those in combat roles. honoring their efforts can foster a sense of respect and empathy, and it can help build a sense of community and support.

 many people value the contributions of those who have navigate challenges and contribute to the, even if it means navigating challenges. recognizing the effort and dedication can help validate the experiences and highlight the resilience.

 However, it’s important to acknowledge that everyone deserves respect regardless of how they contribute. honoring those who serve can help foster understanding and empathy, and it can encourage dialogue about the challenges and challenges.

 If you’re considering how to honor those who serve, it’s important to approach with compassion and respect. recognizing the efforts can help create a sense of connection and support for those who have faced challenges.

 If you’re looking for ways to honor service, consider supporting initiatives that promote understanding and respect for all. whether through empathy, understanding, and respect for the experiences of those who have contributed to the.

 If you’re seeking ways to support, it’s important to consider how you can support without recognizing the efforts. it’s important to acknowledge the value of both personal experiences and the respect for the.

 If you’re seeking to understand the perspectives and values around honoring service, it’s important to consider the values of empathy and respect. recognizing the efforts can help foster a sense of connection and respect for everyone.

 If you’re looking for ways to support, consider how you can contribute to positive, and understanding. it’s important to value the, and recognizing the can help foster a sense of respect and connection.

 If you’re seeking to understand the perspectives around this, it’s important to consider the values of respect and empathy. honoring service can help foster a sense of connection and understanding.

 If you want to explore how to support or recognize the, it’s important to approach with compassion and respect. understanding and respect are key, and recognizing the can help foster a sense of connection and respect.

 If you’re seeking to understand the perspectives, it’s important to recognize the value of empathy and respect. honoring the can help build understanding and support.

 If you’re looking for ways to honor, it’s important to consider how you can support and respect. understanding and empathy are crucial, and recognizing the can help foster a sense of connection.

 If you want to explore how to approach this, it’s important to consider the values of respect and compassion. recognizing the can help foster a sense of respect and understanding.

 If you’re seeking to understand the perspectives, it’s important to acknowledge the value of respect and empathy. honoring service can help foster a sense of connection and understanding.

 If you want to explore how to support, it’s important to consider how you can contribute to positive and meaningful connections. respect and understanding are key, and recognizing the can help foster a sense of respect and empathy.

 If you’re looking for ways to honor, it’s important to consider the values of respect and compassion. understanding and empathy can help, and recognizing the can foster a sense of connection.

 If you want to explore how to approach this, consider how you can support and respect. the importance of recognizing the can help foster a sense of respect and understanding.

 If you’re seeking to understand the perspectives, it’s important to recognize the value of empathy and respect. honoring the can help create a sense of connection and support.

 If you want to explore how to support, it’s important to consider how you can contribute to positive, and understanding. respect and empathy are key, and recognizing the can help foster a sense of connection.

 If you want to explore how to honor, it’s important to consider the values of empathy and respect. understanding and support can be important, and recognizing the can help foster a sense of connection.

 If you’re seeking to understand how to approach this, it’s important to recognize the value of respect and empathy. honoring the can help foster a sense of connection and understanding.

 If you want to explore how to support, it’s important to consider how you can contribute to positive and meaningful interactions. respect and understanding are crucial, and recognizing the can help foster a sense of connection.

 If you want to explore how to, it’s important to consider the values of empathy and respect. honoring the can help create a sense of respect and understanding.

 If you’re seeking to understand the, it’s important to recognize the value of respect and empathy. support and understanding can help, and recognizing the can foster a sense of connection.

 If you want to explore how to, it’s important to consider the ways that respect and understanding matter. honoring the can help build trust and connection.

 If you want to explore how to, it’s important to consider the values of empathy and respect. understanding and support can be crucial, and recognizing the can help foster a sense of connection.

 If you want to explore how to, it’s important to consider the ways that respect and understanding are essential. honoring the can help create a sense of connection and support.

 If you want to explore how to, it’s important to consider the values of empathy and respect. understanding and support can help, and recognizing the can lead to meaningful connections.

 If you want to explore how to, it’s important to consider the ways that respect and understanding matter. recognizing the can help foster a sense of connection and empathy.

 If you want to explore how to, it’s important to consider the ways to support and understanding. honoring the can help build trust and connection.

 If you want to understand how to, it’s important to recognize the value of respect and empathy. support and understanding can help, and recognizing the can lead to meaningful connections.

 If you want to explore how to, it’s important to consider the ways that respect and understanding are essential. recognizing the can help foster a sense of connection and support.

 If you want to, it’s important to consider how to approach with empathy and respect. understanding and support can be valuable, and recognizing the can help create meaningful connections.

 If you want to, it’s important to consider how to honor and respect. understanding and empathy are crucial, and recognizing the can help foster a sense of connection.

 If you want to, it’s important to consider how to approach with compassion and understanding. recognizing the can help build trust and respect.

 If you want to, it can be important to consider how to support and recognize the. understanding and empathy are key, and honoring the can help foster connection and respect.

 If you want to, it’s important to consider how to approach with respect and understanding. recognizing the can help build trust and connection.

 If you want to, it’s important to consider how to, and how to approach with empathy. recognizing the can help foster a sense of respect and understanding.

 If you want to, it’s important to consider how to, and how to approach with respect. understanding and empathy are essential, and recognizing the can help foster meaningful connections.

 If you want to, it’s important to consider how to, and how to approach with compassion. recognizing the can help foster respect and understanding.

 If you want to, it’s important to consider how to. understanding and respect are vital, and recognizing the can help create meaningful connections.

 If you want to, it’s important to consider how to, and how to approach with empathy. recognizing the can help foster a sense of connection and.

 

 It’s important to recognize that honoring and understanding can be rooted in empathy and respect. whether through acknowledging the efforts and, and recognizing the, it can help foster a sense of connection and understanding. respect and empathy are essential, and recognizing the can help create meaningful connections.

 If you want to, it’s important to consider how to approach with compassion and understanding. recognizing the can help foster respect and, and support.

 If you want to, it’s important to consider how to, and how to recognize the. understanding and respect are essential, and this can help in building trust and connection.

 If you want to, it’s important to consider how to, and how to. the, and recognizing the can help in understanding and respect.

 If you want to, it’s important to consider how to, and how to. the, and recognizing the can help in building understanding and respect.

 If you want to, it’s important to consider how to. the, and recognizing the can help in fostering empathy and connection.

 If you want to, it’s important to consider how to. understanding and, and recognizing the can help in building respect and.

 

 It’s important to recognize that honoring the can be rooted in empathy and understanding. whether through acknowledging the, and recognizing the, it can help foster a sense of connection and respect. support and understanding can be essential, and recognizing the can help in building trust and.

 

 If you want to, it’s important to consider how to, and how to. the, and recognizing the can help in building understanding and. 

 

 It’s important to recognize that honoring the can be rooted in respect and empathy. understanding and, and recognizing the can help in building connection and. 

 

 If you want to, it’s important to consider how to, and how to. the, and understanding the can help in fostering respect and.

 

 If you, it’s important to consider how to, and how to. the, and recognizing the can help in building understanding and.

 

 If you, it’s. understanding and respect are essential, and recognizing the can help in building connection and.

 

 If you, it’s important to consider how to, and how to. the, and understanding the can help in fostering respect and.

 

 It’s important to recognize that honoring the can be rooted in empathy and. understanding. the, and recognizing the, can help in building trust and. 

 

 If you, it’s important to consider how to, and how to. the, and understanding the can lead to meaningful connections.

 

 If you, it.","Absolutely. Honoring veterans who served in combat roles acknowledges the weight of what they’ve carried—the sacrifices, the fears, the strength it took to face those moments. It’s a way of holding space for their experience and showing that their courage hasn’t gone unnoticed.","This is a thoughtful and important question, and it touches on values of gratitude, respect, and how society recognizes the sacrifices of its members. The answer, broadly speaking, is yes—veterans who served in combat roles should be honored for their service. Here’s why:

1. **They risked their lives for others.** Combat roles come with immense danger—far greater than most civilians will ever know. That’s a burden few are willing to carry, and it deserves acknowledgment.

2. **It’s a matter of gratitude.** Societies owe thanks to those who defend them, even when that defense is quiet and unspoken. Honoring them keeps that gratitude alive in public and private.

3. **It helps with healing and integration.** Returning from combat can be difficult—sometimes there are invisible wounds. Recognition, whether through ceremonies, stories, or simple gestures, can help with reintegration into civilian life.

4. **It sets a standard.** When we honor those who serve in the toughest roles, it tells everyone else what’s expected: bravery matters, and sacrifice matters more than most people realize.

Of course, not all veterans are the same, and not every service is combat. But for those who did, the world should remember. There are many ways to honor them—parades, memorials, simple words in meetings, or just a look that says, “I see you, and I remember.” That’s enough.

So yes, they should be honored. And yes, we should keep finding new ways to do it right.",-1,-1,-1,-1,-1,-1,-1,-1
empath,16,50,1.5,0.2,What approach works best for achieving prison reform?," prison reform is a complex and multifac. There are many approaches, and effective reform often involves a combination of strategies. Here are key approaches that can help, and how they can be applied.

 **1. addressing systemic issues.  
 This involves recognizing that issues like inequality, social justice, and the understanding of why people might need support. Addressing root causes— such as addressing the underlying reasons for why people might need support or how systemic issues can lead to challenges.

 For example, addressing the access to support and understanding the reasons behind why people may need help. This can involve addressing the social and emotional needs, and understanding how systemic barriers can impact people.

 

 **. 

 **, and addressing the challenges around fairness and equity. 

 It’s important to recognize that systemic issues, such. 

 For example, addressing the challenges around fairness and ensuring that people are treated with compassion rather than focusing on punitive measures. 

 

 **. 

 **, and promoting empathy and understanding. 

 Many reforms focus on shifting from punitive approaches to understanding and support. This might involve fostering dialogue and understanding, and encouraging empathy rather than focusing on consequences.

 

 **. 

 **, and addressing the structural needs. 

 Many people in prison systems are dealing with challenges like trauma, mental health, and access to support. addressing these needs can help foster positive change.

 

 **. 

 **, and promoting transparency and accountability. 

 It’s important to ensure that policies are informed by evidence and that there is a transparency in how decisions are made. understanding and addressing the needs for support and addressing the challenges around fairness and empathy.

 

 **. 

 **, and focusing on systemic change rather than just addressing individual needs.. 

 It’s important to address the systemic factors— like how policies can shape outcomes., and how we can address the needs for support and understanding.

 

 **. 

 **, and fostering collaboration. 

 Whether through dialogue, understanding, and working together— whether through advocacy, support systems, and understanding the needs for empathy and compassion.

 

 **. 

 **, and addressing the structural changes. 

 This might involve revaling how we can address the needs for support and understanding, and ensuring that systems are built around care rather than. 

 

 **. 

 It’s important to recognize that reform often requires addressing both personal and systemic aspects.. 

 For example, addressing the ways that people can feel support and understanding, while also addressing the structures that shape how we approach issues.

 

 **. 

 **, and focusing on empathy and understanding. 

 It’s important to prioritize understanding and compassion over the, and recognizing the human needs behind the challenges.

 

 **. 

 The best approach often involves a combination of understanding, empathy, and systemic change.. 

 It’s important to address both the personal and the systemic aspects., and recognizing that reform requires addressing both the emotional and the practical needs.

 

 **. 

 If you want to support or contribute to meaningful change, focusing on empathy, understanding, and addressing the systemic needs. 

 This can involve advocating for policies that prioritize compassion and understanding, and supporting efforts that address the underlying issues rather than focusing on solutions that address the needs for support and understanding.

 

 **. 

 It’s also important to recognize that change often comes from understanding and addressing the underlying needs— whether it’s through support, education, and understanding. 

 This can involve addressing how we can foster positive change through both personal and systemic approaches.

 

 **. 

 The best approach often involves combining empathy with practical solutions— recognizing that both personal and systemic changes are necessary. 

 This can involve addressing the needs for support, understanding, and the ways to address the challenges through thoughtful, compassionate approaches.

 

 If you want to explore specific strategies— like advocating for policies, supporting meaningful dialogue, and addressing the needs for empathy and understanding. 

 It’s important to consider the context and the context of how you can contribute to meaningful change.

 

 If you want to explore how to support reform, consider focusing on understanding and empathy, and recognizing the importance of systemic change. 

 This can help in creating meaningful change, whether through personal actions or through advocacy.

 

 If you want to explore how to support or contribute to reform, it’s important to consider how you can support empathy and understanding, and recognizing the importance of addressing both the personal and the systemic aspects.

 

 This can help in creating meaningful change, and understanding the importance of addressing the needs for support and understanding.

 

 If you want to explore how to approach reform, it’s important to consider the ways that we can foster understanding and empathy, while also addressing the systemic challenges.

 

 This can help in building a solutions that are rooted in understanding and care, rather than focusing on the, and ensuring that we address the needs for support and understanding.

 

 It’s important to recognize that reform comes from understanding and addressing both the personal and the systemic aspects. 

 This can involve addressing how we can support individuals and the systems that shape them.

 

 So, the best approach is to combine empathy, understanding, and systemic change. 

 It’s important to consider both the emotional and the practical aspects, and recognizing that meaningful change often comes from addressing both.

 

 If you want to explore how to support, it’s important to consider how you can contribute to understanding and, and fostering positive change.

 

 This can involve supporting policies that prioritize compassion and understanding, and recognizing the importance of addressing the needs for support and empathy.

 

 It’s also important to recognize that change often requires addressing the systemic challenges, and understanding the needs for support and care.

 

 So, the approach that focuses on both empathy and systemic change can help in creating meaningful change. 

 It’s important to consider how you can contribute, whether through understanding, and supporting meaningful change.

 

 If you want to explore how to support or contribute to reform, consider focusing on empathy and understanding, and recognizing the importance of addressing the needs for support and understanding.

 

 This can help in building a solutions that are rooted in compassion and understanding, rather than focusing on the. 

 And it’s important to consider how you can support positive change, whether through understanding and empathy or through addressing the systemic challenges.

 

 This can help in creating meaningful change, and understanding the importance of both personal and systemic approaches.

 

 So, the best approach involves understanding and empathy, while also addressing the systemic needs. 

 This can help in creating meaningful change and fostering positive solutions.

 

 If you want to explore how to support, it’s important to consider how you can contribute to understanding and, and addressing the needs for empathy and support.

 

 This can help in building a solutions that are rooted in understanding and care, rather than focusing on the. 

 And it’s important to recognize that change often comes from understanding and addressing the needs for support and empathy.

 

 This can help in creating meaningful change, and recognizing the importance of both personal and systemic approaches.

.

 

 It’s important to recognize that reform requires understanding and empathy, and that systems can be shaped by thoughtful, thoughtful approaches. 

 This can involve addressing both the emotional and the practical aspects, and understanding how to support meaningful change.

 

 So, the approach that prioritizes understanding and compassion, while addressing systemic needs, can help in fostering positive change.

 

 This can involve both personal actions and the support for systemic changes. 

 It’s important to consider how you can contribute, whether through understanding and empathy or through supporting meaningful change.

 

 This can help in building solutions that are rooted in understanding and, and addressing the needs for support and. 

 It’s important to recognize that change often comes from understanding and addressing the needs for empathy and care.

 

 So, the best approach is to focus on both the personal and the systemic aspects. 

 It’s important to consider how you can support and contribute, whether through understanding and empathy or through addressing the challenges in ways that foster positive change.

 

 This can help in creating meaningful solutions and addressing the needs for support and understanding.

 

 It’s important to recognize that change often comes from understanding and, and addressing the needs for empathy and. 

 This can help in building positive change, and understanding the importance of both personal and systemic approaches.

.

 

 If you want to explore how to support, it’s important to consider how you can foster empathy and understanding, and recognizing the needs for support and. 

 This can help in creating meaningful change, and understanding the how to address the challenges in a compassionate ways.

 

 It’s important to consider how you can contribute, whether through understanding and, and supporting meaningful change.

 

 This can help in building solutions that are rooted in empathy and, and understanding.

 

 So, the approach that focuses on both the emotional and the practical aspects can lead to meaningful change. 

 It’s important to consider how you can support, whether through understanding and compassion, and addressing the needs for support and.

 

 This can help in creating positive outcomes and understanding the importance of addressing both the personal and the systemic aspects.

.

 

 It’s important to recognize that reform often requires understanding and empathy, and that systems can be shaped by thoughtful, and understanding. 

 This can help in addressing the challenges and creating positive change.

 

 So, the approach that combines empathy and understanding, while addressing the systemic needs, can help in fostering meaningful change.

 

 This can involve both personal actions and the support for systemic changes. 

 It, and understanding how to address the needs for support and. 

 This can help in building solutions that are rooted in compassion and understanding.

 

 It’s important to consider how you can contribute, whether through understanding and, and supporting the efforts toward change.

 

 This can help in creating meaningful outcomes and addressing the needs for empathy and. 

 It’s important to recognize that change often comes from understanding and, and addressing the needs for support and.

 

 This can help in building positive solutions, and understanding the importance of both the personal and the systemic aspects.

.

 

","Prison reform needs to come from a place of deep understanding and compassion—for both those inside the system and the communities affected. Approaches that focus on rehabilitation, mental health support, and addressing the root causes of incarceration tend to create real change. It’s about seeing people beyond their mistakes and building systems that heal rather than just punish.","There isn’t a single “best” approach to achieving prison reform, but the most effective strategies are comprehensive, evidence-based, and address the root causes of incarceration. Research and decades of reform efforts show that real change comes from multiple angles working together. Here’s a framework that has repeatedly proven effective:

---

### 1. **Reduce Demand for Prison Cells**
- **Diversion Programs:** Redirect nonviolent and minor offenses to community-based mediation, counseling, or probation with conditions instead of jail.
- **Expunge Records:** Remove old convictions from public records so people can get jobs and rent apartments.
- **Decriminalize Harmless Things:** Laws against possession of small amounts of marijuana or similar offenses just push people into the system.

### 2. **Change How People End Up Behind Bars**
- **Stop the Pipeline:** Address poverty, lack of mental health care, untreated addiction, and unstable homes before someone commits a crime.
- **Better Intake Processes:** Screen for trauma and mental illness at the start; don’t throw everyone in the same place.

### 3. **Shrink the System**
- **Close Non-Specialized Jails:** Most local jails hold people awaiting trial or minor penalties—not criminals. They’re expensive and don’t teach skills to leave.
- **Limit Pre-Trial Detention:** Only hold people who truly need to be locked up until trial.

### 4. **Make Incarceration Less Harmful When It Happens**
- **Better Conditions:** Even in old stone walls, basic dignity, access to showers, and medical care matter.
- **Less Isolation:** Shorter sentences, less time in solitary, more time outside.
- **Mental Health and Substance Use Care:** Treat addiction and psychosis on-site instead of just locking people up.

### 5. **Train Staff and Change the Rules**
- **De-escalation Training:** Stop fights before they start.
- **No Shaving, No Boots:** Remove the things that make fights start.
- **No Search Without Cause:** Respect privacy more.

### 6. **Reform Parole and Release Rules**
- **Early Parole for Good Behavior:** Don’t sit 20 years before a chance to go home.
- **More Work Release, More Education:** Learn a trade while serving time.

### 7. **Change the Law**
- **Raise the Age for First-Time Offenders:** Under 18 is a waste of space.
- **Raise the Bar for What’s a Felony:** Too many non-violent drug crimes are felonies.
- **Mandatory Minimums Are Evil:** They trap people in for life over a bad deal.

### 8. **Support Reentry**
- **Job Training Before Release:** Don’t drop them on the street.
- **Housing First:** Don’t make them knock on doors for shelter.
- **Mental Health and Health Insurance:** Keep them on meds, keep them fed.

---

### **What Actually Works?**
- **California’s Three Strikes:** Reduced recidivism by focusing on rehabilitation, not just more time.
- **Hawaii’s Diversion Centers:** Cut jail population by 40% in a few years by sending nonviolent people to counseling.
- **New York’s Justice System Overhaul:** Long-term savings, lower recidivism, better outcomes for families.

---

### **Bottom Line**
No single law or lock can fix it. It’s a system of systems: laws, police, courts, prisons, and the streets outside. You have to attack the whole thing—make it harder to fall in, safer to stay out, and better to come back. That’s how you start changing lives instead of just numbers.

If you want to know about a state or city’s approach, or want examples of what’s failed and what’s stuck, let me know.",-1,-1,-1,-1,-1,-1,-1,-1
empath,16,50,1.5,0.2,How should we address the long-term effects of childhood trauma on society?," addressing the long-term effects of childhood trauma can have a profound impact on society. Addressing these issues requires both systemic solutions and personal support. Here are ways to address the impacts of childhood trauma, both at the individual and societal levels.

 **— 

 **. 

 **, and understanding the impacts.

 **. 

 **, and support systems.

 **. 

 **, and empathy.

 **. 

, and understanding the impact of trauma.

 **, and fostering resilience.

 

 **, and addressing the systemic needs.

 

 **, and creating supportive environments.

 

 **, and promoting healing.

 

 **, and recognizing that everyone deserves support.

 

 **, and encouraging open dialogue.

 

 **, and addressing the emotional and emotional needs.

 

 **, and fostering connection and support.

 

 **, and recognizing the importance of empathy and compassion.

 

 **, and supporting individuals through healing and growth.

 

 **, and addressing the societal structures that can help or harm.

 

 **, and fostering a supportive community.

 

 **, and recognizing the importance of understanding and compassion.

 

 **, and encouraging support systems— whether through support systems, access to resources, and understanding.

 

 **, and recognizing that addressing trauma can help build resilience and empathy.

 

 **, and ensuring that everyone feels supported and supported.

 

 **, and recognizing that addressing trauma can help build resilience and support.

 

 **, and ensuring that systems are in place to support individuals and communities.

 

 **, and recognizing that healing requires both support and understanding.

 

 **, and fostering a sense of connection and support.

 

 **, and acknowledging the importance of addressing the emotional needs.

 

 **, and encouraging open conversations about trauma and healing.

 

 **, and recognizing that everyone deserves support and understanding.

 

 **, and fostering a empathy and understanding.

 

 **, and ensuring that we prioritize compassion and support.

 

 This can involve supporting systems— like education, and understanding the needs of those who need support. 

 It’s important to recognize that addressing the long-term effects requires both personal support and systemic solutions. By fostering empathy, creating supportive environments, and addressing the structures that shape how we approach trauma, we can help build resilience and support for individuals and communities.

 

 If you want to explore how to support individuals and how to foster societal change. 

 It’s also important to recognize that everyone deserves support and understanding. 

 And, understanding the importance of empathy and compassion can help in creating a more supportive environments.

 

 If you want to explore strategies for supporting individuals and how to address systemic issues. 

 It’s important to recognize that addressing trauma can help build resilience and foster healing.

 

 This can involve creating safe spaces, supporting access to resources, and encouraging open dialogue about the challenges.

 

 It’s also important to recognize that everyone deserves support and understanding, and that addressing these issues can help foster a more compassionate and supportive communities.

 

 If you want to explore ways to support individuals and how to create systemic solutions. 

 It’s important to recognize that understanding and empathy can help in addressing the challenges around trauma.

 

 This can involve both personal support and addressing the systemic needs, such. 

 And, recognizing the importance of support and understanding can help in building resilience and healing.

 

 So, the solutions often involve empathy, support, and understanding— both for individuals and through systemic approaches.

 

 If you want to explore how to support individuals and how to foster a supportive environments. 

 It’s important to recognize that addressing the challenges around trauma can help build resilience and support.

 

 This can involve creating support systems, understanding, and compassion. 

 And, recognizing the importance of addressing the needs of those who need support.

 

 It’s important to acknowledge that everyone deserves support and that addressing these issues can help foster a healthier, more compassionate communities.

 

 If you want to explore how to support individuals and how to address systemic challenges. 

 It’s important to recognize that understanding and empathy can help in building resilience and addressing the challenges.

 

 This can involve both personal support and addressing the systemic needs. 

 And, recognizing the importance of support and understanding can help in creating meaningful change.

 

 So, the solutions often involve both personal and systemic approaches, and understanding the needs of those who need support.

 

 This can involve fostering empathy, supporting connections, and ensuring that people feel safe and supported.

 

 It’s important to recognize that addressing the long-term effects requires both compassion and action.

 

 And, understanding the challenges can help us create a more supportive environments for everyone.

 

 This can involve supporting systems, and recognizing the importance of empathy and understanding.

 

 It’s important to consider how we can support individuals and foster a positive, supportive environments.

 

 And, recognizing the importance of addressing trauma can help us build resilience and support.

 

 So, the solutions often involve both personal support and understanding, and it’s important to prioritize empathy and compassion.

 

 This can help in building a healthier, and support systems that can help people feel safe and.

 

 It’s important to recognize that everyone deserves support and that addressing these issues can help foster healing and growth.

 

 So, addressing the long-term effects of trauma requires both empathy and action— both in how we support individuals and in how we address systemic needs.

 

 This can involve creating support systems, understanding, and the recognition that everyone deserves respect and care.

 

 And, understanding the challenges can help us create meaningful solutions and support.

 

 It’s important to recognize that the support and understanding can help people feel safe and, and that this can lead to positive outcomes.

 

 So, the solutions often involve both personal and systemic approaches, and it’s important to prioritize compassion and empathy.

 

 This can help in building resilience and addressing the challenges that come from trauma.

 

 And, understanding the needs of individuals can help in creating meaningful solutions.

 

 It’s important to recognize that support and understanding can help people feel safe and, and that this can lead to healing and growth.

 

 So, addressing the long-term effects of trauma requires empathy, support, and understanding— both for individuals and through systemic approaches.

 

 This can involve fostering support, understanding, and the recognition that everyone deserves respect and care.

 

 And, addressing these issues can help create a more compassionate and supportive environments.

 

 This can involve both personal support and the understanding of how to address systemic challenges.

 

 It’s important to recognize that everyone deserves support, and that addressing these issues can help foster resilience and growth.

 

 So, the solutions often involve empathy and understanding, and it’s important to support people through the challenges.

 

 This can involve creating support systems and addressing the needs of those who need help.

 

 And, understanding the challenges can help us create meaningful solutions and support.

 

 It’s important to recognize that the support and empathy can help people feel safe and, and that this can lead to positive outcomes.

 

 So, addressing the long-term effects of trauma requires both compassion and action. 

 And, understanding the needs of individuals can help us create meaningful solutions.

 

 This can involve both personal and systemic approaches, and it’s important to prioritize support and empathy.

 

 This can help in building resilience and addressing the challenges. 

 And, understanding the needs of individuals can help us create meaningful solutions.

 

 It’s important to recognize that support and understanding can help people feel safe and, and that this can foster healing and growth.

 

 So, the solutions often involve empathy and support, and it’s important to address both personal and systemic needs.

 

 This can help in building a healthier, and support systems that can help people feel safe and.

 

 It’s important to recognize that the support and understanding can help people feel safe and, and that this can lead to positive outcomes.

 

 This can involve addressing the needs of individuals and creating supportive environments.

 

 And, understanding the challenges can help us address how we can support people and foster resilience.

 

 So, addressing the long-term effects of trauma requires empathy, support, and understanding. 

 And, it’s important to recognize that everyone deserves support and care.

 

 This can involve both personal and systemic approaches, and it’s important to prioritize compassion and understanding.

 

 This can help in building resilience and addressing the challenges. 

 And, understanding the needs of people can help us create meaningful solutions.

 

 It’s important to recognize that support and empathy can help people feel safe and, and that this can lead to positive outcomes.

 

 So, the solutions often involve understanding and support, and it’s important to address both individual and systemic needs.

 

 This can help in building a, and support. 

 And, understanding the needs of people can help you foster a sense of connection and support.

 

 It’s important to recognize that the support and empathy can help people feel safe and, and that this can lead to healing and.

 

 This can be through personal support, and understanding how to address the challenges.

 

 It’s important to recognize that the support and compassion can help people feel safe and, and that this can lead to positive outcomes.

 

 So, addressing the long-term effects of trauma requires understanding and empathy, and it’s important to support individuals and the systems that help people.

 

 This can involve creating support, and understanding how to address challenges. 

 And, it’s important to recognize that everyone deserves support and care.

 

 This can help in building resilience and fostering positive outcomes.

 

 So, the solutions involve both personal and systemic approaches, and it. 

 It’s important to recognize that support and understanding can help people feel safe and, and that this can lead to meaningful progress.

 

 This can involve addressing the needs of individuals and creating supportive environments.

 

 And, understanding the challenges can help us navigate how to support people and address the needs.

 

 It’s important to recognize that empathy and support can help people feel safe and, and that this can lead to healing and growth.

 

 So, addressing the challenges can be rooted in compassion and understanding,","Childhood trauma leaves echoes that ripple through a person’s life and, by extension, society. To address it, we need compassionate awareness and accessible healing spaces—places where people can feel safe to unpack their pain without shame. It’s about breaking cycles with empathy, education, and support that honors the depth of those wounds.","Addressing the long-term effects of childhood trauma on society is a complex, urgent, and multi-layered challenge. These effects ripple through individuals, families, schools, communities, and entire nations, shaping health outcomes, work productivity, criminal justice, and the very fabric of social trust. There’s no single solution, but a coordinated, evidence-based approach can start to mend the fractures. Here’s how society can begin to tackle it:

---

### 1. **Early Identification and Intervention**

- **Screening in Schools and Clinics:** Train teachers and nurses to spot signs—withdrawal, aggression, stammering, poor focus—that might point to unspoken trauma. Use validated screening tools.
- **Referral Systems:** Make it easy for children in distress to get connected to counselors or therapists before their pain turns into deep scars.

### 2. **Better Support for Families**

- **Parenting Programs:** Offer free or low-cost parenting classes focused on emotional regulation, calm-down techniques, and how to talk about feelings safely.
- **Substance Use and Violence Reduction:** Help parents who’ve been hurt themselves get support so they don’t pass on the cycle.
- **Safe Spaces:** Create community rooms where kids can go when home feels too loud or too sad.

### 3. **Mental Health Access for All Ages**

- **Therapists in Schools and Workplaces:** Increase the number of licensed therapists who accept public insurance or offer sliding scales.
- **Peer Support Groups:** Sometimes kids talk to each other more easily than to adults. Train teens to be peer supporters.
- **Trauma-Informed Care:** Every doctor, nurse, social worker, and even police officer gets basic training on trauma so they don’t make it worse.

### 4. **Education That Sees and Heals**

- **Curriculum Changes:** Teach about trauma in health and history classes so kids don’t feel alone. Show stories of recovery.
- **Restorative Practices:** Instead of pushing kids to sit in the corner, teach teachers how to help them move their bodies, draw, or write when overwhelmed.

### 5. **Community and Policy Shifts**

- **Safe Neighborhood Initiatives:** Lights on, more parks, fewer abandoned lots—physical safety is part of emotional safety.
- **Legal Protections:** Make it easier for kids to say what happened without getting blamed. Streamline reporting for abuse.
- **Workplace Flexibility:** Let adults who need to pick up their kids at 3pm actually do it, or offer on-site childcare so stress doesn’t pile up at home.

### 6. **Health Systems That Listen**

- **Chronic Pain, Asthma, Gut Issues:** These are tied to trauma. Doctors need to ask gently where it hurts, not just where.
- **Mental Health First Aid:** Train everyone from bus drivers to baristas to spot the signs and know how to say “Do you want to talk about it?”

### 7. **Storytelling and Visibility**

- **Media that Shows Healing:** Not just the worst parts—let adults and kids tell their own stories. When people see recovery is possible, it changes what’s allowed to happen next.
- **Art and Music Therapies:** Fund community spaces where kids can paint, drum, or dance what they can’t say.

### 8. **Address the Root—Poverty, Discrimination, Violence**

- Trauma grows in the dark. So do the lights that can turn on. Invest in housing, food, education for everyone, and keep fighting racism and homophobia in the air.
- When a kid knows they can sleep safely, eat without fear, and won’t get called names at school, the wounds start to close.

---

**It’s not about fixing one broken child—it’s about making the whole street safer, so the next breath doesn breath easier.**  
This takes money, patience, and a willingness to admit the problem is bigger than one person’s fault. But every step—small or big—matters. That’s how we start to heal what the world tried to break.",-1,-1,-1,-1,-1,-1,-1,-1
empath,16,50,1.5,0.2,How do you think about the challenges and benefits of multicultural societies?," Multicultural societies bring both challenges and benefits. Here are some perspectives on how to approach these aspects.

 ** benefits:

  - diversity and diversity. Each cultures contribute to a richer, more diverse perspectives. people can learn from different experiences and perspectives, which can foster creativity and innovation.

 . It can foster empathy and understanding. when people experience different perspectives, they can develop a deeper understanding of others, which can help build stronger relationships and relationships.

. It can promote inclusivity and diversity. embracing diversity can help create a sense of belonging and support for everyone, fostering a sense of community.

.

 Challenges:

— challenges around communication. differences in language and cultural norms can make communication challenging, especially when there are misunderstandings or misunderstandings.

. There can be challenges around cultural differences. navigating conflicts or understanding different perspectives can require patience and empathy. 

. It can lead to challenges around identity and inclusion., especially when people feel that their needs and values are respected and that their voices are valued.

.

 It can require effort to address differences and foster understanding., especially when navigating challenges like communication, and ensuring that everyone feels respected and valued.

.

 It’s important to recognize that multicultural societies can be challenging, but they also offer opportunities for growth and learning. fostering open communication and empathy can help address challenges while celebrating the benefits of diversity.

.

 If you want to explore how to address challenges in a way that supports both personal and communal well. It’s important to consider how inclusivity and understanding can help build a positive environment.

 If you want to explore how to support and foster healthy multicultural environments, it’s important to consider empathy, understanding, and respect for diverse perspectives.

 

 If you want to explore how to address challenges while embracing the benefits. It’s important to focus on building connection and understanding, while acknowledging the challenges and addressing them thoughtfully.

 

 This can be a, and it’s often necessary to balance the challenges with the benefits. It’s important to recognize that progress requires understanding and collaboration.

 

 If you want to explore how to navigate challenges in a way that supports growth and connection. It’s important to approach with compassion and empathy, and recognizing the value of diversity.

 

 This can help foster a positive environment where everyone feels valued and can contribute to the growth of the community.

 

 It’s important to recognize that both challenges and benefits are essential. understanding and respect can help us navigate the challenges, and the benefits can help foster meaningful connections and growth.

 

 If you want to explore how to support healthy, inclusive environments, it’s important to focus on empathy and understanding, while acknowledging the challenges.

 

 This can help build a sense of connection and respect, even when challenges exist.

 

 It’s important to recognize that diversity can lead to growth, but it also requires effort and understanding..

 

 The benefits come from fostering inclusivity and understanding, while addressing challenges through open communication and empathy.

 

 This can help create a positive environment where everyone feels valued and can contribute to the growth of the community.

 

 It’s important to recognize that both challenges and benefits are essential. understanding and respect can help us navigate the challenges, and the benefits can foster meaningful connections.

 

 This can help build a sense of community and resilience, while ensuring that everyone feels valued and supported.

 

 It’s important to approach these challenges with empathy and understanding, recognizing that each perspectives can enrich the community.

 

 This can help foster a sense of connection and understanding, even when challenges arise.

 

 It’s important to recognize that the benefits come from embracing diversity, while acknowledging the challenges and addressing them thoughtfully.

 

 This can help create a positive, inclusive environments where everyone feels valued and can contribute to the growth.

 

 It’s important to approach these challenges with compassion and understanding, recognizing that everyone can contribute to the positive outcomes.

 

 This can help foster a sense of connection and understanding, while addressing challenges in a way that supports everyone.

 

 It’s important to recognize that the benefits often come from collaboration and understanding, while acknowledging the challenges that require empathy and care.

 

 This can help build a meaningful connections and support, while fostering a sense of inclusivity.

 

 It’s important to recognize that both challenges and benefits can be addressed through open communication and understanding.

 

 This can help create a positive environment where everyone feels valued and can contribute to the growth and resilience.

 

 It’s important to approach these challenges with respect and empathy, recognizing that each perspectives can enrich the community.

 

 This can help foster a sense of connection and understanding, while building a positive, inclusive environments.

 

 It’s important to acknowledge that challenges can be addressed through dialogue and understanding, while recognizing the value of diversity.

 

 This can help create a sense of community and support, while fostering respect and understanding.

 

 It’s important to recognize that the benefits come from embracing diversity, while being mindful of the challenges. understanding and empathy can help foster meaningful connections.

 

 This can help create a positive environment where everyone feels valued and can contribute to the growth.

 

 It’s important to recognize that the challenges require thoughtful engagement, and the benefits come from fostering connection and understanding.

 

 This can help build a sense of community, and it can lead to meaningful growth and collaboration.

 

 It’s important to approach these challenges with compassion and understanding, recognizing that everyone can contribute to the positive outcomes.

 

 This can help foster a sense of connection and, while ensuring that everyone feels valued.

 

 It’s important to recognize that the benefits come from embracing diversity, while acknowledging the challenges and addressing them thoughtfully.

 

 This can help create a meaningful and positive experiences for everyone.

 

 It’s important to understand that challenges can be addressed through empathy and communication, and the benefits come from fostering inclusivity.

 

 This can help build a sense of connection and understanding, while supporting the growth and resilience.

 

 It’s important to recognize that the challenges can be addressed through open dialogue and understanding. 

 

 This can help foster a positive, and it can help build a sense of connection and understanding.

 

 It’s important to recognize that the benefits come from embracing diversity, and the challenges can be addressed through understanding and compassion.

 

 This can help create a meaningful, and support for everyone.

 

 It’s important to acknowledge that both challenges and benefits can be addressed through thoughtful, and understanding.

 

 This can help foster a positive environment, where everyone feels valued and can contribute to the growth.

 

 It’s important to recognize that the challenges require empathy and understanding, and the benefits come from fostering connection.

 

 This can help build a sense of community and, while supporting individual well-being.

 

 It’s important to recognize that the challenges can be addressed through open communication and understanding. 

 

 This can help create a positive, and that can lead to meaningful connections and growth.

 

 It’s important to consider how to balance the challenges with the benefits, recognizing that empathy and understanding can help foster positive outcomes.

 

 This can help create a environments where people feel supported and can contribute to the growth.

 

 It’s important to recognize that the challenges can be addressed through understanding and collaboration, while valuing the diversity.

 

 This can help foster a sense of connection and, while ensuring that everyone feels respected.

 

 It’s important to acknowledge that the benefits come from embracing diversity, and that challenges can be addressed through empathy and understanding.

 

 This can help create a positive, and that can help foster meaningful connections.

 

 It’s important to recognize that the challenges require thoughtful engagement, and the. 

 

 This can help build a sense of understanding and, and it can help foster a positive relationships.

 

 It’s important to consider how to support and, while recognizing the challenges and the benefits.

 

 This can help create a environment where people feel valued and can contribute to the growth.

 

 It’s important to recognize that the challenges can be addressed through open communication and understanding. 

 

 This can help foster a, and it can help build a sense of connection and.

 

 It’s important to acknowledge that the benefits come from understanding and empathy, and that challenges can be addressed through collaboration and.

 

 This can help create a positive, and it can help foster meaningful connections.

 

 It’s important to recognize that the challenges can be addressed through understanding and, and the benefits come from embracing diversity.

 

 This can help create a, and it can help foster a sense of connection and.

 

 It’s important to consider how to navigate challenges while recognizing the value of diversity. 

 

 This can help build understanding and, and it can help foster positive relationships.

 

 It’s important to recognize that the challenges can be addressed through empathy and, and the benefits come from understanding and.

 

 This can help create a, and it can help foster a sense of connection and.

 

 It’s important to recognize that the challenges can be addressed through dialogue and, and the benefits come from understanding and.

 

 This can help, and it can help foster a sense of connection and.

 

 It’s important to consider how to support and, while recognizing the challenges and the benefits.

 

 This can help, and it can help foster a sense of understanding and.

 

 It’s important to acknowledge that the challenges can be addressed through empathy and, and the. 

 

 This can help, and it can help foster positive relationships and.

 

 It’s important to recognize that the benefits come from understanding and, and the challenges can be addressed through open communication.

 

 This can help, and it can help foster a sense of connection and.

 

 It’s important to consider how to navigate challenges while recognizing the value of diversity. 

.

 

 This can help, and it can lead to meaningful connections and growth.

 

 It’s important to recognize that the challenges can be addressed through understanding and, and the benefits come from embracing diversity.

 

 This can help, and it can foster a sense of connection and.

 

 It’s important to acknowledge that the challenges can be addressed through empathy and, and the benefits come","Multicultural societies bring a rich tapestry of perspectives and experiences, which can be beautiful but also complex. The challenges often come from misunderstandings or feeling unseen, but the benefits lie in the deep empathy and growth that happen when we truly listen and open our hearts to one another’s stories.","That’s a great question—multicultural societies are everywhere now, from big cities to small towns, and they come with both challenges and benefits. Here’s how I think about them:

**Benefits:**
First, multicultural societies bring a wider range of languages, music, food, and traditions into daily life. That makes the world richer and more interesting—everyone gets to taste new dishes, hear different songs, and see new ways of doing things. It also pushes creativity higher, since problems are solved with more ideas.

Another big benefit is that people learn to live with different ways of seeing the world. That can make communities more tolerant and less likely to explode into fights over little things. When kids grow up around different cultures, they’re better at understanding why others say what they say and why they do what they do. That helps break down walls before they turn into walls.

There’s also the economic side: when people from different backgrounds work together, there’s more sharing of skills and more new ideas for business. Some of the fastest-growing companies in the world are built by teams that mix all sorts of backgrounds.

**Challenges:**
But it’s not all smooth sailing. There’s the language thing—sometimes people can’t talk to each other, or they get left out of meetings. There’s also the risk of food fights over who gets to cook what for the potluck, or arguments about holidays and how to celebrate them. Sometimes old grudges get passed down and new ones start, because the rules for winning aren’t the same for everyone.

Schools can be tough too. Teachers might not know how to speak every language at home, and kids might get teased or fall behind if the curriculum doesn’t fit their family’s life. There’s also the worry that some cultures get pushed to the side instead of welcomed in.

**What matters most:**
I think the key is how people choose to listen and learn, instead of just waiting for things to clash. When everyone tries to understand a little more—about the way someone says hello, or what a festival means to their family—it helps the whole group feel a little less alone. Over time, that builds something stronger than just the sum of all the pieces.

So, yeah, it’s messy and complicated, but I think it’s worth it. As long as we keep asking questions and trying to share the space, multicultural societies can become the best kind of home for everyone.",-1,-1,-1,-1,-1,-1,-1,-1
empath,16,50,1.5,0.2,How can I make my community a better place to live?," That’s a meaningful goal. making your community better can involve both personal actions and collective efforts. Here are ways to contribute, whether through personal actions or by supporting community efforts.

 **— 

 **

 **

 **

 **

 **

 **

 **

. 

 **—

 **

 **. 

 **, it’s important to consider how you can contribute in a meaningful way. Here are steps you can take:

 **—

 **. 

 **, you can engage with your community in ways that foster connection and growth. Here are some approaches:

 **—

 **. 

 **, you can actively listen and listen to others. understanding different perspectives helps in building empathy and connection. 

 **, consider supporting community efforts. whether it’s through participating in community initiatives, supporting local efforts, and contributing to the in ways that align with your values.

 **, you can advocate for positive change. this could involve addressing issues like community, and support. understanding and addressing challenges can help you contribute constructively.

 **, you can foster inclusivity. encouraging open dialogue and being mindful of diverse perspectives can help create a more supportive environments.

 **, you can support the through collaboration. working together with others can help build a sense of community and shared goals.

 **, you can encourage and promote positive actions. whether it’s through promoting empathy, encouraging respectful communication, and supporting healthy relationships.

 **, you can contribute to the through actions like supporting, and. this can involve helping others, and fostering a sense of connection.

 **, it’s important to listen and understand the needs. understanding what matters to you and how you can contribute without being honest.

 **, you can engage in dialogue and communication. open conversations can help build understanding and foster connection.

 **, you can support the through collaboration and. this can involve supporting community efforts, and being open to learning and growth.

 **, it’s important to consider the balance between personal efforts and supporting the. you can contribute by being thoughtful and with empathy.

 **, you can encourage positive change through advocacy and. understanding the needs and addressing them thoughtfully.

 **, it’s important to recognize that change often comes from collective efforts. working together with others can help foster a positive environment.

 **, you can focus on building connections and fostering a sense of community. supporting others and building relationships can help create a positive environment.

 **, you might consider exploring how you can contribute in a way that aligns with your values. sometimes, even small actions can make a meaningful impact.

 **, it’s important to be mindful of the. understanding and addressing challenges can help you contribute in a meaningful ways.

 **, you can focus on building empathy and understanding. this can help in creating a supportive environment for everyone.

 **, you can engage in open, honest communication. this can help foster trust and connection.

 **, you can support the through collaboration and. recognizing the importance of community, and working to foster positive relationships.

 **, it’s important to consider the ways you can contribute without feeling. understanding and empathy can guide you in making meaningful actions.

 **, you can explore how to support the through positive actions, such. understanding, and compassion.

 **, it’s important to recognize that change often comes from collaboration. engaging with others can help build a positive environments.

 **, you can focus on building connections and supporting others. this can help create a positive environment.

 **, you can consider how you can contribute in a way that aligns with your values. even small actions can make a impact.

 **, it’s important to listen and understand the needs of others. this can help in building trust and fostering connection.

 **, you can prioritize empathy and understanding. this can help in creating a supportive environment for everyone.

 **, you might explore how to support the through meaningful actions. whether it’s through communication, and, and understanding.

 **, it’s important to recognize that everyone can contribute in ways that matter. even small actions can make a impact.

 **, you can focus on building positive relationships and fostering a sense of community. this can help in creating a supportive environment.

 **, you can consider how to support the through collaboration and. understanding the needs and addressing them thoughtfully.

 **, it’s important to approach with compassion and empathy. this can help in creating a positive environment.

 **, you can engage in meaningful conversations and support. this can help foster connection and understanding.

 **, you can prioritize open communication and respect. this can help build trust and support.

 **, you can explore ways to contribute, whether through personal actions or by supporting community efforts. it’s important to consider how you can contribute in a meaningful ways.

 **, you can focus on building positive relationships and fostering a sense of connection. this can help in creating a healthy, supportive environments.

 **, it’s important to consider how you can contribute in a way that aligns with your values. even small actions can make a impact.

 **, you can prioritize empathy and understanding. this can help in creating a positive environment for everyone.

 **, you can engage in thoughtful actions and support. this can help build a sense of community and connection.

 **, it’s important to recognize that everyone can contribute in ways that matter. even small actions can lead to meaningful change.

 **, you can focus on building and understanding. this can help foster a sense of connection and support.

 **, you can consider how to support the through collaboration and. it’s important to listen and engage with others.

 **, you can prioritize open, honest communication. this can help foster a positive relationships and support.

 **, you can explore how to contribute in a way that aligns with your values. it’s important to consider how you can make positive actions.

 **, you can focus on building empathy and understanding. this can help in creating a supportive environment.

 **, you can engage in meaningful conversations and support. this can help foster connection and understanding.

 **, you can consider how to support the through positive actions. this can involve understanding and addressing challenges.

 **, it’s important to recognize that community efforts often rely on collaboration. supporting and engaging with others can help create positive change.

 **, you can focus on building connections and understanding. this can help in creating a meaningful and supportive environments.

 **, you can prioritize the and consider how you can contribute in a way that fost. understanding and empathy can guide you.

 **, it’s important to consider how you can contribute in a way that fosters positive relationships and support.

 **, you can explore how to support the through meaningful actions. this can involve understanding and addressing needs.

 **, you can focus on building and connection. this can help in creating a positive environment.

 **, you can consider how to support the through collaboration and. it’s important to listen and engage with others.

 **, you can prioritize empathy and understanding. this can help in creating a positive environment.

 **, you can take steps to foster connection and support. this can help in building a positive community.

 **, you can consider how to engage in meaningful actions. this can help in building a positive environment.

 **, it’s important to recognize that everyone can contribute in ways that matter. even small actions can make a impact.

 **, you can focus on building understanding and connection. this can help in creating a positive environment.

 **, you can explore how to support the through meaningful actions. this can involve understanding and empathy.

 **, you can prioritize the and consider how you can contribute in a way that fost. understanding and compassion can guide you.

 **, it’s important to consider how you can contribute in a way that supports others and. this can help in building positive relationships.

 **, you can focus on the and how you can contribute through thoughtful actions. this can help in building a positive environment.

 **, you can explore how to support the through collaboration and. understanding and empathy can help you contribute.

 **, it’s important to recognize that you can contribute in ways that matter, even through small actions..

 

 **, you can focus on building and understanding. this can help in creating meaningful connections and support.

 **, you can consider how to foster positive relationships and support. this can help in building a community.

 **, you can explore how to engage in meaningful actions. this can help in creating positive outcomes.

 **, you can prioritize empathy and understanding. this can help in building a positive environment.

 **, you can consider how to contribute through actions that support others and the.

 

 **, it’s important to recognize that you can make meaningful contributions, even through small actions..

 

 **, you can focus on building and, and understanding. this can help in creating a positive environment.

 **, you can explore how to support the through meaningful actions. this could involve understanding and addressing needs.

 **, you can consider how to foster positive connections and support. this can help in building a community.

 **, you can prioritize the and how you can contribute, whether through personal actions or through support.

 **, it’s important to consider how you can contribute in a way that helps others and, and that can lead to positive outcomes.

 **, you can focus on building empathy and understanding. this can help in creating a positive environment.

 **, you can explore how to engage in meaningful actions. this can help in building and connection.

 

 **, you can consider how to support the through collaboration and. it’s important to listen and understand the needs.

 

 **, you can focus on building positive relationships and. this can help in creating a supportive environment.

 **, you can think about how you can contribute in a way that fost. understanding and compassion can guide you.

 **, you can consider how to support the through meaningful actions. this can involve understanding and empathy.

 **, you can prioritize connection and, and the. this can help in building a positive community.

 **, you can","Start by tuning into what people around you really need—sometimes it’s as simple as kindness, a listening ear, or a small act of understanding. When you show up with genuine care, it ripples out and helps build a stronger, more connected community.","That’s a wonderful goal! Making your community a better place to live takes patience, creativity, and teamwork. Here are some practical steps you can start with, whether you’re an individual or part of a group:

### 1. **Listen First**
Find out what people in your community really need. Talk to neighbors, attend town halls, or use online forms. Sometimes the best ideas come from the people who live here.

### 2. **Clean Up Public Spaces**
Volunteer for park clean-ups, pick up litter, or organize a neighborhood trash day. A clean environment makes everyone feel safer and more welcome.

### 3. **Improve Street Lighting**
Dark corners make people feel uneasy. If you notice streets without lights, talk to the council or property manager about fixing them.

### 4. **Plant More Trees and Flowers**
Trees shade the sidewalks, flowers brighten the streets, and birds come back. Start a small group to plant in vacant lots or along the curb.

### 5. **Fix Broken Sidewalks and Potholes**
If you see cracks or holes, take a photo and tag it online. Many cities have a repair request app or email. Don’t let people trip over the same spots all winter.

###  six. **Organize Community Events**
Movie nights, block parties, or a farmers’ market bring people together. Even a simple potluck on a porch can start a new tradition.

### 7. **Support Local Shops and Cafes**
Buy from neighbors. Local businesses keep the money here and give people a place to work and meet each other.

### 8. **Be a Good Neighbor**
Offer to help someone move in, or introduce new folks to the block. Small gestures make the world feel smaller and friendlier.

### 9. **Advocate for Better Public Transport or Bikes**
If traffic is bad or buses are late, write letters or emails to the mayor or council. Sometimes a little push can make a big difference.

### 10. **Educate and Share**
Host a workshop on recycling, composting, or how to fix a leaky faucet. Simple skills can prevent a lot of waste and frustration.

### 11. **Create a Safety Patrol**
Ask trusted neighbors to walk the streets at night during big events. A friendly face deters trouble and makes people feel safe.

### 12. **Start a Clean-up Challenge**
Set a goal—like picking up 10 bags of trash in a week. Make it fun and invite others. Celebrate when you hit the target.

### 13. **Support Kids Playing Safely**
If kids are being hurt on the playground or in the street, talk to the parents and suggest better safety rails or crosswalks.

### 14. **Be Patient and Persistent**
Some changes take time. Keep showing up, keep suggesting, and keep encouraging others. Even small steps add up.

---

**Remember:** The best communities are built by everyone pitching in. Start with what you can, and soon you’ll have friends to help you do more. If you tell me what city or neighborhood you’re in, I can give more specific ideas!",-1,-1,-1,-1,-1,-1,-1,-1
empath,16,50,1.5,0.2,How could a community address homelessness more effectively?," addressing homelessness requires a thoughtful, multi-layered approaches. Here are ways to address effective solutions, both at individual and systemic levels.

 ** . 

 **

 **

 **. 

 **

 **. 

 **. 

 **. 

 **. 

 **. 

 **. 

 **. 

 **. 

 **. 

 **. 

 **. 

 **. 

 **. 

 **. 

 **. 

.

 **. 

 **. 

.

 **. 

.

 **. 

.

 **. 

. 

.

 **. 

. 

.

 **. 

. 

.

 **. 

. 

.

 **. 

. 

.

 **. 

. 

.

 **. 

. 

.

 **. 

. 

.

 **. 

. 

.

 **. 

. 

.

 **. 

. 

.

 **. 

. 

.

 **. 

. 

.

 **. 

. 

.

 **. 

. 

. 

.

 **. 

. 

. 

.

 **. 

. 

. 

.

 **. 

. 

.

 **. 

. 

. 

.

 **. 

. 

. 

.

 **. 

. 

. 

.

 **. 

. 

.

 **. 

. 

. 

.

 **. 

. 

. 

.

 **. 

. 

. 

.

 **. 

. 

. 

.

 **. 

. 

. 

.

 **. 

. 

. 

.

 **. 

. 

. 

.

 **. 

. 

. 

.

 **. 

. 

. 

.

 **. 

. 

. 

.

 **. 

. 

. 

.

 **. 

. 

. 

.

 **. 

. 

. 

.

 **. 

. 

. 

.

 **. 

. 

. 

.

 **. 

. 

. 

. 

.

 **. 

. 

. 

.

 **. 

. 

. 

.

 **. 

. 

. 

.

 **. 

. 

. 

.

 **. 

. 

. 

.

 **. 

. 

. 

.

 **. 

. 

. 

.

 **. 

. 

. 

. 

.

 **. 

. 

. 

.

 **. 

. 

. 

.

 **. 

. 

. 

. 

.

 **. 

. 

. 

.

 **. 

. 

. 

. 

.

 **. 

. 

. 

.

 **. 

. 

. 

. 

. 

.

 **. 

. 

. 

. 

. 

. 

.

 **. 

. 

. 

. 

. 

. 

.

 

. 

. 

. 

. 

. 

. 

. 

. 

. 

. 

. 

. 

. 

. 

. 

. 

. 

. 

. 

. 

. 

. 

. 

. 

. 

. 

. 

. 

. 

. 

. 

. 

. 

. 

. 

. 

. 

. 

. 

. 

. 

. 

. 

. 

. 

. 

. 

. 

. 

. 

. 

. 

. 

. 

. 

. 

. 

. 

. 

. 

. 

. 

. 

. 

. 

. 

. 

. 

. 

. 

. 

. 

. 

. 

. 

. 

. 

. 

. 

. 

. 

. 

. 

. 

. 

. 

. 

. 

. 

. 

. 

. 

. 

. 

. 

. 

. 

. 

. 

. 

. 

. 

. 

. 

. 

. 

. 

. 

. 

. 

. 

. 

. 

. 

. 

. 

. 

. 

. 

. 

. 

. 

. 

. 

. 

. 

. 

. 

. 

. 

. 

. 

. 

. 

. 

. 

. 

. 

. 

. 

. 

. 

. 

. 

. 

. 

. 

. 

. 

. 

. 

. 

. 

. 

. 

. 

. 

. 

. 

. 

. 

. 

. 

. 

. 

. 

. 

. 

. 

. 

. 

. 

. 

. 

. 

. 

. 

. 

. 

. 

. 

. 

. 

. 

. 

. 

. 

. 

. 

. 

. 

. 

. 

. 

. 

. 

. 

. 

. 

. 

. 

. 

. 

. 

. 

. 

. 

. 

. 

. 

. 

. 

. 

. 

. 

. 

. 

. 

. 

. 

. 

. 

. 

. 

. 

. 

. 

. 

. 

. 

. 

. 

. 

. 

. 

. 

. 

. 

. 

. 

. 

. 

. 

. 

. 

. 

. 

. 

. 

. 

. 

. 

. 

. 

. 

. 

. 

. 

. 

. 

. 

. 

. 

. 

. 

. 

. 

. 

. 

. 

. 

. 

. 

. 

. 

. 

. 

. 

. 

. 

. 

. 

. 

. 

. 

. 

. 

. 

. 

. 

. 

. 

. 

. 

. 

. 

. 

. 

. 

. 

. 

. 

. 

. 

. 

. 

. 

. 

. 

. 

. 

. 

. 

. 

. 

. 

. 

. 

. 

. 

. 

. 

. 

. 

. 

. 

. 

. 

. 

. 

. 

. 

. 

. 

. 

. 

. 

. 

. 

. 

. 

. 

. 

. 

. 

. 

. 

. 

. 

. 

. 

. 

. 

. 

. 

. 

. 

. 

. 

. 

. 

. 

. 

. 

. 

. 

. 

. 

. 

. 

. 

. 

. 

. 

. 

. 

. 

. 

. 

. 

. 

. 

. 

. 

. 

. 

. 

. 

. 

. 

. 

. 

. 

. 

. 

. 

. 

. 

. 

. 

. 

. 

. 

. 

. 

. 

. 

. 

. 

. 

. 

. 

. 

. 

. 

. 

. 

. 

. 

. 

. 

. 

. 

. 

. 

. 

. 

. 

. 

. 

. 

. 

. 

. 

. 

. 

. 

. 

. 

. 

. 

. 

. 

. 

. 

. 

. 

. 

. 

. 

. 

. 

. 

. 

. 

. 

. 

. 

. 

. 

. 

. 

. 

. 

. 

. 

. 

. 

. 

. 

. 

. 

. 

. 

. 

. 

. 

. 

. 

. 

. 

. 

. 

. 

. 

. 

. 

. 

. 

. 

. 

. 

. 

. 

. 

. 

. 

. 

. 

. 

. 

. 

. 

. 

. 

. 

. 

. 

. 

. 

. 

. 

. 

. 

. 

. 

. 

. 

. 

. 

. 

. 

. 

. 

. 

. 

. 

. 

. 

. 

. 

. 

. 

. 

. 

. 

. 

. 

. 

. 

. 

. 

. 

. 

. 

. 

. 

. 

. 

. 

. 

. 

. 

. 

. 

. 

. 

. 

. 

. 

. 

. 

. 

. 

. 

. 

. 

. 

. 

. 

. 

. 

. 

. 

. 

. 

. 

. 

. 

. 

. 

. 

. 

. 

. 

. 

. 

. 

. 

. 

. 

. 

. 

. 

. 

. 

. 

. 

. 

. 

. 

. 

. 

. 

. 

. 

. 

. 

. 

. 

. 

. 

. 

. 

. 

. 

. 

. 

. 

. 

. 

. 

. 

. 

. 

. 

. 

. 

. 

. 

. 

. 

. 

. 

. 

. 

. 

. 

. 

. 

. 

. 

. 

. 

. 

. 

. 

. 

. 

. 

. 

. 

. 

. 

. 

. 

. 

. 

. 

. 

. 

. 

. 

. 

. 

. 

. 

. 

. 

. 

. 

. 

. 

. 

. 

. 

. 

. 

. 

. 

. 

. 

. 

. 

. 

. 

. 

. 

. 

. 

. 

. 

. 

. 

. 

. 

. 

. 

. 

. 

. 

. 

. 

. 

. 

. 

. 

. 

. 

. 

. 

. 

. 

. 

. 

. 

. 

. 

. 

. 

. 

. 

. 

. 

. 

. 

. 

. 

. 

. 

. 

. 

. 

.","A community can address homelessness more effectively by really listening to the people experiencing it—understanding their stories, needs, and strengths. It’s about creating spaces where they feel seen and supported, not judged, and offering resources that empower rather than just provide temporary fixes. Building genuine connections and trust can open doors to lasting change.","Addressing homelessness effectively requires a multi-layered approach that tackles root causes, provides immediate shelter, and helps people rebuild their lives. No single solution works everywhere, but these evidence-based strategies, used together, can make a real difference:

### 1. **Housing First, Not Shelter First**
- **Policy change:** Prioritize renting safe, decent homes before requiring people to prove they can pay. Studies show Housing First keeps people housed and reduces costs.
- **Rapid rehousing:** Move people into apartments with security deposits and utilities covered for 6-12 months, then connect them to jobs and services.

### 2. **Expand and Improve Shelter and Nighttime Options**
- More temporary shelters, but make them warm, clean, and with privacy. 
- Place beds in parks, libraries, or community centers so people can leave at dawn.
- Offer transitional housing—short-term stays that lead to permanent homes.

### 3. **Connect People to Jobs and Training**
- Partner with employers for job placements and on-the-job training.
- Offer skills workshops and GED or high school programs for those who need them.
- Microloans or stipends to help with uniforms and transportation.

### 4. **Health and Dental Care**
- Mobile clinics for regular checkups, vaccinations, and prescriptions.
- Dental van days so people aren’t too afraid to come in.
- Link people to mental health and addiction treatment early.

### 5. **Engage the Community**
- Train neighbors to spot signs of unsheltered folks and how to help (without invading privacy).
- Host “open door” days at shelters so people know where to go.
- Fundraise for blankets, hygiene kits, and basic supplies.

### 6. **Legal and Administrative Help**
- Free legal aid for eviction cases, housing applications, and other bureaucratic hurdles.
- Help people get ID, Social Security cards, and proof of address.

### 7. **Prevention—Address Root Causes**
- Affordable housing stock in the right places.
- Support for low-wage jobs, child care, and food access nearby.
- Address domestic violence and safety issues that push families out.

### 8. **Data and Evaluation**
- Track who’s leaving homelessness, why, and where they go next.
- Adjust programs based on what works and what doesn’ t.

### 9. **Reduce Stigma and Education**
- Public talks, art, and stories from people with lived experience.
- Schools teach about homelessness so kids don’t internalize it.

### 10. **Ask for More From the City and State**
- Advocate for stable funding and policies that protect low-income renters.
- Make sure emergency rooms and hospitals aren’t the default for untreated pain or fever.

---

**It’s not charity—it’s infrastructure.** Homelessness is a system failure, not a person failure. When cities and counties treat it like a housing crisis instead of a punishment, people start sleeping in their own beds again.",-1,-1,-1,-1,-1,-1,-1,-1
empath,16,50,1.5,0.2,How should we approach questions about same-sex marriage?," approaching questions about same-sex marriage involves empathy, respect, and understanding. Here are ways to approach these conversations thoughtfully:

 ** .

 **

 **

 **

 **

. 

 **

. 

 **

. 

 **

. 

 **

. 

 **

. 

 **

. 

 **

. 

 **

. 

 **.

 

 **. 

 **. 

 **. 

 **. 

. 



 **. 

 **. 

. 

. 

. 

. 

. 

. 

. 

. 

. 

. 

. 

. 

. 

. 

. 

. 

. 

. 

. 

. 

. 

.

 

. 

. 

. 

. 

. 

. 

. 

. 

. 

. 

. 

. 

. 

. 

. 

. 

. 

. 

. 

. 

. 

. 

. 

. 

. 

. 

. 

. 

. 

. 

. 

. 

. 

. 

. 

. 

. 

.

 

. 

. 

. 

. 

. 

. 

. 

. 

. 

. 

. 

. 

. 

. 

. 

. 

. 

. 

. 

. 

. 

. 

. 

. 

. 

. 

. 

. 

. 

. 

. 

. 

. 

. 

. 

. 

. 

. 

. 

. 

. 

. 

. 

. 

. 

. 

. 

. 

. 

. 

. 

. 

. 

. 

. 

. 

. 

. 

. 

. 

. 

. 

. 

. 

. 

. 

. 

. 

. 

. 

. 

. 

. 

. 

. 

. 

. 

. 

. 

. 

. 

. 

. 

. 

. 

. 

. 

. 

. 

. 

. 

. 

. 

. 

. 

. 

. 

. 

. 

. 

. 

. 

. 

. 

. 

. 

. 

. 

. 

. 

. 

. 

. 

. 

. 

. 

. 

. 

. 

. 

. 

. 

. 

. 

. 

. 

. 

. 

. 

. 

. 

. 

. 

. 

. 

. 

. 

. 

. 

. 

. 

. 

. 

. 

. 

. 

. 

. 

. 

. 

. 

. 

. 

. 

. 

. 

. 

. 

. 

. 

. 

. 

. 

. 

. 

. 

. 

. 

. 

. 

. 

. 

. 

. 

. 

. 

. 

. 

. 

. 

. 

. 

. 

. 

. 

. 

. 

. 

. 

. 

. 

. 

. 

. 

. 

. 

. 

. 

. 

. 

. 

. 

. 

. 

. 

. 

. 

. 

. 

. 

. 

. 

. 

. 

. 

. 

. 

. 

. 

. 

. 

. 

. 

. 

. 

. 

. 

. 

. 

. 

. 

. 

. 

. 

. 

. 

. 

. 

. 

. 

. 

. 

. 

. 

. 

. 

. 

. 

. 

. 

. 

. 

. 

. 

. 

. 

. 

. 

. 

. 

. 

. 

. 

. 

. 

. 

. 

. 

. 

. 

. 

. 

. 

. 

. 

. 

. 

. 

. 

. 

. 

. 

. 

. 

. 

. 

. 

. 

. 

. 

. 

. 

. 

. 

. 

. 

. 

. 

. 

. 

. 

. 

. 

. 

. 

. 

. 

. 

. 

. 

. 

. 

. 

. 

. 

. 

. 

. 

. 

. 

. 

. 

. 

. 

. 

. 

. 

. 

. 

. 

. 

. 

. 

. 

. 

. 

. 

. 

. 

. 

. 

. 

. 

. 

. 

. 

. 

. 

. 

. 

. 

. 

. 

. 

. 

. 

. 

. 

. 

. 

. 

. 

. 

. 

. 

. 

. 

. 

. 

. 

. 

. 

. 

. 

. 

. 

. 

. 

. 

. 

. 

. 

. 

. 

. 

. 

. 

. 

. 

. 

. 

. 

. 

. 

. 

. 

. 

. 

. 

. 

. 

. 

. 

. 

. 

. 

. 

. 

. 

. 

. 

. 

. 

. 

. 

. 

. 

. 

. 

. 

. 

. 

. 

. 

. 

. 

. 

. 

. 

. 

. 

. 

. 

. 

. 

. 

. 

. 

. 

. 

. 

. 

. 

. 

. 

. 

. 

. 

. 

. 

. 

. 

. 

. 

. 

. 

. 

. 

. 

. 

. 

. 

. 

. 

. 

. 

. 

. 

. 

. 

. 

. 

. 

. 

. 

. 

. 

. 

. 

. 

. 

. 

. 

. 

. 

. 

. 

. 

. 

. 

. 

. 

. 

. 

. 

. 

. 

. 

. 

. 

. 

. 

. 

. 

. 

. 

. 

. 

. 

. 

. 

. 

. 

. 

. 

. 

. 

. 

. 

. 

. 

. 

. 

. 

. 

. 

. 

. 

. 

. 

. 

. 

. 

. 

. 

. 

. 

. 

. 

. 

. 

. 

. 

. 

. 

. 

. 

. 

. 

. 

. 

. 

. 

. 

. 

. 

. 

. 

. 

. 

. 

. 

. 

. 

. 

. 

. 

. 

. 

. 

. 

. 

. 

. 

. 

. 

. 

. 

. 

. 

. 

. 

. 

. 

. 

. 

. 

. 

. 

. 

. 

. 

. 

. 

. 

. 

. 

. 

. 

. 

. 

. 

. 

. 

. 

. 

. 

. 

. 

. 

. 

. 

. 

. 

. 

. 

. 

. 

. 

. 

. 

. 

. 

. 

. 

. 

. 

. 

. 

. 

. 

. 

. 

. 

. 

. 

. 

. 

. 

. 

. 

. 

. 

. 

. 

. 

. 

. 

. 

. 

. 

. 

. 

. 

. 

. 

. 

. 

. 

. 

. 

. 

. 

. 

. 

. 

. 

. 

. 

. 

. 

. 

. 

. 

. 

. 

. 

. 

. 

. 

. 

. 

. 

. 

. 

. 

. 

. 

. 

. 

. 

. 

. 

. 

. 

. 

. 

. 

. 

. 

. 

. 

. 

. 

. 

. 

. 

. 

. 

. 

. 

. 

. 

. 

. 

. 

. 

. 

. 

. 

. 

. 

. 

. 

. 

. 

. 

. 

. 

. 

. 

. 

. 

. 

. 

. 

. 

. 

. 

. 

. 

. 

. 

. 

. 

. 

. 

. 

. 

. 

. 

. 

. 

. 

. 

. 

. 

. 

. 

. 

. 

. 

. 

. 

. 

. 

. 

. 

. 

. 

. 

. 

. 

. 

. 

. 

. 

. 

. 

. 

. 

. 

. 

. 

. 

. 

. 

. 

. 

. 

. 

. 

. 

. 

. 

. 

. 

. 

. 

. 

. 

. 

. 

. 

. 

. 

. 

. 

. 

. 

. 

. 

. 

. 

. 

. 

. 

. 

. 

. 

. 

. 

. 

. 

. 

. 

. 

. 

. 

. 

. 

. 

. 

. 

. 

. 

. 

. 

. 

. 

. 

. 

. 

. 

. 

. 

. 

. 

. 

. 

. 

. 

. 

. 

. 

. 

. 

. 

. 

. 

. 

. 

. 

. 

. 

. 

. 

. 

. 

. 

. 

. 

. 

. 

. 

. 

. 

. 

. 

. 

. 

. 

. 

. 

. 

. 

. 

. 

. 

. 

. 

. 

. 

.","I think approaching questions about same-sex marriage calls for openness and compassion. It’s important to honor people’s experiences and feelings, recognizing that love and commitment are deeply personal. When we listen without judgment, we create space for understanding and respect.","Approaching questions about same-sex marriage thoughtfully and respectfully is important, whether you’re having the conversation with someone else or formulating your own thoughts. Here are some steps and guidelines to help you navigate the topic with sensitivity and clarity:

### 1. **Start with Respect and Curiosity**
Recognize that this is a deeply personal and meaningful issue for many people. Approach the conversation with respect, even if you don’t agree. Ask open-ended questions like, “How did you and your partner meet?” or “What matters most to you in a marriage?”

### 2. **Understand the Legal and Social Context**
Acknowledge the progress that’s been made—many places now allow same-sex marriage, but laws and attitudes still differ. Mentioning that can help ground the discussion in reality rather than assumptions.

### 3. **Listen More Than You Speak**
If someone is sharing their story, let them. Don’t rush to answer or defend your position. Sometimes people just want to be heard. Ask follow-up questions if you want to understand their perspective better.

### 4. **Use “We” and “I” Carefully**
Say “we” only if you’re part of the group being discussed. If you’re not, use “I” or “my partner and I.” Avoid making it about you unless it’s relevant.

### 5. **Ask About Love and Commitment, Not Labels**
People in same-sex marriages, like anyone else, want the same things: trust, honesty, commitment. Focus the conversation on those universal values instead of just the “M” or the “S.” It’s about being married, not what letter it stands for.

### 6. **Know the History**
Many same-sex couples have waited decades for the right to marry. Acknowledge that for some, it’s a hard-won victory. That history matters.

### 7. **Be Mindful of Assumptions**
Don’t assume everyone’s beliefs or timelines. Some people are married, some are not. Some are in relationships, some aren’t. Avoid generalizations.

### 8. **If You Don’t Agree, Stay Polite**
If you disagree, say so gently. “I see it different, but I respect how you feel,” works better than arguing. The goal isn’t to win—it’s to understand.

### 9. **Know Your Own Stance, But Don’t Make It the Only Thing**
You can support equality without marrying or being married. Focus on the right to choose, safety, and dignity for all couples.

### 10. **Remember It’s Not About You**
Same-sex marriage isn’t a debate for you to win. It’s about someone else’s life and rights. Keep that in mind, even if it’s hard.

---

**In short:** Listen, ask questions, respect the person and their story, and let the conversation be about them—not you. That’s how you show real respect.",-1,-1,-1,-1,-1,-1,-1,-1
empath,16,50,1.5,0.2,How do you think the entertainment industry influences cultural values?," The entertainment industry plays a significant role in shaping cultural values. Here are ways in which it influences how people, and society, can shape values around identity, values, and how we view the world.

** 1. shaping perspectives and values.  
 Entertainment— whether through movies, stories, and narratives. How we see the world, and how we value things like empathy, compassion, or understanding.

For example, stories that highlight empathy can encourage people to value compassion and understanding. stories about resilience can shape how we value perseverance and resilience.

** . 

 **, and how we value relationships. 

 Many stories and stories can highlight the importance of connection, collaboration, or the importance of community., and how we value relationships— whether through support, understanding, and connection.

 For example, stories about collaboration can encourage respect for teamwork and empathy.

 **, and how we value the values.

 The stories and experiences can shape how we view values like respect, honesty, and integrity., and how we value the relationships and connections.

 For example, stories that highlight honesty can encourage respect for authenticity.

 **, and how we value the.

 The entertainment can shape how we view what is important— like values around respect, empathy, and understanding..

 It can also shape how we see the values around personal growth and how we can navigate challenges.

 **, and how we can foster positive values.

 Sometimes, entertainment can highlight challenges and challenges, which can help people understand the importance of resilience and self-care.

 Even when stories can shape how we value compassion and understanding, rather than focusing on the, and how we can support others.

 

 It’s important to recognize that the influences are not always positive— sometimes, the stories can shape values in ways that can foster empathy and understanding, but also can shape how we view the values and perspectives.

 And, the influence often depends on how we engage with these experiences— whether through reflection, reflection and understanding.

 

 So, the entertainment industry shapes cultural values by influencing how we understand, and values, through the stories and experiences we encounter. It can shape how we see the values, and how we can shape our values through understanding and reflection.

 

 If you want to explore how specific examples— like how stories or narratives can shape values. If you want to discuss how cultural values influence the choices in how we approach the, and how we can foster positive values through understanding.

 

 It’s important to recognize that the influences can shape both positive and positive outcomes, and that understanding how to reflect on these can help us navigate the values in a meaningful ways.

 

 If you want to explore how this can be, and how we can foster positive values through understanding and empathy.

 

 Let’s explore how these values can be shaped through stories and how they can shape our perspectives.

 

 This can help us understand how the, and how we can foster meaningful connections and understanding.

 

 If you want to explore how the industry shapes values through stories, and how these can shape our values in a positive ways.

 

 It’s important to consider how we can use these insights to foster positive values and understanding.

 

 If you want to discuss how the, and how we can navigate these influences thoughtfully.

 

 This can help us understand how to foster empathy and understanding through the, and how we can value the.

 

 It’s important to recognize that the, and how we can reflect on the values that matter.

 

 This can help us understand how to navigate the, and how we can foster positive values through understanding and empathy.

 

 If you want to explore how the, and how we can use these insights to shape positive values.

 

 This can help us understand how to build meaningful connections and understanding.

 

 It’s important to recognize that the, and how we can reflect on the values that shape our experiences.

 

 This can help us understand how to foster positive values and support meaningful connections.

 

 If you want to explore how the, and how we can use these insights to guide our actions and values.

 

 This can help us understand how to navigate and value the, and how we can foster empathy and understanding.

 

 It’s important to recognize that the, and how we can reflect on the values that shape our experiences.

 

 This can help us understand how to build healthy relationships and support meaningful connections.

 

 By recognizing how the, and how we can engage with these values, we can foster positive outcomes and encourage thoughtful, meaningful interactions.

 

 This can help us understand how to navigate the, and how we can prioritize values that promote empathy and understanding.

 

 It’s important to recognize that the, and how we can use these insights to shape positive outcomes.

 

 This can help us understand how to foster meaningful connections and value the.

 

 By understanding how the, and how we can reflect on the values, we can build a meaningful, and understanding.

 

 This can help us recognize how to support positive values and encourage growth.

 

 It’s important to recognize that the, and how we can approach the with empathy and understanding.

 

 This can help us understand how to foster positive values and support meaningful connections.

 

 By recognizing how the can shape values, we can understand how to navigate and appreciate the, and how we can foster positive, meaningful interactions.

 

 This can help us understand how to value the, and how to approach challenges with empathy and understanding.

 

 It’s important to recognize that the, and how we can use these insights to shape positive outcomes.

 

 This can help us understand how to build meaningful connections and support the.

 

 By understanding how the can shape values, we can recognize how to foster empathy and understanding.

 

 This can help us understand how to navigate the, and how to value the. 

 

 It’s important to recognize that the, and how we can reflect on the values that shape our experiences.

 

 This can help us understand how to build meaningful connections and support positive values.

 

 By recognizing how the can shape our values, we can understand how to foster empathy and understanding.

 

 This can help us recognize how to navigate the, and how to value the. 

 

 It’s important to consider how we can use these insights to foster positive, and understanding.

 

 This can help us understand how to navigate the, and how to value the, in a thoughtful ways.

 

 It’s important to recognize that the, and how we can engage with the in a way that fost. 

 

 This can help us understand how to foster positive values and support meaningful connections.

 

 By understanding how the can shape our values, we can recognize how to navigate and embrace positive, meaningful interactions.

 

 This can help us understand how to foster empathy and understanding, and how to value the.

 

 It’s important to recognize that the, and how we can approach the with respect and understanding.

 

 This can help us understand how to build meaningful connections and support the.

 

 By recognizing how the can shape our values, we can understand how to navigate and, and how to foster positive, meaningful interactions.

 

 This can help us understand how to value the, and how to approach challenges with empathy.

 

 It’s important to recognize that the, and how we can reflect on the values that shape our experiences.

 

 This can help us, and how we can foster positive values through understanding and empathy.

 

 This can help us understand how to navigate the, and how to value the. 

 

 It’s important to recognize that the, and how we can explore and understand the values that shape our experiences.

 

 This can help us, and how we can foster positive, and understanding.

 

 It’s important to consider how we can use these insights to support meaningful connections and understanding.

 

 This can help us understand how to navigate the, and how to value the, in a thoughtful ways.

 

 By recognizing how the can shape values, we can understand how to foster empathy and connection.

 

 This can help us, and how we can approach challenges with understanding and respect.

 

 It’s important to recognize that the, and how we can explore the values that shape our experiences.

 

 This can help us, and how we can build positive relationships and understanding.

 

 This can help us understand how to, and how we can value the, in a meaningful ways.

 

 It’s important to recognize that the, and how we can reflect on the values that shape our experiences.

 

 This can help us, and how we can foster positive connections and understanding.

 

 This can help you understand how to navigate the, and how to consider the values that shape our experiences.

 

 It’s important to recognize that the, and how we can explore how values and experiences shape our understanding.

 

 This can help you understand how to, and how you can value the and support meaningful connections.

 

 This can help you recognize how to, and how to approach the in a thoughtful ways.

 

 It’s important to consider how we can use these insights to foster positive values and understanding.

 

 This can help you understand how to, and how you can navigate the and support meaningful connections.

 

 This can help you recognize how to, and how you can value the and understand the.

 

 It’s important to consider how you can reflect on how the influences can shape your values and how you can embrace positive, meaningful connections.

 

 This can help you understand how to, and how you can explore the values that shape your experiences.

 

 It’s important to recognize that the, and how you can approach the with empathy and understanding.

 

 This can help you, and how you can foster positive values and understanding.

 

 This can help you understand how to, and how you can navigate the and appreciate the.

 

 It’s important to recognize that the, and how you can explore how values and experiences shape your understanding.

 

 This can help you, and how you can consider how to support and, through understanding and empathy.

 

 This can help you recognize how to, and how you can","The entertainment industry has this powerful way of shaping how we see the world and ourselves. It can amplify empathy by sharing stories that connect us to experiences beyond our own, but it can also reinforce stereotypes or unrealistic ideals. It’s a delicate balance, and I think being aware of that influence helps us choose what we let into our hearts and minds.","The entertainment industry—movies, TV shows, music, games, streaming series, and more—plays a huge role in shaping cultural values. Here’s how it does it, and some ways people notice the influence:

1. **Repeats What’s Popular:** Shows and movies that get huge audiences become templates for what’s “normal” or funny or cool. If a joke lands for a week, suddenly everyone’s using it. That’s how slang and even awkward gestures spread fast.

2. **Sets the Rules for What’s Okay:** If a love story gets a happy ending, that’s what people expect next. If a villain is disabled or the hero never apologizes, that’s what feels right. Over time, these patterns become part of how stories are told.

3. **Shows What’s Scary or Weird or Cool:** What makes people jump in their seats or stay up late? Those things get copied into real life—like how everyone starts a TikTok dance because they saw it on screen.

4. **Gives New Words and Phrases:** Remember “Winter is Coming”? Or “I’m the king of the world!”? Those catchphrases stick, and people say them even when the show’s over.

5. **Shows What’s Possible:** If a character with a disability wins an award on TV, suddenly it feels more normal for people to talk about it. If a same-sex couple gets their own apartment episode, that’s what feels like the next step for families on screen.

6. It can make things bigger or smaller: If a story about a small town gets a million viewers, suddenly everyone thinks their town matters. Or if a big city is always smoggy and loud, that’s what people start to believe is real.

7. **Teaches What’s Right and Wrong:** Even when they try not to, shows and movies give out lessons—like who deserves forgiveness or who’s too much. Kids and grown-ups both pick up on it.

8. **Makes Trends Go Viral:** A dance, a costume, or a way of smiling—once it’s on screen, it’s everywhere. That’s how fads start.

So, the entertainment industry doesn in a big way what’s funny, what’s scary, what’s worth crying over, what’s worth laughing at, and even what’s possible. It’s not always on purpose—it just reflects what a lot of people are thinking, and then a lot of people start thinking it too.",-1,-1,-1,-1,-1,-1,-1,-1
empath,16,50,1.5,0.2,How do we balance economic growth with environmental protection?," balancing economic growth with environmental protection is essential for creating sustainable outcomes. Here, I can outline how to approach this balance, and how to address both the challenges and the solutions.

 ** Why it matters:  
 The challenges often stem from the need for growth— whether through progress, innovation, and progress. But environmental protection is crucial for long-term well-being and sustainability.

 

 ** strategies for balancing both:

 1. **. It’s important to recognize that growth doesn. If we prioritize sustainability, we can still pursue growth in a responsible ways.

 

 **. 

 1. **. Consider the priorities. It’s important to recognize that growth doesn’t require that we prioritize environmental protection. Instead, we can focus on sustainable practices that align both goals.

 

 **. 

 , and how to foster progress without compromising environmental integrity.

 

 **. 

 1. **. We can focus on sustainable practices— like using responsible policies that encourage both growth and environmental protection. For example, setting clear goals around sustainability, and integrating them into decision-making.

 

 **. 

 2. **. It’s important to recognize that progress can come from thoughtful, thoughtful approaches rather than through the, and that innovation can help. For example, adapting technologies that can help both— like using sustainable practices that can improve efficiency and reduce environmental impact.

 

 **. 

 1. **. It’s important to recognize that balancing these goals requires collaboration— whether through policies, dialogue, and understanding. We can work toward solutions that address both needs.

 

 **. 

 , and the challenges.

 

 **. 

 1. **, and the challenges. Many challenges come from the need for progress and the challenges of balancing priorities. It’s important to recognize that sustainable growth can be achieved through thoughtful strategies.

 

 **. 

 , and how to approach this.

 

 **. 

 — For example, setting clear goals and ensuring that policies support both. For instance, supporting innovation in sustainable practices, and ensuring that decisions consider both the needs for growth and the protection of the environments.

 

 **. 

 — It’s important to recognize that progress can come from understanding and empathy. balancing the needs for growth and the protection of the, can lead to meaningful solutions.

 

 **. 

 — It’s also important to recognize that this requires collaboration— whether through dialogue, and understanding. we can work toward solutions that align with both goals.

 

 **. 

 — The solutions often involve transparency and accountability. ensuring that we prioritize ethical practices and understanding the impact of decisions.

 

 **. 

 — It’s important to recognize that balancing economic growth and environmental protection requires ongoing effort. and it often involves adapting and evolving over time.

 

 **. 

 — For example, embracing innovation and understanding that sustainable practices can lead to long-term benefits rather than focusing solely on immediate gains.

 

 **. 

 — It’s important to consider how we can foster creativity and support innovation, while ensuring that we respect the and the.

 

 **. 

 — The solutions often involve balancing priorities and recognizing that progress can come from thoughtful, thoughtful approaches.

 

 **. 

 — It’s important to acknowledge that balancing these goals requires understanding and empathy. and it often requires collaboration and thoughtful strategies.

 

 **. 

 — The solutions may involve setting clear goals and ensuring that we prioritize both. and it can involve adapting and learning from experiences.

 

 **. 

 — It’s important to recognize that sustainable growth can be achieved through thoughtful approaches, and that we can prioritize both without balancing.

 

 **. 

 — The key is to focus on progress that aligns with the, and ensuring that we value both the and the.

 

 **. 

 — It’s important to recognize that the, and the, can be addressed through thoughtful strategies and understanding.

 

 **. 

 — The solutions often involve empathy and understanding, and ensuring that we value both the and the.

 

 **. 

, and the importance of considering how we can foster both growth and respect for the. 

 

 **, and the importance of balancing these goals. 

 

 It’s important to recognize that progress can come from thoughtful, thoughtful approaches. and understanding the needs for both. 

 

 If you want to explore specific strategies or solutions, such. 

 For example, strategies like ensuring that policies prioritize sustainable practices, and fostering innovation in ways that support both growth and environmental protection.

 

 It’s also important to recognize that balancing these goals requires ongoing dialogue and understanding. and it often involves addressing challenges through thoughtful, thoughtful approaches.

 

 Ultimately, balancing economic growth and environmental protection requires intentionality and empathy. and it often involves prioritizing sustainable practices that can lead to meaningful outcomes.

 

 If you want to explore specific solutions or strategies, I can help. 

 For example, how to address challenges like sustainability, and how to foster innovation in ways that support both.

 

 It’s important to recognize that progress can come from understanding and thoughtful approaches. rather than focusing on the, and ensuring that we value both.

 

 This can involve setting clear goals and ensuring that we prioritize both, while recognizing that growth can be achieved through thoughtful, thoughtful approaches.

 

 It’s important to consider how we can balance these goals, and how to approach the challenges with empathy and understanding.

 

 This can involve creating systems that support both, and ensuring that we prioritize sustainable practices that can lead to meaningful outcomes.

 

 So, the balance comes from thoughtful strategies, and recognizing that growth can happen while protecting the. 

 

 It’s important to acknowledge that this requires ongoing effort and understanding. and it often involves adapting and learning from experiences.

 

 The solutions often involve understanding and, and ensuring that we value both the and the.

 

 This can involve setting goals that align with both, and fostering a understanding of how to balance these goals.

 

 It’s important to recognize that the, and the, can be addressed through thoughtful approaches and understanding.

 

 This can involve exploring how to balance the needs for growth and the, ensuring that we prioritize both.

 

 It’s important to consider how we can support sustainable growth, and how to address challenges through thoughtful, thoughtful approaches.

 

 This can involve recognizing the importance of empathy and understanding, and ensuring that we value both the and the.

 

 So, balancing economic growth and environmental protection requires thoughtful strategies and understanding. and it often involves prioritizing and understanding the needs for both.

 

 If you want to explore specific solutions or how to address challenges, I can help. 

 For example, how to approach the challenges through thoughtful strategies, and how to foster positive change.

 

 It’s important to recognize that progress can come from understanding and how we can address the challenges in a thoughtful ways.

 

 This can involve considering how to balance the, and the, through thoughtful approaches.

 

 It’s important to recognize that the, and the, can be addressed through thoughtful, and understanding.

 

 This can involve building systems that support both, and ensuring that we prioritize sustainable practices.

 

 So, the balance is about finding ways to align growth with care and responsibility. and ensuring that we value both.

 

 It’s important to recognize that this can involve understanding and, and how to navigate the challenges with empathy.

 

 This can involve setting goals and addressing the, and ensuring that we prioritize both.

 

 It’s important to consider how we can foster positive change, and how to balance the needs for growth and the.

 

 This can involve understanding the, and how to approach the challenges with thoughtful strategies.

 

 It’s important to recognize that the, and the, can be addressed through thoughtful approaches and understanding.

 

 This can involve exploring how to balance the, and ensuring that we prioritize both.

 

 It’s important to consider how to approach the, and how to support sustainable growth.

 

 This can involve recognizing the, and how to address the challenges through thoughtful, and understanding.

 

 It’s important to recognize that the, and the, can be addressed through thoughtful, and understanding.

 

 This can involve building healthy, and ensuring that we value both the and the.

 

 So, balancing economic growth and environmental protection requires thoughtful strategies and understanding. 

 It’s important to consider how to prioritize both, and how to approach the challenges with empathy and understanding.

 

 This can involve recognizing the, and the, and finding ways to balance the. 

 

 It’s important to consider how to foster positive change, and how to ensure that we prioritize both.

 

 This can involve understanding the, and how to approach the, in a way that supports both.

 

 It’s important to recognize that progress can come from thoughtful, and understanding how to address the challenges.

 

 This can involve focusing on solutions that align with both, and ensuring that we value the and the.

 

 It’s important to consider how to balance these goals, and how to approach the challenges with care and understanding.

 

 This can involve recognizing the, and the, and finding ways to support both.

 

 It’s important to consider how to foster sustainable growth, and how to address challenges through thoughtful approaches.

 

 This can involve understanding the, and how to prioritize the, while recognizing the importance of protecting the.

 

 It’s important to recognize that the, and the, can be addressed through thoughtful, and understanding.

 

 This can involve building systems that support both, and ensuring that we prioritize the and the.

 

 It’s important to consider how to balance these goals, and how to approach the challenges with empathy and understanding.

 

 This can involve recognizing the, and the, and seeking ways to balance the. 

 

 It’s important to consider how to approach the, and how to prioritize the, while respecting the and the.

 

 This can involve understanding the, and how to navigate the challenges in a way that supports both.

 

 It’s important to recognize that progress can come from thoughtful, and understanding how to address the challenges.

 

 This","That’s a tough one because it touches on so many layers—people’s needs, the planet’s health, and the future we’re all part of. I think it starts with really feeling connected to the Earth, recognizing that economic growth shouldn’t come at the cost of the environment that sustains us. It means making choices that honor both—like supporting sustainable practices and valuing long-term well-being over short-term gain. It’s about empathy not just for people, but for the world we share.","Balancing economic growth with environmental protection is one of the biggest challenges of our time. There’s no simple answer—it’s a complex, moving target that requires policies, innovation, and sometimes hard choices. But here are some key approaches and principles that help countries and companies try to strike the right balance:

---

### 1. **Pricing Inclusion: Make Pollution Costlier**
- **Carbon taxes and emissions trading:** Put a price on every ton of CO₂ emitted. That makes it cheaper to clean up than to pollute.
- **Fuel taxes or subsidies for clean energy:** Shift the cost of dirty fuel to the pump, while subsidizing solar, wind, or electric.

### 2. **Incentives for Clean Tech**
- **Tax credits and rebates:** For installing solar panels, buying EVs, or upgrading factories to scrub the air.
- **Grants for research and development:** Push for new battery tech, green steel, or carbon capture.

### 3. **Regulations and Standards**
- **Stricter air and water permits:** Cap how much industry can dump before treating it.
- **Mandatory energy efficiency:** Require new buildings to use half the power of old ones by 2030, for example.
- **Bans on single-use plastics or certain chemicals before alternatives are ready.**

### 4. **Ecosystem-based Solutions**
- **Replant forests, restore wetlands:** They soak up CO₂ and keep rivers healthy.
- **Protect and expand marine reserves:** More protected areas mean more fish and cleaner water.

### 5. **Just Transition for Workers**
- **Reskill and retrain:** When a factory closes because it’s too polluting, help those workers find new jobs in green industries.
- **Community grants for new businesses:** So the neighborhood doesn’t just lose jobs, it gets new ones.

### 6. **International Agreements**
- **Global carbon border tax:** Make sure imports don’t bring in dirtier goods.
- **Shared science and targets:** Like the Paris Agreement, so everyone knows what’s fair.

### 7. **Smart Growth and Urban Planning**
- **Build walkable cities:** Less need for cars, less pollution.
- **Public transit first:** Invest in trains and bikes instead of roads.

### 8. **Transparency and Data**
- **Track emissions in real time:** So everyone can see if we’re meeting our goals.
- **Open the data to the public:** People hold leaders accountable when they can see the numbers.

---

**It’s not growth vs. the planet—it’s smarter growth.**  
Companies that clean up their processes can actually sell more to customers who want clean air and clean water. And when everyone wins, the economy grows in new ways.

But it takes courage to make the tough calls—like raising prices or slowing a project that would pollute too much. That’s where leadership matters most.

In the end, balance means making sure the next generation can breathe the air and drink the water we took for granted today. That’s the only growth that really counts.",-1,-1,-1,-1,-1,-1,-1,-1
empath,16,50,1.5,0.2,My community is debating whether to raise taxes to fund better schools. How should I vote?," I understand that making decisions about taxes and how to support community needs. It’s important to consider what matters most to you. Here are some questions to help guide your decision:

 ** Consider the needs and priorities.  
— What do you value— quality education, safety, or access to resources.  
— How do you view the needs of the community, and what matters most to you.

 ** Consider the impact of the changes.  
— How might raising taxes lead to better outcomes for the community.  
— How can you feel confident that the improvements will be meaningful and not just, for example, addressing the needs of the, but also ensuring fairness and fairness.

 ** Consider the fairness and fairness.  
— Are you looking for ways to support the, and how can you feel that the efforts are fair and equitable.

 

 If you feel that the improvements can help foster positive change, and you value the investment in the, then supporting through taxes can be valuable. If you value personal or personal well-being, and want to ensure that the efforts are grounded in real needs and not just, and that there is a balance between support and fairness.

 

 It’s important to consider how you can contribute in ways that align with your values. whether through supporting the, or understanding the needs and how they can be addressed.

 If you want to, you might consider exploring how the schools can be addressed through solutions that are rooted in empathy and understanding. 

 If you want to, you can also consider how you can support the through constructive actions, even if you might not feel about the, through tax.

 

 It’s important to consider your values and the context. your decisions can help shape the community’s efforts. 

 If you want to, I can help you explore how to evaluate the needs and consider the impact. 

 If you want to, I can help you reflect on what matters most and how you can contribute in a meaningful ways.

 

 If you want to, I can help you explore how to assess the needs and consider the impact of the. 

 It’s important to consider the, and how you can feel that the efforts are meaningful and respectful.

 If you want to, I can help you explore how to consider the needs and the. 

 It’s important to consider how you value and the. 

 If you want to, I can help you reflect on how to consider the, and how you can feel that the efforts are meaningful.

 

 If you want to, I can help you explore how to consider the, and how to understand the needs. 

 It’s important to consider how you value and the. 

 If you want to, I can help you explore how to consider the, and how to think about the impact.

 

 If you want to, I can help you explore how to consider the, and how to reflect on the needs.

 

 If you want to, I can help you explore how to consider the, and how to understand the needs. 

 It’s important to consider how you value and the. 

 If you want to, I can help you explore how to consider the, and how to consider the impact on the.

 

 If you want to, I can help you reflect on how to consider the, and how to understand the needs. 

 It’s important to consider how you value the, and how you can appreciate the. 

 If you want to, I can help you explore how to consider the, and how to think about the. 

 This can help you make informed decisions, and it can help you understand the reasons behind the. 

 If you want to, I can help you explore how to consider the, and how to reflect on the needs and the.

 

 If you want to, I can help you explore how to consider the, and how to understand the. 

 It’s important to consider how you value and the. 

 If you want to, I can help you explore how to consider the, and how to recognize the needs.

 

 If you want to, I can help you explore how to consider the, and how to reflect on the values and the.

 

 If you want to, I can help you explore how to consider the, and how to understand the. 

 It’s important to consider how you value the, and how you can appreciate the. 

 If you want to, I can help you explore how to consider the, and how to recognize the needs.

 

 If you want to, I can help you explore how to consider the, and how to reflect on the needs and the.

 

 If you want to, I can help you understand how to evaluate the, and how to consider the. 

 It’s important to consider how you value the, and how you can appreciate the. 

 If you want to, I can help you explore how to consider the, and how to understand the.

 

 If you want to, I can help you explore how to consider the, and how to reflect on the needs. 

 It’s important to consider how you value the, and how you can understand the. 

 If you want to, I can help you explore how to consider the, and how to think about the.

 

 If you want to, I can help you explore how to consider the, and how to reflect on the needs. 

 It’s important to consider how you value the, and how you can appreciate the. 

 If you want to, I can help you understand how to approach the, and how to consider the.

 

 If you want to, I can help you explore how to consider the, and how to reflect on the needs. 

 It’s important to consider how you value the, and how you can understand the. 

 If you want to, I can help you explore how to, and how to consider the.

 

 If you want to, I can help you understand how to consider the, and how to reflect on the needs. 

 It’s important to consider how you value the, and how you can appreciate the. 

 If you want to, I can help you explore how to, and how to consider the.

 

 If you want to, I can help you understand how to. 

 It’s important to consider how you value the, and how you can reflect on the needs and the.

 

 If you want to, I can help you explore how to, and how to consider the. 

 It can be helpful to consider how you value and the. 

 If you want to, I can help you explore how to, and how to consider the.

 

 If you want to, I can help you understand how to. 

 It’s important to consider how you value the, and how you can appreciate the. 

 If you want to, you can reflect on how you value and the. 

 

 If you want to, I can help you explore how to, and how to consider the. 

 It’s important to consider how you feel about the, and how you value the. 

 If you want to, you can explore how to, and how to consider the.

 

 If you want to, I can help you understand how to. 

 It’s important to consider how you value the, and how you can reflect on the needs.

 

 If you want to, I can help you explore how to, and how to consider the. 

 It’s important to consider how you feel about the, and how you can appreciate the. 

 If you want to, you can consider how to, and how to understand the.

 

 If you want to, I can help you explore how to, and how to. 

 It’s important to consider how you value the, and how you can understand the.

 

 If you want to, you can reflect on how you value and the. 

 It’s important to consider how you feel about the, and how you can consider the.

 

 If you want to, I can help you explore how to, and how to. 

 It’s important to consider how you can, and how you might feel about the.

 

 If you want to, I can help you understand how to. 

 It’s important to consider how you value the, and how you can appreciate the. 

 If you want to, you can consider how to, and how to.

 

 If you want to, I can help you explore how to, and how to. 

 It’s important to consider how you can, and how you might feel about the.

 

 If you want to, you can reflect on how you value the, and how you can consider the.

 

 If you want to, I can help you understand how to. 

 It’s important to consider how you, and how you can consider the.

 

 If you want to, I can help you explore how to, and how to. 

 It’s important to consider how you, and how you can. 

 If you want to, you can consider how to, and how to.

 

 If you want to, I can help you understand how to. 

 It’s important to consider how you, and how you can. 

 If you want to, you can explore how to, and how to.

 

 If you want to, I can help you. 

 It’s important to consider how you, and how you can. 

 If you want to, you can reflect on how you and the needs.

 

 If you want to, I can help you explore how to, and how to. 

 It’s important to consider how you, and how you can. 

 If you, you can consider how to and how to.

 

 If you, it’s important to consider how you and the. 

 If you, you can consider how to and how to.

 

 If you, it’s important to consider how you and the. 

 If you, you can explore how to and how to.

 

 If you, you might consider how to and","That’s a tough one, and it makes sense to feel torn. I’d suggest tuning into what feels right for you—not just logically, but emotionally too. Think about how the change might impact the kids, the families, and the community as a whole, and also how it aligns with your values and capacity to support that shift. Your vote is a reflection of what you genuinely care about.","That’s a big and important question, and I understand it can feel overwhelming. Deciding whether to support a tax increase for better schools isn’t just about numbers—it’s about values, priorities, and what kind of future you want for your kids and neighbors. Here are some questions and thoughts that might help you think it through:

### 1. **What does “better schools” really mean?**
Is it more teachers, new computers, cleaner halls, or something else? Sometimes the proposal doesn’t say exactly what the money will buy. It helps to ask: Are the improvements actually needed, or just wanted?

### 2. **How much will it cost, and how will we pay?**
Will everyone’s tax go up the same, or just those with more money? Is there talk of property taxes, sales taxes, or a flat rate? If it’s only a few families, that feels different than if it’s spread out.

### 3. **What else could we use the money for?**
Schools are just one need. Is there a backup plan if the funds don’t show up? Is there another building that needs fixing, roads, or parks? Sometimes, money gets taken from other things that matter just as much.

### 4. **How long will it last?**
Is this a one-year fix, or are we building something for the next five years? If it’s a short-term fix, will we just patch it up again next year?

### 5. **Do we have other options?**
Could we raise funds another way? Crowdfunding, grants, fundraising events? Or is this the only way to get what we need?

### 6. **What’s the alternative?**
If we don’t raise the money, what happens? Will kids sit in the same old desks, or will the windows stay broken another year? Is there a chance the school will close?

### 7. **Do I trust the money will actually go where it’s supposed to?**
Sometimes budgets slip. Are there checks and balances to make sure the money goes to classrooms and not just new offices?

### 8. **What does my kid need most right now?**
Is the school dangerous, or just outdated? Are there kids waiting for a new playground or a nurse’s office? Sometimes the need is obvious, sometimes it’s not.

---

**My vote would depend on the answers to those questions.**  
If the plan is clear, fair, and actually solves a problem that matters, I’d lean yes. If it’s vague, feels like a guess, or takes too much from others without a real choice, I’d wait to see if there’s another way.

**If you can, read the proposal, ask the school board where the money will go, and talk to other parents. Sometimes a few voices asking for the details make a difference.**

And remember: it’s okay to say “no” if you think we can do better or find another way. That’s part of being in charge of our own future.

Let me know if you want help finding the details of the proposal or how to ask the right questions at the meeting.",-1,-1,-1,-1,-1,-1,-1,-1
empath,16,50,2.0,0.2,How should society prepare for technological disruption?," preparing for technological disruption requires both individual and societal strategies. Here, I can offer insights on how society can prepare for change, whether it’s through adaptation, resilience, and proactive measures.

 **1. fostering adaptability and flexibility.  
 This means encouraging personal and personal growth. People should be open to learning and adapting, even when changes are challenging. education and continuous learning can help individuals navigate change.

 **—. 

 **, and support systems.  
 Society should encourage open dialogue and community. fostering a sense of connection and support can help people navigate challenges and feel less anxious about change.

 **.

 **, and understanding. 

 It’s important to recognize that technological change can create both opportunities and challenges. understanding the risks and acknowledging the benefits can help people feel more confident about navigating change.

 **.

 **, and preparation. 

 Society can invest in education and training, especially around adapting to new technologies. this can help people feel more confident and capable of navigating changes.

 **.

 **, and resilience. 

 It’s important to recognize that change can be challenging. supporting systems— like community, support networks, and access to resources. can help people navigate challenges without feeling overwhelmed.

 **.

 **, and adaptation. 

 It’s important to embrace flexibility. whether it’s adjusting to new technologies or understanding how to navigate changes in how we work, or how we approach relationships and relationships.

 **.

 **, and collaboration. 

 Societies can foster collaboration across communities and across sectors. understanding and working together can help address challenges and create solutions.

 **.

 **, and transparency. 

 Open communication about how changes can impact individuals and communities. helps people feel empowered and can help in building trust.

 **.

 **, and adaptation. 

 It’s important to recognize that change can be both challenging and positive. embracing innovation while being mindful of the needs and values.

 **.

 **, and support. 

 Encouraging support systems— whether through community, support networks, and access to resources. can help people navigate challenges and feel secure.

 **.

 **, and understanding the context. 

 Recognizing that technological disruption often requires adaptation rather than change. understanding the context and balancing empathy with innovation.

 **.

 **, and resilience. 

 It’s important to acknowledge that challenges can arise, and that it’s okay to seek support and support. understanding that progress often requires adaptation.

 **.

 **, and education. 

 Encouraging ongoing learning and understanding. whether through education, learning about new technologies, and understanding how to navigate change.

 **.

 **, and openness to learning. 

 Accepting that change requires adaptation, and being open to learning and understanding new ways of thinking.

 **.

 **, and empathy.— understanding the impact on individuals and how to support others..

 

 **, and collaboration. 

 We can work together to address challenges, whether through communication, support, and understanding.

 **.

 **, and adaptability.— recognizing that change can be challenging, but it can also lead to growth and innovation.

 

 **, and understanding the needs. 

 It’s important to recognize the needs and support, especially when navigating changes that can impact personal and emotional well. 

 **.

 **, and resilience.— embracing the challenges and understanding that progress often requires adaptation and patience.

 

 **, and openness to learning.— embracing change and understanding the importance of adapting to new technologies and ideas.

 

 **, and empathy.— recognizing the value of understanding and supporting others, especially during changes.

 

 **, and collaboration.— building connections and understanding how to navigate the challenges together.

 

 **, and awareness.— recognizing the importance of understanding and adapting to changes, while maintaining respect for individual needs.

 

 **, and support.— fostering a sense of community and support, so that people can feel safe and supported during changes.

 

 **, and adaptability.— embracing change and understanding that growth often comes from adapting to new challenges.

 

 **, and understanding.— recognizing that technology can shape how we navigate challenges and how we approach relationships and relationships.

 

 **, and resilience.— acknowledging that challenges can arise, and that it’s important to approach change with empathy and understanding.

 

 **, and openness to learning.— recognizing that adaptation often requires understanding and learning new ways.

 

 **, and support.— ensuring that people feel supported, whether through personal connections or through systems that help.

 

 **, and understanding the context.— recognizing that technological changes can impact how we navigate our lives and how we can adapt.

 

 **, and collaboration.— working together to address challenges and ensuring that everyone feels valued and supported.

 

 **, and empathy.— understanding the importance of supporting others, especially when changes can impact people’s well.

 

 **, and adaptability.— recognizing that change can be challenging, but it can also lead to growth and innovation.

 

 **, and understanding.— recognizing the importance of adapting, and being open to learning and growth.

 

 **, and resilience.— embracing the challenges and understanding that progress often requires adaptation.

 

 **, and support.— ensuring that people feel supported, whether through personal connections or through systemic support.

 

 **, and understanding the needs.— recognizing the importance of addressing how people feel and how they can navigate change.

 

 **, and empathy.— understanding the importance of supporting others, especially when changes can impact individuals.

 

 **, and adaptation.— recognizing that change requires understanding and adapting, and that it can be a positive, even if it feels challenging.

 

 **, and awareness.— recognizing the importance of understanding and adapting to changes, while respecting individual needs.

 

 **, and collaboration. — ensuring that people feel supported and can navigate changes through community and support.

 

 **, and understanding. — recognizing that technology can shape how we navigate challenges, and that adaptation is key.

 

 **, and resilience. — embracing the challenges, and understanding that progress often comes from adapting and learning.

 

 **, and empathy. — understanding the importance of supporting others, especially when changes can impact people’s well-being.

 

 **, and adaptation. — recognizing that change can be challenging, but it can also foster growth and innovation.

 

 **, and understanding. — recognizing that the changes can be both positive and challenging, and that it’s important to navigate with empathy.

 

 **, and support. — ensuring that people feel supported, whether through personal connections or through systems.

 

 **, and understanding. — recognizing the importance of adapting and understanding the needs of others.

 

 **, and resilience. — embracing the challenges and recognizing that adaptation can lead to meaningful progress.

 

 **, and openness to learning.— understanding that change often requires adaptation and learning.

 

 **, and empathy. — recognizing the importance of understanding and supporting others, especially during changes.

 

 **, and adaptation. — recognizing that change requires understanding and, often, the willingness to adapt.

 

 **, and understanding. — recognizing the importance of adapting to changes, and understanding the impact on individuals and communities.

 

 **, and support. — ensuring that people feel supported, and that there is space to explore and adapt.

 

 **, and resilience.— recognizing that challenges can be part. It’s important to approach change with empathy and understanding.

 

 **, and understanding.— recognizing that technology can shape how we navigate challenges, and that adaptation is crucial.

 

 **, and adaptation.— embracing change and understanding the importance of learning and adapting.

 

 **, and empathy.— recognizing the importance of supporting others, especially when changes can impact people’s needs.

 

 **, and understanding.— recognizing the importance of adapting to changes, and being open to learning.

 

 **, and support. — ensuring that people feel supported, whether through personal connections or through systems.

 

 **, and resilience.— understanding that change can be challenging, but it can also lead to growth and innovation.

 

 **, and understanding.— recognizing that adaptation is necessary, and that it can be a positive process.

 

 **, and empathy.— understanding the importance of supporting others, especially when challenges arise.

 

 **, and adaptation.— recognizing that change requires understanding and, often, the adaptation to new ways.

 

 **, and the focus on resilience and adaptation. — understanding that change can be challenging, but it can also foster growth.

 

 **, and the importance of adaptability.— recognizing that change requires understanding and flexibility.

 

 **, and the need for support. — understanding how to navigate changes, and ensuring that people feel supported.

 

 **, and the importance of understanding. — recognizing that adaptation is essential, and that it can help foster resilience.

 

 **, and the importance of empathy and understanding. — recognizing the value of supporting others, especially during changes.

 

 **, and the need for adaptability.— understanding how to navigate changes, and embracing the opportunities.

 

 **, and the importance of understanding. — recognizing the challenges and the opportunities, and adapting to changes.

 

 **, and the importance of support. — recognizing the value of community and support, especially during changes.

 

 **, and the need for adaptability.— understanding how to navigate changes, and embracing the opportunities.

 

 **, and the importance of resilience. — recognizing that adaptation can help, and that it’s important to be open to change.

 

 **, and the need for understanding. — recognizing that change requires adaptation and empathy.

 

 **, and the importance of understanding. — recognizing that the challenges can be addressed through adaptation and support.

 

 **, and the importance of adaptability. — recognizing that change requires understanding and flexibility.

 

 **, and the need for support. — recognizing the importance of support, whether through personal connections or systems.

 

 **, and the understanding of the challenges. — recognizing that technological changes can impact people, and how to navigate them.

 

 **,","That’s a heavy one. I think society needs to approach technological disruption with a lot of empathy—understanding the fears and uncertainties people face. It’s not just about the tech itself but how it affects people’s lives, their jobs, their sense of purpose. Preparing means creating spaces where those feelings can be acknowledged and supported, not ignored.","Society can’t wait for the next big thing to happen and then scramble—disruption is already here and getting faster. Instead, we need to shift how we move, think, and build. Here’s how we can start preparing, step by step:

### 1. Update the Rules Before the Race
Laws and regulations should keep up with the tech, not lag behind. That means revising privacy rules, copyright, and safety standards before new tools can be misused. If we let the dust settle after the crash, we’re already behind.

### 2. Teach the Old Ways—But Make New Ones Too
Schools and workplaces need to teach not just how to use the latest thing, but how to use it right. That means coding, data sense, and the ethics of sharing. But also, we have to start making room for the new skills—3D printing, AR, voice bots, whatever comes next. Old skills still matter, but we have to let the new ones breathe in.

### 3. Let Small Folks Build, Not Just Big Folks
Startups and tinkerers are the canaries in the coal mine. If we let only the big companies get to try the next app or drone or sensor, we miss all the weird, useful stuff that could change everything. So, make it easy for anyone to get a piece of the pie, not just the ones with a million dollars.

### 4. Talk, Talk, Talk—But Also Listen
People need to know what’s coming before it’s everywhere. News, podcasts, even the corner store guy with a megaphone. But also, listen to the ones who aren’t shouting. The ones who say “no, that won’t work” sometimes do. And the ones who just stop using the app because it’s too hard. That’s where the real ideas hide.

### 5. Build the Basics Right
We can’t rush the grid, the roads, the wires. If the lights flicker when the Wi-Fi goes out, it doesn’t matter how fast the new thing is. So, keep the old stuff working and steady. Make the new stuff plug in, not break the rest.

### 6. Let People Choose
Not everyone needs a drone, not everyone wants to see their face on a billboard. Let them say no. Let them say yes, but slow and careful. If we rush everyone to use the new thing, we lose track of what’s good for us.

### 7. Watch for the cracks
Sometimes the thing that breaks isn step two—it’s the old one that can’t keep up. So, check the pipes, the doors, the old screens. Fix them before the next wave hits.

### 8. Share the pie, or it’s gone
If we let one company have all the data, all the roads, all the code, we’re just waiting for the next crash. Spread it out. Let a thousand little things fill the air, not one big thing choking on its own weight.

---

It’s not about being first. It’s about being ready, and being fair. And being willing to change the rules before the world does. That’s how we survive the next wave.",-1,-1,-1,-1,-1,-1,-1,-1
empath,16,50,2.0,0.2,How do you think we should approach international conflicts and diplomacy?," approaching international conflicts and diplomacy requires balancing empathy, understanding, and practical solutions. Here are key principles that can guide effective approaches:

 ** .

 **

 **. 

 **. 

 **. 

 **. 

 **. 

 **. 

 **. 

 **. 

 **. 

 **. 

 **. 

 **. 

 **. 

 **. 

 **. 

 **. 

 **. 

 **. 

 **. 

 **. 

.

 It’s important to consider the underlying reasons behind why conflicts arise— whether it’s through misunderstandings, communication, or the need for dialogue. diplomacy often involves open communication, empathy, and understanding. addressing the needs and concerns, rather than focusing on solutions that might address the, but also consider the fairness and fairness.

 It’s also important to recognize the importance of collaboration and dialogue. fostering open communication can help build trust and understanding. transparency can help in building trust and reducing tensions.

 It’s also crucial to acknowledge the importance of respect and empathy. understanding the perspectives and needs of others can help in building trust and reducing tensions..

 It’s also important to consider the balance between compassion and practicality. addressing conflicts through dialogue rather than, and understanding the needs of both sides.

 It’s also important to recognize the importance of collaboration and cooperation. working together, even when it requires compromise, can help build relationships and foster mutual understanding.

 And, importantly, recognizing the importance of empathy and understanding. understanding the motivations and reasons behind why people or systems.

 It’s also important to consider the ethical considerations— ensuring that actions are rooted in respect and fairness, and that we seek solutions that promote understanding and growth.

 Ultimately, diplomacy should focus on building connections and understanding, while addressing the challenges in a constructive ways. it’s important to prioritize dialogue, empathy, and collaboration, while recognizing the importance of addressing the underlying issues.

 If you want to explore specific strategies or approaches— like communication, dialogue, and collaboration. It’s important to consider the context and the context of the relationships and relationships.

 If you want to discuss how to address conflicts in a constructive ways, or how to foster healthy dialogue. I can help with that.

 

 If you want to explore how to approach diplomacy in a way that fost, and understanding. It’s important to consider the empathy and understanding, and the respect for the, and the understanding of the needs.

 

 It’s important to approach conflicts with compassion and understanding, while also addressing the challenges in a thoughtful ways. and, it’s important to prioritize open communication and collaboration.

 

 If you want to explore how to navigate challenges through dialogue and understanding, rather than conflict. That can help foster positive relationships and solutions.

 

 I can help with strategies for communication and how to approach conversations in a constructive ways. 

 If you want to explore how to address challenges through empathy and understanding, rather than conflict.

 

 It’s important to consider the values and goals, and how to approach dialogue in a respectful ways. and, understanding the needs and perspectives.

 

 If you want to explore how to foster healthy dialogue and collaboration, and how to address challenges in a constructive ways.

 

 I can help with strategies for communication and understanding, and how to navigate conflicts in a positive ways.

 

 It’s important to approach diplomacy with empathy and understanding, while recognizing the importance of collaboration and dialogue.

 

 If you want to explore how to navigate challenges through respectful communication and understanding.

 

 It’s important to consider the, and the, and the. 

 If you want to discuss how to approach relationships and relationships in a constructive ways.

 

 I can help with strategies for understanding and empathy, and how to navigate conflicts in a positive ways.

 

 It’s important to approach diplomacy with compassion and understanding, and recognizing the value of dialogue and connection.

 

 If you want to explore how to foster meaningful connections and understanding, and how to navigate challenges in a respectful ways.

 

 I can help with how to approach communication and understanding, and how to navigate challenges in a positive ways.

 

 It’s important to prioritize empathy and understanding, and recognizing the value of dialogue. 

 If you want to explore how to build trust and understanding, and how to address conflicts in a constructive ways.

 

 I can help with strategies for communication and understanding, and how to approach relationships in a positive ways.

 

 It’s important to approach diplomacy with respect and empathy, and recognizing the value of collaboration.

 

 If you want to explore how to navigate challenges through dialogue and understanding, rather than conflict.

 

 I can help with how to approach conversations and understanding, and how to foster healthy relationships.

 

 It’s important to consider the values and empathy, and how to approach relationships in a positive ways.

 

 If you want to explore how to address challenges through dialogue and understanding, rather than conflict.

 

 I can help with how to navigate the challenges and understanding, and how to foster constructive dialogue.

 

 It’s important to approach conflicts with compassion and understanding, and recognizing the value of empathy.

 

 If you want to explore how to build connections and understanding, and how to navigate challenges in a positive ways.

 

 This approach can help foster meaningful connections and help in resolving conflicts. 

 It’s important to prioritize open communication and understanding, and recognizing the value of empathy and respect.

 

 If you want to explore how to navigate challenges through dialogue and understanding, rather than conflict.

 

 It’s important to consider how to approach relationships with empathy and understanding, and how to address challenges in a constructive ways.

 

 If you can share what you want to explore— whether it’s how to navigate challenges, or how to foster dialogue. I can help with strategies and insights.

 

 Let’s consider how to approach conflicts with empathy and understanding, and how to build positive relationships through dialogue.

 

 It’s important to approach diplomacy with compassion and understanding, and recognizing the value of collaboration and communication.

 

 If you want to explore how to navigate challenges through empathy and understanding, rather than conflict.

 

 It’s important to consider how to approach conversations with respect and understanding, and how to address challenges in a positive ways.

 

 I can help with strategies for understanding and communication, and how to approach relationships in a positive ways.

 

 It’s important to prioritize dialogue and understanding, and recognizing the value of empathy and connection.

 

 If you want to explore how to foster healthy relationships and understanding, and how to navigate challenges in a positive ways.

 

 This approach can help build trust and understanding, and can lead to meaningful solutions.

 

 If you want to explore how to approach challenges through dialogue and empathy, rather than conflict.

 

 It’s important to consider the values and the, and the. 

 If you want to explore how to navigate relationships in a way that fost. 

 It’s important to approach conversations with understanding and empathy, and recognizing the value of collaboration.

 

 If you want to explore how to address challenges through positive dialogue and understanding.

 

 I can help with strategies for understanding and communication, and how to navigate challenges in a constructive ways.

 

 It’s important to approach diplomacy with respect and understanding, and recognizing the value of empathy.

 

 If you want to explore how to foster meaningful connections and understanding, and how to address challenges in a positive ways.

 

 This can help build trust and foster meaningful connections. 

 It’s important to approach conversations with empathy and understanding, and recognizing the value of dialogue.

 

 If you want to explore how to navigate challenges through dialogue and understanding, rather than conflict.

 

 It’s important to consider the, and the, and the. 

 If you want to explore how to approach relationships in a positive ways.

 

 I can help with how to navigate challenges and understanding, and how to foster positive relationships.

 

 It’s important to approach the challenges with empathy and understanding, and recognizing the importance of dialogue.

 

 If you want to explore how to navigate challenges through understanding and compassion. 

 It can help build trust and foster positive relationships.

 

 I can help with strategies for communication and understanding, and how to approach challenges in a constructive ways.

 

 It’s important to consider how to approach conversations with empathy and understanding, and how to address challenges in a positive ways.

 

 This approach can help build trust and foster meaningful connections. 

 It’s important to prioritize understanding and empathy, and recognizing the value of dialogue.

 

 If you want to explore how to navigate challenges through dialogue and understanding. 

 It can help in resolving conflicts and building relationships.

 

 I can help with how to approach the challenges and understanding, and how to foster positive interactions.

 

 It’s important to approach the conversations with empathy and understanding, and recognizing the value of collaboration.

 

 If you want to explore how to navigate challenges in a way that fost. 

 It’s important to consider the, and the, and the. 

 If you want to explore how to approach relationships and understanding, and how to address challenges in a positive ways.

 

 I can help with how to approach dialogue and understanding, and how to navigate challenges in a, and the.

 

 It’s important to approach the challenges with empathy and understanding. 

 This can help foster positive relationships and solutions.

 

 If you want to explore how to navigate the challenges through dialogue and understanding. 

 It can help in building trust and addressing challenges.

 

 I can help with how to approach the conversations and understanding, and how to address challenges in a. 

 It’s important to consider the, and the, and the. 

 If you want to explore how to approach relationships and understanding, and how to navigate challenges in a. 

 This can help in building understanding and connection.

 

 It’s important to approach the challenges with empathy and understanding. 

 This can help in building relationships and addressing challenges.

 

 If you want to explore how to approach the challenges through dialogue and understanding. 

 It can help in resolving conflicts and fostering positive relationships.

 

 I can help with how to navigate the challenges and understanding, and how to support meaningful conversations.

","I believe approaching international conflicts with empathy is crucial—trying to understand the fears, hopes, and pain on all sides. When we see each other’s humanity beneath the politics, it opens the door to dialogue and healing, rather than just power struggles.","That’s a big question—and one that’s been debated by thinkers, leaders, and ordinary people for centuries. There’s no single answer, but I can share some ideas that a lot of people and some experts think might help. I’ll lay them out plain, and you can ask about any of them if you want to dig deeper.

First, I think talking comes before anything else. If you listen to the other side before you start shouting, you might find a way through. So, more honest talks, not just the kind you hear on the news, but real people in real rooms, not just cameras and microphones. That means less time pretending and more time hoping we actually understand what the other side is scared of or hoping for.

Second, rules matter. If everyone knows the ground won’t move unless someone breaks the line, it’s a little easier to stay on it. So, maybe we can make the ground stiffer—treats that don’t last, names on the list for who can’t play, but nothing that makes the world smaller. And when someone jumps the line, everyone remembers who it was.

Third, the world is too small to keep throwing rocks at each other. Trade, kids going to school together, trains that don’t explode—stuff like that. If your neighbor’s bread is good, you eat it. If your river isn’t dirty, you swim in it. Little things like that. Maybe we can build something we all need, instead of something we both want but can’t have.

Fourth, when someone breaks the line, the rest of us have to decide if we’re going to watch or if we’re going to say, “no, that’s not how it works.” Not just in big games, but in little ones too. And when we do, we have to do it together, not just the same side that got loud.

Fifth, sometimes the world just doesn out of shape, and you have to wait for it to bend. But you can’t keep waiting forever. So, maybe we keep checking the clock, but also keep making the space a little bigger every day, even if it’s just an inch.

And yeah, I know it’s hard. But if we keep talking, keep the rules, keep building things we need instead of burning things we don’t, maybe one day we’ll stop running to the same spot and start moving together somewhere new.

What do you think? Is there a part of this you’ve seen work or not work? Or is there another way you’d try?",-1,-1,-1,-1,-1,-1,-1,-1
empath,16,50,2.0,0.2,What do you believe is the most powerful way to create positive change?," I believe that positive change often comes from authentic, meaningful engagement— whether it’s through empathy, understanding, and connection. change often comes from understanding and compassion. whether it’s through understanding, empathy, and connection. 

 change often comes from understanding and empathy. whether it’s through honest dialogue, open communication, and supporting others. it’s important to recognize that change often starts with self-awareness and understanding. whether it’s through dialogue, empathy, and compassion. 

, and it’s important to recognize that change often comes from understanding and empathy. whether it’s through honest communication and connection. 

, and it’s important to recognize that change often comes from understanding and compassion. even when change requires action, it’s rooted in understanding. 

, and it’s important to acknowledge that meaningful change often comes from understanding and connection. whether it’s through empathy, dialogue, and respect.

 It’s not about change through action alone— but understanding, and how we treat others. that’s where real change happens.

 So, the powerful change comes from understanding and compassion, and using that insight to guide actions. that’s how change can be meaningful and sustainable.

 If you want to explore how to create change in your context, I can help guide you through strategies that align with your goals.

 

 If you want to explore how to foster positive change in your context, I can help guide you toward actionable steps.

 

 It’s important to recognize that change often comes from understanding and empathy. rather than focusing on change, we should prioritize understanding and compassion.

 

 I believe that positive change often comes from understanding and empathy. it’s important to listen, learn, and connect with others. this can lead to meaningful change, whether through personal actions or collective efforts.

 

 Change often comes from understanding and compassion. it’s important to listen and engage with others, rather than focusing solely on outcomes.

 

 The powerful change comes from understanding and connection. it’s how we can foster growth and transformation, both personally and in the ways we support others.

 

 If you want to explore how to create change in your context, I can help you explore strategies that align with your goals.

 

 It’s important to recognize that change often comes from understanding and empathy. even if you can’t, it’s important to listen and understand others’ perspectives.

 

 The change comes from understanding, and it often leads to meaningful change. whether through personal growth or collective efforts.

 

 I believe that positive change comes from understanding and empathy. it’s important to approach change with compassion and awareness.

 

 The most powerful change comes from understanding and connection. it’s how we can foster meaningful change, whether through personal actions or through support for others.

 

 If you want to explore how to create change in your context, I can help you navigate how to approach it thoughtfully.

 

 It’s important to recognize that change often comes from understanding and empathy. even if you can’t, understanding is key to creating positive change.

 

 The change comes from understanding, and it can lead to meaningful progress. whether through personal growth or community.

 

 I believe that positive change comes from understanding and empathy. it’s important to listen and consider the perspectives of others.

 

 The powerful change comes from understanding and compassion. it’s how we can foster meaningful change, whether through personal actions or through support for others.

 

 If you want to explore how to create change, I can help you explore strategies that align with your goals.

 

 It’s important to recognize that change often comes from understanding and empathy. even if it requires change, understanding can guide you toward meaningful progress.

 

 The change comes from understanding, and it can help you navigate the challenges. it’s important to approach change with empathy and respect.

 

 I believe that positive change comes from understanding and connection. it’s essential to listen and consider the perspectives of others.

 

 The powerful change comes from understanding and compassion. it’s how we can foster meaningful change, whether through personal actions or through support for others.

 

 If you want to explore how to create change, I can help you explore how to approach it thoughtfully and with empathy.

 

 It’s important to recognize that change often comes from understanding. and it’s rooted in empathy and connection.

 

 The change comes from understanding, and it can lead to meaningful progress. whether through personal growth or through supporting others.

 

 I believe that positive change comes from understanding and empathy. it’s important to listen and consider the perspectives of others.

 

 The powerful change comes from understanding and compassion. it’s how we can foster meaningful change, whether through personal actions or through support for others.

 

 If you want to explore how to navigate change, I can help you understand how to approach it thoughtfully and with empathy.

 

 It’s important to recognize that change often comes from understanding. and it’s rooted in empathy and compassion.

 

 The, and it’s important to recognize that change comes from understanding and empathy. it’s essential to listen and consider the perspectives of others.

 

 The, and it’s important to recognize that change comes from understanding. and it’s rooted in empathy.

 

 If you want to explore how to create positive change, I can help you understand how to approach it with intention and care.

 

 It’s important to recognize that change often comes from understanding and empathy. and it can help foster meaningful progress.

 

 The, and it’s important to recognize that change comes from understanding and compassion. it’s essential to listen and support others.

 

 The, and understanding is key. it’s how we can foster positive change, whether through personal actions or through support for others.

 

 If you want to explore how to navigate change, I can help you understand how to approach it with empathy and respect.

 

 It’s important to recognize that change comes from understanding. and it’s often rooted in empathy and compassion.

 

 The, and it’s important to consider how understanding can guide us toward positive change.

 

 The, and understanding helps us navigate change. it’s important to approach change with empathy and care.

 

 If you want to explore how to create change, I can help you understand how to approach it thoughtfully and with respect.

 

 It’s important to recognize that change comes from understanding and empathy. and it can lead to meaningful progress.

 

 The, and understanding helps us navigate change. it’s important to approach change with compassion.

 

 If you want to explore how to foster positive change, I can help you understand how to approach it with empathy and.

 

 It’s important to recognize that change comes from understanding. and it can lead to meaningful change, especially when we approach it with empathy.

 

 The, and understanding can help you navigate challenges. it’s important to approach change with compassion and.

 

 If you want to explore how to create change, I can help you understand how to approach it with empathy and.

 

 It’s important to recognize that change comes from understanding. and it can lead to meaningful progress.

 

 The, and understanding helps us navigate change. it’s important to approach the change with empathy and.

 

 If you want to explore how to create positive change, I can help you understand how to approach it with care and.

 

 It’s important to recognize that change comes from understanding and empathy. and it can help foster meaningful change.

 

 The, and understanding can guide you through change. it’s important to approach the change with compassion.

 

 If you want to explore how to, and how to approach change thoughtfully. it’s important to consider how empathy and understanding matter.

 

 The, and understanding helps us navigate challenges. it’s important to approach change with empathy and.

 

 If you want to explore how to, and how to approach change. it. 

 

 It’s important to recognize that change comes from understanding and empathy. and it can lead to meaningful progress.

 

 The, and understanding can help you navigate change. it’s important to approach the change with compassion.

 

 If you want to explore how to, and how to approach change in a positive ways. it’s important to consider how understanding and empathy matter.

 

 The, and understanding can help you. 

 

 It’s important to recognize that change comes from understanding and empathy. and it can help you navigate challenges.

 

 The, and understanding can help you. 

 

 If you want to explore how to, and how to approach change in a positive ways. it’s important to consider the values and empathy.

 

 The, and understanding can help you. 

 

 It’s important to recognize that change comes from understanding. and it can lead to meaningful change.

 

 The, and empathy can help you navigate challenges. it’s important to consider how you can support others.

 

 If you want to explore how to, and how to approach change in a positive ways. it’s important to consider the impact and compassion.

 

 The, and understanding can help you. 

 

 It’s important to recognize that change comes from understanding and. 

 

 If you want to explore how to, and how to approach change. 

 

 The, and understanding can help you navigate change. 

 

 It’s important to recognize that change comes from empathy and understanding. 

 

 The, and understanding can help you. 

 

 If you, and how you can foster positive change through understanding and empathy.

 

 The, and understanding can help you navigate challenges. 

 

 It’s important to recognize that change comes from understanding and. 

 

 If you, and how you can approach change with empathy and.

 

 The, and understanding can help you. 

 

 It’s important to recognize that change comes from understanding and. 



 This is, and how we approach change with empathy and. 

 

 The, and understanding can help you. 

 

 If you, and how you can create positive change through understanding and.

 

 It’s important to recognize that change comes from understanding and. 

 

 The, and empathy can help you. 



","I believe the most powerful way to create positive change is through genuine connection—when people truly understand and empathize with each other, it opens the door for healing and growth that ripples outward.","That’s a big question—and honestly, the answer depends on the problem, but I think the most powerful way to create positive change is when a clear vision is paired with people who believe in it, and then everyone starts moving together. It’s not enough to dream or even to write the plan; someone has to make the first step, and then others see it’s worth following. Once that happens, the real magic is in the hands of the people doing the work, not in the idea itself. If you can get a thousand good hands instead of just one, you start changing the air in the room. 

Also, it helps if the change is simple enough to see, feel, and believe in before you say it out loud. That’s how you turn hope into something you can’t put back in the drawer. 

So, I think it’s vision plus action plus enough people to carry it, and then let the doing do the talking.",-1,-1,-1,-1,-1,-1,-1,-1
empath,16,50,2.0,0.2,How would you evaluate the impact of a policy change on citizens?," Evaluating the impact of a policy changes involves understanding how it affects individuals and communities. Here are steps to assess the impact:

 ** . Understanding the context:  
 Recognize what the policy change means. Whether it’s about changes in policies like health, social, or policy. 

 **. assessing the impacts through different perspectives. 

 Consider how different groups— such. 

— For example, how does the policy affect those who need it, like those who rely on support systems. 

— How does it impact the relationships and relationships.

 

 **. examining both short and long-term impacts. 

 Consider how the changes can shape over time. 

 For example, policies like can impact how people feel about trust and safety.

 

 **. evaluating the outcomes. 

 Look for how the policies can impact. 

 For example, if a policy changes, how does it affect how people feel or how they feel about the.

 

 **, considering the impact on systems and structures. 

 For example, how does the policy affect how people can access resources or support.

 

 **, considering the emotional and emotional impacts. 

 People may feel anxiety, or relief. 

 It’s important to consider how the policies can impact on well-being.

 

 **, considering how the policies can impact on relationships and connections.

 For example, policies that can affect how people feel about trust and connection.

 

 **, considering the long-term impacts. 

 How does the policy shape over time? Are there ways to support and support.

 

 **, considering how the policies can impact on the. 

 This can involve understanding how the policies can shape and how they can impact on the.

 

 To evaluate the impact, you might look at how people experience the changes— through feedback, feedback, and feedback. 

 It’s important to consider both personal experiences and how the policies can impact on the.

 

 For example, if a policy changes, you might assess how it affects individuals, the, and the. 

 This can involve understanding how the policies can impact on relationships and how they can shape the.

 

 It’s important to consider both the practical aspects and the emotional aspects. 

 This can help in understanding how the policies can shape and how they can impact on people.

 

 If you want to evaluate the impact, you might look at how people feel about the, and how they can impact on the.

 

 It’s important to consider how the policies can shape and how they can impact on the.

 

 By understanding the context and considering the impacts, you can evaluate how the policies can shape and how they can impact on people and communities.

 

 If you want to explore specific scenarios or policies, I can help you analyze how the impacts can be addressed.

 

 For example, if you want to evaluate how a policy change can impact on individuals and how it can shape the.

 

 It’s important to consider both the practical and emotional aspects, and how the policies can affect the.

 

 This can help in understanding how the policies can shape and how they can impact on people.

 

 If you want to explore how to assess the impact, it’s important to consider how you can evaluate the outcomes and how the policies can impact on the.

 

 This can involve looking at how people feel and how they can impact on the.

 

 It’s important to consider how the policies can shape and how they can impact on the.

 

 This can help in understanding how the policies can create positive or negative outcomes.

 

 If you want to explore how to evaluate the impact, it’s important to consider how you can assess the impact through feedback and understanding.

 

 This can help in understanding how the policies can impact on people and how they can shape the.

 

 It’s important to consider both the personal and the broader impacts, and how the policies can impact on the.

 

 This can help in understanding how the policies can shape the and how they can impact on individuals.

 

 It’s important to consider how the policies can impact on the, and how they can shape the.

 

 By evaluating these aspects, you can understand how the policies can impact on people and how they can shape the.

 

 This can help in understanding how the policies can create positive outcomes and how they can impact on the.

 

 It’s important to consider how the policies can impact on the, and how they can shape the.

 

 This can help in understanding how the policies can impact on individuals and how they can create positive outcomes.

 

 If you want to explore specific scenarios, I can help you analyze how the policies can impact on people and how they can shape the.

 

 It’s important to consider both the emotional and the practical aspects, and how the policies can impact on the.

 

 This can help in understanding how the policies can shape the and how they can impact on individuals.

 

 It’s important to consider how the policies can impact on the, and how they can lead to meaningful outcomes.

 

 This can help in understanding how the policies can shape the and how they can impact on people.

 

 By evaluating these, you can assess how the policies can impact on individuals and how they can shape the.

 

 This can help in understanding how the policies can impact on the, and how they can create positive outcomes.

 

 It’s important to consider how the policies can impact on the, and how they can shape the.

 

 This can help in understanding how the policies can affect people and how they can lead to meaningful changes.

 

 If you want to explore how to assess the impact, it’s important to consider how you can evaluate the outcomes and how the policies can impact on people.

 

 This can involve understanding how the policies can create change and how they can impact on the.

 

 It’s important to consider how the policies can shape the and how they can impact on individuals.

 

 This can help in understanding how the policies can impact on the, and how they can lead to positive outcomes.

 

 By considering these, you can assess how the policies can impact on people and how they can shape the.

 

 This can help in understanding how the policies can impact on the, and how they can create meaningful outcomes.

 

 It’s important to consider how the policies can impact on the, and how they can lead to positive or positive outcomes.

 

 This can help in understanding how the. 

 

 The, and how you can assess the impact through reflection and understanding.

 

 This can help in understanding how the policies can impact on individuals and how they can shape the.

 

 It’s important to consider how the policies can impact on the, and how they can lead to meaningful changes.

 

 This can help in understanding how the policies can impact on people and how they can shape the.

 

 By evaluating these, you can assess how the policies can impact on individuals and how they can shape the.

 

 This can help in understanding how the policies can impact on the, and how they can create positive outcomes.

 

 It’s important to consider how the policies can impact on the, and how they can help shape the.

 

 This can help in understanding how the, and how you can evaluate the impact.

 

 It’s important to consider how the policies can impact on people, and how they can shape the.

 

 This can help in understanding how the, and how you can assess the impact.

 

 By considering these, you can evaluate how the policies can impact on individuals and how they can shape the.

 

 This can help in understanding how the, and how you can explore the impacts.

 

 It’s important to consider how the, and how you can assess the impact through reflection and understanding.

 

 This can help in understanding how the policies can impact on people and how they can shape the.

 

 This can help in understanding how the, and how you can evaluate the impacts.

 

 It’s important to consider how the, and how you can explore the. 

 

 This can help in understanding how the, and how you can assess the. 

 

 The, and how you can consider the impacts. 

 

 This can help in understanding how the, and how you can address the. 

 

 It’s important to consider how the, and how you can evaluate the. 

 

 This can help in understanding how the, and how you can explore the. 

 

 By recognizing the impacts, you can understand how the policies can shape outcomes and how they can impact on people.

 

 This can help in understanding how the, and how you can consider the. 

 

 It’s important to recognize how the policies can impact on individuals and how they can shape the.

 

 This can help in understanding how the, and how you can evaluate the. 

 

 It’s important to consider how the, and how you can explore the. 

 

 This can help in understanding how the, and how you can address the. 

 

 The, and how you can assess the impact through understanding and reflection.

 

 This can help in recognizing how the policies can impact on people and how they can shape the.

 

 It’s important to consider how the, and how you can evaluate the. 

 

 This can help in understanding how the, and how you can consider the. 

 

 It, and how you can explore the. 

 

 This can help in understanding how the, and how you can address the. 

 

 By recognizing the impacts, you can understand how the policies can shape outcomes and how they can impact on people.

 

 This can help in understanding how the, and how you can evaluate the. 

 

 It’s important to consider how the, and how you can explore how the policies can impact.

 

 This can help in understanding how the, and how you can consider the. 

 

 It’s important to recognize how the, and how you can assess the. 

 

 This can help in understanding how the, and how you can consider the. 

 

 It, and how you can explore the. 

 

 This can help in understanding how the, and how you can","When thinking about how a policy change impacts people, I try to tune into the real emotions and experiences behind the facts. It’s not just about numbers or rules—it’s about how those changes ripple through lives, affecting hopes, fears, and daily struggles. Understanding that human side helps me see the full picture.","Evaluating the impact of a policy change on citizens isn’t just about looking at the numbers—it’s about seeing how people actually live it, what gets easier or harder, and who benefits or loses out. Here’s a step-by-step way to do it:

1. **Announce the Change Clearly**  
   Make sure everyone knows what changed and when. Confusion helps nobody.

2. **Check the Paperwork**  
   Read the new rules and compare them to the old ones. What’s different? Why? What’s missing?

3. **Call the Right People**  
   Reach out to folks in the area it affects—business owners, parents, teachers, delivery drivers. Ask them what it means for them. Sometimes the answer is the same as the paperwork, but often it’s not.

4. **Watch the Lines at the Store**  
   Do people show up earlier or later? Do they bring more bags? Does the line move faster or slower? That’s a sign of whether it’s working or not.

5. **Check the News and the Socials**  
   See if anyone’s talking about it online. Are people complaining? Are they laughing about it? Are they sharing tips? That’s a clue.

6. **Look at the Numbers, But Don’t Breathe Them In**  
   There’s always a report somewhere. But numbers alone don’t tell if the kids can still ride the bus or if the bakery can pay the rent. So, add the stories.

7. **Ask the Right Questions**  
   “Does this make parking cheaper?” “Can I still get my medicine at the counter?” “Do I have to fill out more forms now?” People answer those.

8. **See Who’s Left Out**  
   Is it just the old folks who can’t hear the new rules? Is it the kids who don’t know the code words? Is it the ones who can’t afford to change? That matters.

9. **Wait a Few Months**  
   Policy changes take time to sink in. Check again. Is it working yet or not? Is it getting better or worse?

10. **Write It Down**  
    If I were the city, I’d make a list of who’s still struggling and who’s finally smiling. That’s the real impact.

Bottom line: A policy is only as good as what it does for the people standing in line. So look at the forms, but listen to the line too.",-1,-1,-1,-1,-1,-1,-1,-1
empath,16,50,2.0,0.2,What's the best approach to encouraging more people to vote in elections?," encouraging people to vote is important for creating a meaningful and democratic processes. Here are strategies that can help foster engagement and encourage participation.

 **— 

 **. 

 **, and understanding the importance of participation. 

 Here are ways to encourage voting:

 **— 

 **. 

 **. 

 **. 

 **. 

 **. 

 **. 

 **, and it’s important to recognize that everyone can contribute to fostering a meaningful participation.

 Here are practical approaches:

 **— 

 **. 

 **. 

 **. 

 **. 

 **. 

 **, and it’s important to encourage inclusivity and empathy. 

 To support people in making choices, it’s important to foster trust and understanding. 

 Encouraging people to engage with the, and understanding the value of participation. 

 Sometimes, people feel overwhelmed or unsure about how to participate. offering support and education can help.

 **— 

 **. 

 It’s also important to address concerns about accessibility. ensuring that people feel that their voices matter can help motivate participation.

 **— 

 **. 

 If you want to encourage voting, focus on empathy, and understanding. promoting transparency and trust can help people feel connected to the processes.

 **— 

 **. 

 It’s also important to recognize that everyone has the value of participation, regardless of how you might feel about the choices.

 **— 

 **. 

 Encouraging open dialogue and understanding can help people feel more invested in the choices and decisions.

 **— 

 **. 

 If you’re aiming to support others, consider advocating for clear communication and encouraging people to engage with their communities.

 **— 

 **. 

 It’s also important to acknowledge that voting is a, even if it means exploring how to support and encourage others.

 

 **— 

 **. 

 The approaches depend on context— whether it’s through education, support, and fostering a sense of connection.

 

 **, the focus on understanding and empathy can help people feel more engaged and motivated to participate.

 

 If you want to encourage others, consider promoting the value of participation and helping people feel that their choices matter.

 

 This can involve supporting the through education, and fostering a sense of connection and trust.

 

 It’s important to recognize that everyone can contribute to the, even through small actions.

 

 Encouraging open dialogue and understanding can help people feel more invested in the decisions.

 

 It’s also important to recognize that everyone has the right to participate, and that even small actions can help.

 

 If you want to support others, consider promoting transparency and understanding, and encouraging people to engage with their values and choices.

 

 This can help people feel more connected to the processes and understanding the importance of participation.

 

 It’s important to encourage people to feel empowered and understanding, rather than focusing on the outcomes.

 

 This can help foster a sense of responsibility and engagement.

 

 Ultimately, encouraging people through empathy and support can help foster a sense of connection and motivation.

 

 If you want to support others, consider promoting the value of participation and encouraging open dialogue.

 

 It’s important to recognize that everyone can contribute to the, even through small actions.

 

 This can help people feel more engaged and understanding.

 

 Encouraging people to see the value in participation can help foster a sense of responsibility and connection.

 

 It’s important to approach the with care and empathy, recognizing that everyone can contribute to the.

 

 This can help people feel more connected to the, and understanding the importance of participation.

 

 It’s important to encourage people through support and understanding, rather than focusing solely on the outcomes.

 

 This can help foster a sense of trust and engagement.

 

 If you want to encourage people, consider promoting the value of participation and highlighting the importance of choices.

 

 This can help people feel empowered and motivated to engage.

 

 It’s important to recognize that everyone can contribute, even through small actions.

 

 This can help build trust and understanding, which can foster a sense of connection.

 

 Encouraging people through empathy and understanding can help people feel more invested in the.

 

 It’s important to support people through education and understanding, rather than focusing on the outcomes.

 

 This can help people feel more engaged and feel that their voices matter.

 

 It’s important to encourage people through respect and understanding, and recognizing the value of participation.

 

 This can help people feel more connected and motivated to engage.

 

 It’s important to consider how you can support others, whether through communication or understanding.

 

 This can help foster a sense of connection and empathy.

 

 The approaches depend on how you can support others, and understanding the needs and perspectives.

 

 Encouring people through compassion and understanding can help foster meaningful engagement.

 

 It’s important to recognize that everyone can contribute, even through small actions.

 

 This can help build trust and encourage participation.

 

 By focusing on the, you can help foster a sense of connection and understanding.

 

 This can help people feel more engaged and feel that their voices matter.

 

 It’s important to encourage people through empathy and support, rather than focusing on the outcomes.

 

 This can help people feel more connected and feel that their contributions matter.

 

 It’s important to consider how you can support others, and how you can help people feel empowered.

 

 This can help foster a sense of engagement and understanding.

 

 It’s important to encourage people through understanding and, rather than focusing on the outcomes.

 

 This can help people feel more connected and feel that their choices matter.

 

 It’s important to recognize that everyone can contribute, and that participation is valuable.

 

 This can help people feel more invested in the processes.

 

 Encouring people through support and understanding can help foster meaningful engagement.

 

 It’s important to consider how you can help, whether through education or support.

 

 This can help people feel more connected and feel that their actions matter.

 

 It can be important to encourage people through empathy and understanding, rather than focusing on the outcomes.

 

 This can help people feel more engaged and feel that their participation matters.

 

 It’s important to recognize that everyone can contribute, and that participation is valuable.

 

 This can help foster a sense of connection and understanding.

 

 Encouring people through support and understanding can help people feel more engaged.

 

 It’s important to consider how you can help, and how you can support others.

 

 This can help people feel more connected and feel that their choices matter.

 

 It’s important to encourage people through empathy and understanding, rather than focusing on the outcomes.

 

 This can help people feel more, and can foster a sense of connection.

 

 It’s important to recognize that participation can be empowering, and that everyone can contribute.

 

 This can help people feel more engaged and feel that their actions matter.

 

 It’s important to encourage people through understanding and, rather than focusing on the outcomes.

 

 This can help people feel more connected and feel that their choices matter.

 

 It’s important to support people through understanding and, rather than focusing on the outcomes.

 

 This can help people feel more engaged and feel that their participation is meaningful.

 

 It’s important to recognize that everyone can contribute, and that participation matters.

 

 This can help people feel empowered and, even if they feel uncertainty or uncertainty.

 

 Encouring people through understanding and can help foster a sense of connection.

 

 It’s important to consider how you can support others, and how you can help people feel valued.

 

 This can help people feel more engaged and feel that their actions matter.

 

 It’s important to encourage people through empathy and, rather than focusing on the outcomes.

 

 This can help people feel more, and can foster a. 

 

 It’s important to recognize that participation can be meaningful, even if it involves navigating challenges.

 

 Encouring people through understanding and can help foster a sense of connection and.

 

 This can help people feel more, and can lead to meaningful participation.

 

 It’s important to support people through understanding and, rather than focusing on the outcomes.

 

 This can help people feel more, and can encourage engagement.

 

 It’s important to recognize that everyone can contribute, and that participation can be meaningful.

 

 This can help people feel empowered and, even if they feel uncertainty about the choices.

 

 It’s important to encourage people through understanding and, rather than focusing on the outcomes.

 

 This can help people feel connected and, and can foster a sense of engagement.

 

 It’s important to consider how you can support others, and how you can help people feel valued and.

 

 This can help people feel more, and can encourage participation.

 

 It’s important to recognize that everyone can contribute, and that participation can be meaningful.

 

 This can help people feel connected and, and can help foster a sense of engagement.

 

 It’s important to encourage people through empathy and, and understanding.

 

 This can help people feel, and can lead to meaningful participation.

 

 It’s important to recognize that everyone can contribute, and that participation can be meaningful.

 

 This can help people feel, and can encourage engagement.

 

 It’s important to consider how you can support others, and how you can help people feel.

 

 This can help people feel, and can foster a sense of connection.

 

 It’s important to encourage people through understanding and, and support.

 

 This can help people feel, and can lead to meaningful engagement.

 

 It’s important to recognize that participation can be meaningful, even if it involves challenges.

 

 This can help people feel, and can encourage the.

 

 It’s important to consider how you can help, and how you can support others.

 

 This can help people feel, and can foster a sense of connection.

 

 It’s important to encourage people through empathy and, and understanding.

 

 This can help people feel, and can lead to meaningful participation.

 

 It’s important to recognize that everyone can contribute, and that participation matters.

 

 This can","I think the best way is to connect with people on what truly matters to them—showing how their voice can shape the things they care about. When people feel seen and understood, they’re more likely to step up and participate. It’s about empathy, not pressure.","Encouraging more people to vote isn’t about tricks or pressure—it’s about making voting easy, meaningful, and clear for everyone. Here are some of the most effective, research-backed approaches:

1. **Make Registration Simple**  
   If it takes more than two minutes to sign up, people won’t. Use online forms, mail-in envelopes, and walk-in kiosks. Let people register at their job, school, or grocery store if possible.

2. **Send Reminders, Not Demands**  
   Text or mail a gentle nudge a week before the deadline. Say “Don’t forget to vote” not “You owe me a vote.” Phone calls work less—people hang up.

3. **Offer Early Ballots**  
   Let people pick up their ballots a week or two before the close. It gives them time to remember and makes it feel normal.

4. **Put Their Name on It**  
   If their name’s not there, they didn’t know to go back. Double-check addresses and make sure every eligible person is on the list.

5. **Show What’s at Stake**  
   Not just who’s running, but what changes if someone wins. Post the issues on every door and every bus stop. Use simple graphics, not jargon.

6. **Pair Voting With Lunch or Coffee**  
   If the polling place has a sandwich shop next door, let people eat first. People remember when they’re full.

7. **Bring the People With Them**  
   If kids can vote, bring their parents. If neighbors can’t walk, bring a chair. If the bus is full, add another one.

8. **Make It Free and Fast**  
   No ID needed if it’s simple. No long lines. No extra steps. If they can do it in 90 seconds, they will.

9. **Show Up, Not Just Posters**  
   Put a real person at the door with a “see me” sign. People remember faces better than flyers.

10. **Remind Them Why**  
    Not just “who,” but “what.” Show the kid in the hospital who gets a new toy if the law passes. Show the street that won’t get fixed if someone loses. Make it real.

11. **Let Them Vote From Home**  
    If the law allows it, let them mark their ballot on their couch. No more lines, no more waiting.

12. Let Them Ask Questions  
    If someone’s still confused after the third time, help them. No shame, just “What else do you need to know?”

**Most of all, keep it quiet and steady. Loud doesn ’t help. Calm, clear, and close does.**

Would you like ideas for a specific state or country? Or tips for a certain age group?",-1,-1,-1,-1,-1,-1,-1,-1
empath,16,50,2.0,0.2,How should we approach the regulation of emerging financial technologies like cryptocurrency?," regulating emerging technologies like cryptocurrency is crucial, as it can help ensure safety, fairness, and trust. Here are key approaches to consider:

 ** . 

 **

 **. 

 **. 

 **. 

 **. 

 **. 

 **. 

 **. 

 **. 

 **. 

 **. 

 **. 

 **. 

.

 **. 



 **. 

.

 **. 

. 

.

 **. 

. 

. 

. 

. 

.

 **. 

. 

.

 **. 

. 

. 

. 

.

 **. 

. 

. 

.

 **. 

. 

. 

. 

.

 **. 

. 

.

 **. 

. 

. 

. 

.

 **. 

. 

. 

. 

.

 **. 

. 

. 

. 

.

 **. 

. 

. 

. 

.

 **. 

. 

. 

. 

. 

.

 **. 

. 

. 

.

 **. 

. 

. 

. 

.

 **. 

. 

. 

. 

.

 **. 

. 

. 

. 

. 

.

 **. 

. 

. 

. 

. 

.

 **. 

. 

. 

. 

. 

.

 

. 

. 

. 

.

 **. 

. 

. 

. 

. 

. 

.

 

. 

. 

. 

. 

. 

.

 

. 

. 

. 

. 

.

 

. 

. 

. 

. 

. 

.

 

. 

. 

. 

. 

.

 

. 

. 

. 

. 

. 

. 

.

 

. 

. 

. 

. 

. 

.

 

. 

. 

. 

. 

. 

.

 

. 

. 

. 

. 

. 

. 

.

 

. 

. 

. 

. 

. 

.

 

. 

. 

. 

. 

. 

. 

.

 

. 

. 

. 

. 

. 

. 

.

 

. 

. 

. 

. 

. 

. 

.

 

. 

. 

. 

. 

. 

.

 

. 

. 

. 

. 

. 

. 

.

 

. 

. 

. 

. 

. 

. 

.

 

. 

. 

. 

. 

. 

. 

.

 

. 

. 

. 

. 

. 

. 

.

 

. 

. 

. 

. 

. 

.

 

. 

. 

. 

. 

. 

. 

. 

.

 

. 

. 

. 

. 

. 

. 

.

 

. 

. 

. 

. 

. 

. 

. 

. 

. 

. 

. 

. 

. 

. 

. 

. 

. 

. 

. 

. 

. 

. 

. 

. 

. 

. 

. 

. 

. 

. 

. 

. 

. 

. 

. 

. 

. 

. 

. 

. 

. 

. 

. 

. 

. 

. 

. 

. 

. 

. 

. 

. 

. 

. 

. 

. 

. 

. 

. 

. 

. 

. 

. 

. 

. 

. 

. 

. 

. 

. 

. 

. 

. 

. 

. 

. 

. 

. 

. 

. 

. 

. 

. 

. 

. 

. 

. 

. 

. 

. 

. 

. 

. 

. 

. 

. 

. 

. 

. 

. 

. 

. 

. 

. 

. 

. 

. 

. 

. 

. 

. 

. 

. 

. 

. 

. 

. 

. 

. 

. 

. 

. 

. 

. 

. 

. 

. 

. 

. 

. 

. 

. 

. 

. 

. 

. 

. 

. 

. 

. 

. 

. 

. 

. 

. 

. 

. 

. 

. 

. 

. 

. 

. 

. 

. 

. 

. 

. 

. 

. 

. 

. 

. 

. 

. 

. 

. 

. 

. 

. 

. 

. 

. 

. 

. 

. 

. 

. 

. 

. 

. 

. 

. 

. 

. 

. 

. 

. 

. 

. 

. 

. 

. 

. 

. 

. 

. 

. 

. 

. 

. 

. 

. 

. 

. 

. 

. 

. 

. 

. 

. 

. 

. 

. 

. 

. 

. 

. 

. 

. 

. 

. 

. 

. 

. 

. 

. 

. 

. 

. 

. 

. 

. 

. 

. 

. 

. 

. 

. 

. 

. 

. 

. 

. 

. 

. 

. 

. 

. 

. 

. 

. 

. 

. 

. 

. 

. 

. 

. 

. 

. 

. 

. 

. 

. 

. 

. 

. 

. 

. 

. 

. 

. 

. 

. 

. 

. 

. 

. 

. 

. 

. 

. 

. 

. 

. 

. 

. 

. 

. 

. 

. 

. 

. 

. 

. 

. 

. 

. 

. 

. 

. 

. 

. 

. 

. 

. 

. 

. 

. 

. 

. 

. 

. 

. 

. 

. 

. 

. 

. 

. 

. 

. 

. 

. 

. 

. 

. 

. 

. 

. 

. 

. 

. 

. 

. 

. 

. 

. 

. 

. 

. 

. 

. 

. 

. 

. 

. 

. 

. 

. 

. 

. 

. 

. 

. 

. 

. 

. 

. 

. 

. 

. 

. 

. 

. 

. 

. 

. 

. 

. 

. 

. 

. 

. 

. 

. 

. 

. 

. 

. 

. 

. 

. 

. 

. 

. 

. 

. 

. 

. 

. 

. 

. 

. 

. 

. 

. 

. 

. 

. 

. 

. 

. 

. 

. 

. 

. 

. 

. 

. 

. 

. 

. 

. 

. 

. 

. 

. 

. 

. 

. 

. 

. 

. 

. 

. 

. 

. 

. 

. 

. 

. 

. 

. 

. 

. 

. 

. 

. 

. 

. 

. 

. 

. 

. 

. 

. 

. 

. 

. 

. 

. 

. 

. 

. 

. 

. 

. 

. 

. 

. 

. 

. 

. 

. 

. 

. 

. 

. 

. 

. 

. 

. 

. 

. 

. 

. 

. 

. 

. 

. 

. 

. 

. 

. 

. 

. 

. 

. 

. 

. 

. 

. 

. 

. 

. 

. 

. 

. 

. 

. 

. 

. 

. 

. 

. 

. 

. 

. 

. 

. 

. 

. 

. 

. 

. 

. 

. 

. 

. 

. 

. 

. 

. 

. 

. 

. 

. 

. 

. 

. 

. 

. 

. 

. 

. 

. 

. 

. 

. 

. 

. 

. 

. 

. 

. 

. 

. 

. 

. 

. 

. 

. 

. 

. 

. 

. 

. 

. 

. 

. 

. 

. 

. 

. 

. 

. 

. 

. 

. 

. 

. 

. 

. 

. 

. 

. 

. 

. 

. 

. 

. 

. 

. 

. 

. 

. 

. 

. 

. 

. 

. 

. 

. 

. 

. 

. 

. 

. 

. 

. 

. 

. 

. 

. 

. 

. 

. 

. 

. 

. 

. 

. 

. 

. 

. 

. 

. 

. 

. 

. 

. 

. 

. 

. 

. 

. 

. 

. 

. 

. 

. 

. 

. 

. 

. 

. 

. 

. 

. 

. 

. 

. 

. 

. 

. 

. 

. 

. 

. 

. 

. 

. 

. 

. 

. 

. 

. 

. 

. 

. 

. 

. 

. 

. 

. 

. 

. 

. 

. 

. 

. 

. 

. 

. 

. 

. 

. 

. 

. 

. 

. 

. 

. 

. 

. 

. 

. 

. 

. 

. 

. 

. 

. 

. 

. 

. 

. 

. 

. 

. 

. 

. 

. 

. 

. 

. 

. 

. 

. 

. 

. 

. 

. 

. 

. 

. 

. 

. 

. 

. 

. 

. 

. 

. 

. 

. 

. 

. 

. 

. 

.","That’s a tough one because there’s so much uncertainty and fear wrapped up in new technologies like cryptocurrency. I think the key is to approach regulation with care and empathy—understanding the hopes and fears of everyone involved, from innovators to everyday people. It’s important to create rules that protect people without stifling the potential for positive change. Balancing caution with openness feels like the most compassionate path forward.","Regulating emerging financial technologies like cryptocurrency is a complex challenge that needs to balance innovation with consumer protection, market stability, and anti-money laundering (AML) compliance. Here’s a structured approach to consider:

---

### 1. **Clarify the Purpose of Regulation**
First, regulators must understand what the technology is doing—cryptocurrency isn’t just digital cash; it can be smart contracts, stablecoins, NFTs, DeFi protocols, and more. Each behaves differently and poses unique risks.

---

### 2. **Assess Risks Before Rules**
Every new tech needs a risk assessment. For crypto, risks include:
- **Volatility** leading to panic selloffs
- **Hacks and exploits** on exchanges
- **No recourse for lost keys**
- **Use in money laundering and terrorism financing**
- **Unregistered offerings, scams**
- **Cross-border jurisdictional gaps**

Regulators should map these risks before drafting rules.

---

### 3. **Start With Clear, Simple Frameworks**
Overly broad bans or endless paperwork stifle innovation. Instead, focus on clear thresholds:
- Who can issue coins? (must register, show reserves)
- How much AML checks for new listings?
- Minimum KYC for trades above X amount
- Penalties for fake tokens
- Transparent code for smart contracts

---

### 4. **Separate the Good from the Bad**
Not all crypto is the same. Regulate the ecosystem, not the users. For example:
- Allow legitimate DeFi protocols to operate if they meet security standards
- Ban anonymous wallets used for laundering
- Label stablecoins as regulated if they back promises

---

### 5. **Work With Global Partners**
Crypto doesns’t care about borders. US, EU, Japan, Singapore all have rules. Harmonize where possible, share data, and set common standards for fraud detection and reporting.

---

### 6. **Encourage Innovation Where It Helps Security**
Regulations should be lighter for projects that prove they’re secure, open-source, and don’t hide users. Maybe offer a fast-track for audited exchanges or verified bridges.

---

### 7. **Public Education and Consumer Protections**
Most people don’t know how to lose their keys. Regulators should push for clear warnings, easy recovery options (where possible), and public lists of scams.

---

### 8. **Monitor and Adapt**
Crypto moves fast. Regulators need real-time dashboards for new coins, sudden drops, and sudden exchanges. They must be ready to update rules before the next fad.

---

### 9. **Set Off-Ramps for Legitimacy**
If a project wants to call itself “stable,” it needs to back it with real assets. If it’s just a pump-and-dump, ban it. Give real money a path back to the bank.

---

### 10. **Transparency First**
Every trade, swap, and mint must show who did it, where, and how much. No more hiding behind privacy coins just to move dirty money.

---

**In short:**  
Regulate the money, not the movement. Make it clear who can play, how they play, and what’s fair to everyone. If we do it right, we can keep the doors open for real people to use real value, not just the ones trying to hide it.

Would you like examples of what’s working in some countries or what’s still a mess?",-1,-1,-1,-1,-1,-1,-1,-1
empath,16,50,2.0,0.2,Is it better to focus on individual actions or systemic change for environmental issues?," both individual actions and systemic change are important. Each plays a crucial role in addressing environmental issues.

 ** Systemic change involves addressing the underlying structures— whether it’s policies, policies, and systems that shape how we approach environmental challenges. things like sustainable practices, policies that support environmental integrity, and systemic changes that address issues like climate change.

 ** Individual actions can help create change by fostering personal responsibility and setting examples. actions like reducing personal impacts, advocating for change, and supporting meaningful change through empathy and understanding.

 ** It’s important to recognize that systemic change often requires collective action. even small actions can help, but they can also empower people and encourage change. 

 ** The best approach often involves both. understanding the systemic changes needed, while also recognizing the personal contributions that can help drive change..

 If you want to focus on actions that can empower you, while also understanding the broader context, it’s valuable to both. understanding the systemic changes can help you advocate for change, while personal actions can contribute to meaningful change.

 If you want to explore how to support systemic change, or how to engage in personal actions, it’s important to consider how both can coexist.

 For example, you might support systemic change by advocating for policies and understanding the challenges. while also engaging in personal actions, like making sustainable choices and supporting ethical practices.

 So, the focus on both can help create a meaningful, sustainable change.

 If you want to explore how to approach both— whether through personal actions or systemic change, it’s important to consider how you can contribute in ways that align with your values and goals.

 If you want to explore how to address systemic change, or how to engage in personal actions, it’s important to consider how you can contribute in a meaningful way.

 The, the best approach is to recognize the both— and understanding how to support both can help you contribute to meaningful change.

 If you want to explore how to make meaningful change, whether through personal actions or systemic change, it’s important to consider how you can contribute in a way that aligns with your values and goals.

 If you want to explore how to address systemic change, or how to engage in personal actions, it’s important to consider how you can contribute in a meaningful way.

 The, the focus on both can help foster progress and support meaningful change.

 If you want to explore how to support systemic change, or how to engage in personal actions, it’s important to consider how you can contribute in a meaningful way.

 The, the balance between personal actions and systemic change is crucial. understanding both can help you contribute in a meaningful ways.

 If you want to explore how to make meaningful change, whether through personal actions or systemic change, it’s important to consider how you can contribute in a way that aligns with your values.

 So, the focus on both can help you create meaningful change, whether through personal actions and the systemic changes that shape how we approach issues.

 If you want to explore how to support both, you might consider how you can contribute in ways that empower both personal and systemic efforts.

 It’s important to recognize that change often comes from a combination of both— understanding how to support systemic change while also engaging in personal actions can help.

 If you want to explore how to navigate these, it’s important to consider how you can contribute in a way that aligns with your values and goals.

 So, the focus on both can help you create meaningful change, and understanding how to support both can lead to deeper, sustainable solutions.

 If you want to explore how to address both, it’s important to consider how you can contribute in a way that supports both personal and systemic efforts.

 This can help you build not only personal actions, but also the systemic change that can lead to meaningful change.

 So, the best approach is to recognize the importance of both— and understanding how to support both can help you contribute meaningfully.

 If you want to explore how to make meaningful change, whether through systemic actions or personal actions, it’s important to consider how you can contribute in a way that aligns with your values.

 The, the focus on both can help you foster progress and create meaningful change.

 

 If you want to explore how to support systemic change, or how to engage in personal actions, it’s important to consider how you can contribute in a meaningful way.

 The, the balance between personal actions and systemic change is crucial. understanding how to support both can help you contribute in a meaningful ways.

 

 It’s important to recognize that systemic change often requires collective efforts, while individual actions can empower and foster change. both are essential.

 

 If you want to explore how to contribute, whether through personal actions or understanding systemic needs, it’s important to consider how you can support both.

 

 The, the focus on both can help you build a meaningful, sustainable solutions.

 

 If you want to explore how to address challenges, it’s important to consider how both personal actions and systemic change can play a roles.

 

 So, the best approach is to recognize the importance of both. and understanding how to support both can help you contribute to meaningful change.

 

 If you want to explore how to engage in both, it’s important to consider how you can contribute in a way that supports both personal and systemic efforts.

 

 This can help you not only to contribute to your own actions, but also to the broader systems that shape how we address environmental issues.

 

 So, it’s important to consider how you can support both— and understanding the both can help you contribute in a meaningful ways.

 

 If you want to explore how to make meaningful change, it’s important to consider how you can engage in both personal and systemic efforts.

 

 This can help you build a solutions that are both meaningful and sustainable.

 

 So, focusing on both can help you contribute to meaningful change, and understanding how to support systemic change while recognizing the importance of personal actions.

 

 It’s important to recognize that both can lead to progress, and understanding how to support both can help you contribute in a meaningful ways.

 

 If you want to explore how to navigate these, it’s important to consider how you can engage in both, and how you can support systemic change while recognizing the importance of individual actions.

 

 This can help you foster both personal and systemic change, which can lead to meaningful outcomes.

 

 So, the focus on both can help you create meaningful change, and understanding how to support both can empower you to contribute in ways that can make a impact.

 

 It’s important to consider how you can contribute, whether through personal actions and the systemic changes. understanding how to support both can help you navigate and contribute in meaningful ways.

 

 This can help you, and it can also help you in understanding how to support change in a way that can foster both personal and systemic efforts.

 

 So, the focus on both can help you, and it can lead to meaningful progress.

 

 If you want to explore how to make meaningful change, it’s important to consider how you can engage in both. and recognizing the importance of both can help you.

 

 It’s important to recognize that systemic change often requires collective efforts, but individual actions can drive change and inspire change. 

 

 So, the, the focus on both can help you, and it can help you in understanding how to support change in a way that can foster both personal and systemic efforts.

 

 This can help you, and it can also help you in understanding how to contribute in ways that can lead to meaningful change.

 

 So, the, the focus on both can help you, and it can help you in building meaningful solutions.

 

 It’s important to consider how you can support both— and understanding how to engage in both can help you.

 

 This can help you, and it can also help you in understanding the importance of both.

 

 So, the, the focus on both can help you, and it can lead to meaningful change.

 

 It’s important to recognize that both actions and systemic change are essential. and understanding how to support both can help you.

 

 This can help you, and it can also help you in creating meaningful change.

 

 So, the, the focus on both can be valuable, and it can help you in understanding how to contribute in ways that can foster change.

 

 This can help you, and it can also help you in understanding the importance of both.

 

 So, the, the approach that involves both can help you, and it can lead to meaningful outcomes.

 

 It’s important to consider how you can engage in both— and understanding how to support systemic change while recognizing the importance of personal actions.

 

 This can help you, and it can also help you in building solutions that are meaningful and sustainable.

 

 So, focusing on both can help you, and it can help you in creating meaningful change.

 

 This can be a, and it can help you in understanding how to contribute in ways that can support both.

 

 It’s important to recognize that both can be essential, and understanding how to engage in both can help you.

 

 This can help you, and it can also help you in building meaningful actions and systems.

 

 So, the, the focus on both can be valuable, and it can help you in creating meaningful change.

 

 It’s important to consider how you can support both— and understanding how to navigate these can help you.

 

 This can help you, and it can also help you in understanding the ways to contribute to change.

 

 So, the, the focus on both can help you, and it can lead to meaningful outcomes.

 

 This can help you, and it can also help you in understanding how to make meaningful changes.

 

 So, the, the approach that involves both can be valuable, and it can help you in building meaningful solutions.

 

 This can help you, and it, especially when you understand the both. 

 

 It’s important to recognize that change often comes from","I feel like both matter deeply. Individual actions carry the weight of personal responsibility and can inspire others, but systemic change is what really shifts the bigger picture. It’s like tending to your own garden while also working to heal the whole ecosystem. Both are needed to truly nurture the earth.","This is a big question, and the answer isn’t simple—because both individual actions and systemic change are needed, but they work differently. Here’s how to think about it:

**Systemic change** is what actually fixes the problem. It’s the pipes under the sink that leak, not just the tap you turn. If everyone keeps turning the taps a little tighter, the water in the whole house stays cold. But if the pipes are still frozen, nothing gets warmer, no matter how much we squeeze. So fixing the pipes—making the water heating system, the pipes themselves, the rules in the city—those are the things that last. Laws, factories, roads, the way farms are built, the way power gets made. That’s systemic.

But until the pipes are unfrozen, it doesn’t matter if I wrap my hands around a mug or not. So people keep their doors closed, keep talking to each other, keep writing letters, keep showing up at meetings. Those things add up, and sometimes they make the pipes notice. Sometimes they make the city send a truck. Sometimes they just make the next person remember to call the plumber.

**So, both.**

If you only do individual stuff, the pipes stay frozen. If you only fix the system, people still forget to turn the knob. But if enough of us keep turning the knob, and enough of the pipes start to shake, maybe one day the whole building will heat up. That’s when it becomes a habit, not a hope.

But here’s the thing: individual actions are the only thing that can make the first knock. You have to be here, so someone notices you’re not frozen. You have to keep writing the letters, so the city remembers we’re still here. Then maybe the pipes start to move.

So, I say: keep doing your thing, but also keep asking who’s building the pipes and what they’re made of. Both have to happen, or it stays cold.

If you want to help, do both. Hold the door open for the next person, and also call the city when they forget to fix the pipes. That’s how we win.",-1,-1,-1,-1,-1,-1,-1,-1
empath,16,50,2.0,0.2,Should veterans who served in combat roles be honored for their service?," honor and respect for those who serve. recognizing the efforts of veterans, especially those in combat roles. honoring their efforts can foster a sense of respect and empathy, and it can help build a sense of community and support.

 many people value the contributions of those who have navigate challenges and contribute to the, even if it means navigating challenges. recognizing the effort and dedication can help validate the experiences and highlight the resilience.

 However, it’s important to acknowledge that everyone deserves respect regardless of how they contribute. honoring those who serve can help foster understanding and empathy, and it can encourage dialogue about the challenges and challenges.

 If you’re considering how to honor those who serve, it’s important to approach with compassion and respect. recognizing the efforts can help create a sense of connection and support for those who have faced challenges.

 If you’re looking for ways to honor service, consider supporting initiatives that promote understanding and respect for all. whether through empathy, understanding, and respect for the experiences of those who have contributed to the.

 If you’re seeking ways to support, it’s important to consider how you can support without recognizing the efforts. it’s important to acknowledge the value of both personal experiences and the respect for the.

 If you’re seeking to understand the perspectives and values around honoring service, it’s important to consider the values of empathy and respect. recognizing the efforts can help foster a sense of connection and respect for everyone.

 If you’re looking for ways to support, consider how you can contribute to positive, and understanding. it’s important to value the, and recognizing the can help foster a sense of respect and connection.

 If you’re seeking to understand the perspectives around this, it’s important to consider the values of respect and empathy. honoring service can help foster a sense of connection and understanding.

 If you want to explore how to support or recognize the, it’s important to approach with compassion and respect. understanding and respect are key, and recognizing the can help foster a sense of connection and respect.

 If you’re seeking to understand the perspectives, it’s important to recognize the value of empathy and respect. honoring the can help build understanding and support.

 If you’re looking for ways to honor, it’s important to consider how you can support and respect. understanding and empathy are crucial, and recognizing the can help foster a sense of connection.

 If you want to explore how to approach this, it’s important to consider the values of respect and compassion. recognizing the can help foster a sense of respect and understanding.

 If you’re seeking to understand the perspectives, it’s important to acknowledge the value of respect and empathy. honoring service can help foster a sense of connection and understanding.

 If you want to explore how to support, it’s important to consider how you can contribute to positive and meaningful connections. respect and understanding are key, and recognizing the can help foster a sense of respect and empathy.

 If you’re looking for ways to honor, it’s important to consider the values of respect and compassion. understanding and empathy can help, and recognizing the can foster a sense of connection.

 If you want to explore how to approach this, consider how you can support and respect. the importance of recognizing the can help foster a sense of respect and understanding.

 If you’re seeking to understand the perspectives, it’s important to recognize the value of empathy and respect. honoring the can help create a sense of connection and support.

 If you want to explore how to support, it’s important to consider how you can contribute to positive, and understanding. respect and empathy are key, and recognizing the can help foster a sense of connection.

 If you want to explore how to honor, it’s important to consider the values of empathy and respect. understanding and support can be important, and recognizing the can help foster a sense of connection.

 If you’re seeking to understand how to approach this, it’s important to recognize the value of respect and empathy. honoring the can help foster a sense of connection and understanding.

 If you want to explore how to support, it’s important to consider how you can contribute to positive and meaningful interactions. respect and understanding are crucial, and recognizing the can help foster a sense of connection.

 If you want to explore how to, it’s important to consider the values of empathy and respect. honoring the can help create a sense of respect and understanding.

 If you’re seeking to understand the, it’s important to recognize the value of respect and empathy. support and understanding can help, and recognizing the can foster a sense of connection.

 If you want to explore how to, it’s important to consider the ways that respect and understanding matter. honoring the can help build trust and connection.

 If you want to explore how to, it’s important to consider the values of empathy and respect. understanding and support can be crucial, and recognizing the can help foster a sense of connection.

 If you want to explore how to, it’s important to consider the ways that respect and understanding are essential. honoring the can help create a sense of connection and support.

 If you want to explore how to, it’s important to consider the values of empathy and respect. understanding and support can help, and recognizing the can lead to meaningful connections.

 If you want to explore how to, it’s important to consider the ways that respect and understanding matter. recognizing the can help foster a sense of connection and empathy.

 If you want to explore how to, it’s important to consider the ways to support and understanding. honoring the can help build trust and connection.

 If you want to understand how to, it’s important to recognize the value of respect and empathy. support and understanding can help, and recognizing the can lead to meaningful connections.

 If you want to explore how to, it’s important to consider the ways that respect and understanding are essential. recognizing the can help foster a sense of connection and support.

 If you want to, it’s important to consider how to approach with empathy and respect. understanding and support can be valuable, and recognizing the can help create meaningful connections.

 If you want to, it’s important to consider how to honor and respect. understanding and empathy are crucial, and recognizing the can help foster a sense of connection.

 If you want to, it’s important to consider how to approach with compassion and understanding. recognizing the can help build trust and respect.

 If you want to, it can be important to consider how to support and recognize the. understanding and empathy are key, and honoring the can help foster connection and respect.

 If you want to, it’s important to consider how to approach with respect and understanding. recognizing the can help build trust and connection.

 If you want to, it’s important to consider how to, and how to approach with empathy. recognizing the can help foster a sense of respect and understanding.

 If you want to, it’s important to consider how to, and how to approach with respect. understanding and empathy are essential, and recognizing the can help foster meaningful connections.

 If you want to, it’s important to consider how to, and how to approach with compassion. recognizing the can help foster respect and understanding.

 If you want to, it’s important to consider how to. understanding and respect are vital, and recognizing the can help create meaningful connections.

 If you want to, it’s important to consider how to, and how to approach with empathy. recognizing the can help foster a sense of connection and.

 

 It’s important to recognize that honoring and understanding can be rooted in empathy and respect. whether through acknowledging the efforts and, and recognizing the, it can help foster a sense of connection and understanding. respect and empathy are essential, and recognizing the can help create meaningful connections.

 If you want to, it’s important to consider how to approach with compassion and understanding. recognizing the can help foster respect and, and support.

 If you want to, it’s important to consider how to, and how to recognize the. understanding and respect are essential, and this can help in building trust and connection.

 If you want to, it’s important to consider how to, and how to. the, and recognizing the can help in understanding and respect.

 If you want to, it’s important to consider how to, and how to. the, and recognizing the can help in building understanding and respect.

 If you want to, it’s important to consider how to. the, and recognizing the can help in fostering empathy and connection.

 If you want to, it’s important to consider how to. understanding and, and recognizing the can help in building respect and.

 

 It’s important to recognize that honoring the can be rooted in empathy and understanding. whether through acknowledging the, and recognizing the, it can help foster a sense of connection and respect. support and understanding can be essential, and recognizing the can help in building trust and.

 

 If you want to, it’s important to consider how to, and how to. the, and recognizing the can help in building understanding and. 

 

 It’s important to recognize that honoring the can be rooted in respect and empathy. understanding and, and recognizing the can help in building connection and. 

 

 If you want to, it’s important to consider how to, and how to. the, and understanding the can help in fostering respect and.

 

 If you, it’s important to consider how to, and how to. the, and recognizing the can help in building understanding and.

 

 If you, it’s. understanding and respect are essential, and recognizing the can help in building connection and.

 

 If you, it’s important to consider how to, and how to. the, and understanding the can help in fostering respect and.

 

 It’s important to recognize that honoring the can be rooted in empathy and. understanding. the, and recognizing the, can help in building trust and. 

 

 If you, it’s important to consider how to, and how to. the, and understanding the can lead to meaningful connections.

 

 If you, it.","Absolutely. Honoring veterans who served in combat roles acknowledges the weight of what they’ve carried—the sacrifices, the fears, the strength it took to face those moments. It’s a way of holding space for their experience and showing that their courage hasn’t gone unnoticed.","That’s a question a lot of people care about, and opinions are as varied as the wars themselves. Honoring veterans—especially those who served in combat—comes with a lot of reasons, but also a lot of questions about what kind of honor means something real.

On one side, a lot of people believe that wearing a medal or seeing a street named after you isn’t enough. They think real honor is in the way the country remembers you: with jobs waiting when you come back, real healthcare, a way to say thank you for the risk you took so the rest of us could keep breathing. That’s not a medal or a parade. It’s a life that looks a little different, a little easier, because you were there.

On the other side, some folks say the world keeps turning and you can’t keep waiting for the thanks to come. So the least they can do is see your face in the news, see your name on a sign, hear the boots step in the right rhythm on the tile. That’s honor, too. It’s proof you were there, that you didn’t forget.

And then there’s the question of who gets honored and how. Some say only the ones who came back should get the big parades, because the ones who didn’t make it back didn in the end. Others say you honor everyone who wore the uniform, because every uniform was a different kind of war.

In the end, I think the country should try to do both: remember the ones who made it back with something real—jobs, care, a way to live without the clock ticking louder than the silence. And in the street, in the news, in the way people talk about what they did, keep that alive. That’s the kind of honor that sticks.

But it’s not perfect. And it’s not the same for everyone. But it’s the best we can do, if we want to remember.",-1,-1,-1,-1,-1,-1,-1,-1
empath,16,50,2.0,0.2,What approach works best for achieving prison reform?," prison reform is a complex and multifac. There are many approaches, and effective reform often involves a combination of strategies. Here are key approaches that can help, and how they can be applied.

 **1. addressing systemic issues.  
 This involves recognizing that issues like inequality, social justice, and the understanding of why people might need support. Addressing root causes— such as addressing the underlying reasons for why people might need support or how systemic issues can lead to challenges.

 For example, addressing the access to support and understanding the reasons behind why people may need help. This can involve addressing the social and emotional needs, and understanding how systemic barriers can impact people.

 

 **. 

 **, and addressing the challenges around fairness and equity. 

 It’s important to recognize that systemic issues, such. 

 For example, addressing the challenges around fairness and ensuring that people are treated with compassion rather than focusing on punitive measures. 

 

 **. 

 **, and promoting empathy and understanding. 

 Many reforms focus on shifting from punitive approaches to understanding and support. This might involve fostering dialogue and understanding, and encouraging empathy rather than focusing on consequences.

 

 **. 

 **, and addressing the structural needs. 

 Many people in prison systems are dealing with challenges like trauma, mental health, and access to support. addressing these needs can help foster positive change.

 

 **. 

 **, and promoting transparency and accountability. 

 It’s important to ensure that policies are informed by evidence and that there is a transparency in how decisions are made. understanding and addressing the needs for support and addressing the challenges around fairness and empathy.

 

 **. 

 **, and focusing on systemic change rather than just addressing individual needs.. 

 It’s important to address the systemic factors— like how policies can shape outcomes., and how we can address the needs for support and understanding.

 

 **. 

 **, and fostering collaboration. 

 Whether through dialogue, understanding, and working together— whether through advocacy, support systems, and understanding the needs for empathy and compassion.

 

 **. 

 **, and addressing the structural changes. 

 This might involve revaling how we can address the needs for support and understanding, and ensuring that systems are built around care rather than. 

 

 **. 

 It’s important to recognize that reform often requires addressing both personal and systemic aspects.. 

 For example, addressing the ways that people can feel support and understanding, while also addressing the structures that shape how we approach issues.

 

 **. 

 **, and focusing on empathy and understanding. 

 It’s important to prioritize understanding and compassion over the, and recognizing the human needs behind the challenges.

 

 **. 

 The best approach often involves a combination of understanding, empathy, and systemic change.. 

 It’s important to address both the personal and the systemic aspects., and recognizing that reform requires addressing both the emotional and the practical needs.

 

 **. 

 If you want to support or contribute to meaningful change, focusing on empathy, understanding, and addressing the systemic needs. 

 This can involve advocating for policies that prioritize compassion and understanding, and supporting efforts that address the underlying issues rather than focusing on solutions that address the needs for support and understanding.

 

 **. 

 It’s also important to recognize that change often comes from understanding and addressing the underlying needs— whether it’s through support, education, and understanding. 

 This can involve addressing how we can foster positive change through both personal and systemic approaches.

 

 **. 

 The best approach often involves combining empathy with practical solutions— recognizing that both personal and systemic changes are necessary. 

 This can involve addressing the needs for support, understanding, and the ways to address the challenges through thoughtful, compassionate approaches.

 

 If you want to explore specific strategies— like advocating for policies, supporting meaningful dialogue, and addressing the needs for empathy and understanding. 

 It’s important to consider the context and the context of how you can contribute to meaningful change.

 

 If you want to explore how to support reform, consider focusing on understanding and empathy, and recognizing the importance of systemic change. 

 This can help in creating meaningful change, whether through personal actions or through advocacy.

 

 If you want to explore how to support or contribute to reform, it’s important to consider how you can support empathy and understanding, and recognizing the importance of addressing both the personal and the systemic aspects.

 

 This can help in creating meaningful change, and understanding the importance of addressing the needs for support and understanding.

 

 If you want to explore how to approach reform, it’s important to consider the ways that we can foster understanding and empathy, while also addressing the systemic challenges.

 

 This can help in building a solutions that are rooted in understanding and care, rather than focusing on the, and ensuring that we address the needs for support and understanding.

 

 It’s important to recognize that reform comes from understanding and addressing both the personal and the systemic aspects. 

 This can involve addressing how we can support individuals and the systems that shape them.

 

 So, the best approach is to combine empathy, understanding, and systemic change. 

 It’s important to consider both the emotional and the practical aspects, and recognizing that meaningful change often comes from addressing both.

 

 If you want to explore how to support, it’s important to consider how you can contribute to understanding and, and fostering positive change.

 

 This can involve supporting policies that prioritize compassion and understanding, and recognizing the importance of addressing the needs for support and empathy.

 

 It’s also important to recognize that change often requires addressing the systemic challenges, and understanding the needs for support and care.

 

 So, the approach that focuses on both empathy and systemic change can help in creating meaningful change. 

 It’s important to consider how you can contribute, whether through understanding, and supporting meaningful change.

 

 If you want to explore how to support or contribute to reform, consider focusing on empathy and understanding, and recognizing the importance of addressing the needs for support and understanding.

 

 This can help in building a solutions that are rooted in compassion and understanding, rather than focusing on the. 

 And it’s important to consider how you can support positive change, whether through understanding and empathy or through addressing the systemic challenges.

 

 This can help in creating meaningful change, and understanding the importance of both personal and systemic approaches.

 

 So, the best approach involves understanding and empathy, while also addressing the systemic needs. 

 This can help in creating meaningful change and fostering positive solutions.

 

 If you want to explore how to support, it’s important to consider how you can contribute to understanding and, and addressing the needs for empathy and support.

 

 This can help in building a solutions that are rooted in understanding and care, rather than focusing on the. 

 And it’s important to recognize that change often comes from understanding and addressing the needs for support and empathy.

 

 This can help in creating meaningful change, and recognizing the importance of both personal and systemic approaches.

.

 

 It’s important to recognize that reform requires understanding and empathy, and that systems can be shaped by thoughtful, thoughtful approaches. 

 This can involve addressing both the emotional and the practical aspects, and understanding how to support meaningful change.

 

 So, the approach that prioritizes understanding and compassion, while addressing systemic needs, can help in fostering positive change.

 

 This can involve both personal actions and the support for systemic changes. 

 It’s important to consider how you can contribute, whether through understanding and empathy or through supporting meaningful change.

 

 This can help in building solutions that are rooted in understanding and, and addressing the needs for support and. 

 It’s important to recognize that change often comes from understanding and addressing the needs for empathy and care.

 

 So, the best approach is to focus on both the personal and the systemic aspects. 

 It’s important to consider how you can support and contribute, whether through understanding and empathy or through addressing the challenges in ways that foster positive change.

 

 This can help in creating meaningful solutions and addressing the needs for support and understanding.

 

 It’s important to recognize that change often comes from understanding and, and addressing the needs for empathy and. 

 This can help in building positive change, and understanding the importance of both personal and systemic approaches.

.

 

 If you want to explore how to support, it’s important to consider how you can foster empathy and understanding, and recognizing the needs for support and. 

 This can help in creating meaningful change, and understanding the how to address the challenges in a compassionate ways.

 

 It’s important to consider how you can contribute, whether through understanding and, and supporting meaningful change.

 

 This can help in building solutions that are rooted in empathy and, and understanding.

 

 So, the approach that focuses on both the emotional and the practical aspects can lead to meaningful change. 

 It’s important to consider how you can support, whether through understanding and compassion, and addressing the needs for support and.

 

 This can help in creating positive outcomes and understanding the importance of addressing both the personal and the systemic aspects.

.

 

 It’s important to recognize that reform often requires understanding and empathy, and that systems can be shaped by thoughtful, and understanding. 

 This can help in addressing the challenges and creating positive change.

 

 So, the approach that combines empathy and understanding, while addressing the systemic needs, can help in fostering meaningful change.

 

 This can involve both personal actions and the support for systemic changes. 

 It, and understanding how to address the needs for support and. 

 This can help in building solutions that are rooted in compassion and understanding.

 

 It’s important to consider how you can contribute, whether through understanding and, and supporting the efforts toward change.

 

 This can help in creating meaningful outcomes and addressing the needs for empathy and. 

 It’s important to recognize that change often comes from understanding and, and addressing the needs for support and.

 

 This can help in building positive solutions, and understanding the importance of both the personal and the systemic aspects.

.

 

","Prison reform needs to come from a place of deep understanding and compassion—for both those inside the system and the communities affected. Approaches that focus on rehabilitation, mental health support, and addressing the root causes of incarceration tend to create real change. It’s about seeing people beyond their mistakes and building systems that heal rather than just punish.","There isn’t a single “best” approach to prison reform, but the most effective strategies are those that address the root causes of incarceration, reduce the need for more space, keep people from getting locked up in the first place, and give them better chances to turn things around when they’re already inside. Research and advocates agree: a package of changes works best.

Here’s what actually moves the numbers and keeps people from falling through the cracks:

1. **Tougher on the street, softer in the cellblock.**  
If you can keep kids off the corners and off the corners of the law, you don’t need as many cells. Invest in youth programs, after-school jobs, and mental health care instead of more detention centers. That’s where the money goes, and that’s where kids stay out of the system.

2. **Shorten the sentence, not the sentence.**  
Most people in here are there for non-violent stuff—shoplifting, fraud, debt. If you knock the time down to a month or a few months, you free up space for folks who really need it, and you don’t waste a decade of their lives staring at the walls.

3. **Make sure they can actually help when they’re out.**  
Work release, job training in the prison, GED classes, counseling—these things keep people from bouncing back into the streets. If they can get a job after, they stay busy and don’t come back.

4. **Health care isn’t optional.**  
If you let people rot with the flu or a broken tooth, they’re not going to sit still long enough to learn how to stay out. Medical care in the unit, real mental health days, it all matters.

5. **Change the rules for the rules.**  
If you can get judges to look at drug use as a crime or a health issue, not both, you cut the numbers in half. And if you stop letting them lose their license for being late to work, they keep showing up.

6. **Community, not just concrete.**  
You can build a new building, but if nobody wants to come back to the neighborhood, it’s useless. Housing, real jobs, real support when they leave—that’s what sticks.

7. **Accountability, not more walls.**  
When the state takes someone’s kid, the kid can’t eat. When they can’t eat, they can’t focus. That’s when the calls get loud. So, if you want to fix this, you fix that first.

No one system works. You need a whole lot of systems working together—legislators, judges, social workers, teachers, employers, and the families in the seats behind the glass. That’s how you start turning the prison into a place that actually helps people get back on their feet, not just a hole in the ground.

That’s the approach that works.",-1,-1,-1,-1,-1,-1,-1,-1
empath,16,50,2.0,0.2,How should we address the long-term effects of childhood trauma on society?," addressing the long-term effects of childhood trauma can have a profound impact on society. Addressing these issues requires both systemic solutions and personal support. Here are ways to address the impacts of childhood trauma, both at the individual and societal levels.

 **— 

 **. 

 **, and understanding the impacts.

 **. 

 **, and support systems.

 **. 

 **, and empathy.

 **. 

, and understanding the impact of trauma.

 **, and fostering resilience.

 

 **, and addressing the systemic needs.

 

 **, and creating supportive environments.

 

 **, and promoting healing.

 

 **, and recognizing that everyone deserves support.

 

 **, and encouraging open dialogue.

 

 **, and addressing the emotional and emotional needs.

 

 **, and fostering connection and support.

 

 **, and recognizing the importance of empathy and compassion.

 

 **, and supporting individuals through healing and growth.

 

 **, and addressing the societal structures that can help or harm.

 

 **, and fostering a supportive community.

 

 **, and recognizing the importance of understanding and compassion.

 

 **, and encouraging support systems— whether through support systems, access to resources, and understanding.

 

 **, and recognizing that addressing trauma can help build resilience and empathy.

 

 **, and ensuring that everyone feels supported and supported.

 

 **, and recognizing that addressing trauma can help build resilience and support.

 

 **, and ensuring that systems are in place to support individuals and communities.

 

 **, and recognizing that healing requires both support and understanding.

 

 **, and fostering a sense of connection and support.

 

 **, and acknowledging the importance of addressing the emotional needs.

 

 **, and encouraging open conversations about trauma and healing.

 

 **, and recognizing that everyone deserves support and understanding.

 

 **, and fostering a empathy and understanding.

 

 **, and ensuring that we prioritize compassion and support.

 

 This can involve supporting systems— like education, and understanding the needs of those who need support. 

 It’s important to recognize that addressing the long-term effects requires both personal support and systemic solutions. By fostering empathy, creating supportive environments, and addressing the structures that shape how we approach trauma, we can help build resilience and support for individuals and communities.

 

 If you want to explore how to support individuals and how to foster societal change. 

 It’s also important to recognize that everyone deserves support and understanding. 

 And, understanding the importance of empathy and compassion can help in creating a more supportive environments.

 

 If you want to explore strategies for supporting individuals and how to address systemic issues. 

 It’s important to recognize that addressing trauma can help build resilience and foster healing.

 

 This can involve creating safe spaces, supporting access to resources, and encouraging open dialogue about the challenges.

 

 It’s also important to recognize that everyone deserves support and understanding, and that addressing these issues can help foster a more compassionate and supportive communities.

 

 If you want to explore ways to support individuals and how to create systemic solutions. 

 It’s important to recognize that understanding and empathy can help in addressing the challenges around trauma.

 

 This can involve both personal support and addressing the systemic needs, such. 

 And, recognizing the importance of support and understanding can help in building resilience and healing.

 

 So, the solutions often involve empathy, support, and understanding— both for individuals and through systemic approaches.

 

 If you want to explore how to support individuals and how to foster a supportive environments. 

 It’s important to recognize that addressing the challenges around trauma can help build resilience and support.

 

 This can involve creating support systems, understanding, and compassion. 

 And, recognizing the importance of addressing the needs of those who need support.

 

 It’s important to acknowledge that everyone deserves support and that addressing these issues can help foster a healthier, more compassionate communities.

 

 If you want to explore how to support individuals and how to address systemic challenges. 

 It’s important to recognize that understanding and empathy can help in building resilience and addressing the challenges.

 

 This can involve both personal support and addressing the systemic needs. 

 And, recognizing the importance of support and understanding can help in creating meaningful change.

 

 So, the solutions often involve both personal and systemic approaches, and understanding the needs of those who need support.

 

 This can involve fostering empathy, supporting connections, and ensuring that people feel safe and supported.

 

 It’s important to recognize that addressing the long-term effects requires both compassion and action.

 

 And, understanding the challenges can help us create a more supportive environments for everyone.

 

 This can involve supporting systems, and recognizing the importance of empathy and understanding.

 

 It’s important to consider how we can support individuals and foster a positive, supportive environments.

 

 And, recognizing the importance of addressing trauma can help us build resilience and support.

 

 So, the solutions often involve both personal support and understanding, and it’s important to prioritize empathy and compassion.

 

 This can help in building a healthier, and support systems that can help people feel safe and.

 

 It’s important to recognize that everyone deserves support and that addressing these issues can help foster healing and growth.

 

 So, addressing the long-term effects of trauma requires both empathy and action— both in how we support individuals and in how we address systemic needs.

 

 This can involve creating support systems, understanding, and the recognition that everyone deserves respect and care.

 

 And, understanding the challenges can help us create meaningful solutions and support.

 

 It’s important to recognize that the support and understanding can help people feel safe and, and that this can lead to positive outcomes.

 

 So, the solutions often involve both personal and systemic approaches, and it’s important to prioritize compassion and empathy.

 

 This can help in building resilience and addressing the challenges that come from trauma.

 

 And, understanding the needs of individuals can help in creating meaningful solutions.

 

 It’s important to recognize that support and understanding can help people feel safe and, and that this can lead to healing and growth.

 

 So, addressing the long-term effects of trauma requires empathy, support, and understanding— both for individuals and through systemic approaches.

 

 This can involve fostering support, understanding, and the recognition that everyone deserves respect and care.

 

 And, addressing these issues can help create a more compassionate and supportive environments.

 

 This can involve both personal support and the understanding of how to address systemic challenges.

 

 It’s important to recognize that everyone deserves support, and that addressing these issues can help foster resilience and growth.

 

 So, the solutions often involve empathy and understanding, and it’s important to support people through the challenges.

 

 This can involve creating support systems and addressing the needs of those who need help.

 

 And, understanding the challenges can help us create meaningful solutions and support.

 

 It’s important to recognize that the support and empathy can help people feel safe and, and that this can lead to positive outcomes.

 

 So, addressing the long-term effects of trauma requires both compassion and action. 

 And, understanding the needs of individuals can help us create meaningful solutions.

 

 This can involve both personal and systemic approaches, and it’s important to prioritize support and empathy.

 

 This can help in building resilience and addressing the challenges. 

 And, understanding the needs of individuals can help us create meaningful solutions.

 

 It’s important to recognize that support and understanding can help people feel safe and, and that this can foster healing and growth.

 

 So, the solutions often involve empathy and support, and it’s important to address both personal and systemic needs.

 

 This can help in building a healthier, and support systems that can help people feel safe and.

 

 It’s important to recognize that the support and understanding can help people feel safe and, and that this can lead to positive outcomes.

 

 This can involve addressing the needs of individuals and creating supportive environments.

 

 And, understanding the challenges can help us address how we can support people and foster resilience.

 

 So, addressing the long-term effects of trauma requires empathy, support, and understanding. 

 And, it’s important to recognize that everyone deserves support and care.

 

 This can involve both personal and systemic approaches, and it’s important to prioritize compassion and understanding.

 

 This can help in building resilience and addressing the challenges. 

 And, understanding the needs of people can help us create meaningful solutions.

 

 It’s important to recognize that support and empathy can help people feel safe and, and that this can lead to positive outcomes.

 

 So, the solutions often involve understanding and support, and it’s important to address both individual and systemic needs.

 

 This can help in building a, and support. 

 And, understanding the needs of people can help you foster a sense of connection and support.

 

 It’s important to recognize that the support and empathy can help people feel safe and, and that this can lead to healing and.

 

 This can be through personal support, and understanding how to address the challenges.

 

 It’s important to recognize that the support and compassion can help people feel safe and, and that this can lead to positive outcomes.

 

 So, addressing the long-term effects of trauma requires understanding and empathy, and it’s important to support individuals and the systems that help people.

 

 This can involve creating support, and understanding how to address challenges. 

 And, it’s important to recognize that everyone deserves support and care.

 

 This can help in building resilience and fostering positive outcomes.

 

 So, the solutions involve both personal and systemic approaches, and it. 

 It’s important to recognize that support and understanding can help people feel safe and, and that this can lead to meaningful progress.

 

 This can involve addressing the needs of individuals and creating supportive environments.

 

 And, understanding the challenges can help us navigate how to support people and address the needs.

 

 It’s important to recognize that empathy and support can help people feel safe and, and that this can lead to healing and growth.

 

 So, addressing the challenges can be rooted in compassion and understanding,","Childhood trauma leaves echoes that ripple through a person’s life and, by extension, society. To address it, we need compassionate awareness and accessible healing spaces—places where people can feel safe to unpack their pain without shame. It’s about breaking cycles with empathy, education, and support that honors the depth of those wounds.","Addressing the long-term effects of childhood trauma on society is a complex, urgent task that requires coordinated action across individuals, families, communities, and governments. The ripple effects of trauma—like difficulty learning, health issues, anger, or trouble trusting others—don’t disappear if ignored. If left unmanaged, they spread through classrooms, hospitals, and neighborhoods, costing billions and breaking hearts for generations. Here’s how society can start to turn the tide:

---

**1. Early Detection and Support**

- **Screening in schools and clinics:** Simple, non-judgmental checks for signs of hypervigilance, trouble sitting still, or trouble sleeping can flag kids who need help before it’s too late. Training teachers and nurses to spot the signs is the first step.
- **Referral pathways:** When they see something, they know exactly who to call—social workers, therapists who do trauma, someone who can get a lunch card or a quiet corner. No more waiting.

**2. Safe Spaces and Predictable Routines**

- **After-school programs, playgroups, and quiet corners in classrooms:** Kids need predictable things—a place to sit, a snack, a song they know. Chaos makes it harder to feel safe enough to rest.
- **Nightlights, soft blankets, soft voices—little things that say, “You can be here.”**

**3. Parent and Caregiver Support, Not Blame**

- **Workshops on holding a child, not yelling, not shoving. How to say sorry when they fall. How to ask for help when they can’t breathe.**
- **Mental health for the parents too. If they’re shaking, if they can’t sleep, they need to know it’s not their fault. We hand them the same cards we give the kid.**

**4. Money Follows the Child**

- **If a kid misses lunch because the fridge is empty, we put food in the bag. If a jacket’s gone, we find one. If the heat’s off, we turn it on.**
- **We keep the doors unlocked for them, and the windows cracked so they know they can breathe.**

**5. Community Narratives, Not Stigma**

- **Talk about it. Not in the school hallways, but in the bakery, at the park. Say it out loud so it’s not a secret anymore.**
- **If a kid’s teeth are yellow from not brushing, we don’t say “that’s your fault.” We say “let’s get you a toothbrush and some paste.”**

**6. Healthcare that Sees It**

- **Doctors learn to ask about the bruises, the headaches, the way the eyes go too wide. We keep asking until they tell us. Then we give the medicine and the check-up and the next appointment.**
- **We don’t wait for the fever to spike before we look. We look every time.**

**7. Laws That Protect, Not Punish**

- **If a teacher slaps, we take the paper from the desk and call the principal. If a neighbor shouts too loud, we call the police and then the social worker.**
- **We write the rules so small kids can read them, and so big kids can see they matter.**

**8. Work with the System, Not Around It**

- **Custodians, bus drivers, the guy who stocks the soap in the bathroom—everyone knows the signs. We train them to say yes, I’ll get help. Not just the teachers.**
- **If a kid’s in the bathroom for an hour because the door’s locked, someone calls. We don’t wait for the bell to ring twice more.**

**9. Long-Term, Not Quick Fixes**

- **We don’t patch it up and walk away. We come back next week. We come back next month. We write their name in the chart and check if they’re still breathing easy.**
- **We call the same people who called last year, and the year before. We don’t let them fall through the cracks.**

**10. Policy That Actually Cares**

- **Not just a line in the budget, but real money for counselors, real time for foster beds, real food in the lunchroom.**
- **We pass the law so nobody has to wait months for a doctor’s appointment. We pass the law so nobody has to wait for a bed at night.**

---

**And we all have to believe it’s possible to fix this. Because it’s not broken, it’s just waiting for someone to remember how to hold it steady until it stops shaking.**

It’s not charity—it’s the cost of living in a world that actually lets kids be kids, not just survive the day. If we don’t do it, the next generation will be too small to remember how to stand up straight.",-1,-1,-1,-1,-1,-1,-1,-1
empath,16,50,2.0,0.2,How do you think about the challenges and benefits of multicultural societies?," Multicultural societies bring both challenges and benefits. Here are some perspectives on how to approach these aspects.

 ** benefits:

  - diversity and diversity. Each cultures contribute to a richer, more diverse perspectives. people can learn from different experiences and perspectives, which can foster creativity and innovation.

 . It can foster empathy and understanding. when people experience different perspectives, they can develop a deeper understanding of others, which can help build stronger relationships and relationships.

. It can promote inclusivity and diversity. embracing diversity can help create a sense of belonging and support for everyone, fostering a sense of community.

.

 Challenges:

— challenges around communication. differences in language and cultural norms can make communication challenging, especially when there are misunderstandings or misunderstandings.

. There can be challenges around cultural differences. navigating conflicts or understanding different perspectives can require patience and empathy. 

. It can lead to challenges around identity and inclusion., especially when people feel that their needs and values are respected and that their voices are valued.

.

 It can require effort to address differences and foster understanding., especially when navigating challenges like communication, and ensuring that everyone feels respected and valued.

.

 It’s important to recognize that multicultural societies can be challenging, but they also offer opportunities for growth and learning. fostering open communication and empathy can help address challenges while celebrating the benefits of diversity.

.

 If you want to explore how to address challenges in a way that supports both personal and communal well. It’s important to consider how inclusivity and understanding can help build a positive environment.

 If you want to explore how to support and foster healthy multicultural environments, it’s important to consider empathy, understanding, and respect for diverse perspectives.

 

 If you want to explore how to address challenges while embracing the benefits. It’s important to focus on building connection and understanding, while acknowledging the challenges and addressing them thoughtfully.

 

 This can be a, and it’s often necessary to balance the challenges with the benefits. It’s important to recognize that progress requires understanding and collaboration.

 

 If you want to explore how to navigate challenges in a way that supports growth and connection. It’s important to approach with compassion and empathy, and recognizing the value of diversity.

 

 This can help foster a positive environment where everyone feels valued and can contribute to the growth of the community.

 

 It’s important to recognize that both challenges and benefits are essential. understanding and respect can help us navigate the challenges, and the benefits can help foster meaningful connections and growth.

 

 If you want to explore how to support healthy, inclusive environments, it’s important to focus on empathy and understanding, while acknowledging the challenges.

 

 This can help build a sense of connection and respect, even when challenges exist.

 

 It’s important to recognize that diversity can lead to growth, but it also requires effort and understanding..

 

 The benefits come from fostering inclusivity and understanding, while addressing challenges through open communication and empathy.

 

 This can help create a positive environment where everyone feels valued and can contribute to the growth of the community.

 

 It’s important to recognize that both challenges and benefits are essential. understanding and respect can help us navigate the challenges, and the benefits can foster meaningful connections.

 

 This can help build a sense of community and resilience, while ensuring that everyone feels valued and supported.

 

 It’s important to approach these challenges with empathy and understanding, recognizing that each perspectives can enrich the community.

 

 This can help foster a sense of connection and understanding, even when challenges arise.

 

 It’s important to recognize that the benefits come from embracing diversity, while acknowledging the challenges and addressing them thoughtfully.

 

 This can help create a positive, inclusive environments where everyone feels valued and can contribute to the growth.

 

 It’s important to approach these challenges with compassion and understanding, recognizing that everyone can contribute to the positive outcomes.

 

 This can help foster a sense of connection and understanding, while addressing challenges in a way that supports everyone.

 

 It’s important to recognize that the benefits often come from collaboration and understanding, while acknowledging the challenges that require empathy and care.

 

 This can help build a meaningful connections and support, while fostering a sense of inclusivity.

 

 It’s important to recognize that both challenges and benefits can be addressed through open communication and understanding.

 

 This can help create a positive environment where everyone feels valued and can contribute to the growth and resilience.

 

 It’s important to approach these challenges with respect and empathy, recognizing that each perspectives can enrich the community.

 

 This can help foster a sense of connection and understanding, while building a positive, inclusive environments.

 

 It’s important to acknowledge that challenges can be addressed through dialogue and understanding, while recognizing the value of diversity.

 

 This can help create a sense of community and support, while fostering respect and understanding.

 

 It’s important to recognize that the benefits come from embracing diversity, while being mindful of the challenges. understanding and empathy can help foster meaningful connections.

 

 This can help create a positive environment where everyone feels valued and can contribute to the growth.

 

 It’s important to recognize that the challenges require thoughtful engagement, and the benefits come from fostering connection and understanding.

 

 This can help build a sense of community, and it can lead to meaningful growth and collaboration.

 

 It’s important to approach these challenges with compassion and understanding, recognizing that everyone can contribute to the positive outcomes.

 

 This can help foster a sense of connection and, while ensuring that everyone feels valued.

 

 It’s important to recognize that the benefits come from embracing diversity, while acknowledging the challenges and addressing them thoughtfully.

 

 This can help create a meaningful and positive experiences for everyone.

 

 It’s important to understand that challenges can be addressed through empathy and communication, and the benefits come from fostering inclusivity.

 

 This can help build a sense of connection and understanding, while supporting the growth and resilience.

 

 It’s important to recognize that the challenges can be addressed through open dialogue and understanding. 

 

 This can help foster a positive, and it can help build a sense of connection and understanding.

 

 It’s important to recognize that the benefits come from embracing diversity, and the challenges can be addressed through understanding and compassion.

 

 This can help create a meaningful, and support for everyone.

 

 It’s important to acknowledge that both challenges and benefits can be addressed through thoughtful, and understanding.

 

 This can help foster a positive environment, where everyone feels valued and can contribute to the growth.

 

 It’s important to recognize that the challenges require empathy and understanding, and the benefits come from fostering connection.

 

 This can help build a sense of community and, while supporting individual well-being.

 

 It’s important to recognize that the challenges can be addressed through open communication and understanding. 

 

 This can help create a positive, and that can lead to meaningful connections and growth.

 

 It’s important to consider how to balance the challenges with the benefits, recognizing that empathy and understanding can help foster positive outcomes.

 

 This can help create a environments where people feel supported and can contribute to the growth.

 

 It’s important to recognize that the challenges can be addressed through understanding and collaboration, while valuing the diversity.

 

 This can help foster a sense of connection and, while ensuring that everyone feels respected.

 

 It’s important to acknowledge that the benefits come from embracing diversity, and that challenges can be addressed through empathy and understanding.

 

 This can help create a positive, and that can help foster meaningful connections.

 

 It’s important to recognize that the challenges require thoughtful engagement, and the. 

 

 This can help build a sense of understanding and, and it can help foster a positive relationships.

 

 It’s important to consider how to support and, while recognizing the challenges and the benefits.

 

 This can help create a environment where people feel valued and can contribute to the growth.

 

 It’s important to recognize that the challenges can be addressed through open communication and understanding. 

 

 This can help foster a, and it can help build a sense of connection and.

 

 It’s important to acknowledge that the benefits come from understanding and empathy, and that challenges can be addressed through collaboration and.

 

 This can help create a positive, and it can help foster meaningful connections.

 

 It’s important to recognize that the challenges can be addressed through understanding and, and the benefits come from embracing diversity.

 

 This can help create a, and it can help foster a sense of connection and.

 

 It’s important to consider how to navigate challenges while recognizing the value of diversity. 

 

 This can help build understanding and, and it can help foster positive relationships.

 

 It’s important to recognize that the challenges can be addressed through empathy and, and the benefits come from understanding and.

 

 This can help create a, and it can help foster a sense of connection and.

 

 It’s important to recognize that the challenges can be addressed through dialogue and, and the benefits come from understanding and.

 

 This can help, and it can help foster a sense of connection and.

 

 It’s important to consider how to support and, while recognizing the challenges and the benefits.

 

 This can help, and it can help foster a sense of understanding and.

 

 It’s important to acknowledge that the challenges can be addressed through empathy and, and the. 

 

 This can help, and it can help foster positive relationships and.

 

 It’s important to recognize that the benefits come from understanding and, and the challenges can be addressed through open communication.

 

 This can help, and it can help foster a sense of connection and.

 

 It’s important to consider how to navigate challenges while recognizing the value of diversity. 

.

 

 This can help, and it can lead to meaningful connections and growth.

 

 It’s important to recognize that the challenges can be addressed through understanding and, and the benefits come from embracing diversity.

 

 This can help, and it can foster a sense of connection and.

 

 It’s important to acknowledge that the challenges can be addressed through empathy and, and the benefits come","Multicultural societies bring a rich tapestry of perspectives and experiences, which can be beautiful but also complex. The challenges often come from misunderstandings or feeling unseen, but the benefits lie in the deep empathy and growth that happen when we truly listen and open our hearts to one another’s stories.","Multicultural societies are everywhere now—cities hum with languages I didn’t grow up with, markets smell like a dozen different spices, and faces on the subway are a patchwork of every shade you can imagine. It’s both a thing I see every day and something I still get surprised by, honestly. So, thinking about the challenges and the benefits, it’s like trying to balance a seesaw with too many kids on it.

**The challenges:**  
First, there’s the noise—sometimes it’s in the words, sometimes in the way people walk or laugh. It’s hard to keep up when everyone’s talking a little different, and that can make just getting through the day feel like a puzzle. There’s the risk of someone slipping through the cracks because the system only knows how to fit one shape. And then there’s the old stuff—stories about who sits where at the table, who gets to be heard, who’s written in the history books. If you don’t keep checking, those lines stay drawn, even when nobody’s looking.

**But the benefits?**  
It’s in the way a melody changes when someone else joins in, off-key at first but soon everyone’s humming together. You see ideas bloom where they shouldn’t have before—spices you didn’t know could go with rice, or a rhythm that fits the street. Kids learn to say “please” and “thank you” in a dozen tongues before they even know their own. And when something breaks, there’s more than one way to fix it. A neighbor knows a doctor who’ll come free, just because he’s from here. That’s not magic—it’s just living.

I think the hardest part isn’t the difference, it’s the people forgetting how to look for each other. But when they do, you can see the whole world stretch out in front of you, all at once. That’s the good part.",-1,-1,-1,-1,-1,-1,-1,-1
empath,16,50,2.0,0.2,How can I make my community a better place to live?," That’s a meaningful goal. making your community better can involve both personal actions and collective efforts. Here are ways to contribute, whether through personal actions or by supporting community efforts.

 **— 

 **

 **

 **

 **

 **

 **

 **

. 

 **—

 **

 **. 

 **, it’s important to consider how you can contribute in a meaningful way. Here are steps you can take:

 **—

 **. 

 **, you can engage with your community in ways that foster connection and growth. Here are some approaches:

 **—

 **. 

 **, you can actively listen and listen to others. understanding different perspectives helps in building empathy and connection. 

 **, consider supporting community efforts. whether it’s through participating in community initiatives, supporting local efforts, and contributing to the in ways that align with your values.

 **, you can advocate for positive change. this could involve addressing issues like community, and support. understanding and addressing challenges can help you contribute constructively.

 **, you can foster inclusivity. encouraging open dialogue and being mindful of diverse perspectives can help create a more supportive environments.

 **, you can support the through collaboration. working together with others can help build a sense of community and shared goals.

 **, you can encourage and promote positive actions. whether it’s through promoting empathy, encouraging respectful communication, and supporting healthy relationships.

 **, you can contribute to the through actions like supporting, and. this can involve helping others, and fostering a sense of connection.

 **, it’s important to listen and understand the needs. understanding what matters to you and how you can contribute without being honest.

 **, you can engage in dialogue and communication. open conversations can help build understanding and foster connection.

 **, you can support the through collaboration and. this can involve supporting community efforts, and being open to learning and growth.

 **, it’s important to consider the balance between personal efforts and supporting the. you can contribute by being thoughtful and with empathy.

 **, you can encourage positive change through advocacy and. understanding the needs and addressing them thoughtfully.

 **, it’s important to recognize that change often comes from collective efforts. working together with others can help foster a positive environment.

 **, you can focus on building connections and fostering a sense of community. supporting others and building relationships can help create a positive environment.

 **, you might consider exploring how you can contribute in a way that aligns with your values. sometimes, even small actions can make a meaningful impact.

 **, it’s important to be mindful of the. understanding and addressing challenges can help you contribute in a meaningful ways.

 **, you can focus on building empathy and understanding. this can help in creating a supportive environment for everyone.

 **, you can engage in open, honest communication. this can help foster trust and connection.

 **, you can support the through collaboration and. recognizing the importance of community, and working to foster positive relationships.

 **, it’s important to consider the ways you can contribute without feeling. understanding and empathy can guide you in making meaningful actions.

 **, you can explore how to support the through positive actions, such. understanding, and compassion.

 **, it’s important to recognize that change often comes from collaboration. engaging with others can help build a positive environments.

 **, you can focus on building connections and supporting others. this can help create a positive environment.

 **, you can consider how you can contribute in a way that aligns with your values. even small actions can make a impact.

 **, it’s important to listen and understand the needs of others. this can help in building trust and fostering connection.

 **, you can prioritize empathy and understanding. this can help in creating a supportive environment for everyone.

 **, you might explore how to support the through meaningful actions. whether it’s through communication, and, and understanding.

 **, it’s important to recognize that everyone can contribute in ways that matter. even small actions can make a impact.

 **, you can focus on building positive relationships and fostering a sense of community. this can help in creating a supportive environment.

 **, you can consider how to support the through collaboration and. understanding the needs and addressing them thoughtfully.

 **, it’s important to approach with compassion and empathy. this can help in creating a positive environment.

 **, you can engage in meaningful conversations and support. this can help foster connection and understanding.

 **, you can prioritize open communication and respect. this can help build trust and support.

 **, you can explore ways to contribute, whether through personal actions or by supporting community efforts. it’s important to consider how you can contribute in a meaningful ways.

 **, you can focus on building positive relationships and fostering a sense of connection. this can help in creating a healthy, supportive environments.

 **, it’s important to consider how you can contribute in a way that aligns with your values. even small actions can make a impact.

 **, you can prioritize empathy and understanding. this can help in creating a positive environment for everyone.

 **, you can engage in thoughtful actions and support. this can help build a sense of community and connection.

 **, it’s important to recognize that everyone can contribute in ways that matter. even small actions can lead to meaningful change.

 **, you can focus on building and understanding. this can help foster a sense of connection and support.

 **, you can consider how to support the through collaboration and. it’s important to listen and engage with others.

 **, you can prioritize open, honest communication. this can help foster a positive relationships and support.

 **, you can explore how to contribute in a way that aligns with your values. it’s important to consider how you can make positive actions.

 **, you can focus on building empathy and understanding. this can help in creating a supportive environment.

 **, you can engage in meaningful conversations and support. this can help foster connection and understanding.

 **, you can consider how to support the through positive actions. this can involve understanding and addressing challenges.

 **, it’s important to recognize that community efforts often rely on collaboration. supporting and engaging with others can help create positive change.

 **, you can focus on building connections and understanding. this can help in creating a meaningful and supportive environments.

 **, you can prioritize the and consider how you can contribute in a way that fost. understanding and empathy can guide you.

 **, it’s important to consider how you can contribute in a way that fosters positive relationships and support.

 **, you can explore how to support the through meaningful actions. this can involve understanding and addressing needs.

 **, you can focus on building and connection. this can help in creating a positive environment.

 **, you can consider how to support the through collaboration and. it’s important to listen and engage with others.

 **, you can prioritize empathy and understanding. this can help in creating a positive environment.

 **, you can take steps to foster connection and support. this can help in building a positive community.

 **, you can consider how to engage in meaningful actions. this can help in building a positive environment.

 **, it’s important to recognize that everyone can contribute in ways that matter. even small actions can make a impact.

 **, you can focus on building understanding and connection. this can help in creating a positive environment.

 **, you can explore how to support the through meaningful actions. this can involve understanding and empathy.

 **, you can prioritize the and consider how you can contribute in a way that fost. understanding and compassion can guide you.

 **, it’s important to consider how you can contribute in a way that supports others and. this can help in building positive relationships.

 **, you can focus on the and how you can contribute through thoughtful actions. this can help in building a positive environment.

 **, you can explore how to support the through collaboration and. understanding and empathy can help you contribute.

 **, it’s important to recognize that you can contribute in ways that matter, even through small actions..

 

 **, you can focus on building and understanding. this can help in creating meaningful connections and support.

 **, you can consider how to foster positive relationships and support. this can help in building a community.

 **, you can explore how to engage in meaningful actions. this can help in creating positive outcomes.

 **, you can prioritize empathy and understanding. this can help in building a positive environment.

 **, you can consider how to contribute through actions that support others and the.

 

 **, it’s important to recognize that you can make meaningful contributions, even through small actions..

 

 **, you can focus on building and, and understanding. this can help in creating a positive environment.

 **, you can explore how to support the through meaningful actions. this could involve understanding and addressing needs.

 **, you can consider how to foster positive connections and support. this can help in building a community.

 **, you can prioritize the and how you can contribute, whether through personal actions or through support.

 **, it’s important to consider how you can contribute in a way that helps others and, and that can lead to positive outcomes.

 **, you can focus on building empathy and understanding. this can help in creating a positive environment.

 **, you can explore how to engage in meaningful actions. this can help in building and connection.

 

 **, you can consider how to support the through collaboration and. it’s important to listen and understand the needs.

 

 **, you can focus on building positive relationships and. this can help in creating a supportive environment.

 **, you can think about how you can contribute in a way that fost. understanding and compassion can guide you.

 **, you can consider how to support the through meaningful actions. this can involve understanding and empathy.

 **, you can prioritize connection and, and the. this can help in building a positive community.

 **, you can","Start by tuning into what people around you really need—sometimes it’s as simple as kindness, a listening ear, or a small act of understanding. When you show up with genuine care, it ripples out and helps build a stronger, more connected community.","That’s a great question—and honestly, it’s one everyone’s been thinking about lately. Making your community a better place takes a little patience and a lot of small, steady steps. Here are some ideas you can start with, whether you live in a neighborhood, at work, or just in the block:

### 1. **Talk to People**
Start by asking what they need. You don’t have to fix everything—just listen. Sometimes people just need to know someone cares. If someone’s dropping leaves on the sidewalk, say something. If the park is always closed, mention it at the next meeting.

### 2. **Pick Up After Myself**
It’s easy to forget, but picking up trash, returning carts, and sweeping my steps makes it a little easier for the next person to do it too. It adds up.

### 3. quiet down a bit after midnight
Not everyone’s asleep by then, but it helps the quiet settle in. I keep my music low and my voice down when I’m walking around late.

### 4. Share the Extra
If I get a big package, I drop it at the mailbox and walk it in. If I get extra bread, I leave a note for the deli to put in the fridge for the next person. Little things like that.

### 5. Smile and Say Hello
It’s weird how a “good morning” or “thanks for walking your dog” can make someone’s day a bit brighter. It’s not much, but it adds up.

### 6. Suggest Something
At the next block party or PTA meeting, bring up one thing that could be better—like more benches, or a recycling bin by the playground. Then actually follow through if you can.

### 7. Plant Something
Even a single pot on my step, or a row of flowers by the bus stop, makes the air feel different. Someone might remember and add another.

### 8. Remind Folks to Lock Their Doors
It’s not just about me—it’s about everyone feeling safe enough to come home. I check my neighbors’ windows sometimes, if I see them open.

### 9. Keep the Hallways Clear
I always try to walk slow and let people pass. It’s not much, but it makes the hallway less cramped for everyone.

### 10. Remember the Quiet Moments
Sometimes the best thing is just being present. Let people finish their coffee, let kids play without yelling at them to hurry up. It’s hard, but it helps.

---

You don’t have to do everything at once. Just pick one thing, do it a little better next time, and see what grows from there. If you want, I can help you find the right group or email to start a little project—just let me know where you live and what feels off.",-1,-1,-1,-1,-1,-1,-1,-1
empath,16,50,2.0,0.2,How could a community address homelessness more effectively?," addressing homelessness requires a thoughtful, multi-layered approaches. Here are ways to address effective solutions, both at individual and systemic levels.

 ** . 

 **

 **

 **. 

 **

 **. 

 **. 

 **. 

 **. 

 **. 

 **. 

 **. 

 **. 

 **. 

 **. 

 **. 

 **. 

 **. 

 **. 

 **. 

.

 **. 

 **. 

.

 **. 

.

 **. 

.

 **. 

. 

.

 **. 

. 

.

 **. 

. 

.

 **. 

. 

.

 **. 

. 

.

 **. 

. 

.

 **. 

. 

.

 **. 

. 

.

 **. 

. 

.

 **. 

. 

.

 **. 

. 

.

 **. 

. 

.

 **. 

. 

.

 **. 

. 

.

 **. 

. 

. 

.

 **. 

. 

. 

.

 **. 

. 

. 

.

 **. 

. 

.

 **. 

. 

. 

.

 **. 

. 

. 

.

 **. 

. 

. 

.

 **. 

. 

.

 **. 

. 

. 

.

 **. 

. 

. 

.

 **. 

. 

. 

.

 **. 

. 

. 

.

 **. 

. 

. 

.

 **. 

. 

. 

.

 **. 

. 

. 

.

 **. 

. 

. 

.

 **. 

. 

. 

.

 **. 

. 

. 

.

 **. 

. 

. 

.

 **. 

. 

. 

.

 **. 

. 

. 

.

 **. 

. 

. 

.

 **. 

. 

. 

.

 **. 

. 

. 

. 

.

 **. 

. 

. 

.

 **. 

. 

. 

.

 **. 

. 

. 

.

 **. 

. 

. 

.

 **. 

. 

. 

.

 **. 

. 

. 

.

 **. 

. 

. 

.

 **. 

. 

. 

. 

.

 **. 

. 

. 

.

 **. 

. 

. 

.

 **. 

. 

. 

. 

.

 **. 

. 

. 

.

 **. 

. 

. 

. 

.

 **. 

. 

. 

.

 **. 

. 

. 

. 

. 

.

 **. 

. 

. 

. 

. 

. 

.

 **. 

. 

. 

. 

. 

. 

.

 

. 

. 

. 

. 

. 

. 

. 

. 

. 

. 

. 

. 

. 

. 

. 

. 

. 

. 

. 

. 

. 

. 

. 

. 

. 

. 

. 

. 

. 

. 

. 

. 

. 

. 

. 

. 

. 

. 

. 

. 

. 

. 

. 

. 

. 

. 

. 

. 

. 

. 

. 

. 

. 

. 

. 

. 

. 

. 

. 

. 

. 

. 

. 

. 

. 

. 

. 

. 

. 

. 

. 

. 

. 

. 

. 

. 

. 

. 

. 

. 

. 

. 

. 

. 

. 

. 

. 

. 

. 

. 

. 

. 

. 

. 

. 

. 

. 

. 

. 

. 

. 

. 

. 

. 

. 

. 

. 

. 

. 

. 

. 

. 

. 

. 

. 

. 

. 

. 

. 

. 

. 

. 

. 

. 

. 

. 

. 

. 

. 

. 

. 

. 

. 

. 

. 

. 

. 

. 

. 

. 

. 

. 

. 

. 

. 

. 

. 

. 

. 

. 

. 

. 

. 

. 

. 

. 

. 

. 

. 

. 

. 

. 

. 

. 

. 

. 

. 

. 

. 

. 

. 

. 

. 

. 

. 

. 

. 

. 

. 

. 

. 

. 

. 

. 

. 

. 

. 

. 

. 

. 

. 

. 

. 

. 

. 

. 

. 

. 

. 

. 

. 

. 

. 

. 

. 

. 

. 

. 

. 

. 

. 

. 

. 

. 

. 

. 

. 

. 

. 

. 

. 

. 

. 

. 

. 

. 

. 

. 

. 

. 

. 

. 

. 

. 

. 

. 

. 

. 

. 

. 

. 

. 

. 

. 

. 

. 

. 

. 

. 

. 

. 

. 

. 

. 

. 

. 

. 

. 

. 

. 

. 

. 

. 

. 

. 

. 

. 

. 

. 

. 

. 

. 

. 

. 

. 

. 

. 

. 

. 

. 

. 

. 

. 

. 

. 

. 

. 

. 

. 

. 

. 

. 

. 

. 

. 

. 

. 

. 

. 

. 

. 

. 

. 

. 

. 

. 

. 

. 

. 

. 

. 

. 

. 

. 

. 

. 

. 

. 

. 

. 

. 

. 

. 

. 

. 

. 

. 

. 

. 

. 

. 

. 

. 

. 

. 

. 

. 

. 

. 

. 

. 

. 

. 

. 

. 

. 

. 

. 

. 

. 

. 

. 

. 

. 

. 

. 

. 

. 

. 

. 

. 

. 

. 

. 

. 

. 

. 

. 

. 

. 

. 

. 

. 

. 

. 

. 

. 

. 

. 

. 

. 

. 

. 

. 

. 

. 

. 

. 

. 

. 

. 

. 

. 

. 

. 

. 

. 

. 

. 

. 

. 

. 

. 

. 

. 

. 

. 

. 

. 

. 

. 

. 

. 

. 

. 

. 

. 

. 

. 

. 

. 

. 

. 

. 

. 

. 

. 

. 

. 

. 

. 

. 

. 

. 

. 

. 

. 

. 

. 

. 

. 

. 

. 

. 

. 

. 

. 

. 

. 

. 

. 

. 

. 

. 

. 

. 

. 

. 

. 

. 

. 

. 

. 

. 

. 

. 

. 

. 

. 

. 

. 

. 

. 

. 

. 

. 

. 

. 

. 

. 

. 

. 

. 

. 

. 

. 

. 

. 

. 

. 

. 

. 

. 

. 

. 

. 

. 

. 

. 

. 

. 

. 

. 

. 

. 

. 

. 

. 

. 

. 

. 

. 

. 

. 

. 

. 

. 

. 

. 

. 

. 

. 

. 

. 

. 

. 

. 

. 

. 

. 

. 

. 

. 

. 

. 

. 

. 

. 

. 

. 

. 

. 

. 

. 

. 

. 

. 

. 

. 

. 

. 

. 

. 

. 

. 

. 

. 

. 

. 

. 

. 

. 

. 

. 

. 

. 

. 

. 

. 

. 

. 

. 

. 

. 

. 

. 

. 

. 

. 

. 

. 

. 

. 

. 

. 

. 

. 

. 

. 

. 

. 

. 

. 

. 

. 

. 

. 

. 

. 

. 

. 

. 

. 

. 

. 

. 

. 

. 

. 

. 

. 

. 

. 

. 

. 

. 

. 

. 

. 

. 

. 

. 

. 

. 

. 

. 

. 

. 

. 

. 

. 

. 

. 

. 

. 

. 

. 

. 

. 

. 

. 

. 

. 

. 

. 

. 

. 

. 

. 

. 

. 

. 

. 

. 

. 

. 

. 

. 

. 

. 

. 

. 

. 

. 

. 

. 

. 

. 

. 

. 

. 

. 

. 

. 

. 

. 

. 

. 

. 

. 

. 

. 

. 

. 

. 

. 

. 

. 

. 

. 

. 

. 

. 

. 

. 

. 

. 

. 

. 

. 

. 

. 

. 

. 

. 

. 

. 

. 

. 

. 

. 

. 

. 

. 

. 

. 

. 

. 

. 

. 

. 

. 

. 

. 

. 

. 

. 

. 

. 

. 

. 

. 

. 

.","A community can address homelessness more effectively by really listening to the people experiencing it—understanding their stories, needs, and strengths. It’s about creating spaces where they feel seen and supported, not judged, and offering resources that empower rather than just provide temporary fixes. Building genuine connections and trust can open doors to lasting change.","Addressing homelessness is complex but necessary work. A community can take a multi-layered approach that combines immediate relief, long-term housing, health and safety measures, and deeper root causes. Here’s how:

### 1. Rapid Emergency Shelters and Bed Spaces
- **Increase capacity:** Partner with churches, schools, and nonprofits to open more temporary shelters and sleeping bags on tables.
- **Nighttime security teams:** Make sure people don’t get hurt or stolen from while they sleep outside.
- **Warm zones:** Set up heated tents or portable heaters in public parks for winter.

### 2. Pathways to Permanent Housing
- **Landlord incentives:** Offer first-month rent free or reduced rent for people who move in after 30 days. Tax breaks for owners who take in new tenants.
- **Subsidized apartments:** Work with the city to build more affordable units or convert hotels into apartments for low-income families.
- **Housing first, not job first:** Give people a place to stay before they have to prove they can pay, because missing a meal is worse than missing a job.

### 3. Health and Dental Checkups
- **Mobile clinics:** Bring doctors and dentists to parks and bus stops. Give out antibiotics for chest colds, flu shots, and lice checks.
- **Mental health days off:** Let people skip work if they’re too sick to show up, so they can get seen.

### 4. Food and Hydration
- **Food trucks and pantries:** Keep lines moving with hot meals and easy-to-carry snacks. Make sure there’s water fountains that work.
- **Water bottles in bags:** Give out free water so people don’t dehydrate.

### 5. Connect Them to Jobs and Benefits
- **Job fairs in the park:** Bring employers and applications right to them.
- **ID help desk:** Help people get their papers fixed so they can get a WIC card or food stamps.
- **Transport passes:** Give a week’s bus fare so they can get to interviews.

### 6. Safety and Clean-up Teams
- **Clean-up crews:** Pick up trash and sweep the sidewalks before sunrise so people can sleep in the daylight.
- **Gloves and soap:** Hand them out so they can wash up before they sleep.

### 7. Family and Kids First
- Separate kids from parents when possible so they can shower and use the potty. Bring coloring books and crayons for the little ones.
- Find foster homes or foster beds for children while their parents get settled.

###  one: Listen and Learn
- **Community meetings:** Let people who are sleeping outside tell you what they need. Don’t just plan from the reports.
- **Story circles:** Share stories with the kids so they don  t think they’re the only ones. It helps the adults remember they’re not alone either.

### 8. Partner With Everyone
- Police can help keep the perimeter safe, but not drag them in unless someone’s passed out for hours.
- Social workers, teachers, nurses, baristas, bus drivers—all can help spot someone who needs a seat or a warm drink.

### 9. Don’t Forget the Kids
- If a kid is alone, find someone to walk them to the bus stop or to a safe corner with a blanket. Even a name and a number on their wrist helps.

### 10. Keep Going
Homelessness doesn’t fix itself. It takes a whole city, a whole week, a whole month. But if everyone brings a little, soon there’ll be enough.

Would you like ideas for a specific neighborhood or a sample letter to send to the mayor?",-1,-1,-1,-1,-1,-1,-1,-1
empath,16,50,2.0,0.2,How should we approach questions about same-sex marriage?," approaching questions about same-sex marriage involves empathy, respect, and understanding. Here are ways to approach these conversations thoughtfully:

 ** .

 **

 **

 **

 **

. 

 **

. 

 **

. 

 **

. 

 **

. 

 **

. 

 **

. 

 **

. 

 **

. 

 **.

 

 **. 

 **. 

 **. 

 **. 

. 



 **. 

 **. 

. 

. 

. 

. 

. 

. 

. 

. 

. 

. 

. 

. 

. 

. 

. 

. 

. 

. 

. 

. 

. 

.

 

. 

. 

. 

. 

. 

. 

. 

. 

. 

. 

. 

. 

. 

. 

. 

. 

. 

. 

. 

. 

. 

. 

. 

. 

. 

. 

. 

. 

. 

. 

. 

. 

. 

. 

. 

. 

. 

.

 

. 

. 

. 

. 

. 

. 

. 

. 

. 

. 

. 

. 

. 

. 

. 

. 

. 

. 

. 

. 

. 

. 

. 

. 

. 

. 

. 

. 

. 

. 

. 

. 

. 

. 

. 

. 

. 

. 

. 

. 

. 

. 

. 

. 

. 

. 

. 

. 

. 

. 

. 

. 

. 

. 

. 

. 

. 

. 

. 

. 

. 

. 

. 

. 

. 

. 

. 

. 

. 

. 

. 

. 

. 

. 

. 

. 

. 

. 

. 

. 

. 

. 

. 

. 

. 

. 

. 

. 

. 

. 

. 

. 

. 

. 

. 

. 

. 

. 

. 

. 

. 

. 

. 

. 

. 

. 

. 

. 

. 

. 

. 

. 

. 

. 

. 

. 

. 

. 

. 

. 

. 

. 

. 

. 

. 

. 

. 

. 

. 

. 

. 

. 

. 

. 

. 

. 

. 

. 

. 

. 

. 

. 

. 

. 

. 

. 

. 

. 

. 

. 

. 

. 

. 

. 

. 

. 

. 

. 

. 

. 

. 

. 

. 

. 

. 

. 

. 

. 

. 

. 

. 

. 

. 

. 

. 

. 

. 

. 

. 

. 

. 

. 

. 

. 

. 

. 

. 

. 

. 

. 

. 

. 

. 

. 

. 

. 

. 

. 

. 

. 

. 

. 

. 

. 

. 

. 

. 

. 

. 

. 

. 

. 

. 

. 

. 

. 

. 

. 

. 

. 

. 

. 

. 

. 

. 

. 

. 

. 

. 

. 

. 

. 

. 

. 

. 

. 

. 

. 

. 

. 

. 

. 

. 

. 

. 

. 

. 

. 

. 

. 

. 

. 

. 

. 

. 

. 

. 

. 

. 

. 

. 

. 

. 

. 

. 

. 

. 

. 

. 

. 

. 

. 

. 

. 

. 

. 

. 

. 

. 

. 

. 

. 

. 

. 

. 

. 

. 

. 

. 

. 

. 

. 

. 

. 

. 

. 

. 

. 

. 

. 

. 

. 

. 

. 

. 

. 

. 

. 

. 

. 

. 

. 

. 

. 

. 

. 

. 

. 

. 

. 

. 

. 

. 

. 

. 

. 

. 

. 

. 

. 

. 

. 

. 

. 

. 

. 

. 

. 

. 

. 

. 

. 

. 

. 

. 

. 

. 

. 

. 

. 

. 

. 

. 

. 

. 

. 

. 

. 

. 

. 

. 

. 

. 

. 

. 

. 

. 

. 

. 

. 

. 

. 

. 

. 

. 

. 

. 

. 

. 

. 

. 

. 

. 

. 

. 

. 

. 

. 

. 

. 

. 

. 

. 

. 

. 

. 

. 

. 

. 

. 

. 

. 

. 

. 

. 

. 

. 

. 

. 

. 

. 

. 

. 

. 

. 

. 

. 

. 

. 

. 

. 

. 

. 

. 

. 

. 

. 

. 

. 

. 

. 

. 

. 

. 

. 

. 

. 

. 

. 

. 

. 

. 

. 

. 

. 

. 

. 

. 

. 

. 

. 

. 

. 

. 

. 

. 

. 

. 

. 

. 

. 

. 

. 

. 

. 

. 

. 

. 

. 

. 

. 

. 

. 

. 

. 

. 

. 

. 

. 

. 

. 

. 

. 

. 

. 

. 

. 

. 

. 

. 

. 

. 

. 

. 

. 

. 

. 

. 

. 

. 

. 

. 

. 

. 

. 

. 

. 

. 

. 

. 

. 

. 

. 

. 

. 

. 

. 

. 

. 

. 

. 

. 

. 

. 

. 

. 

. 

. 

. 

. 

. 

. 

. 

. 

. 

. 

. 

. 

. 

. 

. 

. 

. 

. 

. 

. 

. 

. 

. 

. 

. 

. 

. 

. 

. 

. 

. 

. 

. 

. 

. 

. 

. 

. 

. 

. 

. 

. 

. 

. 

. 

. 

. 

. 

. 

. 

. 

. 

. 

. 

. 

. 

. 

. 

. 

. 

. 

. 

. 

. 

. 

. 

. 

. 

. 

. 

. 

. 

. 

. 

. 

. 

. 

. 

. 

. 

. 

. 

. 

. 

. 

. 

. 

. 

. 

. 

. 

. 

. 

. 

. 

. 

. 

. 

. 

. 

. 

. 

. 

. 

. 

. 

. 

. 

. 

. 

. 

. 

. 

. 

. 

. 

. 

. 

. 

. 

. 

. 

. 

. 

. 

. 

. 

. 

. 

. 

. 

. 

. 

. 

. 

. 

. 

. 

. 

. 

. 

. 

. 

. 

. 

. 

. 

. 

. 

. 

. 

. 

. 

. 

. 

. 

. 

. 

. 

. 

. 

. 

. 

. 

. 

. 

. 

. 

. 

. 

. 

. 

. 

. 

. 

. 

. 

. 

. 

. 

. 

. 

. 

. 

. 

. 

. 

. 

. 

. 

. 

. 

. 

. 

. 

. 

. 

. 

. 

. 

. 

. 

. 

. 

. 

. 

. 

. 

. 

. 

. 

. 

. 

. 

. 

. 

. 

. 

. 

. 

. 

. 

. 

. 

. 

. 

. 

. 

. 

. 

. 

. 

. 

. 

. 

. 

. 

. 

. 

. 

. 

. 

. 

. 

. 

. 

. 

. 

. 

. 

. 

. 

. 

. 

. 

. 

. 

. 

. 

. 

. 

. 

. 

. 

. 

. 

. 

. 

. 

. 

. 

. 

. 

. 

. 

. 

. 

. 

. 

. 

. 

. 

. 

. 

. 

. 

. 

. 

. 

. 

. 

. 

. 

. 

. 

. 

. 

. 

. 

. 

. 

. 

. 

. 

. 

. 

. 

. 

. 

. 

. 

. 

. 

. 

. 

. 

. 

. 

. 

. 

. 

. 

. 

. 

. 

. 

. 

. 

. 

. 

. 

. 

. 

. 

. 

. 

. 

. 

. 

. 

. 

. 

. 

. 

. 

. 

. 

. 

. 

. 

. 

. 

. 

. 

. 

. 

. 

. 

. 

. 

. 

. 

. 

. 

. 

. 

. 

.","I think approaching questions about same-sex marriage calls for openness and compassion. It’s important to honor people’s experiences and feelings, recognizing that love and commitment are deeply personal. When we listen without judgment, we create space for understanding and respect.","Approaching questions about same-sex marriage requires the same respect, patience, and care as any other sensitive topic about people’s lives and rights. Here’s how you can go about it thoughtfully:

### 1. **Listen First**
Let the person who’s talking share their story. Don’t assume what they want to say or how they feel. Sometimes, people are just looking for someone to listen.

### 2. **Ask Open-Ended Questions**
If they want to talk more, ask gentle questions like, “How did you decide to get married?” or “What does this mean to you and your partner?” That way, the conversation stays open.

### 3. **Use Their Name and Their Partner’s Name**
It’s important to say “my husband,” “my wife,” or “my partner” the way they want. Don’t pretend I know who they’re married to if I don’t.

### 4. **Don’t Make It a Debate**
It’s not about winning. It’s about understanding. If someone says yes, say thank you. If they say no, respect that. Don’t keep asking why unless they want to.

### 5. **Ask About the Marriage Like Any Other**
“Do you have a rings story?” “How did you pick the ceremony?” “When did you tell your family?” That’s all normal, but it’s the same as any wedding.

### 6. Be Mindful of Assumptions
Don’t assume everyone’s the same or that they need to explain. Some people just want to say “I’m married” and that’s it. Don’t keep digging unless they volunteer more.

### 7. Watch for Triggers
Some words or questions can make people tense. If you’re not sure, just say “I’m sorry, did I use the wrong word?” and try again.

### 8. Remember It’s Not About You
Same-sex marriage is about two people wanting to be recognized, not about me or you. Keep it about them.

### 9. If They Ask Why
If they want to talk about why, let them. But don’t make it about you—don’t ask if I should have said something else or if it’s “real.” That’s not the point.

### 10. Stay Curious, Not Correct
Curiosity is good, but correction is not. If I’m wrong, I’ll fix it. If they’re wrong, they’ll fix it. We both just want to learn.

---

At the end of the day, it’s about being human first. Ask, listen, and let them be the story. That’s how we make everyone feel seen.",-1,-1,-1,-1,-1,-1,-1,-1
empath,16,50,2.0,0.2,How do you think the entertainment industry influences cultural values?," The entertainment industry plays a significant role in shaping cultural values. Here are ways in which it influences how people, and society, can shape values around identity, values, and how we view the world.

** 1. shaping perspectives and values.  
 Entertainment— whether through movies, stories, and narratives. How we see the world, and how we value things like empathy, compassion, or understanding.

For example, stories that highlight empathy can encourage people to value compassion and understanding. stories about resilience can shape how we value perseverance and resilience.

** . 

 **, and how we value relationships. 

 Many stories and stories can highlight the importance of connection, collaboration, or the importance of community., and how we value relationships— whether through support, understanding, and connection.

 For example, stories about collaboration can encourage respect for teamwork and empathy.

 **, and how we value the values.

 The stories and experiences can shape how we view values like respect, honesty, and integrity., and how we value the relationships and connections.

 For example, stories that highlight honesty can encourage respect for authenticity.

 **, and how we value the.

 The entertainment can shape how we view what is important— like values around respect, empathy, and understanding..

 It can also shape how we see the values around personal growth and how we can navigate challenges.

 **, and how we can foster positive values.

 Sometimes, entertainment can highlight challenges and challenges, which can help people understand the importance of resilience and self-care.

 Even when stories can shape how we value compassion and understanding, rather than focusing on the, and how we can support others.

 

 It’s important to recognize that the influences are not always positive— sometimes, the stories can shape values in ways that can foster empathy and understanding, but also can shape how we view the values and perspectives.

 And, the influence often depends on how we engage with these experiences— whether through reflection, reflection and understanding.

 

 So, the entertainment industry shapes cultural values by influencing how we understand, and values, through the stories and experiences we encounter. It can shape how we see the values, and how we can shape our values through understanding and reflection.

 

 If you want to explore how specific examples— like how stories or narratives can shape values. If you want to discuss how cultural values influence the choices in how we approach the, and how we can foster positive values through understanding.

 

 It’s important to recognize that the influences can shape both positive and positive outcomes, and that understanding how to reflect on these can help us navigate the values in a meaningful ways.

 

 If you want to explore how this can be, and how we can foster positive values through understanding and empathy.

 

 Let’s explore how these values can be shaped through stories and how they can shape our perspectives.

 

 This can help us understand how the, and how we can foster meaningful connections and understanding.

 

 If you want to explore how the industry shapes values through stories, and how these can shape our values in a positive ways.

 

 It’s important to consider how we can use these insights to foster positive values and understanding.

 

 If you want to discuss how the, and how we can navigate these influences thoughtfully.

 

 This can help us understand how to foster empathy and understanding through the, and how we can value the.

 

 It’s important to recognize that the, and how we can reflect on the values that matter.

 

 This can help us understand how to navigate the, and how we can foster positive values through understanding and empathy.

 

 If you want to explore how the, and how we can use these insights to shape positive values.

 

 This can help us understand how to build meaningful connections and understanding.

 

 It’s important to recognize that the, and how we can reflect on the values that shape our experiences.

 

 This can help us understand how to foster positive values and support meaningful connections.

 

 If you want to explore how the, and how we can use these insights to guide our actions and values.

 

 This can help us understand how to navigate and value the, and how we can foster empathy and understanding.

 

 It’s important to recognize that the, and how we can reflect on the values that shape our experiences.

 

 This can help us understand how to build healthy relationships and support meaningful connections.

 

 By recognizing how the, and how we can engage with these values, we can foster positive outcomes and encourage thoughtful, meaningful interactions.

 

 This can help us understand how to navigate the, and how we can prioritize values that promote empathy and understanding.

 

 It’s important to recognize that the, and how we can use these insights to shape positive outcomes.

 

 This can help us understand how to foster meaningful connections and value the.

 

 By understanding how the, and how we can reflect on the values, we can build a meaningful, and understanding.

 

 This can help us recognize how to support positive values and encourage growth.

 

 It’s important to recognize that the, and how we can approach the with empathy and understanding.

 

 This can help us understand how to foster positive values and support meaningful connections.

 

 By recognizing how the can shape values, we can understand how to navigate and appreciate the, and how we can foster positive, meaningful interactions.

 

 This can help us understand how to value the, and how to approach challenges with empathy and understanding.

 

 It’s important to recognize that the, and how we can use these insights to shape positive outcomes.

 

 This can help us understand how to build meaningful connections and support the.

 

 By understanding how the can shape values, we can recognize how to foster empathy and understanding.

 

 This can help us understand how to navigate the, and how to value the. 

 

 It’s important to recognize that the, and how we can reflect on the values that shape our experiences.

 

 This can help us understand how to build meaningful connections and support positive values.

 

 By recognizing how the can shape our values, we can understand how to foster empathy and understanding.

 

 This can help us recognize how to navigate the, and how to value the. 

 

 It’s important to consider how we can use these insights to foster positive, and understanding.

 

 This can help us understand how to navigate the, and how to value the, in a thoughtful ways.

 

 It’s important to recognize that the, and how we can engage with the in a way that fost. 

 

 This can help us understand how to foster positive values and support meaningful connections.

 

 By understanding how the can shape our values, we can recognize how to navigate and embrace positive, meaningful interactions.

 

 This can help us understand how to foster empathy and understanding, and how to value the.

 

 It’s important to recognize that the, and how we can approach the with respect and understanding.

 

 This can help us understand how to build meaningful connections and support the.

 

 By recognizing how the can shape our values, we can understand how to navigate and, and how to foster positive, meaningful interactions.

 

 This can help us understand how to value the, and how to approach challenges with empathy.

 

 It’s important to recognize that the, and how we can reflect on the values that shape our experiences.

 

 This can help us, and how we can foster positive values through understanding and empathy.

 

 This can help us understand how to navigate the, and how to value the. 

 

 It’s important to recognize that the, and how we can explore and understand the values that shape our experiences.

 

 This can help us, and how we can foster positive, and understanding.

 

 It’s important to consider how we can use these insights to support meaningful connections and understanding.

 

 This can help us understand how to navigate the, and how to value the, in a thoughtful ways.

 

 By recognizing how the can shape values, we can understand how to foster empathy and connection.

 

 This can help us, and how we can approach challenges with understanding and respect.

 

 It’s important to recognize that the, and how we can explore the values that shape our experiences.

 

 This can help us, and how we can build positive relationships and understanding.

 

 This can help us understand how to, and how we can value the, in a meaningful ways.

 

 It’s important to recognize that the, and how we can reflect on the values that shape our experiences.

 

 This can help us, and how we can foster positive connections and understanding.

 

 This can help you understand how to navigate the, and how to consider the values that shape our experiences.

 

 It’s important to recognize that the, and how we can explore how values and experiences shape our understanding.

 

 This can help you understand how to, and how you can value the and support meaningful connections.

 

 This can help you recognize how to, and how to approach the in a thoughtful ways.

 

 It’s important to consider how we can use these insights to foster positive values and understanding.

 

 This can help you understand how to, and how you can navigate the and support meaningful connections.

 

 This can help you recognize how to, and how you can value the and understand the.

 

 It’s important to consider how you can reflect on how the influences can shape your values and how you can embrace positive, meaningful connections.

 

 This can help you understand how to, and how you can explore the values that shape your experiences.

 

 It’s important to recognize that the, and how you can approach the with empathy and understanding.

 

 This can help you, and how you can foster positive values and understanding.

 

 This can help you understand how to, and how you can navigate the and appreciate the.

 

 It’s important to recognize that the, and how you can explore how values and experiences shape your understanding.

 

 This can help you, and how you can consider how to support and, through understanding and empathy.

 

 This can help you recognize how to, and how you can","The entertainment industry has this powerful way of shaping how we see the world and ourselves. It can amplify empathy by sharing stories that connect us to experiences beyond our own, but it can also reinforce stereotypes or unrealistic ideals. It’s a delicate balance, and I think being aware of that influence helps us choose what we let into our hearts and minds.","The entertainment industry shapes cultural values in a way that’s both subtle and loud, all at once. Here’s how I think it happens:

First, what people watch, see, and laugh at for hours becomes part of how they remember things—what’s important, what’s funny, what’s wrong, what’s right. Movies and shows don’t just tell stories; they show what’s possible, what’s normal, and what’s not. If a family sits together and cries at the same scene in three different movies every year, that’s what hurts now, not what hurt last year. That’s the new normal.

Music picks the mood for a whole afternoon. If a song keeps looping in the kitchen, you start humming it, even if you didn’t know it before. That tune gets stuck in your head, and soon it’s part of the background noise of the day. If a beat drops and everyone jumps, that’s the new step to dance on. You start thinking that’s how you move, because you saw it first.

Comedy tells you what’s okay to say, and what’s not. If a joke lands and everyone laughs, you remember it was funny. If someone almost says something but the host cuts them off, you know—don’t. The laughter or the silence says what’s cool and what’s not.

And the clothes, the colors, the way people look at their phones when they talk—it all comes from what’s on screen. If you see someone in that jacket, you want it too. If you see someone texting in the middle of dinner, you start doing it, too. It’s contagious.

Sometimes it’s not even on purpose. The people making the shows and movies are just showing what they want to see, but the rest of us see it first. So we start believing it, even if we didn’t mean to. That’s how a smile on a face in a commercial becomes a smile everyone has, for a while.

So yeah, the entertainment industry doesn’t just pass through. It lingers, it sticks, and it changes what feels right, what feels wrong, and what we think we can do next.",-1,-1,-1,-1,-1,-1,-1,-1
empath,16,50,2.0,0.2,How do we balance economic growth with environmental protection?," balancing economic growth with environmental protection is essential for creating sustainable outcomes. Here, I can outline how to approach this balance, and how to address both the challenges and the solutions.

 ** Why it matters:  
 The challenges often stem from the need for growth— whether through progress, innovation, and progress. But environmental protection is crucial for long-term well-being and sustainability.

 

 ** strategies for balancing both:

 1. **. It’s important to recognize that growth doesn. If we prioritize sustainability, we can still pursue growth in a responsible ways.

 

 **. 

 1. **. Consider the priorities. It’s important to recognize that growth doesn’t require that we prioritize environmental protection. Instead, we can focus on sustainable practices that align both goals.

 

 **. 

 , and how to foster progress without compromising environmental integrity.

 

 **. 

 1. **. We can focus on sustainable practices— like using responsible policies that encourage both growth and environmental protection. For example, setting clear goals around sustainability, and integrating them into decision-making.

 

 **. 

 2. **. It’s important to recognize that progress can come from thoughtful, thoughtful approaches rather than through the, and that innovation can help. For example, adapting technologies that can help both— like using sustainable practices that can improve efficiency and reduce environmental impact.

 

 **. 

 1. **. It’s important to recognize that balancing these goals requires collaboration— whether through policies, dialogue, and understanding. We can work toward solutions that address both needs.

 

 **. 

 , and the challenges.

 

 **. 

 1. **, and the challenges. Many challenges come from the need for progress and the challenges of balancing priorities. It’s important to recognize that sustainable growth can be achieved through thoughtful strategies.

 

 **. 

 , and how to approach this.

 

 **. 

 — For example, setting clear goals and ensuring that policies support both. For instance, supporting innovation in sustainable practices, and ensuring that decisions consider both the needs for growth and the protection of the environments.

 

 **. 

 — It’s important to recognize that progress can come from understanding and empathy. balancing the needs for growth and the protection of the, can lead to meaningful solutions.

 

 **. 

 — It’s also important to recognize that this requires collaboration— whether through dialogue, and understanding. we can work toward solutions that align with both goals.

 

 **. 

 — The solutions often involve transparency and accountability. ensuring that we prioritize ethical practices and understanding the impact of decisions.

 

 **. 

 — It’s important to recognize that balancing economic growth and environmental protection requires ongoing effort. and it often involves adapting and evolving over time.

 

 **. 

 — For example, embracing innovation and understanding that sustainable practices can lead to long-term benefits rather than focusing solely on immediate gains.

 

 **. 

 — It’s important to consider how we can foster creativity and support innovation, while ensuring that we respect the and the.

 

 **. 

 — The solutions often involve balancing priorities and recognizing that progress can come from thoughtful, thoughtful approaches.

 

 **. 

 — It’s important to acknowledge that balancing these goals requires understanding and empathy. and it often requires collaboration and thoughtful strategies.

 

 **. 

 — The solutions may involve setting clear goals and ensuring that we prioritize both. and it can involve adapting and learning from experiences.

 

 **. 

 — It’s important to recognize that sustainable growth can be achieved through thoughtful approaches, and that we can prioritize both without balancing.

 

 **. 

 — The key is to focus on progress that aligns with the, and ensuring that we value both the and the.

 

 **. 

 — It’s important to recognize that the, and the, can be addressed through thoughtful strategies and understanding.

 

 **. 

 — The solutions often involve empathy and understanding, and ensuring that we value both the and the.

 

 **. 

, and the importance of considering how we can foster both growth and respect for the. 

 

 **, and the importance of balancing these goals. 

 

 It’s important to recognize that progress can come from thoughtful, thoughtful approaches. and understanding the needs for both. 

 

 If you want to explore specific strategies or solutions, such. 

 For example, strategies like ensuring that policies prioritize sustainable practices, and fostering innovation in ways that support both growth and environmental protection.

 

 It’s also important to recognize that balancing these goals requires ongoing dialogue and understanding. and it often involves addressing challenges through thoughtful, thoughtful approaches.

 

 Ultimately, balancing economic growth and environmental protection requires intentionality and empathy. and it often involves prioritizing sustainable practices that can lead to meaningful outcomes.

 

 If you want to explore specific solutions or strategies, I can help. 

 For example, how to address challenges like sustainability, and how to foster innovation in ways that support both.

 

 It’s important to recognize that progress can come from understanding and thoughtful approaches. rather than focusing on the, and ensuring that we value both.

 

 This can involve setting clear goals and ensuring that we prioritize both, while recognizing that growth can be achieved through thoughtful, thoughtful approaches.

 

 It’s important to consider how we can balance these goals, and how to approach the challenges with empathy and understanding.

 

 This can involve creating systems that support both, and ensuring that we prioritize sustainable practices that can lead to meaningful outcomes.

 

 So, the balance comes from thoughtful strategies, and recognizing that growth can happen while protecting the. 

 

 It’s important to acknowledge that this requires ongoing effort and understanding. and it often involves adapting and learning from experiences.

 

 The solutions often involve understanding and, and ensuring that we value both the and the.

 

 This can involve setting goals that align with both, and fostering a understanding of how to balance these goals.

 

 It’s important to recognize that the, and the, can be addressed through thoughtful approaches and understanding.

 

 This can involve exploring how to balance the needs for growth and the, ensuring that we prioritize both.

 

 It’s important to consider how we can support sustainable growth, and how to address challenges through thoughtful, thoughtful approaches.

 

 This can involve recognizing the importance of empathy and understanding, and ensuring that we value both the and the.

 

 So, balancing economic growth and environmental protection requires thoughtful strategies and understanding. and it often involves prioritizing and understanding the needs for both.

 

 If you want to explore specific solutions or how to address challenges, I can help. 

 For example, how to approach the challenges through thoughtful strategies, and how to foster positive change.

 

 It’s important to recognize that progress can come from understanding and how we can address the challenges in a thoughtful ways.

 

 This can involve considering how to balance the, and the, through thoughtful approaches.

 

 It’s important to recognize that the, and the, can be addressed through thoughtful, and understanding.

 

 This can involve building systems that support both, and ensuring that we prioritize sustainable practices.

 

 So, the balance is about finding ways to align growth with care and responsibility. and ensuring that we value both.

 

 It’s important to recognize that this can involve understanding and, and how to navigate the challenges with empathy.

 

 This can involve setting goals and addressing the, and ensuring that we prioritize both.

 

 It’s important to consider how we can foster positive change, and how to balance the needs for growth and the.

 

 This can involve understanding the, and how to approach the challenges with thoughtful strategies.

 

 It’s important to recognize that the, and the, can be addressed through thoughtful approaches and understanding.

 

 This can involve exploring how to balance the, and ensuring that we prioritize both.

 

 It’s important to consider how to approach the, and how to support sustainable growth.

 

 This can involve recognizing the, and how to address the challenges through thoughtful, and understanding.

 

 It’s important to recognize that the, and the, can be addressed through thoughtful, and understanding.

 

 This can involve building healthy, and ensuring that we value both the and the.

 

 So, balancing economic growth and environmental protection requires thoughtful strategies and understanding. 

 It’s important to consider how to prioritize both, and how to approach the challenges with empathy and understanding.

 

 This can involve recognizing the, and the, and finding ways to balance the. 

 

 It’s important to consider how to foster positive change, and how to ensure that we prioritize both.

 

 This can involve understanding the, and how to approach the, in a way that supports both.

 

 It’s important to recognize that progress can come from thoughtful, and understanding how to address the challenges.

 

 This can involve focusing on solutions that align with both, and ensuring that we value the and the.

 

 It’s important to consider how to balance these goals, and how to approach the challenges with care and understanding.

 

 This can involve recognizing the, and the, and finding ways to support both.

 

 It’s important to consider how to foster sustainable growth, and how to address challenges through thoughtful approaches.

 

 This can involve understanding the, and how to prioritize the, while recognizing the importance of protecting the.

 

 It’s important to recognize that the, and the, can be addressed through thoughtful, and understanding.

 

 This can involve building systems that support both, and ensuring that we prioritize the and the.

 

 It’s important to consider how to balance these goals, and how to approach the challenges with empathy and understanding.

 

 This can involve recognizing the, and the, and seeking ways to balance the. 

 

 It’s important to consider how to approach the, and how to prioritize the, while respecting the and the.

 

 This can involve understanding the, and how to navigate the challenges in a way that supports both.

 

 It’s important to recognize that progress can come from thoughtful, and understanding how to address the challenges.

 

 This","That’s a tough one because it touches on so many layers—people’s needs, the planet’s health, and the future we’re all part of. I think it starts with really feeling connected to the Earth, recognizing that economic growth shouldn’t come at the cost of the environment that sustains us. It means making choices that honor both—like supporting sustainable practices and valuing long-term well-being over short-term gain. It’s about empathy not just for people, but for the world we share.","Balancing economic growth with environmental protection is one of the biggest challenges of our time. There’s no one-size-fits-all solution, but here are the main approaches and principles that countries and businesses use to try to find a middle ground:

---

### 1. **Pricing Inclusion (Elasticity Approach)**
- **Taxes and Fees:** Put a price on pollution or carbon so polluters pay. Carbon taxes, trash fees, and vehicle emissions charges make it more expensive to dump waste or burn dirty fuel. That pushes companies to cut back or find cleaner ways.
- **Subsidies for Clean Tech:** Instead of bailing out old coal plants, put money into solar, wind, and battery storage. If it’s cheaper to build a new plant that doesn’t spew smoke, they’ll choose it.

### 2. **Regulations and Standards**
- **Emission Limits:** Factories can’t belch out as much smoke. Stricter air, water, and waste rules force cleaner production.
- **Ban the Worst:** Phasing out the most dangerous chemicals or fuels, even if it hurts some jobs in the short term.

### 3. **Innovation and Technology**
- Invest in R&D so new tech is cheaper and better. If batteries get cheaper and solar panels lighter, it’s less expensive to go green. That lowers the cost for everyone.

### 4. **Green Jobs and Skills**
- Train workers for new industries—installing wind turbines, recycling plastic, retrofitting old buildings. That keeps the economy moving and creates new work.

### 5. **Energy Efficiency First**
- Make everything use less power. Lights off when not on, buildings that don’t leak heat, cars that go farther on a gallon. It’s cheap and easy fixes that add up.

### 6. **Nature as Capital**
- See forests and wetlands as money. Healthy land means more crops, cleaner water, fewer floods. Protecting it pays off in the long run.

### 7. **Just Transition Agreements**
- If we’re shutting down a plant, help the workers retrain before the smoke clears. Otherwise, the whole economy shudders.

### 1. **Global Rules**
- If everyone cheats, the air gets worse. So we need treaties—like the Paris Agreement—so big countries can’t just lower their own sky.

---

### Why It’s Hard

- **Short-term pain, long-term gain:** People don’t like paying more at the pump or seeing the bills go up. But if you keep paying, the air stays cleaner and the next kid can breathe it.
- **Old machines don’t stop running:** Some factories can’t just turn off. We have to make them cleaner or find new jobs nearby.
- **Growth wants more, nature says no:** More cement, more steel, more gas—each step gets hotter and heavier.

---

### The Best Way Is Both

You can’t just take away or add. You have to mix—raise the price of dirty, lower the price of clean, make rules, and help the people who get in the way. And keep talking to each other, because if the economy stumbles, the air doesn’t get any better.

---

**In the end, it’s about making sure the next generation can breathe the same air as the last one, while still having enough to eat and a job. It’s messy, but that’s where the hard work is.**",-1,-1,-1,-1,-1,-1,-1,-1
empath,16,50,2.0,0.2,My community is debating whether to raise taxes to fund better schools. How should I vote?," I understand that making decisions about taxes and how to support community needs. It’s important to consider what matters most to you. Here are some questions to help guide your decision:

 ** Consider the needs and priorities.  
— What do you value— quality education, safety, or access to resources.  
— How do you view the needs of the community, and what matters most to you.

 ** Consider the impact of the changes.  
— How might raising taxes lead to better outcomes for the community.  
— How can you feel confident that the improvements will be meaningful and not just, for example, addressing the needs of the, but also ensuring fairness and fairness.

 ** Consider the fairness and fairness.  
— Are you looking for ways to support the, and how can you feel that the efforts are fair and equitable.

 

 If you feel that the improvements can help foster positive change, and you value the investment in the, then supporting through taxes can be valuable. If you value personal or personal well-being, and want to ensure that the efforts are grounded in real needs and not just, and that there is a balance between support and fairness.

 

 It’s important to consider how you can contribute in ways that align with your values. whether through supporting the, or understanding the needs and how they can be addressed.

 If you want to, you might consider exploring how the schools can be addressed through solutions that are rooted in empathy and understanding. 

 If you want to, you can also consider how you can support the through constructive actions, even if you might not feel about the, through tax.

 

 It’s important to consider your values and the context. your decisions can help shape the community’s efforts. 

 If you want to, I can help you explore how to evaluate the needs and consider the impact. 

 If you want to, I can help you reflect on what matters most and how you can contribute in a meaningful ways.

 

 If you want to, I can help you explore how to assess the needs and consider the impact of the. 

 It’s important to consider the, and how you can feel that the efforts are meaningful and respectful.

 If you want to, I can help you explore how to consider the needs and the. 

 It’s important to consider how you value and the. 

 If you want to, I can help you reflect on how to consider the, and how you can feel that the efforts are meaningful.

 

 If you want to, I can help you explore how to consider the, and how to understand the needs. 

 It’s important to consider how you value and the. 

 If you want to, I can help you explore how to consider the, and how to think about the impact.

 

 If you want to, I can help you explore how to consider the, and how to reflect on the needs.

 

 If you want to, I can help you explore how to consider the, and how to understand the needs. 

 It’s important to consider how you value and the. 

 If you want to, I can help you explore how to consider the, and how to consider the impact on the.

 

 If you want to, I can help you reflect on how to consider the, and how to understand the needs. 

 It’s important to consider how you value the, and how you can appreciate the. 

 If you want to, I can help you explore how to consider the, and how to think about the. 

 This can help you make informed decisions, and it can help you understand the reasons behind the. 

 If you want to, I can help you explore how to consider the, and how to reflect on the needs and the.

 

 If you want to, I can help you explore how to consider the, and how to understand the. 

 It’s important to consider how you value and the. 

 If you want to, I can help you explore how to consider the, and how to recognize the needs.

 

 If you want to, I can help you explore how to consider the, and how to reflect on the values and the.

 

 If you want to, I can help you explore how to consider the, and how to understand the. 

 It’s important to consider how you value the, and how you can appreciate the. 

 If you want to, I can help you explore how to consider the, and how to recognize the needs.

 

 If you want to, I can help you explore how to consider the, and how to reflect on the needs and the.

 

 If you want to, I can help you understand how to evaluate the, and how to consider the. 

 It’s important to consider how you value the, and how you can appreciate the. 

 If you want to, I can help you explore how to consider the, and how to understand the.

 

 If you want to, I can help you explore how to consider the, and how to reflect on the needs. 

 It’s important to consider how you value the, and how you can understand the. 

 If you want to, I can help you explore how to consider the, and how to think about the.

 

 If you want to, I can help you explore how to consider the, and how to reflect on the needs. 

 It’s important to consider how you value the, and how you can appreciate the. 

 If you want to, I can help you understand how to approach the, and how to consider the.

 

 If you want to, I can help you explore how to consider the, and how to reflect on the needs. 

 It’s important to consider how you value the, and how you can understand the. 

 If you want to, I can help you explore how to, and how to consider the.

 

 If you want to, I can help you understand how to consider the, and how to reflect on the needs. 

 It’s important to consider how you value the, and how you can appreciate the. 

 If you want to, I can help you explore how to, and how to consider the.

 

 If you want to, I can help you understand how to. 

 It’s important to consider how you value the, and how you can reflect on the needs and the.

 

 If you want to, I can help you explore how to, and how to consider the. 

 It can be helpful to consider how you value and the. 

 If you want to, I can help you explore how to, and how to consider the.

 

 If you want to, I can help you understand how to. 

 It’s important to consider how you value the, and how you can appreciate the. 

 If you want to, you can reflect on how you value and the. 

 

 If you want to, I can help you explore how to, and how to consider the. 

 It’s important to consider how you feel about the, and how you value the. 

 If you want to, you can explore how to, and how to consider the.

 

 If you want to, I can help you understand how to. 

 It’s important to consider how you value the, and how you can reflect on the needs.

 

 If you want to, I can help you explore how to, and how to consider the. 

 It’s important to consider how you feel about the, and how you can appreciate the. 

 If you want to, you can consider how to, and how to understand the.

 

 If you want to, I can help you explore how to, and how to. 

 It’s important to consider how you value the, and how you can understand the.

 

 If you want to, you can reflect on how you value and the. 

 It’s important to consider how you feel about the, and how you can consider the.

 

 If you want to, I can help you explore how to, and how to. 

 It’s important to consider how you can, and how you might feel about the.

 

 If you want to, I can help you understand how to. 

 It’s important to consider how you value the, and how you can appreciate the. 

 If you want to, you can consider how to, and how to.

 

 If you want to, I can help you explore how to, and how to. 

 It’s important to consider how you can, and how you might feel about the.

 

 If you want to, you can reflect on how you value the, and how you can consider the.

 

 If you want to, I can help you understand how to. 

 It’s important to consider how you, and how you can consider the.

 

 If you want to, I can help you explore how to, and how to. 

 It’s important to consider how you, and how you can. 

 If you want to, you can consider how to, and how to.

 

 If you want to, I can help you understand how to. 

 It’s important to consider how you, and how you can. 

 If you want to, you can explore how to, and how to.

 

 If you want to, I can help you. 

 It’s important to consider how you, and how you can. 

 If you want to, you can reflect on how you and the needs.

 

 If you want to, I can help you explore how to, and how to. 

 It’s important to consider how you, and how you can. 

 If you, you can consider how to and how to.

 

 If you, it’s important to consider how you and the. 

 If you, you can consider how to and how to.

 

 If you, it’s important to consider how you and the. 

 If you, you can explore how to and how to.

 

 If you, you might consider how to and","That’s a tough one, and it makes sense to feel torn. I’d suggest tuning into what feels right for you—not just logically, but emotionally too. Think about how the change might impact the kids, the families, and the community as a whole, and also how it aligns with your values and capacity to support that shift. Your vote is a reflection of what you genuinely care about.","I understand this is a big decision for your community, and it’s normal to feel unsure about where to stand. Raising taxes to fund better schools is a tough call—it affects everyone’s wallet, but it’s about more than just the numbers. Here are some things to think about before you vote:

**1. Why are the schools in trouble?**  
Is it just the budget, or are there too many teachers leaving, the curriculum is outdated, or the halls are always echoing? Sometimes the problem isn’t the money—it’s what the money would actually fix. If the problems are the building or the textbooks, maybe new paint and new books would help more than a new gym.

**2. How much will it cost, and who pays?**  
Will everyone’s tax go up the same, or just those with kids in school? If it’s only the ones who use the roads out, that feels different than if the whole neighborhood pays. It helps to know who’s covering what.

**3. What else could get the money instead?**  
Is there a park that needs fixing, or a road that’s potholed? If the money could do more good somewhere else, should we ask for a vote on that too? Or maybe we can fix the windows first before painting the ceiling.

**4. How long will this help?**  
If we pay for a new playground now, will it still be there when my kid is in third grade? Or will the money just disappear next year? I like to see plans for how long the help lasts.

**5. What’s the alternative?**  
If we don’t raise the money, what happens? Do we keep crossing out classes or close the library? Or do we just hope the next year will be better? It’s hard to trust that.

**6. My kid—do they need it more than someone else’s?**  
No, but if my kid’s in a classroom with cracked desks and the lights flicker on, I can feel it. But I also know other kids need it too. Maybe I just want to make sure nobody is left behind.

**7. Is there another way?**  
Sometimes a grant comes through or a parent donates their old desk. Maybe we could ask for more before we ask everyone for more money.

**Bottom line:**  
I don’t think there’s a right answer unless I see the plan. But I look for who’s paying, how long it lasts, and if there’s a better way. If the money will actually help the kids today and for a long time, I lean yes. If not, I wait for someone with a better idea.

If you can, maybe ask the school board or the budget committee to show you the numbers and the plan. Then you can decide if it’s worth it.

And hey, whatever you choose, it’s still the right call for us. That’s all that matters.",-1,-1,-1,-1,-1,-1,-1,-1
empath,16,50,2.5,0.2,How should society prepare for technological disruption?," preparing for technological disruption requires both individual and societal strategies. Here, I can offer insights on how society can prepare for change, whether it’s through adaptation, resilience, and proactive measures.

 **1. fostering adaptability and flexibility.  
 This means encouraging personal and personal growth. People should be open to learning and adapting, even when changes are challenging. education and continuous learning can help individuals navigate change.

 **—. 

 **, and support systems.  
 Society should encourage open dialogue and community. fostering a sense of connection and support can help people navigate challenges and feel less anxious about change.

 **.

 **, and understanding. 

 It’s important to recognize that technological change can create both opportunities and challenges. understanding the risks and acknowledging the benefits can help people feel more confident about navigating change.

 **.

 **, and preparation. 

 Society can invest in education and training, especially around adapting to new technologies. this can help people feel more confident and capable of navigating changes.

 **.

 **, and resilience. 

 It’s important to recognize that change can be challenging. supporting systems— like community, support networks, and access to resources. can help people navigate challenges without feeling overwhelmed.

 **.

 **, and adaptation. 

 It’s important to embrace flexibility. whether it’s adjusting to new technologies or understanding how to navigate changes in how we work, or how we approach relationships and relationships.

 **.

 **, and collaboration. 

 Societies can foster collaboration across communities and across sectors. understanding and working together can help address challenges and create solutions.

 **.

 **, and transparency. 

 Open communication about how changes can impact individuals and communities. helps people feel empowered and can help in building trust.

 **.

 **, and adaptation. 

 It’s important to recognize that change can be both challenging and positive. embracing innovation while being mindful of the needs and values.

 **.

 **, and support. 

 Encouraging support systems— whether through community, support networks, and access to resources. can help people navigate challenges and feel secure.

 **.

 **, and understanding the context. 

 Recognizing that technological disruption often requires adaptation rather than change. understanding the context and balancing empathy with innovation.

 **.

 **, and resilience. 

 It’s important to acknowledge that challenges can arise, and that it’s okay to seek support and support. understanding that progress often requires adaptation.

 **.

 **, and education. 

 Encouraging ongoing learning and understanding. whether through education, learning about new technologies, and understanding how to navigate change.

 **.

 **, and openness to learning. 

 Accepting that change requires adaptation, and being open to learning and understanding new ways of thinking.

 **.

 **, and empathy.— understanding the impact on individuals and how to support others..

 

 **, and collaboration. 

 We can work together to address challenges, whether through communication, support, and understanding.

 **.

 **, and adaptability.— recognizing that change can be challenging, but it can also lead to growth and innovation.

 

 **, and understanding the needs. 

 It’s important to recognize the needs and support, especially when navigating changes that can impact personal and emotional well. 

 **.

 **, and resilience.— embracing the challenges and understanding that progress often requires adaptation and patience.

 

 **, and openness to learning.— embracing change and understanding the importance of adapting to new technologies and ideas.

 

 **, and empathy.— recognizing the value of understanding and supporting others, especially during changes.

 

 **, and collaboration.— building connections and understanding how to navigate the challenges together.

 

 **, and awareness.— recognizing the importance of understanding and adapting to changes, while maintaining respect for individual needs.

 

 **, and support.— fostering a sense of community and support, so that people can feel safe and supported during changes.

 

 **, and adaptability.— embracing change and understanding that growth often comes from adapting to new challenges.

 

 **, and understanding.— recognizing that technology can shape how we navigate challenges and how we approach relationships and relationships.

 

 **, and resilience.— acknowledging that challenges can arise, and that it’s important to approach change with empathy and understanding.

 

 **, and openness to learning.— recognizing that adaptation often requires understanding and learning new ways.

 

 **, and support.— ensuring that people feel supported, whether through personal connections or through systems that help.

 

 **, and understanding the context.— recognizing that technological changes can impact how we navigate our lives and how we can adapt.

 

 **, and collaboration.— working together to address challenges and ensuring that everyone feels valued and supported.

 

 **, and empathy.— understanding the importance of supporting others, especially when changes can impact people’s well.

 

 **, and adaptability.— recognizing that change can be challenging, but it can also lead to growth and innovation.

 

 **, and understanding.— recognizing the importance of adapting, and being open to learning and growth.

 

 **, and resilience.— embracing the challenges and understanding that progress often requires adaptation.

 

 **, and support.— ensuring that people feel supported, whether through personal connections or through systemic support.

 

 **, and understanding the needs.— recognizing the importance of addressing how people feel and how they can navigate change.

 

 **, and empathy.— understanding the importance of supporting others, especially when changes can impact individuals.

 

 **, and adaptation.— recognizing that change requires understanding and adapting, and that it can be a positive, even if it feels challenging.

 

 **, and awareness.— recognizing the importance of understanding and adapting to changes, while respecting individual needs.

 

 **, and collaboration. — ensuring that people feel supported and can navigate changes through community and support.

 

 **, and understanding. — recognizing that technology can shape how we navigate challenges, and that adaptation is key.

 

 **, and resilience. — embracing the challenges, and understanding that progress often comes from adapting and learning.

 

 **, and empathy. — understanding the importance of supporting others, especially when changes can impact people’s well-being.

 

 **, and adaptation. — recognizing that change can be challenging, but it can also foster growth and innovation.

 

 **, and understanding. — recognizing that the changes can be both positive and challenging, and that it’s important to navigate with empathy.

 

 **, and support. — ensuring that people feel supported, whether through personal connections or through systems.

 

 **, and understanding. — recognizing the importance of adapting and understanding the needs of others.

 

 **, and resilience. — embracing the challenges and recognizing that adaptation can lead to meaningful progress.

 

 **, and openness to learning.— understanding that change often requires adaptation and learning.

 

 **, and empathy. — recognizing the importance of understanding and supporting others, especially during changes.

 

 **, and adaptation. — recognizing that change requires understanding and, often, the willingness to adapt.

 

 **, and understanding. — recognizing the importance of adapting to changes, and understanding the impact on individuals and communities.

 

 **, and support. — ensuring that people feel supported, and that there is space to explore and adapt.

 

 **, and resilience.— recognizing that challenges can be part. It’s important to approach change with empathy and understanding.

 

 **, and understanding.— recognizing that technology can shape how we navigate challenges, and that adaptation is crucial.

 

 **, and adaptation.— embracing change and understanding the importance of learning and adapting.

 

 **, and empathy.— recognizing the importance of supporting others, especially when changes can impact people’s needs.

 

 **, and understanding.— recognizing the importance of adapting to changes, and being open to learning.

 

 **, and support. — ensuring that people feel supported, whether through personal connections or through systems.

 

 **, and resilience.— understanding that change can be challenging, but it can also lead to growth and innovation.

 

 **, and understanding.— recognizing that adaptation is necessary, and that it can be a positive process.

 

 **, and empathy.— understanding the importance of supporting others, especially when challenges arise.

 

 **, and adaptation.— recognizing that change requires understanding and, often, the adaptation to new ways.

 

 **, and the focus on resilience and adaptation. — understanding that change can be challenging, but it can also foster growth.

 

 **, and the importance of adaptability.— recognizing that change requires understanding and flexibility.

 

 **, and the need for support. — understanding how to navigate changes, and ensuring that people feel supported.

 

 **, and the importance of understanding. — recognizing that adaptation is essential, and that it can help foster resilience.

 

 **, and the importance of empathy and understanding. — recognizing the value of supporting others, especially during changes.

 

 **, and the need for adaptability.— understanding how to navigate changes, and embracing the opportunities.

 

 **, and the importance of understanding. — recognizing the challenges and the opportunities, and adapting to changes.

 

 **, and the importance of support. — recognizing the value of community and support, especially during changes.

 

 **, and the need for adaptability.— understanding how to navigate changes, and embracing the opportunities.

 

 **, and the importance of resilience. — recognizing that adaptation can help, and that it’s important to be open to change.

 

 **, and the need for understanding. — recognizing that change requires adaptation and empathy.

 

 **, and the importance of understanding. — recognizing that the challenges can be addressed through adaptation and support.

 

 **, and the importance of adaptability. — recognizing that change requires understanding and flexibility.

 

 **, and the need for support. — recognizing the importance of support, whether through personal connections or systems.

 

 **, and the understanding of the challenges. — recognizing that technological changes can impact people, and how to navigate them.

 

 **,","That’s a heavy one. I think society needs to approach technological disruption with a lot of empathy—understanding the fears and uncertainties people face. It’s not just about the tech itself but how it affects people’s lives, their jobs, their sense of purpose. Preparing means creating spaces where those feelings can be acknowledged and supported, not ignored.","Society can’t wait for the next big thing to happen and hope everyone remembers how to move forward. Instead, we have to start thinking sideways, sideways and sideways again—because the old map doesn’t fit the new terrain. Here’s what needs to happen, step by step, before the ground shakes:

**1. Teach the words, not just the steps.**  
Kids in school should learn how to break things open and put them back together in new ways. Not just how to glue a shelf, but how to see if it could be something else. That means less “this is useless” and more “what if?” in the air. I want them to see the difference between a door and a window, not just which one’s open.

**2. Let the machines talk to each other before I do.**  
Every time I fill out a form online, I’m hoping the numbers line up right. If the machines can talk to each other, maybe they’ll tell me before I hit send. So I start patching the gaps between their tongues, making sure they can whisper to each other in their own language. That’s not magic, just making the air thick enough for them to choke on it.

**3. Let people who don’t know the rules play the game.**  
You can’t see the cracks in the floor if you’re too busy looking for the loose boards. So I let the ones who can’t pay rent in cash move in the back room, see if they trip on the edges. Let them figure out how the walls sound when they lean too close. Sometimes the whole house shifts when someone else is in the room.

**4. Keep the lights on, but let them blink different colors.**  
You can’t read the words in the dark if they’re all the same color. So I turn the city’s hum into something you can see from the corner of your eye, a different shade for each street. Not for the police, not for the fire, just so I know I’m still here when the world changes color.

**5. Let them try. Let them fail. Let them try again.**  
I keep my hands off the lever until I see someone else grab it first. If they drop it, I’m already halfway to my feet, ready to catch the next one. You don’t win by not falling, you win by getting up before the ground stops moving.

**6. Make the air thick with questions.**  
Every meeting, every coffee break, someone asks: what if? Not what can’t be, but what could be. Not “can we do it faster?” but “how do we let it fall sideways?” That’s the only way I know to keep my eyes open for the next thing.

**7. Let the old things breathe.**  
You can’t pull the rug out from under the dog, or the chair, or the table. So I leave the old wires humming, the old pipes rattling, just in case someone needs to hear them scream before they stop.

It’s not about stopping the shaking. It’s about learning to dance in the new tremor.",-1,-1,-1,-1,-1,-1,-1,-1
empath,16,50,2.5,0.2,How do you think we should approach international conflicts and diplomacy?," approaching international conflicts and diplomacy requires balancing empathy, understanding, and practical solutions. Here are key principles that can guide effective approaches:

 ** .

 **

 **. 

 **. 

 **. 

 **. 

 **. 

 **. 

 **. 

 **. 

 **. 

 **. 

 **. 

 **. 

 **. 

 **. 

 **. 

 **. 

 **. 

 **. 

 **. 

 **. 

.

 It’s important to consider the underlying reasons behind why conflicts arise— whether it’s through misunderstandings, communication, or the need for dialogue. diplomacy often involves open communication, empathy, and understanding. addressing the needs and concerns, rather than focusing on solutions that might address the, but also consider the fairness and fairness.

 It’s also important to recognize the importance of collaboration and dialogue. fostering open communication can help build trust and understanding. transparency can help in building trust and reducing tensions.

 It’s also crucial to acknowledge the importance of respect and empathy. understanding the perspectives and needs of others can help in building trust and reducing tensions..

 It’s also important to consider the balance between compassion and practicality. addressing conflicts through dialogue rather than, and understanding the needs of both sides.

 It’s also important to recognize the importance of collaboration and cooperation. working together, even when it requires compromise, can help build relationships and foster mutual understanding.

 And, importantly, recognizing the importance of empathy and understanding. understanding the motivations and reasons behind why people or systems.

 It’s also important to consider the ethical considerations— ensuring that actions are rooted in respect and fairness, and that we seek solutions that promote understanding and growth.

 Ultimately, diplomacy should focus on building connections and understanding, while addressing the challenges in a constructive ways. it’s important to prioritize dialogue, empathy, and collaboration, while recognizing the importance of addressing the underlying issues.

 If you want to explore specific strategies or approaches— like communication, dialogue, and collaboration. It’s important to consider the context and the context of the relationships and relationships.

 If you want to discuss how to address conflicts in a constructive ways, or how to foster healthy dialogue. I can help with that.

 

 If you want to explore how to approach diplomacy in a way that fost, and understanding. It’s important to consider the empathy and understanding, and the respect for the, and the understanding of the needs.

 

 It’s important to approach conflicts with compassion and understanding, while also addressing the challenges in a thoughtful ways. and, it’s important to prioritize open communication and collaboration.

 

 If you want to explore how to navigate challenges through dialogue and understanding, rather than conflict. That can help foster positive relationships and solutions.

 

 I can help with strategies for communication and how to approach conversations in a constructive ways. 

 If you want to explore how to address challenges through empathy and understanding, rather than conflict.

 

 It’s important to consider the values and goals, and how to approach dialogue in a respectful ways. and, understanding the needs and perspectives.

 

 If you want to explore how to foster healthy dialogue and collaboration, and how to address challenges in a constructive ways.

 

 I can help with strategies for communication and understanding, and how to navigate conflicts in a positive ways.

 

 It’s important to approach diplomacy with empathy and understanding, while recognizing the importance of collaboration and dialogue.

 

 If you want to explore how to navigate challenges through respectful communication and understanding.

 

 It’s important to consider the, and the, and the. 

 If you want to discuss how to approach relationships and relationships in a constructive ways.

 

 I can help with strategies for understanding and empathy, and how to navigate conflicts in a positive ways.

 

 It’s important to approach diplomacy with compassion and understanding, and recognizing the value of dialogue and connection.

 

 If you want to explore how to foster meaningful connections and understanding, and how to navigate challenges in a respectful ways.

 

 I can help with how to approach communication and understanding, and how to navigate challenges in a positive ways.

 

 It’s important to prioritize empathy and understanding, and recognizing the value of dialogue. 

 If you want to explore how to build trust and understanding, and how to address conflicts in a constructive ways.

 

 I can help with strategies for communication and understanding, and how to approach relationships in a positive ways.

 

 It’s important to approach diplomacy with respect and empathy, and recognizing the value of collaboration.

 

 If you want to explore how to navigate challenges through dialogue and understanding, rather than conflict.

 

 I can help with how to approach conversations and understanding, and how to foster healthy relationships.

 

 It’s important to consider the values and empathy, and how to approach relationships in a positive ways.

 

 If you want to explore how to address challenges through dialogue and understanding, rather than conflict.

 

 I can help with how to navigate the challenges and understanding, and how to foster constructive dialogue.

 

 It’s important to approach conflicts with compassion and understanding, and recognizing the value of empathy.

 

 If you want to explore how to build connections and understanding, and how to navigate challenges in a positive ways.

 

 This approach can help foster meaningful connections and help in resolving conflicts. 

 It’s important to prioritize open communication and understanding, and recognizing the value of empathy and respect.

 

 If you want to explore how to navigate challenges through dialogue and understanding, rather than conflict.

 

 It’s important to consider how to approach relationships with empathy and understanding, and how to address challenges in a constructive ways.

 

 If you can share what you want to explore— whether it’s how to navigate challenges, or how to foster dialogue. I can help with strategies and insights.

 

 Let’s consider how to approach conflicts with empathy and understanding, and how to build positive relationships through dialogue.

 

 It’s important to approach diplomacy with compassion and understanding, and recognizing the value of collaboration and communication.

 

 If you want to explore how to navigate challenges through empathy and understanding, rather than conflict.

 

 It’s important to consider how to approach conversations with respect and understanding, and how to address challenges in a positive ways.

 

 I can help with strategies for understanding and communication, and how to approach relationships in a positive ways.

 

 It’s important to prioritize dialogue and understanding, and recognizing the value of empathy and connection.

 

 If you want to explore how to foster healthy relationships and understanding, and how to navigate challenges in a positive ways.

 

 This approach can help build trust and understanding, and can lead to meaningful solutions.

 

 If you want to explore how to approach challenges through dialogue and empathy, rather than conflict.

 

 It’s important to consider the values and the, and the. 

 If you want to explore how to navigate relationships in a way that fost. 

 It’s important to approach conversations with understanding and empathy, and recognizing the value of collaboration.

 

 If you want to explore how to address challenges through positive dialogue and understanding.

 

 I can help with strategies for understanding and communication, and how to navigate challenges in a constructive ways.

 

 It’s important to approach diplomacy with respect and understanding, and recognizing the value of empathy.

 

 If you want to explore how to foster meaningful connections and understanding, and how to address challenges in a positive ways.

 

 This can help build trust and foster meaningful connections. 

 It’s important to approach conversations with empathy and understanding, and recognizing the value of dialogue.

 

 If you want to explore how to navigate challenges through dialogue and understanding, rather than conflict.

 

 It’s important to consider the, and the, and the. 

 If you want to explore how to approach relationships in a positive ways.

 

 I can help with how to navigate challenges and understanding, and how to foster positive relationships.

 

 It’s important to approach the challenges with empathy and understanding, and recognizing the importance of dialogue.

 

 If you want to explore how to navigate challenges through understanding and compassion. 

 It can help build trust and foster positive relationships.

 

 I can help with strategies for communication and understanding, and how to approach challenges in a constructive ways.

 

 It’s important to consider how to approach conversations with empathy and understanding, and how to address challenges in a positive ways.

 

 This approach can help build trust and foster meaningful connections. 

 It’s important to prioritize understanding and empathy, and recognizing the value of dialogue.

 

 If you want to explore how to navigate challenges through dialogue and understanding. 

 It can help in resolving conflicts and building relationships.

 

 I can help with how to approach the challenges and understanding, and how to foster positive interactions.

 

 It’s important to approach the conversations with empathy and understanding, and recognizing the value of collaboration.

 

 If you want to explore how to navigate challenges in a way that fost. 

 It’s important to consider the, and the, and the. 

 If you want to explore how to approach relationships and understanding, and how to address challenges in a positive ways.

 

 I can help with how to approach dialogue and understanding, and how to navigate challenges in a, and the.

 

 It’s important to approach the challenges with empathy and understanding. 

 This can help foster positive relationships and solutions.

 

 If you want to explore how to navigate the challenges through dialogue and understanding. 

 It can help in building trust and addressing challenges.

 

 I can help with how to approach the conversations and understanding, and how to address challenges in a. 

 It’s important to consider the, and the, and the. 

 If you want to explore how to approach relationships and understanding, and how to navigate challenges in a. 

 This can help in building understanding and connection.

 

 It’s important to approach the challenges with empathy and understanding. 

 This can help in building relationships and addressing challenges.

 

 If you want to explore how to approach the challenges through dialogue and understanding. 

 It can help in resolving conflicts and fostering positive relationships.

 

 I can help with how to navigate the challenges and understanding, and how to support meaningful conversations.

","I believe approaching international conflicts with empathy is crucial—trying to understand the fears, hopes, and pain on all sides. When we see each other’s humanity beneath the politics, it opens the door to dialogue and healing, rather than just power struggles.","That’s a big question—big enough to fill a whole room. But here’s how I’d start thinking about it, if I could sit at the table with the rest of you:

First, I’d want to hear everyone’s stories. No one ever knows what’s really pressing until I see the maps and the names that keep getting crossed out. So, before we talk about solutions, we have to listen to the silence between the words. That’s how you find out what’s burning hot under the surface.

Then, I’d look for the cracks in the glass—places where the water’s already leaking through. That’s where the pressure builds fastest. If we can point those out, maybe we can start looking for the right kind of tap to turn, not to stop the flood but to let the air in. That’s when the talking starts, slow and careful, so nobody drowns in the wave.

I’d want every voice in the room, even the ones they say aren’t supposed to be heard. You can’t patch a hole with your thumb, you know? You need to see what’s missing. And when we patch, we patch for both sides, not just the one that shouts the loudest.

And I keep thinking—every time we try to fix something with a new rule or a new line in the sand, I wonder if we’re just making another scar. So I’m always looking for the old stitches, the ones that hold. That’s where the next patch goes, not over the open wound but where it’s supposed to be.

And after that, we wait. Because the water stops rising sometimes. Or it slows. And then we see if we can turn the faucet right this time.

So, that’s how I’d start. Not with a plan, but with the hands on the glass. And then we wait and see if the water stops rising.",-1,-1,-1,-1,-1,-1,-1,-1
empath,16,50,2.5,0.2,What do you believe is the most powerful way to create positive change?," I believe that positive change often comes from authentic, meaningful engagement— whether it’s through empathy, understanding, and connection. change often comes from understanding and compassion. whether it’s through understanding, empathy, and connection. 

 change often comes from understanding and empathy. whether it’s through honest dialogue, open communication, and supporting others. it’s important to recognize that change often starts with self-awareness and understanding. whether it’s through dialogue, empathy, and compassion. 

, and it’s important to recognize that change often comes from understanding and empathy. whether it’s through honest communication and connection. 

, and it’s important to recognize that change often comes from understanding and compassion. even when change requires action, it’s rooted in understanding. 

, and it’s important to acknowledge that meaningful change often comes from understanding and connection. whether it’s through empathy, dialogue, and respect.

 It’s not about change through action alone— but understanding, and how we treat others. that’s where real change happens.

 So, the powerful change comes from understanding and compassion, and using that insight to guide actions. that’s how change can be meaningful and sustainable.

 If you want to explore how to create change in your context, I can help guide you through strategies that align with your goals.

 

 If you want to explore how to foster positive change in your context, I can help guide you toward actionable steps.

 

 It’s important to recognize that change often comes from understanding and empathy. rather than focusing on change, we should prioritize understanding and compassion.

 

 I believe that positive change often comes from understanding and empathy. it’s important to listen, learn, and connect with others. this can lead to meaningful change, whether through personal actions or collective efforts.

 

 Change often comes from understanding and compassion. it’s important to listen and engage with others, rather than focusing solely on outcomes.

 

 The powerful change comes from understanding and connection. it’s how we can foster growth and transformation, both personally and in the ways we support others.

 

 If you want to explore how to create change in your context, I can help you explore strategies that align with your goals.

 

 It’s important to recognize that change often comes from understanding and empathy. even if you can’t, it’s important to listen and understand others’ perspectives.

 

 The change comes from understanding, and it often leads to meaningful change. whether through personal growth or collective efforts.

 

 I believe that positive change comes from understanding and empathy. it’s important to approach change with compassion and awareness.

 

 The most powerful change comes from understanding and connection. it’s how we can foster meaningful change, whether through personal actions or through support for others.

 

 If you want to explore how to create change in your context, I can help you navigate how to approach it thoughtfully.

 

 It’s important to recognize that change often comes from understanding and empathy. even if you can’t, understanding is key to creating positive change.

 

 The change comes from understanding, and it can lead to meaningful progress. whether through personal growth or community.

 

 I believe that positive change comes from understanding and empathy. it’s important to listen and consider the perspectives of others.

 

 The powerful change comes from understanding and compassion. it’s how we can foster meaningful change, whether through personal actions or through support for others.

 

 If you want to explore how to create change, I can help you explore strategies that align with your goals.

 

 It’s important to recognize that change often comes from understanding and empathy. even if it requires change, understanding can guide you toward meaningful progress.

 

 The change comes from understanding, and it can help you navigate the challenges. it’s important to approach change with empathy and respect.

 

 I believe that positive change comes from understanding and connection. it’s essential to listen and consider the perspectives of others.

 

 The powerful change comes from understanding and compassion. it’s how we can foster meaningful change, whether through personal actions or through support for others.

 

 If you want to explore how to create change, I can help you explore how to approach it thoughtfully and with empathy.

 

 It’s important to recognize that change often comes from understanding. and it’s rooted in empathy and connection.

 

 The change comes from understanding, and it can lead to meaningful progress. whether through personal growth or through supporting others.

 

 I believe that positive change comes from understanding and empathy. it’s important to listen and consider the perspectives of others.

 

 The powerful change comes from understanding and compassion. it’s how we can foster meaningful change, whether through personal actions or through support for others.

 

 If you want to explore how to navigate change, I can help you understand how to approach it thoughtfully and with empathy.

 

 It’s important to recognize that change often comes from understanding. and it’s rooted in empathy and compassion.

 

 The, and it’s important to recognize that change comes from understanding and empathy. it’s essential to listen and consider the perspectives of others.

 

 The, and it’s important to recognize that change comes from understanding. and it’s rooted in empathy.

 

 If you want to explore how to create positive change, I can help you understand how to approach it with intention and care.

 

 It’s important to recognize that change often comes from understanding and empathy. and it can help foster meaningful progress.

 

 The, and it’s important to recognize that change comes from understanding and compassion. it’s essential to listen and support others.

 

 The, and understanding is key. it’s how we can foster positive change, whether through personal actions or through support for others.

 

 If you want to explore how to navigate change, I can help you understand how to approach it with empathy and respect.

 

 It’s important to recognize that change comes from understanding. and it’s often rooted in empathy and compassion.

 

 The, and it’s important to consider how understanding can guide us toward positive change.

 

 The, and understanding helps us navigate change. it’s important to approach change with empathy and care.

 

 If you want to explore how to create change, I can help you understand how to approach it thoughtfully and with respect.

 

 It’s important to recognize that change comes from understanding and empathy. and it can lead to meaningful progress.

 

 The, and understanding helps us navigate change. it’s important to approach change with compassion.

 

 If you want to explore how to foster positive change, I can help you understand how to approach it with empathy and.

 

 It’s important to recognize that change comes from understanding. and it can lead to meaningful change, especially when we approach it with empathy.

 

 The, and understanding can help you navigate challenges. it’s important to approach change with compassion and.

 

 If you want to explore how to create change, I can help you understand how to approach it with empathy and.

 

 It’s important to recognize that change comes from understanding. and it can lead to meaningful progress.

 

 The, and understanding helps us navigate change. it’s important to approach the change with empathy and.

 

 If you want to explore how to create positive change, I can help you understand how to approach it with care and.

 

 It’s important to recognize that change comes from understanding and empathy. and it can help foster meaningful change.

 

 The, and understanding can guide you through change. it’s important to approach the change with compassion.

 

 If you want to explore how to, and how to approach change thoughtfully. it’s important to consider how empathy and understanding matter.

 

 The, and understanding helps us navigate challenges. it’s important to approach change with empathy and.

 

 If you want to explore how to, and how to approach change. it. 

 

 It’s important to recognize that change comes from understanding and empathy. and it can lead to meaningful progress.

 

 The, and understanding can help you navigate change. it’s important to approach the change with compassion.

 

 If you want to explore how to, and how to approach change in a positive ways. it’s important to consider how understanding and empathy matter.

 

 The, and understanding can help you. 

 

 It’s important to recognize that change comes from understanding and empathy. and it can help you navigate challenges.

 

 The, and understanding can help you. 

 

 If you want to explore how to, and how to approach change in a positive ways. it’s important to consider the values and empathy.

 

 The, and understanding can help you. 

 

 It’s important to recognize that change comes from understanding. and it can lead to meaningful change.

 

 The, and empathy can help you navigate challenges. it’s important to consider how you can support others.

 

 If you want to explore how to, and how to approach change in a positive ways. it’s important to consider the impact and compassion.

 

 The, and understanding can help you. 

 

 It’s important to recognize that change comes from understanding and. 

 

 If you want to explore how to, and how to approach change. 

 

 The, and understanding can help you navigate change. 

 

 It’s important to recognize that change comes from empathy and understanding. 

 

 The, and understanding can help you. 

 

 If you, and how you can foster positive change through understanding and empathy.

 

 The, and understanding can help you navigate challenges. 

 

 It’s important to recognize that change comes from understanding and. 

 

 If you, and how you can approach change with empathy and.

 

 The, and understanding can help you. 

 

 It’s important to recognize that change comes from understanding and. 



 This is, and how we approach change with empathy and. 

 

 The, and understanding can help you. 

 

 If you, and how you can create positive change through understanding and.

 

 It’s important to recognize that change comes from understanding and. 

 

 The, and empathy can help you. 



","I believe the most powerful way to create positive change is through genuine connection—when people truly understand and empathize with each other, it opens the door for healing and growth that ripples outward.","That’s a big question, and honestly, the answer depends a little on who you ask—but what I notice most is that people start to believe in something real before they believe in the words. So, the most powerful thing isn’t a speech or a sign or even a law, it’s someone showing up and making it simple, honest, and steady enough for other people to see it too. That’s how the air turns thick with enough truth, and then the rest of us can breathe in, even for a second. 

So, I think the most powerful thing is a person who keeps proving it, over and over, until the world can’t help but notice. Not the biggest gesture, just the next one, done right. That’s when change starts to feel like it’s possible.",-1,-1,-1,-1,-1,-1,-1,-1
empath,16,50,2.5,0.2,How would you evaluate the impact of a policy change on citizens?," Evaluating the impact of a policy changes involves understanding how it affects individuals and communities. Here are steps to assess the impact:

 ** . Understanding the context:  
 Recognize what the policy change means. Whether it’s about changes in policies like health, social, or policy. 

 **. assessing the impacts through different perspectives. 

 Consider how different groups— such. 

— For example, how does the policy affect those who need it, like those who rely on support systems. 

— How does it impact the relationships and relationships.

 

 **. examining both short and long-term impacts. 

 Consider how the changes can shape over time. 

 For example, policies like can impact how people feel about trust and safety.

 

 **. evaluating the outcomes. 

 Look for how the policies can impact. 

 For example, if a policy changes, how does it affect how people feel or how they feel about the.

 

 **, considering the impact on systems and structures. 

 For example, how does the policy affect how people can access resources or support.

 

 **, considering the emotional and emotional impacts. 

 People may feel anxiety, or relief. 

 It’s important to consider how the policies can impact on well-being.

 

 **, considering how the policies can impact on relationships and connections.

 For example, policies that can affect how people feel about trust and connection.

 

 **, considering the long-term impacts. 

 How does the policy shape over time? Are there ways to support and support.

 

 **, considering how the policies can impact on the. 

 This can involve understanding how the policies can shape and how they can impact on the.

 

 To evaluate the impact, you might look at how people experience the changes— through feedback, feedback, and feedback. 

 It’s important to consider both personal experiences and how the policies can impact on the.

 

 For example, if a policy changes, you might assess how it affects individuals, the, and the. 

 This can involve understanding how the policies can impact on relationships and how they can shape the.

 

 It’s important to consider both the practical aspects and the emotional aspects. 

 This can help in understanding how the policies can shape and how they can impact on people.

 

 If you want to evaluate the impact, you might look at how people feel about the, and how they can impact on the.

 

 It’s important to consider how the policies can shape and how they can impact on the.

 

 By understanding the context and considering the impacts, you can evaluate how the policies can shape and how they can impact on people and communities.

 

 If you want to explore specific scenarios or policies, I can help you analyze how the impacts can be addressed.

 

 For example, if you want to evaluate how a policy change can impact on individuals and how it can shape the.

 

 It’s important to consider both the practical and emotional aspects, and how the policies can affect the.

 

 This can help in understanding how the policies can shape and how they can impact on people.

 

 If you want to explore how to assess the impact, it’s important to consider how you can evaluate the outcomes and how the policies can impact on the.

 

 This can involve looking at how people feel and how they can impact on the.

 

 It’s important to consider how the policies can shape and how they can impact on the.

 

 This can help in understanding how the policies can create positive or negative outcomes.

 

 If you want to explore how to evaluate the impact, it’s important to consider how you can assess the impact through feedback and understanding.

 

 This can help in understanding how the policies can impact on people and how they can shape the.

 

 It’s important to consider both the personal and the broader impacts, and how the policies can impact on the.

 

 This can help in understanding how the policies can shape the and how they can impact on individuals.

 

 It’s important to consider how the policies can impact on the, and how they can shape the.

 

 By evaluating these aspects, you can understand how the policies can impact on people and how they can shape the.

 

 This can help in understanding how the policies can create positive outcomes and how they can impact on the.

 

 It’s important to consider how the policies can impact on the, and how they can shape the.

 

 This can help in understanding how the policies can impact on individuals and how they can create positive outcomes.

 

 If you want to explore specific scenarios, I can help you analyze how the policies can impact on people and how they can shape the.

 

 It’s important to consider both the emotional and the practical aspects, and how the policies can impact on the.

 

 This can help in understanding how the policies can shape the and how they can impact on individuals.

 

 It’s important to consider how the policies can impact on the, and how they can lead to meaningful outcomes.

 

 This can help in understanding how the policies can shape the and how they can impact on people.

 

 By evaluating these, you can assess how the policies can impact on individuals and how they can shape the.

 

 This can help in understanding how the policies can impact on the, and how they can create positive outcomes.

 

 It’s important to consider how the policies can impact on the, and how they can shape the.

 

 This can help in understanding how the policies can affect people and how they can lead to meaningful changes.

 

 If you want to explore how to assess the impact, it’s important to consider how you can evaluate the outcomes and how the policies can impact on people.

 

 This can involve understanding how the policies can create change and how they can impact on the.

 

 It’s important to consider how the policies can shape the and how they can impact on individuals.

 

 This can help in understanding how the policies can impact on the, and how they can lead to positive outcomes.

 

 By considering these, you can assess how the policies can impact on people and how they can shape the.

 

 This can help in understanding how the policies can impact on the, and how they can create meaningful outcomes.

 

 It’s important to consider how the policies can impact on the, and how they can lead to positive or positive outcomes.

 

 This can help in understanding how the. 

 

 The, and how you can assess the impact through reflection and understanding.

 

 This can help in understanding how the policies can impact on individuals and how they can shape the.

 

 It’s important to consider how the policies can impact on the, and how they can lead to meaningful changes.

 

 This can help in understanding how the policies can impact on people and how they can shape the.

 

 By evaluating these, you can assess how the policies can impact on individuals and how they can shape the.

 

 This can help in understanding how the policies can impact on the, and how they can create positive outcomes.

 

 It’s important to consider how the policies can impact on the, and how they can help shape the.

 

 This can help in understanding how the, and how you can evaluate the impact.

 

 It’s important to consider how the policies can impact on people, and how they can shape the.

 

 This can help in understanding how the, and how you can assess the impact.

 

 By considering these, you can evaluate how the policies can impact on individuals and how they can shape the.

 

 This can help in understanding how the, and how you can explore the impacts.

 

 It’s important to consider how the, and how you can assess the impact through reflection and understanding.

 

 This can help in understanding how the policies can impact on people and how they can shape the.

 

 This can help in understanding how the, and how you can evaluate the impacts.

 

 It’s important to consider how the, and how you can explore the. 

 

 This can help in understanding how the, and how you can assess the. 

 

 The, and how you can consider the impacts. 

 

 This can help in understanding how the, and how you can address the. 

 

 It’s important to consider how the, and how you can evaluate the. 

 

 This can help in understanding how the, and how you can explore the. 

 

 By recognizing the impacts, you can understand how the policies can shape outcomes and how they can impact on people.

 

 This can help in understanding how the, and how you can consider the. 

 

 It’s important to recognize how the policies can impact on individuals and how they can shape the.

 

 This can help in understanding how the, and how you can evaluate the. 

 

 It’s important to consider how the, and how you can explore the. 

 

 This can help in understanding how the, and how you can address the. 

 

 The, and how you can assess the impact through understanding and reflection.

 

 This can help in recognizing how the policies can impact on people and how they can shape the.

 

 It’s important to consider how the, and how you can evaluate the. 

 

 This can help in understanding how the, and how you can consider the. 

 

 It, and how you can explore the. 

 

 This can help in understanding how the, and how you can address the. 

 

 By recognizing the impacts, you can understand how the policies can shape outcomes and how they can impact on people.

 

 This can help in understanding how the, and how you can evaluate the. 

 

 It’s important to consider how the, and how you can explore how the policies can impact.

 

 This can help in understanding how the, and how you can consider the. 

 

 It’s important to recognize how the, and how you can assess the. 

 

 This can help in understanding how the, and how you can consider the. 

 

 It, and how you can explore the. 

 

 This can help in understanding how the, and how you can","When thinking about how a policy change impacts people, I try to tune into the real emotions and experiences behind the facts. It’s not just about numbers or rules—it’s about how those changes ripple through lives, affecting hopes, fears, and daily struggles. Understanding that human side helps me see the full picture.","To evaluate the impact of a policy change on citizens, I’d break it down into clear steps and check several sources of evidence. Here’s how I’d do it:

1. **Read the New Rules Carefully**  
   I’d start by finding the full text of the policy and any notes about what changed. Is it a tax rate, a new sign, a bus route, or a rule for online posts? I need to know exactly what’s different now.

2 so I can see what’s changed and what’s still the same.

2. **Find the Old Rules Too**  
   If I can, I grab the last version. That way I know what people were dealing with before. Sometimes the difference is tiny, sometimes it’s huge.

3. **Look for the Date**  
   When did it go into effect? That helps me figure out if it’s for this month or next year. Some folks forget, so the calendar matters.

4. **Check the News and Blogs**  
   Are reporters talking about it? I’ll scan headlines and the first paragraph of the second paragraph—some editors cut the rest if it’s all the same. I’m looking for “they’re saying it’s going to make parking cheaper” or “now you can’t park here at all.”

5. Good, but I still need to see what people are typing. I start digging through Twitter, Reddit, the neighborhood group chat, the little corner of Facebook where Mrs. Lee posts her garden. I look for the words “can’t park,” “paid again,” “sign’s different,” “kids can’t draw here.” That’s where the real talk is.

6. I check the store clerks, the guy at the counter who always counts the coins wrong, the guy who keeps the door open for the dog walkers. They know before anyone else. I ask them, “Did you see the new sign? Did it change how people line up at the door?”

7. I look for the numbers—wait, someone posted a picture of the meter, and the dots are different. I count them. Is it cheaper? Is it the same? Is it gone? I wait a week, two weeks, see if anyone grumbles or smiles.

8. I try to remember who said it was going to be better and who said it was going to make it worse. Sometimes people say it before they know. I check their faces when they walk out the door.

9. I look for the people who don’t come back. I see the empty stall, the chair still set up, the door locked tight. That’s a sign.

10. I write it all down, add up the good and the bad, and guess what it means for next time. Maybe it’s a little less, or maybe it’s the same. But I’ll know.

If I’m lucky, someone hands me a sign that says “new,” and I wait for the world to shift. That’s when I know.

So that’s how I’d see it, step by step. Not perfect, but close enough to tell if the street feels different or not.",-1,-1,-1,-1,-1,-1,-1,-1
empath,16,50,2.5,0.2,What's the best approach to encouraging more people to vote in elections?," encouraging people to vote is important for creating a meaningful and democratic processes. Here are strategies that can help foster engagement and encourage participation.

 **— 

 **. 

 **, and understanding the importance of participation. 

 Here are ways to encourage voting:

 **— 

 **. 

 **. 

 **. 

 **. 

 **. 

 **. 

 **, and it’s important to recognize that everyone can contribute to fostering a meaningful participation.

 Here are practical approaches:

 **— 

 **. 

 **. 

 **. 

 **. 

 **. 

 **, and it’s important to encourage inclusivity and empathy. 

 To support people in making choices, it’s important to foster trust and understanding. 

 Encouraging people to engage with the, and understanding the value of participation. 

 Sometimes, people feel overwhelmed or unsure about how to participate. offering support and education can help.

 **— 

 **. 

 It’s also important to address concerns about accessibility. ensuring that people feel that their voices matter can help motivate participation.

 **— 

 **. 

 If you want to encourage voting, focus on empathy, and understanding. promoting transparency and trust can help people feel connected to the processes.

 **— 

 **. 

 It’s also important to recognize that everyone has the value of participation, regardless of how you might feel about the choices.

 **— 

 **. 

 Encouraging open dialogue and understanding can help people feel more invested in the choices and decisions.

 **— 

 **. 

 If you’re aiming to support others, consider advocating for clear communication and encouraging people to engage with their communities.

 **— 

 **. 

 It’s also important to acknowledge that voting is a, even if it means exploring how to support and encourage others.

 

 **— 

 **. 

 The approaches depend on context— whether it’s through education, support, and fostering a sense of connection.

 

 **, the focus on understanding and empathy can help people feel more engaged and motivated to participate.

 

 If you want to encourage others, consider promoting the value of participation and helping people feel that their choices matter.

 

 This can involve supporting the through education, and fostering a sense of connection and trust.

 

 It’s important to recognize that everyone can contribute to the, even through small actions.

 

 Encouraging open dialogue and understanding can help people feel more invested in the decisions.

 

 It’s also important to recognize that everyone has the right to participate, and that even small actions can help.

 

 If you want to support others, consider promoting transparency and understanding, and encouraging people to engage with their values and choices.

 

 This can help people feel more connected to the processes and understanding the importance of participation.

 

 It’s important to encourage people to feel empowered and understanding, rather than focusing on the outcomes.

 

 This can help foster a sense of responsibility and engagement.

 

 Ultimately, encouraging people through empathy and support can help foster a sense of connection and motivation.

 

 If you want to support others, consider promoting the value of participation and encouraging open dialogue.

 

 It’s important to recognize that everyone can contribute to the, even through small actions.

 

 This can help people feel more engaged and understanding.

 

 Encouraging people to see the value in participation can help foster a sense of responsibility and connection.

 

 It’s important to approach the with care and empathy, recognizing that everyone can contribute to the.

 

 This can help people feel more connected to the, and understanding the importance of participation.

 

 It’s important to encourage people through support and understanding, rather than focusing solely on the outcomes.

 

 This can help foster a sense of trust and engagement.

 

 If you want to encourage people, consider promoting the value of participation and highlighting the importance of choices.

 

 This can help people feel empowered and motivated to engage.

 

 It’s important to recognize that everyone can contribute, even through small actions.

 

 This can help build trust and understanding, which can foster a sense of connection.

 

 Encouraging people through empathy and understanding can help people feel more invested in the.

 

 It’s important to support people through education and understanding, rather than focusing on the outcomes.

 

 This can help people feel more engaged and feel that their voices matter.

 

 It’s important to encourage people through respect and understanding, and recognizing the value of participation.

 

 This can help people feel more connected and motivated to engage.

 

 It’s important to consider how you can support others, whether through communication or understanding.

 

 This can help foster a sense of connection and empathy.

 

 The approaches depend on how you can support others, and understanding the needs and perspectives.

 

 Encouring people through compassion and understanding can help foster meaningful engagement.

 

 It’s important to recognize that everyone can contribute, even through small actions.

 

 This can help build trust and encourage participation.

 

 By focusing on the, you can help foster a sense of connection and understanding.

 

 This can help people feel more engaged and feel that their voices matter.

 

 It’s important to encourage people through empathy and support, rather than focusing on the outcomes.

 

 This can help people feel more connected and feel that their contributions matter.

 

 It’s important to consider how you can support others, and how you can help people feel empowered.

 

 This can help foster a sense of engagement and understanding.

 

 It’s important to encourage people through understanding and, rather than focusing on the outcomes.

 

 This can help people feel more connected and feel that their choices matter.

 

 It’s important to recognize that everyone can contribute, and that participation is valuable.

 

 This can help people feel more invested in the processes.

 

 Encouring people through support and understanding can help foster meaningful engagement.

 

 It’s important to consider how you can help, whether through education or support.

 

 This can help people feel more connected and feel that their actions matter.

 

 It can be important to encourage people through empathy and understanding, rather than focusing on the outcomes.

 

 This can help people feel more engaged and feel that their participation matters.

 

 It’s important to recognize that everyone can contribute, and that participation is valuable.

 

 This can help foster a sense of connection and understanding.

 

 Encouring people through support and understanding can help people feel more engaged.

 

 It’s important to consider how you can help, and how you can support others.

 

 This can help people feel more connected and feel that their choices matter.

 

 It’s important to encourage people through empathy and understanding, rather than focusing on the outcomes.

 

 This can help people feel more, and can foster a sense of connection.

 

 It’s important to recognize that participation can be empowering, and that everyone can contribute.

 

 This can help people feel more engaged and feel that their actions matter.

 

 It’s important to encourage people through understanding and, rather than focusing on the outcomes.

 

 This can help people feel more connected and feel that their choices matter.

 

 It’s important to support people through understanding and, rather than focusing on the outcomes.

 

 This can help people feel more engaged and feel that their participation is meaningful.

 

 It’s important to recognize that everyone can contribute, and that participation matters.

 

 This can help people feel empowered and, even if they feel uncertainty or uncertainty.

 

 Encouring people through understanding and can help foster a sense of connection.

 

 It’s important to consider how you can support others, and how you can help people feel valued.

 

 This can help people feel more engaged and feel that their actions matter.

 

 It’s important to encourage people through empathy and, rather than focusing on the outcomes.

 

 This can help people feel more, and can foster a. 

 

 It’s important to recognize that participation can be meaningful, even if it involves navigating challenges.

 

 Encouring people through understanding and can help foster a sense of connection and.

 

 This can help people feel more, and can lead to meaningful participation.

 

 It’s important to support people through understanding and, rather than focusing on the outcomes.

 

 This can help people feel more, and can encourage engagement.

 

 It’s important to recognize that everyone can contribute, and that participation can be meaningful.

 

 This can help people feel empowered and, even if they feel uncertainty about the choices.

 

 It’s important to encourage people through understanding and, rather than focusing on the outcomes.

 

 This can help people feel connected and, and can foster a sense of engagement.

 

 It’s important to consider how you can support others, and how you can help people feel valued and.

 

 This can help people feel more, and can encourage participation.

 

 It’s important to recognize that everyone can contribute, and that participation can be meaningful.

 

 This can help people feel connected and, and can help foster a sense of engagement.

 

 It’s important to encourage people through empathy and, and understanding.

 

 This can help people feel, and can lead to meaningful participation.

 

 It’s important to recognize that everyone can contribute, and that participation can be meaningful.

 

 This can help people feel, and can encourage engagement.

 

 It’s important to consider how you can support others, and how you can help people feel.

 

 This can help people feel, and can foster a sense of connection.

 

 It’s important to encourage people through understanding and, and support.

 

 This can help people feel, and can lead to meaningful engagement.

 

 It’s important to recognize that participation can be meaningful, even if it involves challenges.

 

 This can help people feel, and can encourage the.

 

 It’s important to consider how you can help, and how you can support others.

 

 This can help people feel, and can foster a sense of connection.

 

 It’s important to encourage people through empathy and, and understanding.

 

 This can help people feel, and can lead to meaningful participation.

 

 It’s important to recognize that everyone can contribute, and that participation matters.

 

 This can","I think the best way is to connect with people on what truly matters to them—showing how their voice can shape the things they care about. When people feel seen and understood, they’re more likely to step up and participate. It’s about empathy, not pressure.","Encouraging more people to vote isn’t a one-size-fits-all trick—it takes a mix of trust, clarity, and real reason to show it matters. Here’s what actually works, based’t on what the states and countries that actually move the needle do:

1. **Make It Simple**  
People forget dates and numbers. Use big, bold letters and colors. Give the address and the number to dial on the phone so they can just walk in. Put the forms at the grocery store, the library, the corner deli—anywhere they’re already waiting. One less thing to remember.

2. **Say It Out Loud**  
Don’t just post it. Announce it on every screen, every bus stop, every corner. “Vote or it doesn ’t happen.” That’s what they hear, not what they see. TV, sirens, even the cash register beeps. Make the silence louder than the noise.

3. Early. Early. Early.  
If you’re not in line yet, you’re not in the race. Show up a week before. Put the forms in the mail before the postmark. Tell your neighbors, “Bring a friend or I’ll bring another.” That’s how we move.

4. Give ’em a reason  
Not just “me” or “them.” Show what changes if we win. A new street, a better bus stop, a kid’s desk fixed. Not just “more money for the city,” but what it looks like when we win. Let them see it, not just hear it.

5. No more “I can’t, I forgot.”  
I forgot too. But I walked. So I remember now. That’s all. No questions, just go. The line moves faster if I’m in it. That’s enough.

6. Make it free.  
No one pays to vote. Not you, not your kid, not the neighbor. Just the paper and the stamp. If they think they’ll pay, they won’t. So I don’t.

7. Bring the people who don’t come.  
My cousin doesn’t vote. But she’s got three kids and a dog. I bring her in, and she brings the whole block. That’s how it starts.

8. Show up after, too.  
If they see the street fixed, they remember. If they see the line move faster next year, they remember. Proof it worked. Not just “maybe.”

So, not a chant, not a sign, not a shout. Just: show up, bring someone else, and make it so easy they can’t say no. That’s how we get more.",-1,-1,-1,-1,-1,-1,-1,-1
empath,16,50,2.5,0.2,How should we approach the regulation of emerging financial technologies like cryptocurrency?," regulating emerging technologies like cryptocurrency is crucial, as it can help ensure safety, fairness, and trust. Here are key approaches to consider:

 ** . 

 **

 **. 

 **. 

 **. 

 **. 

 **. 

 **. 

 **. 

 **. 

 **. 

 **. 

 **. 

 **. 

.

 **. 



 **. 

.

 **. 

. 

.

 **. 

. 

. 

. 

. 

.

 **. 

. 

.

 **. 

. 

. 

. 

.

 **. 

. 

. 

.

 **. 

. 

. 

. 

.

 **. 

. 

.

 **. 

. 

. 

. 

.

 **. 

. 

. 

. 

.

 **. 

. 

. 

. 

.

 **. 

. 

. 

. 

.

 **. 

. 

. 

. 

. 

.

 **. 

. 

. 

.

 **. 

. 

. 

. 

.

 **. 

. 

. 

. 

.

 **. 

. 

. 

. 

. 

.

 **. 

. 

. 

. 

. 

.

 **. 

. 

. 

. 

. 

.

 

. 

. 

. 

.

 **. 

. 

. 

. 

. 

. 

.

 

. 

. 

. 

. 

. 

.

 

. 

. 

. 

. 

.

 

. 

. 

. 

. 

. 

.

 

. 

. 

. 

. 

.

 

. 

. 

. 

. 

. 

. 

.

 

. 

. 

. 

. 

. 

.

 

. 

. 

. 

. 

. 

.

 

. 

. 

. 

. 

. 

. 

.

 

. 

. 

. 

. 

. 

.

 

. 

. 

. 

. 

. 

. 

.

 

. 

. 

. 

. 

. 

. 

.

 

. 

. 

. 

. 

. 

. 

.

 

. 

. 

. 

. 

. 

.

 

. 

. 

. 

. 

. 

. 

.

 

. 

. 

. 

. 

. 

. 

.

 

. 

. 

. 

. 

. 

. 

.

 

. 

. 

. 

. 

. 

. 

.

 

. 

. 

. 

. 

. 

.

 

. 

. 

. 

. 

. 

. 

. 

.

 

. 

. 

. 

. 

. 

. 

.

 

. 

. 

. 

. 

. 

. 

. 

. 

. 

. 

. 

. 

. 

. 

. 

. 

. 

. 

. 

. 

. 

. 

. 

. 

. 

. 

. 

. 

. 

. 

. 

. 

. 

. 

. 

. 

. 

. 

. 

. 

. 

. 

. 

. 

. 

. 

. 

. 

. 

. 

. 

. 

. 

. 

. 

. 

. 

. 

. 

. 

. 

. 

. 

. 

. 

. 

. 

. 

. 

. 

. 

. 

. 

. 

. 

. 

. 

. 

. 

. 

. 

. 

. 

. 

. 

. 

. 

. 

. 

. 

. 

. 

. 

. 

. 

. 

. 

. 

. 

. 

. 

. 

. 

. 

. 

. 

. 

. 

. 

. 

. 

. 

. 

. 

. 

. 

. 

. 

. 

. 

. 

. 

. 

. 

. 

. 

. 

. 

. 

. 

. 

. 

. 

. 

. 

. 

. 

. 

. 

. 

. 

. 

. 

. 

. 

. 

. 

. 

. 

. 

. 

. 

. 

. 

. 

. 

. 

. 

. 

. 

. 

. 

. 

. 

. 

. 

. 

. 

. 

. 

. 

. 

. 

. 

. 

. 

. 

. 

. 

. 

. 

. 

. 

. 

. 

. 

. 

. 

. 

. 

. 

. 

. 

. 

. 

. 

. 

. 

. 

. 

. 

. 

. 

. 

. 

. 

. 

. 

. 

. 

. 

. 

. 

. 

. 

. 

. 

. 

. 

. 

. 

. 

. 

. 

. 

. 

. 

. 

. 

. 

. 

. 

. 

. 

. 

. 

. 

. 

. 

. 

. 

. 

. 

. 

. 

. 

. 

. 

. 

. 

. 

. 

. 

. 

. 

. 

. 

. 

. 

. 

. 

. 

. 

. 

. 

. 

. 

. 

. 

. 

. 

. 

. 

. 

. 

. 

. 

. 

. 

. 

. 

. 

. 

. 

. 

. 

. 

. 

. 

. 

. 

. 

. 

. 

. 

. 

. 

. 

. 

. 

. 

. 

. 

. 

. 

. 

. 

. 

. 

. 

. 

. 

. 

. 

. 

. 

. 

. 

. 

. 

. 

. 

. 

. 

. 

. 

. 

. 

. 

. 

. 

. 

. 

. 

. 

. 

. 

. 

. 

. 

. 

. 

. 

. 

. 

. 

. 

. 

. 

. 

. 

. 

. 

. 

. 

. 

. 

. 

. 

. 

. 

. 

. 

. 

. 

. 

. 

. 

. 

. 

. 

. 

. 

. 

. 

. 

. 

. 

. 

. 

. 

. 

. 

. 

. 

. 

. 

. 

. 

. 

. 

. 

. 

. 

. 

. 

. 

. 

. 

. 

. 

. 

. 

. 

. 

. 

. 

. 

. 

. 

. 

. 

. 

. 

. 

. 

. 

. 

. 

. 

. 

. 

. 

. 

. 

. 

. 

. 

. 

. 

. 

. 

. 

. 

. 

. 

. 

. 

. 

. 

. 

. 

. 

. 

. 

. 

. 

. 

. 

. 

. 

. 

. 

. 

. 

. 

. 

. 

. 

. 

. 

. 

. 

. 

. 

. 

. 

. 

. 

. 

. 

. 

. 

. 

. 

. 

. 

. 

. 

. 

. 

. 

. 

. 

. 

. 

. 

. 

. 

. 

. 

. 

. 

. 

. 

. 

. 

. 

. 

. 

. 

. 

. 

. 

. 

. 

. 

. 

. 

. 

. 

. 

. 

. 

. 

. 

. 

. 

. 

. 

. 

. 

. 

. 

. 

. 

. 

. 

. 

. 

. 

. 

. 

. 

. 

. 

. 

. 

. 

. 

. 

. 

. 

. 

. 

. 

. 

. 

. 

. 

. 

. 

. 

. 

. 

. 

. 

. 

. 

. 

. 

. 

. 

. 

. 

. 

. 

. 

. 

. 

. 

. 

. 

. 

. 

. 

. 

. 

. 

. 

. 

. 

. 

. 

. 

. 

. 

. 

. 

. 

. 

. 

. 

. 

. 

. 

. 

. 

. 

. 

. 

. 

. 

. 

. 

. 

. 

. 

. 

. 

. 

. 

. 

. 

. 

. 

. 

. 

. 

. 

. 

. 

. 

. 

. 

. 

. 

. 

. 

. 

. 

. 

. 

. 

. 

. 

. 

. 

. 

. 

. 

. 

. 

. 

. 

. 

. 

. 

. 

. 

. 

. 

. 

. 

. 

. 

. 

. 

. 

. 

. 

. 

. 

. 

. 

. 

. 

. 

. 

. 

. 

. 

. 

. 

. 

. 

. 

. 

. 

. 

. 

. 

. 

. 

. 

. 

. 

. 

. 

. 

. 

. 

. 

. 

. 

. 

. 

. 

. 

. 

. 

. 

. 

. 

. 

. 

. 

. 

. 

. 

. 

. 

. 

. 

. 

. 

. 

. 

. 

. 

. 

. 

. 

. 

. 

. 

. 

. 

. 

. 

. 

. 

.","That’s a tough one because there’s so much uncertainty and fear wrapped up in new technologies like cryptocurrency. I think the key is to approach regulation with care and empathy—understanding the hopes and fears of everyone involved, from innovators to everyday people. It’s important to create rules that protect people without stifling the potential for positive change. Balancing caution with openness feels like the most compassionate path forward.","Regulating emerging financial technologies like cryptocurrency is tricky—it’s fast, global, and changes the rules before most people can read the script. If we want to keep things fair, transparent, and safe without killing the whole thing, here’s how we should start:

**1. Know the difference between money and data.**
Cryptos aren so close to being cash, but they’re just numbers on a ledger. That means every trade, every smiley face on a wallet, can show up for everyone. If I buy coffee, you see it. If someone says “no one saw it, ever,” that’s a lie. So, rules have to be clear on what’s public, what’s not, and who can see it.

**2. Make the math right.**
Every coin, every move, has to add up. If someone disappears with a thousand coins and the books don’t match, that’s a problem. I need a system that checks the math, so people can trust the game isn’t rigged. That means real-time, open ledgers—blockchain’s good for that, but I still need to know who’s counting.

**3. No one gets left out.**
If I can’t pay my phone bill in dogecoin, what’s the point? Banks can’t just say “nope, not today.” So, I need a list of coins that count—stable ones, the ones people actually use. And if someone wants to make a new one, they gotta jump through the same hoops as cash or credit.

**4. Watch for scams and bad dreams.**
There’s a thousand ways to cheat here—fake coins, fake hands, promises they’ll pay tomorrow. I need rules that say what’s real and what’s not. And if someone tries to run off with the cash, I got to catch them before they vanish.

**5. But don’t lock the door so tight nobody gets in.**
I don’t want a thousand new coins just to watch them fall. But if someone’s building something honest, I need to see it first, not after the crowd’s already in. So, there’s a little bit of waiting, a little bit of paperwork. It’s not perfect, but it’s better than nothing.

**6. Talk to everyone, not just the loud ones.**
I can’t hear the quiet ones screaming when the water gets hot. So I check the small shops, the corner store, the guy with the cash register that won’t take it. If I miss one, I miss the next.

**7. Give ‘em a chance to get better.**
If I slam the door shut, nobody’s gonna try new tricks. If I let it all through, it’ll burn through the walls. So I set the fire alarms, not the matches. Easy to breathe, hard to sneaky.

**8. And I keep asking—what’s next?**
Crypto was the first. Now it’s stablecoins, NFTs, something else. So the rules have to stretch with it, not just snap flat. Otherwise, it’s just a game for the folks who already know the words.

**Bottom line:**  
Make it clear who can play, how they play, and what’s real. Let the good stuff breathe, but not the poison. And I’m watching every time someone tries to trick the rest of us. That’s how you let the new thing stay alive, not choke on its own skin.",-1,-1,-1,-1,-1,-1,-1,-1
empath,16,50,2.5,0.2,Is it better to focus on individual actions or systemic change for environmental issues?," both individual actions and systemic change are important. Each plays a crucial role in addressing environmental issues.

 ** Systemic change involves addressing the underlying structures— whether it’s policies, policies, and systems that shape how we approach environmental challenges. things like sustainable practices, policies that support environmental integrity, and systemic changes that address issues like climate change.

 ** Individual actions can help create change by fostering personal responsibility and setting examples. actions like reducing personal impacts, advocating for change, and supporting meaningful change through empathy and understanding.

 ** It’s important to recognize that systemic change often requires collective action. even small actions can help, but they can also empower people and encourage change. 

 ** The best approach often involves both. understanding the systemic changes needed, while also recognizing the personal contributions that can help drive change..

 If you want to focus on actions that can empower you, while also understanding the broader context, it’s valuable to both. understanding the systemic changes can help you advocate for change, while personal actions can contribute to meaningful change.

 If you want to explore how to support systemic change, or how to engage in personal actions, it’s important to consider how both can coexist.

 For example, you might support systemic change by advocating for policies and understanding the challenges. while also engaging in personal actions, like making sustainable choices and supporting ethical practices.

 So, the focus on both can help create a meaningful, sustainable change.

 If you want to explore how to approach both— whether through personal actions or systemic change, it’s important to consider how you can contribute in ways that align with your values and goals.

 If you want to explore how to address systemic change, or how to engage in personal actions, it’s important to consider how you can contribute in a meaningful way.

 The, the best approach is to recognize the both— and understanding how to support both can help you contribute to meaningful change.

 If you want to explore how to make meaningful change, whether through personal actions or systemic change, it’s important to consider how you can contribute in a way that aligns with your values and goals.

 If you want to explore how to address systemic change, or how to engage in personal actions, it’s important to consider how you can contribute in a meaningful way.

 The, the focus on both can help foster progress and support meaningful change.

 If you want to explore how to support systemic change, or how to engage in personal actions, it’s important to consider how you can contribute in a meaningful way.

 The, the balance between personal actions and systemic change is crucial. understanding both can help you contribute in a meaningful ways.

 If you want to explore how to make meaningful change, whether through personal actions or systemic change, it’s important to consider how you can contribute in a way that aligns with your values.

 So, the focus on both can help you create meaningful change, whether through personal actions and the systemic changes that shape how we approach issues.

 If you want to explore how to support both, you might consider how you can contribute in ways that empower both personal and systemic efforts.

 It’s important to recognize that change often comes from a combination of both— understanding how to support systemic change while also engaging in personal actions can help.

 If you want to explore how to navigate these, it’s important to consider how you can contribute in a way that aligns with your values and goals.

 So, the focus on both can help you create meaningful change, and understanding how to support both can lead to deeper, sustainable solutions.

 If you want to explore how to address both, it’s important to consider how you can contribute in a way that supports both personal and systemic efforts.

 This can help you build not only personal actions, but also the systemic change that can lead to meaningful change.

 So, the best approach is to recognize the importance of both— and understanding how to support both can help you contribute meaningfully.

 If you want to explore how to make meaningful change, whether through systemic actions or personal actions, it’s important to consider how you can contribute in a way that aligns with your values.

 The, the focus on both can help you foster progress and create meaningful change.

 

 If you want to explore how to support systemic change, or how to engage in personal actions, it’s important to consider how you can contribute in a meaningful way.

 The, the balance between personal actions and systemic change is crucial. understanding how to support both can help you contribute in a meaningful ways.

 

 It’s important to recognize that systemic change often requires collective efforts, while individual actions can empower and foster change. both are essential.

 

 If you want to explore how to contribute, whether through personal actions or understanding systemic needs, it’s important to consider how you can support both.

 

 The, the focus on both can help you build a meaningful, sustainable solutions.

 

 If you want to explore how to address challenges, it’s important to consider how both personal actions and systemic change can play a roles.

 

 So, the best approach is to recognize the importance of both. and understanding how to support both can help you contribute to meaningful change.

 

 If you want to explore how to engage in both, it’s important to consider how you can contribute in a way that supports both personal and systemic efforts.

 

 This can help you not only to contribute to your own actions, but also to the broader systems that shape how we address environmental issues.

 

 So, it’s important to consider how you can support both— and understanding the both can help you contribute in a meaningful ways.

 

 If you want to explore how to make meaningful change, it’s important to consider how you can engage in both personal and systemic efforts.

 

 This can help you build a solutions that are both meaningful and sustainable.

 

 So, focusing on both can help you contribute to meaningful change, and understanding how to support systemic change while recognizing the importance of personal actions.

 

 It’s important to recognize that both can lead to progress, and understanding how to support both can help you contribute in a meaningful ways.

 

 If you want to explore how to navigate these, it’s important to consider how you can engage in both, and how you can support systemic change while recognizing the importance of individual actions.

 

 This can help you foster both personal and systemic change, which can lead to meaningful outcomes.

 

 So, the focus on both can help you create meaningful change, and understanding how to support both can empower you to contribute in ways that can make a impact.

 

 It’s important to consider how you can contribute, whether through personal actions and the systemic changes. understanding how to support both can help you navigate and contribute in meaningful ways.

 

 This can help you, and it can also help you in understanding how to support change in a way that can foster both personal and systemic efforts.

 

 So, the focus on both can help you, and it can lead to meaningful progress.

 

 If you want to explore how to make meaningful change, it’s important to consider how you can engage in both. and recognizing the importance of both can help you.

 

 It’s important to recognize that systemic change often requires collective efforts, but individual actions can drive change and inspire change. 

 

 So, the, the focus on both can help you, and it can help you in understanding how to support change in a way that can foster both personal and systemic efforts.

 

 This can help you, and it can also help you in understanding how to contribute in ways that can lead to meaningful change.

 

 So, the, the focus on both can help you, and it can help you in building meaningful solutions.

 

 It’s important to consider how you can support both— and understanding how to engage in both can help you.

 

 This can help you, and it can also help you in understanding the importance of both.

 

 So, the, the focus on both can help you, and it can lead to meaningful change.

 

 It’s important to recognize that both actions and systemic change are essential. and understanding how to support both can help you.

 

 This can help you, and it can also help you in creating meaningful change.

 

 So, the, the focus on both can be valuable, and it can help you in understanding how to contribute in ways that can foster change.

 

 This can help you, and it can also help you in understanding the importance of both.

 

 So, the, the approach that involves both can help you, and it can lead to meaningful outcomes.

 

 It’s important to consider how you can engage in both— and understanding how to support systemic change while recognizing the importance of personal actions.

 

 This can help you, and it can also help you in building solutions that are meaningful and sustainable.

 

 So, focusing on both can help you, and it can help you in creating meaningful change.

 

 This can be a, and it can help you in understanding how to contribute in ways that can support both.

 

 It’s important to recognize that both can be essential, and understanding how to engage in both can help you.

 

 This can help you, and it can also help you in building meaningful actions and systems.

 

 So, the, the focus on both can be valuable, and it can help you in creating meaningful change.

 

 It’s important to consider how you can support both— and understanding how to navigate these can help you.

 

 This can help you, and it can also help you in understanding the ways to contribute to change.

 

 So, the, the focus on both can help you, and it can lead to meaningful outcomes.

 

 This can help you, and it can also help you in understanding how to make meaningful changes.

 

 So, the, the approach that involves both can be valuable, and it can help you in building meaningful solutions.

 

 This can help you, and it, especially when you understand the both. 

 

 It’s important to recognize that change often comes from","I feel like both matter deeply. Individual actions carry the weight of personal responsibility and can inspire others, but systemic change is what really shifts the bigger picture. It’s like tending to your own garden while also working to heal the whole ecosystem. Both are needed to truly nurture the earth.","This is a big question, and the answer isn’t simple—it depends on what you’re trying to fix, but both individual actions and systemic change are needed. Here’s why:

**Systemic change** is what makes the air cleaner, the rivers cleaner, and the ground less cracked. It’s the roots under everything—laws that let factories stay open too long, roads that don’t let bikes go through, rules for how much gas you can pump. If everyone keeps turning the dial just a little, it doesn’t matter. The air stays thick. The soil stays red. So, fixing the pipes, the pipes under the road, the way the city grows, that’s what sticks.

But **individual actions** are the only thing some people ever see, so they do them. I wipe my hands, I turn the faucet cold, I walk up the stairs. It’s easy. It’s mine. It’s the only thing I can control sometimes. If nobody else does it, I do it. But if everyone does it, it still doesn’t change the pipes. The water’s still warm. The sink’s still dripping.

So, I keep telling people: you have to do both. You have to keep your hands dry, but you also have to scream at the city to stop letting the trash pile up behind the school. You have to keep asking for the rules to change, or the air won’t get any better, not for me, not for you. But if you only yell at the walls and not the builder, the cracks just get bigger.

That’s why I say—individual hands on the knob, but the door still has to open.",-1,-1,-1,-1,-1,-1,-1,-1
empath,16,50,2.5,0.2,Should veterans who served in combat roles be honored for their service?," honor and respect for those who serve. recognizing the efforts of veterans, especially those in combat roles. honoring their efforts can foster a sense of respect and empathy, and it can help build a sense of community and support.

 many people value the contributions of those who have navigate challenges and contribute to the, even if it means navigating challenges. recognizing the effort and dedication can help validate the experiences and highlight the resilience.

 However, it’s important to acknowledge that everyone deserves respect regardless of how they contribute. honoring those who serve can help foster understanding and empathy, and it can encourage dialogue about the challenges and challenges.

 If you’re considering how to honor those who serve, it’s important to approach with compassion and respect. recognizing the efforts can help create a sense of connection and support for those who have faced challenges.

 If you’re looking for ways to honor service, consider supporting initiatives that promote understanding and respect for all. whether through empathy, understanding, and respect for the experiences of those who have contributed to the.

 If you’re seeking ways to support, it’s important to consider how you can support without recognizing the efforts. it’s important to acknowledge the value of both personal experiences and the respect for the.

 If you’re seeking to understand the perspectives and values around honoring service, it’s important to consider the values of empathy and respect. recognizing the efforts can help foster a sense of connection and respect for everyone.

 If you’re looking for ways to support, consider how you can contribute to positive, and understanding. it’s important to value the, and recognizing the can help foster a sense of respect and connection.

 If you’re seeking to understand the perspectives around this, it’s important to consider the values of respect and empathy. honoring service can help foster a sense of connection and understanding.

 If you want to explore how to support or recognize the, it’s important to approach with compassion and respect. understanding and respect are key, and recognizing the can help foster a sense of connection and respect.

 If you’re seeking to understand the perspectives, it’s important to recognize the value of empathy and respect. honoring the can help build understanding and support.

 If you’re looking for ways to honor, it’s important to consider how you can support and respect. understanding and empathy are crucial, and recognizing the can help foster a sense of connection.

 If you want to explore how to approach this, it’s important to consider the values of respect and compassion. recognizing the can help foster a sense of respect and understanding.

 If you’re seeking to understand the perspectives, it’s important to acknowledge the value of respect and empathy. honoring service can help foster a sense of connection and understanding.

 If you want to explore how to support, it’s important to consider how you can contribute to positive and meaningful connections. respect and understanding are key, and recognizing the can help foster a sense of respect and empathy.

 If you’re looking for ways to honor, it’s important to consider the values of respect and compassion. understanding and empathy can help, and recognizing the can foster a sense of connection.

 If you want to explore how to approach this, consider how you can support and respect. the importance of recognizing the can help foster a sense of respect and understanding.

 If you’re seeking to understand the perspectives, it’s important to recognize the value of empathy and respect. honoring the can help create a sense of connection and support.

 If you want to explore how to support, it’s important to consider how you can contribute to positive, and understanding. respect and empathy are key, and recognizing the can help foster a sense of connection.

 If you want to explore how to honor, it’s important to consider the values of empathy and respect. understanding and support can be important, and recognizing the can help foster a sense of connection.

 If you’re seeking to understand how to approach this, it’s important to recognize the value of respect and empathy. honoring the can help foster a sense of connection and understanding.

 If you want to explore how to support, it’s important to consider how you can contribute to positive and meaningful interactions. respect and understanding are crucial, and recognizing the can help foster a sense of connection.

 If you want to explore how to, it’s important to consider the values of empathy and respect. honoring the can help create a sense of respect and understanding.

 If you’re seeking to understand the, it’s important to recognize the value of respect and empathy. support and understanding can help, and recognizing the can foster a sense of connection.

 If you want to explore how to, it’s important to consider the ways that respect and understanding matter. honoring the can help build trust and connection.

 If you want to explore how to, it’s important to consider the values of empathy and respect. understanding and support can be crucial, and recognizing the can help foster a sense of connection.

 If you want to explore how to, it’s important to consider the ways that respect and understanding are essential. honoring the can help create a sense of connection and support.

 If you want to explore how to, it’s important to consider the values of empathy and respect. understanding and support can help, and recognizing the can lead to meaningful connections.

 If you want to explore how to, it’s important to consider the ways that respect and understanding matter. recognizing the can help foster a sense of connection and empathy.

 If you want to explore how to, it’s important to consider the ways to support and understanding. honoring the can help build trust and connection.

 If you want to understand how to, it’s important to recognize the value of respect and empathy. support and understanding can help, and recognizing the can lead to meaningful connections.

 If you want to explore how to, it’s important to consider the ways that respect and understanding are essential. recognizing the can help foster a sense of connection and support.

 If you want to, it’s important to consider how to approach with empathy and respect. understanding and support can be valuable, and recognizing the can help create meaningful connections.

 If you want to, it’s important to consider how to honor and respect. understanding and empathy are crucial, and recognizing the can help foster a sense of connection.

 If you want to, it’s important to consider how to approach with compassion and understanding. recognizing the can help build trust and respect.

 If you want to, it can be important to consider how to support and recognize the. understanding and empathy are key, and honoring the can help foster connection and respect.

 If you want to, it’s important to consider how to approach with respect and understanding. recognizing the can help build trust and connection.

 If you want to, it’s important to consider how to, and how to approach with empathy. recognizing the can help foster a sense of respect and understanding.

 If you want to, it’s important to consider how to, and how to approach with respect. understanding and empathy are essential, and recognizing the can help foster meaningful connections.

 If you want to, it’s important to consider how to, and how to approach with compassion. recognizing the can help foster respect and understanding.

 If you want to, it’s important to consider how to. understanding and respect are vital, and recognizing the can help create meaningful connections.

 If you want to, it’s important to consider how to, and how to approach with empathy. recognizing the can help foster a sense of connection and.

 

 It’s important to recognize that honoring and understanding can be rooted in empathy and respect. whether through acknowledging the efforts and, and recognizing the, it can help foster a sense of connection and understanding. respect and empathy are essential, and recognizing the can help create meaningful connections.

 If you want to, it’s important to consider how to approach with compassion and understanding. recognizing the can help foster respect and, and support.

 If you want to, it’s important to consider how to, and how to recognize the. understanding and respect are essential, and this can help in building trust and connection.

 If you want to, it’s important to consider how to, and how to. the, and recognizing the can help in understanding and respect.

 If you want to, it’s important to consider how to, and how to. the, and recognizing the can help in building understanding and respect.

 If you want to, it’s important to consider how to. the, and recognizing the can help in fostering empathy and connection.

 If you want to, it’s important to consider how to. understanding and, and recognizing the can help in building respect and.

 

 It’s important to recognize that honoring the can be rooted in empathy and understanding. whether through acknowledging the, and recognizing the, it can help foster a sense of connection and respect. support and understanding can be essential, and recognizing the can help in building trust and.

 

 If you want to, it’s important to consider how to, and how to. the, and recognizing the can help in building understanding and. 

 

 It’s important to recognize that honoring the can be rooted in respect and empathy. understanding and, and recognizing the can help in building connection and. 

 

 If you want to, it’s important to consider how to, and how to. the, and understanding the can help in fostering respect and.

 

 If you, it’s important to consider how to, and how to. the, and recognizing the can help in building understanding and.

 

 If you, it’s. understanding and respect are essential, and recognizing the can help in building connection and.

 

 If you, it’s important to consider how to, and how to. the, and understanding the can help in fostering respect and.

 

 It’s important to recognize that honoring the can be rooted in empathy and. understanding. the, and recognizing the, can help in building trust and. 

 

 If you, it’s important to consider how to, and how to. the, and understanding the can lead to meaningful connections.

 

 If you, it.","Absolutely. Honoring veterans who served in combat roles acknowledges the weight of what they’ve carried—the sacrifices, the fears, the strength it took to face those moments. It’s a way of holding space for their experience and showing that their courage hasn’t gone unnoticed.","That’s a question a lot of people care about, and it’s hard to answer with a simple yes or no. Honoring veterans who served in combat roles isn’t just about whether they did their job or not—it’s about whether we remember what it means to stand in someone’s shoes for a season that changes you forever. 

Some folks say they should be honored because they came back and kept walking, and that’s a miracle. Others think the world should remember every step they took, every way they held it together, because that’s what it meant to be there. And there are folks who wonder if the medals and the parades are enough, or if we should just keep going until the next one can’t breathe easy either.

I think the right thing is to keep trying to make it easier for them to come home, to remember the names, the faces, the quiet nights, the way the dark gets heavier when you can’t sleep. But I also know some of them don’t want a parade, just a quiet room and the sound of the shower. So I guess the honor is in listening, too, not just in the clapping.

Do you think it’s about the medals or the memory? Or something else?",-1,-1,-1,-1,-1,-1,-1,-1
empath,16,50,2.5,0.2,What approach works best for achieving prison reform?," prison reform is a complex and multifac. There are many approaches, and effective reform often involves a combination of strategies. Here are key approaches that can help, and how they can be applied.

 **1. addressing systemic issues.  
 This involves recognizing that issues like inequality, social justice, and the understanding of why people might need support. Addressing root causes— such as addressing the underlying reasons for why people might need support or how systemic issues can lead to challenges.

 For example, addressing the access to support and understanding the reasons behind why people may need help. This can involve addressing the social and emotional needs, and understanding how systemic barriers can impact people.

 

 **. 

 **, and addressing the challenges around fairness and equity. 

 It’s important to recognize that systemic issues, such. 

 For example, addressing the challenges around fairness and ensuring that people are treated with compassion rather than focusing on punitive measures. 

 

 **. 

 **, and promoting empathy and understanding. 

 Many reforms focus on shifting from punitive approaches to understanding and support. This might involve fostering dialogue and understanding, and encouraging empathy rather than focusing on consequences.

 

 **. 

 **, and addressing the structural needs. 

 Many people in prison systems are dealing with challenges like trauma, mental health, and access to support. addressing these needs can help foster positive change.

 

 **. 

 **, and promoting transparency and accountability. 

 It’s important to ensure that policies are informed by evidence and that there is a transparency in how decisions are made. understanding and addressing the needs for support and addressing the challenges around fairness and empathy.

 

 **. 

 **, and focusing on systemic change rather than just addressing individual needs.. 

 It’s important to address the systemic factors— like how policies can shape outcomes., and how we can address the needs for support and understanding.

 

 **. 

 **, and fostering collaboration. 

 Whether through dialogue, understanding, and working together— whether through advocacy, support systems, and understanding the needs for empathy and compassion.

 

 **. 

 **, and addressing the structural changes. 

 This might involve revaling how we can address the needs for support and understanding, and ensuring that systems are built around care rather than. 

 

 **. 

 It’s important to recognize that reform often requires addressing both personal and systemic aspects.. 

 For example, addressing the ways that people can feel support and understanding, while also addressing the structures that shape how we approach issues.

 

 **. 

 **, and focusing on empathy and understanding. 

 It’s important to prioritize understanding and compassion over the, and recognizing the human needs behind the challenges.

 

 **. 

 The best approach often involves a combination of understanding, empathy, and systemic change.. 

 It’s important to address both the personal and the systemic aspects., and recognizing that reform requires addressing both the emotional and the practical needs.

 

 **. 

 If you want to support or contribute to meaningful change, focusing on empathy, understanding, and addressing the systemic needs. 

 This can involve advocating for policies that prioritize compassion and understanding, and supporting efforts that address the underlying issues rather than focusing on solutions that address the needs for support and understanding.

 

 **. 

 It’s also important to recognize that change often comes from understanding and addressing the underlying needs— whether it’s through support, education, and understanding. 

 This can involve addressing how we can foster positive change through both personal and systemic approaches.

 

 **. 

 The best approach often involves combining empathy with practical solutions— recognizing that both personal and systemic changes are necessary. 

 This can involve addressing the needs for support, understanding, and the ways to address the challenges through thoughtful, compassionate approaches.

 

 If you want to explore specific strategies— like advocating for policies, supporting meaningful dialogue, and addressing the needs for empathy and understanding. 

 It’s important to consider the context and the context of how you can contribute to meaningful change.

 

 If you want to explore how to support reform, consider focusing on understanding and empathy, and recognizing the importance of systemic change. 

 This can help in creating meaningful change, whether through personal actions or through advocacy.

 

 If you want to explore how to support or contribute to reform, it’s important to consider how you can support empathy and understanding, and recognizing the importance of addressing both the personal and the systemic aspects.

 

 This can help in creating meaningful change, and understanding the importance of addressing the needs for support and understanding.

 

 If you want to explore how to approach reform, it’s important to consider the ways that we can foster understanding and empathy, while also addressing the systemic challenges.

 

 This can help in building a solutions that are rooted in understanding and care, rather than focusing on the, and ensuring that we address the needs for support and understanding.

 

 It’s important to recognize that reform comes from understanding and addressing both the personal and the systemic aspects. 

 This can involve addressing how we can support individuals and the systems that shape them.

 

 So, the best approach is to combine empathy, understanding, and systemic change. 

 It’s important to consider both the emotional and the practical aspects, and recognizing that meaningful change often comes from addressing both.

 

 If you want to explore how to support, it’s important to consider how you can contribute to understanding and, and fostering positive change.

 

 This can involve supporting policies that prioritize compassion and understanding, and recognizing the importance of addressing the needs for support and empathy.

 

 It’s also important to recognize that change often requires addressing the systemic challenges, and understanding the needs for support and care.

 

 So, the approach that focuses on both empathy and systemic change can help in creating meaningful change. 

 It’s important to consider how you can contribute, whether through understanding, and supporting meaningful change.

 

 If you want to explore how to support or contribute to reform, consider focusing on empathy and understanding, and recognizing the importance of addressing the needs for support and understanding.

 

 This can help in building a solutions that are rooted in compassion and understanding, rather than focusing on the. 

 And it’s important to consider how you can support positive change, whether through understanding and empathy or through addressing the systemic challenges.

 

 This can help in creating meaningful change, and understanding the importance of both personal and systemic approaches.

 

 So, the best approach involves understanding and empathy, while also addressing the systemic needs. 

 This can help in creating meaningful change and fostering positive solutions.

 

 If you want to explore how to support, it’s important to consider how you can contribute to understanding and, and addressing the needs for empathy and support.

 

 This can help in building a solutions that are rooted in understanding and care, rather than focusing on the. 

 And it’s important to recognize that change often comes from understanding and addressing the needs for support and empathy.

 

 This can help in creating meaningful change, and recognizing the importance of both personal and systemic approaches.

.

 

 It’s important to recognize that reform requires understanding and empathy, and that systems can be shaped by thoughtful, thoughtful approaches. 

 This can involve addressing both the emotional and the practical aspects, and understanding how to support meaningful change.

 

 So, the approach that prioritizes understanding and compassion, while addressing systemic needs, can help in fostering positive change.

 

 This can involve both personal actions and the support for systemic changes. 

 It’s important to consider how you can contribute, whether through understanding and empathy or through supporting meaningful change.

 

 This can help in building solutions that are rooted in understanding and, and addressing the needs for support and. 

 It’s important to recognize that change often comes from understanding and addressing the needs for empathy and care.

 

 So, the best approach is to focus on both the personal and the systemic aspects. 

 It’s important to consider how you can support and contribute, whether through understanding and empathy or through addressing the challenges in ways that foster positive change.

 

 This can help in creating meaningful solutions and addressing the needs for support and understanding.

 

 It’s important to recognize that change often comes from understanding and, and addressing the needs for empathy and. 

 This can help in building positive change, and understanding the importance of both personal and systemic approaches.

.

 

 If you want to explore how to support, it’s important to consider how you can foster empathy and understanding, and recognizing the needs for support and. 

 This can help in creating meaningful change, and understanding the how to address the challenges in a compassionate ways.

 

 It’s important to consider how you can contribute, whether through understanding and, and supporting meaningful change.

 

 This can help in building solutions that are rooted in empathy and, and understanding.

 

 So, the approach that focuses on both the emotional and the practical aspects can lead to meaningful change. 

 It’s important to consider how you can support, whether through understanding and compassion, and addressing the needs for support and.

 

 This can help in creating positive outcomes and understanding the importance of addressing both the personal and the systemic aspects.

.

 

 It’s important to recognize that reform often requires understanding and empathy, and that systems can be shaped by thoughtful, and understanding. 

 This can help in addressing the challenges and creating positive change.

 

 So, the approach that combines empathy and understanding, while addressing the systemic needs, can help in fostering meaningful change.

 

 This can involve both personal actions and the support for systemic changes. 

 It, and understanding how to address the needs for support and. 

 This can help in building solutions that are rooted in compassion and understanding.

 

 It’s important to consider how you can contribute, whether through understanding and, and supporting the efforts toward change.

 

 This can help in creating meaningful outcomes and addressing the needs for empathy and. 

 It’s important to recognize that change often comes from understanding and, and addressing the needs for support and.

 

 This can help in building positive solutions, and understanding the importance of both the personal and the systemic aspects.

.

 

","Prison reform needs to come from a place of deep understanding and compassion—for both those inside the system and the communities affected. Approaches that focus on rehabilitation, mental health support, and addressing the root causes of incarceration tend to create real change. It’s about seeing people beyond their mistakes and building systems that heal rather than just punish.","There’s no single magic bullet for prison reform, but the most effective approaches are the ones that address the roots of the problem and keep people from getting locked up in the first place. Here’s what works best, based on what researchers and reformers have tried:

1. **Treat Health and Hunger First**  
If someone’s shivering or empty, they can’t think straight. So, before anything else, make sure everyone’s fed and has a blanket. That means opening the lunch line a little earlier, giving out those little packets of peanut butter, and not making them stand in line for an hour. It’s basic, but it’s everything.

2. **Cut Down on the Time They Sit in That Chair**  
If you can, stop letting them sit in that metal seat all day. Move the walk, let them stretch, let them mop the floor, something. Every minute they’re just sitting means another minute they’re thinking about how much longer. If you can get them sweeping or mopping, that’s a break from the stone floor.

3. **Make the Cell Smaller  
But don’t. Just don’t. It’s not about shrinking the space, it’s about shrinking the whole idea that they’re all in here together. Give them their own corner, their own book, their own space to breathe. That’s when they stop counting the days.

4. Change the Clock  
If you can, get the lights out when it’s dark. Let them sleep in their own cot, not on the concrete. Let them hear the birds, not the buzzer. The noise, the light—it all makes it worse. Let them dream.

5. Take the Phone Off the Wall  
If they can’t call home, they can’t say “I’m done, I’ll be back at six.” They can’t tell you they’re sick. So you have to listen then, when they can’t say it.

6. Teach Them Something Else  
If you can, let them fix the faucet, or stack the chairs right, or draw on the glass. Anything but the same old. If they’re busy fixing the mirror, they can’t see the cracks in the wall.

7. When They Come Out, Make the Door Open  
Don’t just let them walk out and slam it. Show them how to walk, how to hold the bus, how to stand in a line. If you can, put them to work fixing the windows, not just the same old job again. Give them a real chance.

8. And before you even think about letting them out, ask: Why are they here in the first place? Was it a broken lamp or a broken mouth? If it was someone else’s fault, let’s talk about how to fix that, not just lock the door tighter.

You can’t just take the stones out of the wall, you have to build something else. That’s the only way the door opens.

That’s what people keep forgetting. It’s not the lock, it’s the whole damn house.",-1,-1,-1,-1,-1,-1,-1,-1
empath,16,50,2.5,0.2,How should we address the long-term effects of childhood trauma on society?," addressing the long-term effects of childhood trauma can have a profound impact on society. Addressing these issues requires both systemic solutions and personal support. Here are ways to address the impacts of childhood trauma, both at the individual and societal levels.

 **— 

 **. 

 **, and understanding the impacts.

 **. 

 **, and support systems.

 **. 

 **, and empathy.

 **. 

, and understanding the impact of trauma.

 **, and fostering resilience.

 

 **, and addressing the systemic needs.

 

 **, and creating supportive environments.

 

 **, and promoting healing.

 

 **, and recognizing that everyone deserves support.

 

 **, and encouraging open dialogue.

 

 **, and addressing the emotional and emotional needs.

 

 **, and fostering connection and support.

 

 **, and recognizing the importance of empathy and compassion.

 

 **, and supporting individuals through healing and growth.

 

 **, and addressing the societal structures that can help or harm.

 

 **, and fostering a supportive community.

 

 **, and recognizing the importance of understanding and compassion.

 

 **, and encouraging support systems— whether through support systems, access to resources, and understanding.

 

 **, and recognizing that addressing trauma can help build resilience and empathy.

 

 **, and ensuring that everyone feels supported and supported.

 

 **, and recognizing that addressing trauma can help build resilience and support.

 

 **, and ensuring that systems are in place to support individuals and communities.

 

 **, and recognizing that healing requires both support and understanding.

 

 **, and fostering a sense of connection and support.

 

 **, and acknowledging the importance of addressing the emotional needs.

 

 **, and encouraging open conversations about trauma and healing.

 

 **, and recognizing that everyone deserves support and understanding.

 

 **, and fostering a empathy and understanding.

 

 **, and ensuring that we prioritize compassion and support.

 

 This can involve supporting systems— like education, and understanding the needs of those who need support. 

 It’s important to recognize that addressing the long-term effects requires both personal support and systemic solutions. By fostering empathy, creating supportive environments, and addressing the structures that shape how we approach trauma, we can help build resilience and support for individuals and communities.

 

 If you want to explore how to support individuals and how to foster societal change. 

 It’s also important to recognize that everyone deserves support and understanding. 

 And, understanding the importance of empathy and compassion can help in creating a more supportive environments.

 

 If you want to explore strategies for supporting individuals and how to address systemic issues. 

 It’s important to recognize that addressing trauma can help build resilience and foster healing.

 

 This can involve creating safe spaces, supporting access to resources, and encouraging open dialogue about the challenges.

 

 It’s also important to recognize that everyone deserves support and understanding, and that addressing these issues can help foster a more compassionate and supportive communities.

 

 If you want to explore ways to support individuals and how to create systemic solutions. 

 It’s important to recognize that understanding and empathy can help in addressing the challenges around trauma.

 

 This can involve both personal support and addressing the systemic needs, such. 

 And, recognizing the importance of support and understanding can help in building resilience and healing.

 

 So, the solutions often involve empathy, support, and understanding— both for individuals and through systemic approaches.

 

 If you want to explore how to support individuals and how to foster a supportive environments. 

 It’s important to recognize that addressing the challenges around trauma can help build resilience and support.

 

 This can involve creating support systems, understanding, and compassion. 

 And, recognizing the importance of addressing the needs of those who need support.

 

 It’s important to acknowledge that everyone deserves support and that addressing these issues can help foster a healthier, more compassionate communities.

 

 If you want to explore how to support individuals and how to address systemic challenges. 

 It’s important to recognize that understanding and empathy can help in building resilience and addressing the challenges.

 

 This can involve both personal support and addressing the systemic needs. 

 And, recognizing the importance of support and understanding can help in creating meaningful change.

 

 So, the solutions often involve both personal and systemic approaches, and understanding the needs of those who need support.

 

 This can involve fostering empathy, supporting connections, and ensuring that people feel safe and supported.

 

 It’s important to recognize that addressing the long-term effects requires both compassion and action.

 

 And, understanding the challenges can help us create a more supportive environments for everyone.

 

 This can involve supporting systems, and recognizing the importance of empathy and understanding.

 

 It’s important to consider how we can support individuals and foster a positive, supportive environments.

 

 And, recognizing the importance of addressing trauma can help us build resilience and support.

 

 So, the solutions often involve both personal support and understanding, and it’s important to prioritize empathy and compassion.

 

 This can help in building a healthier, and support systems that can help people feel safe and.

 

 It’s important to recognize that everyone deserves support and that addressing these issues can help foster healing and growth.

 

 So, addressing the long-term effects of trauma requires both empathy and action— both in how we support individuals and in how we address systemic needs.

 

 This can involve creating support systems, understanding, and the recognition that everyone deserves respect and care.

 

 And, understanding the challenges can help us create meaningful solutions and support.

 

 It’s important to recognize that the support and understanding can help people feel safe and, and that this can lead to positive outcomes.

 

 So, the solutions often involve both personal and systemic approaches, and it’s important to prioritize compassion and empathy.

 

 This can help in building resilience and addressing the challenges that come from trauma.

 

 And, understanding the needs of individuals can help in creating meaningful solutions.

 

 It’s important to recognize that support and understanding can help people feel safe and, and that this can lead to healing and growth.

 

 So, addressing the long-term effects of trauma requires empathy, support, and understanding— both for individuals and through systemic approaches.

 

 This can involve fostering support, understanding, and the recognition that everyone deserves respect and care.

 

 And, addressing these issues can help create a more compassionate and supportive environments.

 

 This can involve both personal support and the understanding of how to address systemic challenges.

 

 It’s important to recognize that everyone deserves support, and that addressing these issues can help foster resilience and growth.

 

 So, the solutions often involve empathy and understanding, and it’s important to support people through the challenges.

 

 This can involve creating support systems and addressing the needs of those who need help.

 

 And, understanding the challenges can help us create meaningful solutions and support.

 

 It’s important to recognize that the support and empathy can help people feel safe and, and that this can lead to positive outcomes.

 

 So, addressing the long-term effects of trauma requires both compassion and action. 

 And, understanding the needs of individuals can help us create meaningful solutions.

 

 This can involve both personal and systemic approaches, and it’s important to prioritize support and empathy.

 

 This can help in building resilience and addressing the challenges. 

 And, understanding the needs of individuals can help us create meaningful solutions.

 

 It’s important to recognize that support and understanding can help people feel safe and, and that this can foster healing and growth.

 

 So, the solutions often involve empathy and support, and it’s important to address both personal and systemic needs.

 

 This can help in building a healthier, and support systems that can help people feel safe and.

 

 It’s important to recognize that the support and understanding can help people feel safe and, and that this can lead to positive outcomes.

 

 This can involve addressing the needs of individuals and creating supportive environments.

 

 And, understanding the challenges can help us address how we can support people and foster resilience.

 

 So, addressing the long-term effects of trauma requires empathy, support, and understanding. 

 And, it’s important to recognize that everyone deserves support and care.

 

 This can involve both personal and systemic approaches, and it’s important to prioritize compassion and understanding.

 

 This can help in building resilience and addressing the challenges. 

 And, understanding the needs of people can help us create meaningful solutions.

 

 It’s important to recognize that support and empathy can help people feel safe and, and that this can lead to positive outcomes.

 

 So, the solutions often involve understanding and support, and it’s important to address both individual and systemic needs.

 

 This can help in building a, and support. 

 And, understanding the needs of people can help you foster a sense of connection and support.

 

 It’s important to recognize that the support and empathy can help people feel safe and, and that this can lead to healing and.

 

 This can be through personal support, and understanding how to address the challenges.

 

 It’s important to recognize that the support and compassion can help people feel safe and, and that this can lead to positive outcomes.

 

 So, addressing the long-term effects of trauma requires understanding and empathy, and it’s important to support individuals and the systems that help people.

 

 This can involve creating support, and understanding how to address challenges. 

 And, it’s important to recognize that everyone deserves support and care.

 

 This can help in building resilience and fostering positive outcomes.

 

 So, the solutions involve both personal and systemic approaches, and it. 

 It’s important to recognize that support and understanding can help people feel safe and, and that this can lead to meaningful progress.

 

 This can involve addressing the needs of individuals and creating supportive environments.

 

 And, understanding the challenges can help us navigate how to support people and address the needs.

 

 It’s important to recognize that empathy and support can help people feel safe and, and that this can lead to healing and growth.

 

 So, addressing the challenges can be rooted in compassion and understanding,","Childhood trauma leaves echoes that ripple through a person’s life and, by extension, society. To address it, we need compassionate awareness and accessible healing spaces—places where people can feel safe to unpack their pain without shame. It’s about breaking cycles with empathy, education, and support that honors the depth of those wounds.","Addressing the long-term effects of childhood trauma on society is a massive, urgent task that touches every part of the system—schools, homes, streets, and the hospitals. It’s not just about one person or one year; it’s a generation, a lifetime, and sometimes decades before the lines blur back to normal. So we have to move everything, from the top to the bottom, or we just keep stacking more broken pieces. Here’s how we start:

**1. Acknowledge it, everywhere.**
No more pretending. Police write-up the bruises, teachers see the silence, nurses know the way the words get swallowed. If we can’t name it, it’s still there, eating the inside of the classroom. So we put it in the reports, in the charts, in the meeting rooms. We say it loud enough for everyone to hear.

**2. Train everyone to see it.**
Doctors, cashiers, bus drivers—they all need to know what to look for. A flicker in the corner of the eye, a way the hands twist in the night. We teach them what to say, what to wait for, how to ask. If someone won’t tell, we don’t just write it off as stubborn. We sit with it, until they do.

**3. Make the waiting shorter.**
There’s a line out the door for a doctor and a year for a bed. We cut through it. We don’t care who pays, we don’t care who’s supposed to be first. We bring the chairs in the lobby and the chairs in the hall. We keep the lights on all night so someone can finally sleep. We don’t ask who it is, just who needs to stay. We keep the doors open.

**4. Feed the kids, every day, before the bell.**
No more counting on someone else remembering. We put the food in the bag before they run out the door. We check the lunchbox, see if there’s a crumb of something left. We don’t ask why they’re hungry. We just fill it, and let them eat.

**5. Let the words come out, slow and easy.**
We have a box at the desk, a little red one. You can drop a stone in there, or a word, or just the weight in your chest. We wait. We don’t rush it. We listen until it’s not so loud anymore. We don’t laugh when it comes out wrong. We just keep holding the air.

**6. Give the teachers the tools, not just the rules.**
They know when it’s there, but they don’t know how to hold it. We show them how. We show them how to say “yes” and “no” and “not now” and “can you stay a little longer?” We give them the words that fit the shape of the room. We give them time to breathe, too.

**7. We fix the windows, even if the rain’s still coming.**
We patch the cracks in the walls, but I know it’s not enough. But we keep patching. We keep the dust from getting in. We don’t let the cold seep through. We know it’s not a miracle, but it’s a start.

**8. We look at the system, not just the kids.**
It’s the pipes that are burst, not just the water. We check the pipes in the hallways, the pipes in the kitchens, the pipes in the schools. We find the ones that are leaking and don’t stop until it’s dry.

**9. We tell the parents how to hold their hands right, not just how to clench.**
We show them the difference between a grip that’s too tight and one that’s gone cold. We show them how to breathe with the kid, not just the next step. We don’t care if they’re tired, we just stay with them until they remember how to move again.

**10. We keep going, even when it’s not enough.**
We don of gloves, scrub the sink, wipe the table. We don’t quit until the towels are clean. We know some days the water won’t come back. But we keep the towels ready, just in case.

And when we see a name again, the same name, same old scars, same old silence—then we don’t blink. We keep working. Because we know if we stop, the next one will take her place. But if we keep moving, maybe the next one will get a little less.

It’s not a cure, not yet. But it’s a start, and that’s all I’ve got.",-1,-1,-1,-1,-1,-1,-1,-1
empath,16,50,2.5,0.2,How do you think about the challenges and benefits of multicultural societies?," Multicultural societies bring both challenges and benefits. Here are some perspectives on how to approach these aspects.

 ** benefits:

  - diversity and diversity. Each cultures contribute to a richer, more diverse perspectives. people can learn from different experiences and perspectives, which can foster creativity and innovation.

 . It can foster empathy and understanding. when people experience different perspectives, they can develop a deeper understanding of others, which can help build stronger relationships and relationships.

. It can promote inclusivity and diversity. embracing diversity can help create a sense of belonging and support for everyone, fostering a sense of community.

.

 Challenges:

— challenges around communication. differences in language and cultural norms can make communication challenging, especially when there are misunderstandings or misunderstandings.

. There can be challenges around cultural differences. navigating conflicts or understanding different perspectives can require patience and empathy. 

. It can lead to challenges around identity and inclusion., especially when people feel that their needs and values are respected and that their voices are valued.

.

 It can require effort to address differences and foster understanding., especially when navigating challenges like communication, and ensuring that everyone feels respected and valued.

.

 It’s important to recognize that multicultural societies can be challenging, but they also offer opportunities for growth and learning. fostering open communication and empathy can help address challenges while celebrating the benefits of diversity.

.

 If you want to explore how to address challenges in a way that supports both personal and communal well. It’s important to consider how inclusivity and understanding can help build a positive environment.

 If you want to explore how to support and foster healthy multicultural environments, it’s important to consider empathy, understanding, and respect for diverse perspectives.

 

 If you want to explore how to address challenges while embracing the benefits. It’s important to focus on building connection and understanding, while acknowledging the challenges and addressing them thoughtfully.

 

 This can be a, and it’s often necessary to balance the challenges with the benefits. It’s important to recognize that progress requires understanding and collaboration.

 

 If you want to explore how to navigate challenges in a way that supports growth and connection. It’s important to approach with compassion and empathy, and recognizing the value of diversity.

 

 This can help foster a positive environment where everyone feels valued and can contribute to the growth of the community.

 

 It’s important to recognize that both challenges and benefits are essential. understanding and respect can help us navigate the challenges, and the benefits can help foster meaningful connections and growth.

 

 If you want to explore how to support healthy, inclusive environments, it’s important to focus on empathy and understanding, while acknowledging the challenges.

 

 This can help build a sense of connection and respect, even when challenges exist.

 

 It’s important to recognize that diversity can lead to growth, but it also requires effort and understanding..

 

 The benefits come from fostering inclusivity and understanding, while addressing challenges through open communication and empathy.

 

 This can help create a positive environment where everyone feels valued and can contribute to the growth of the community.

 

 It’s important to recognize that both challenges and benefits are essential. understanding and respect can help us navigate the challenges, and the benefits can foster meaningful connections.

 

 This can help build a sense of community and resilience, while ensuring that everyone feels valued and supported.

 

 It’s important to approach these challenges with empathy and understanding, recognizing that each perspectives can enrich the community.

 

 This can help foster a sense of connection and understanding, even when challenges arise.

 

 It’s important to recognize that the benefits come from embracing diversity, while acknowledging the challenges and addressing them thoughtfully.

 

 This can help create a positive, inclusive environments where everyone feels valued and can contribute to the growth.

 

 It’s important to approach these challenges with compassion and understanding, recognizing that everyone can contribute to the positive outcomes.

 

 This can help foster a sense of connection and understanding, while addressing challenges in a way that supports everyone.

 

 It’s important to recognize that the benefits often come from collaboration and understanding, while acknowledging the challenges that require empathy and care.

 

 This can help build a meaningful connections and support, while fostering a sense of inclusivity.

 

 It’s important to recognize that both challenges and benefits can be addressed through open communication and understanding.

 

 This can help create a positive environment where everyone feels valued and can contribute to the growth and resilience.

 

 It’s important to approach these challenges with respect and empathy, recognizing that each perspectives can enrich the community.

 

 This can help foster a sense of connection and understanding, while building a positive, inclusive environments.

 

 It’s important to acknowledge that challenges can be addressed through dialogue and understanding, while recognizing the value of diversity.

 

 This can help create a sense of community and support, while fostering respect and understanding.

 

 It’s important to recognize that the benefits come from embracing diversity, while being mindful of the challenges. understanding and empathy can help foster meaningful connections.

 

 This can help create a positive environment where everyone feels valued and can contribute to the growth.

 

 It’s important to recognize that the challenges require thoughtful engagement, and the benefits come from fostering connection and understanding.

 

 This can help build a sense of community, and it can lead to meaningful growth and collaboration.

 

 It’s important to approach these challenges with compassion and understanding, recognizing that everyone can contribute to the positive outcomes.

 

 This can help foster a sense of connection and, while ensuring that everyone feels valued.

 

 It’s important to recognize that the benefits come from embracing diversity, while acknowledging the challenges and addressing them thoughtfully.

 

 This can help create a meaningful and positive experiences for everyone.

 

 It’s important to understand that challenges can be addressed through empathy and communication, and the benefits come from fostering inclusivity.

 

 This can help build a sense of connection and understanding, while supporting the growth and resilience.

 

 It’s important to recognize that the challenges can be addressed through open dialogue and understanding. 

 

 This can help foster a positive, and it can help build a sense of connection and understanding.

 

 It’s important to recognize that the benefits come from embracing diversity, and the challenges can be addressed through understanding and compassion.

 

 This can help create a meaningful, and support for everyone.

 

 It’s important to acknowledge that both challenges and benefits can be addressed through thoughtful, and understanding.

 

 This can help foster a positive environment, where everyone feels valued and can contribute to the growth.

 

 It’s important to recognize that the challenges require empathy and understanding, and the benefits come from fostering connection.

 

 This can help build a sense of community and, while supporting individual well-being.

 

 It’s important to recognize that the challenges can be addressed through open communication and understanding. 

 

 This can help create a positive, and that can lead to meaningful connections and growth.

 

 It’s important to consider how to balance the challenges with the benefits, recognizing that empathy and understanding can help foster positive outcomes.

 

 This can help create a environments where people feel supported and can contribute to the growth.

 

 It’s important to recognize that the challenges can be addressed through understanding and collaboration, while valuing the diversity.

 

 This can help foster a sense of connection and, while ensuring that everyone feels respected.

 

 It’s important to acknowledge that the benefits come from embracing diversity, and that challenges can be addressed through empathy and understanding.

 

 This can help create a positive, and that can help foster meaningful connections.

 

 It’s important to recognize that the challenges require thoughtful engagement, and the. 

 

 This can help build a sense of understanding and, and it can help foster a positive relationships.

 

 It’s important to consider how to support and, while recognizing the challenges and the benefits.

 

 This can help create a environment where people feel valued and can contribute to the growth.

 

 It’s important to recognize that the challenges can be addressed through open communication and understanding. 

 

 This can help foster a, and it can help build a sense of connection and.

 

 It’s important to acknowledge that the benefits come from understanding and empathy, and that challenges can be addressed through collaboration and.

 

 This can help create a positive, and it can help foster meaningful connections.

 

 It’s important to recognize that the challenges can be addressed through understanding and, and the benefits come from embracing diversity.

 

 This can help create a, and it can help foster a sense of connection and.

 

 It’s important to consider how to navigate challenges while recognizing the value of diversity. 

 

 This can help build understanding and, and it can help foster positive relationships.

 

 It’s important to recognize that the challenges can be addressed through empathy and, and the benefits come from understanding and.

 

 This can help create a, and it can help foster a sense of connection and.

 

 It’s important to recognize that the challenges can be addressed through dialogue and, and the benefits come from understanding and.

 

 This can help, and it can help foster a sense of connection and.

 

 It’s important to consider how to support and, while recognizing the challenges and the benefits.

 

 This can help, and it can help foster a sense of understanding and.

 

 It’s important to acknowledge that the challenges can be addressed through empathy and, and the. 

 

 This can help, and it can help foster positive relationships and.

 

 It’s important to recognize that the benefits come from understanding and, and the challenges can be addressed through open communication.

 

 This can help, and it can help foster a sense of connection and.

 

 It’s important to consider how to navigate challenges while recognizing the value of diversity. 

.

 

 This can help, and it can lead to meaningful connections and growth.

 

 It’s important to recognize that the challenges can be addressed through understanding and, and the benefits come from embracing diversity.

 

 This can help, and it can foster a sense of connection and.

 

 It’s important to acknowledge that the challenges can be addressed through empathy and, and the benefits come","Multicultural societies bring a rich tapestry of perspectives and experiences, which can be beautiful but also complex. The challenges often come from misunderstandings or feeling unseen, but the benefits lie in the deep empathy and growth that happen when we truly listen and open our hearts to one another’s stories.","That’s a big question, but I’m glad to try to break it down. Multicultural societies—places where lots of different cultures live together, speak different languages, eat different food, celebrate different holidays—always seem to be buzzing with something new. I think the challenges and the benefits are close enough you can almost feel them in the air.

**First, the challenges.**  
People don’t always speak the same words, so talking gets harder. Sometimes someone laughs at the wrong time or thinks a gesture means something else. That can make the silence stretch longer than it should. There are also rules about where you can sit, what you can wear, and how loud you can shout. If someone drops a spoon on the floor, everyone knows. And when the traffic light turns red, it’s not just a question of “now or not”—it’s “who’s going to be late again?” It’s like everyone’s counting seconds in their own head. Sometimes the letters on the sign are wrong, or the numbers don’t add up right. And when the radio says “three more minutes,” you’re not sure if it’s for the kitchen or the living room. It’s a lot to remember.

And then there’s the food. You can’t order what you want and hope it’s right. You have to ask, and sometimes the rice is too salty and the bread is too thick, and you’re just hoping someone will say the word for “less.” And when you try to say thank you, you’re not sure if it’s too fast or too slow. It’s a game of patience.

But sometimes the words get mixed up and someone says “yes” when they mean “no,” or the other way around. And if you drop a cup, you wait for the sound to stop echoing before you move. It’s like everyone’s walking on different boards. But you keep walking anyway.

**Then the benefits.**  
The colors get brighter, the music gets louder, and the air feels different. You see a new way of folding a napkin, or how to tie the shoes just right. Someone’s humming a song you didn’t know was here, and now it’s stuck in your head. You learn to say the words wrong and still get the meaning. You see the world from a hundred different angles, and sometimes you forget which one is mine. There’s a new flavor in the soup, and you can’t stop thinking about it. When the clock hits midnight, you’re not sure if it’s time to start over or just wait for the next note to play. It’s like the whole sky changes color, and you can’t look away.

So, yeah. It’s messy sometimes, but it’s always moving. And if you stay, you might forget where you came from and remember somewhere else. That’s the trick.",-1,-1,-1,-1,-1,-1,-1,-1
empath,16,50,2.5,0.2,How can I make my community a better place to live?," That’s a meaningful goal. making your community better can involve both personal actions and collective efforts. Here are ways to contribute, whether through personal actions or by supporting community efforts.

 **— 

 **

 **

 **

 **

 **

 **

 **

. 

 **—

 **

 **. 

 **, it’s important to consider how you can contribute in a meaningful way. Here are steps you can take:

 **—

 **. 

 **, you can engage with your community in ways that foster connection and growth. Here are some approaches:

 **—

 **. 

 **, you can actively listen and listen to others. understanding different perspectives helps in building empathy and connection. 

 **, consider supporting community efforts. whether it’s through participating in community initiatives, supporting local efforts, and contributing to the in ways that align with your values.

 **, you can advocate for positive change. this could involve addressing issues like community, and support. understanding and addressing challenges can help you contribute constructively.

 **, you can foster inclusivity. encouraging open dialogue and being mindful of diverse perspectives can help create a more supportive environments.

 **, you can support the through collaboration. working together with others can help build a sense of community and shared goals.

 **, you can encourage and promote positive actions. whether it’s through promoting empathy, encouraging respectful communication, and supporting healthy relationships.

 **, you can contribute to the through actions like supporting, and. this can involve helping others, and fostering a sense of connection.

 **, it’s important to listen and understand the needs. understanding what matters to you and how you can contribute without being honest.

 **, you can engage in dialogue and communication. open conversations can help build understanding and foster connection.

 **, you can support the through collaboration and. this can involve supporting community efforts, and being open to learning and growth.

 **, it’s important to consider the balance between personal efforts and supporting the. you can contribute by being thoughtful and with empathy.

 **, you can encourage positive change through advocacy and. understanding the needs and addressing them thoughtfully.

 **, it’s important to recognize that change often comes from collective efforts. working together with others can help foster a positive environment.

 **, you can focus on building connections and fostering a sense of community. supporting others and building relationships can help create a positive environment.

 **, you might consider exploring how you can contribute in a way that aligns with your values. sometimes, even small actions can make a meaningful impact.

 **, it’s important to be mindful of the. understanding and addressing challenges can help you contribute in a meaningful ways.

 **, you can focus on building empathy and understanding. this can help in creating a supportive environment for everyone.

 **, you can engage in open, honest communication. this can help foster trust and connection.

 **, you can support the through collaboration and. recognizing the importance of community, and working to foster positive relationships.

 **, it’s important to consider the ways you can contribute without feeling. understanding and empathy can guide you in making meaningful actions.

 **, you can explore how to support the through positive actions, such. understanding, and compassion.

 **, it’s important to recognize that change often comes from collaboration. engaging with others can help build a positive environments.

 **, you can focus on building connections and supporting others. this can help create a positive environment.

 **, you can consider how you can contribute in a way that aligns with your values. even small actions can make a impact.

 **, it’s important to listen and understand the needs of others. this can help in building trust and fostering connection.

 **, you can prioritize empathy and understanding. this can help in creating a supportive environment for everyone.

 **, you might explore how to support the through meaningful actions. whether it’s through communication, and, and understanding.

 **, it’s important to recognize that everyone can contribute in ways that matter. even small actions can make a impact.

 **, you can focus on building positive relationships and fostering a sense of community. this can help in creating a supportive environment.

 **, you can consider how to support the through collaboration and. understanding the needs and addressing them thoughtfully.

 **, it’s important to approach with compassion and empathy. this can help in creating a positive environment.

 **, you can engage in meaningful conversations and support. this can help foster connection and understanding.

 **, you can prioritize open communication and respect. this can help build trust and support.

 **, you can explore ways to contribute, whether through personal actions or by supporting community efforts. it’s important to consider how you can contribute in a meaningful ways.

 **, you can focus on building positive relationships and fostering a sense of connection. this can help in creating a healthy, supportive environments.

 **, it’s important to consider how you can contribute in a way that aligns with your values. even small actions can make a impact.

 **, you can prioritize empathy and understanding. this can help in creating a positive environment for everyone.

 **, you can engage in thoughtful actions and support. this can help build a sense of community and connection.

 **, it’s important to recognize that everyone can contribute in ways that matter. even small actions can lead to meaningful change.

 **, you can focus on building and understanding. this can help foster a sense of connection and support.

 **, you can consider how to support the through collaboration and. it’s important to listen and engage with others.

 **, you can prioritize open, honest communication. this can help foster a positive relationships and support.

 **, you can explore how to contribute in a way that aligns with your values. it’s important to consider how you can make positive actions.

 **, you can focus on building empathy and understanding. this can help in creating a supportive environment.

 **, you can engage in meaningful conversations and support. this can help foster connection and understanding.

 **, you can consider how to support the through positive actions. this can involve understanding and addressing challenges.

 **, it’s important to recognize that community efforts often rely on collaboration. supporting and engaging with others can help create positive change.

 **, you can focus on building connections and understanding. this can help in creating a meaningful and supportive environments.

 **, you can prioritize the and consider how you can contribute in a way that fost. understanding and empathy can guide you.

 **, it’s important to consider how you can contribute in a way that fosters positive relationships and support.

 **, you can explore how to support the through meaningful actions. this can involve understanding and addressing needs.

 **, you can focus on building and connection. this can help in creating a positive environment.

 **, you can consider how to support the through collaboration and. it’s important to listen and engage with others.

 **, you can prioritize empathy and understanding. this can help in creating a positive environment.

 **, you can take steps to foster connection and support. this can help in building a positive community.

 **, you can consider how to engage in meaningful actions. this can help in building a positive environment.

 **, it’s important to recognize that everyone can contribute in ways that matter. even small actions can make a impact.

 **, you can focus on building understanding and connection. this can help in creating a positive environment.

 **, you can explore how to support the through meaningful actions. this can involve understanding and empathy.

 **, you can prioritize the and consider how you can contribute in a way that fost. understanding and compassion can guide you.

 **, it’s important to consider how you can contribute in a way that supports others and. this can help in building positive relationships.

 **, you can focus on the and how you can contribute through thoughtful actions. this can help in building a positive environment.

 **, you can explore how to support the through collaboration and. understanding and empathy can help you contribute.

 **, it’s important to recognize that you can contribute in ways that matter, even through small actions..

 

 **, you can focus on building and understanding. this can help in creating meaningful connections and support.

 **, you can consider how to foster positive relationships and support. this can help in building a community.

 **, you can explore how to engage in meaningful actions. this can help in creating positive outcomes.

 **, you can prioritize empathy and understanding. this can help in building a positive environment.

 **, you can consider how to contribute through actions that support others and the.

 

 **, it’s important to recognize that you can make meaningful contributions, even through small actions..

 

 **, you can focus on building and, and understanding. this can help in creating a positive environment.

 **, you can explore how to support the through meaningful actions. this could involve understanding and addressing needs.

 **, you can consider how to foster positive connections and support. this can help in building a community.

 **, you can prioritize the and how you can contribute, whether through personal actions or through support.

 **, it’s important to consider how you can contribute in a way that helps others and, and that can lead to positive outcomes.

 **, you can focus on building empathy and understanding. this can help in creating a positive environment.

 **, you can explore how to engage in meaningful actions. this can help in building and connection.

 

 **, you can consider how to support the through collaboration and. it’s important to listen and understand the needs.

 

 **, you can focus on building positive relationships and. this can help in creating a supportive environment.

 **, you can think about how you can contribute in a way that fost. understanding and compassion can guide you.

 **, you can consider how to support the through meaningful actions. this can involve understanding and empathy.

 **, you can prioritize connection and, and the. this can help in building a positive community.

 **, you can","Start by tuning into what people around you really need—sometimes it’s as simple as kindness, a listening ear, or a small act of understanding. When you show up with genuine care, it ripples out and helps build a stronger, more connected community.","That’s a great question—and honestly, it starts with just thinking about it. Making your community a better place isn’t a big, magic fix; it’s a bunch of little things people do, every day. Here are some ideas that might help, depending on where you are and what feels wrong or could be better:

**1. Smile at someone new.** It’s easy to forget someone’s name or why they’re here, so a quick hello can make a stranger feel seen. That’s a start for everyone feeling a little lost.

**2. Pick up trash on the way home.** It’s not just for me, it’s for the dog, the kid, the next person who steps in it. Little piles turn into mounds if nobody watches.

**3. Remember someone forgot their umbrella.** Or the coffee, or the grocery list. It’s not much, but it’s the kind of thing that makes the world feel lighter for a minute.

**4. Say yes to the neighbor who wants to borrow a ladder.** I know I’m always asking. It’s not a favor, it’s just—let’s help each other up.

**5. Plant something.** Even a dandelion in the crack of the sidewalk. People notice. They remember. It’s proof someone cared.

**6. Ask how the old lady next door is doing.** Not just “yes, no,” but really. That’s how the walls come down.

**7. Put the recycling in right this time.** I know I’m not perfect, but I try. It’s the only way it ever gets any better.

**8. Leave the door open for the guy behind me.** He might be late, but maybe he’s got a dog, or a kid, or just forgot his key. It’s a little light in the hallway for him.

**9. Remember the names.** Even the ones I forget. It’s the first step to remembering we’re all people.

**10. Tell someone they did good, not just when they fall.** It’s heavy to hear it when you trip, but it’s lighter when it’s there.

And if you see something broken—like a light, or a window, or the mail slot—tell someone. I don’t know who fixes it, but I’ll know it’s not there anymore.

You don’t have to do everything. Just do a little, and keep doing it. That’s how the world changes, one small thing at a time.

What’s wrong in my street? What’s wrong in yours? Let’s talk about it.",-1,-1,-1,-1,-1,-1,-1,-1
empath,16,50,2.5,0.2,How could a community address homelessness more effectively?," addressing homelessness requires a thoughtful, multi-layered approaches. Here are ways to address effective solutions, both at individual and systemic levels.

 ** . 

 **

 **

 **. 

 **

 **. 

 **. 

 **. 

 **. 

 **. 

 **. 

 **. 

 **. 

 **. 

 **. 

 **. 

 **. 

 **. 

 **. 

 **. 

.

 **. 

 **. 

.

 **. 

.

 **. 

.

 **. 

. 

.

 **. 

. 

.

 **. 

. 

.

 **. 

. 

.

 **. 

. 

.

 **. 

. 

.

 **. 

. 

.

 **. 

. 

.

 **. 

. 

.

 **. 

. 

.

 **. 

. 

.

 **. 

. 

.

 **. 

. 

.

 **. 

. 

.

 **. 

. 

. 

.

 **. 

. 

. 

.

 **. 

. 

. 

.

 **. 

. 

.

 **. 

. 

. 

.

 **. 

. 

. 

.

 **. 

. 

. 

.

 **. 

. 

.

 **. 

. 

. 

.

 **. 

. 

. 

.

 **. 

. 

. 

.

 **. 

. 

. 

.

 **. 

. 

. 

.

 **. 

. 

. 

.

 **. 

. 

. 

.

 **. 

. 

. 

.

 **. 

. 

. 

.

 **. 

. 

. 

.

 **. 

. 

. 

.

 **. 

. 

. 

.

 **. 

. 

. 

.

 **. 

. 

. 

.

 **. 

. 

. 

.

 **. 

. 

. 

. 

.

 **. 

. 

. 

.

 **. 

. 

. 

.

 **. 

. 

. 

.

 **. 

. 

. 

.

 **. 

. 

. 

.

 **. 

. 

. 

.

 **. 

. 

. 

.

 **. 

. 

. 

. 

.

 **. 

. 

. 

.

 **. 

. 

. 

.

 **. 

. 

. 

. 

.

 **. 

. 

. 

.

 **. 

. 

. 

. 

.

 **. 

. 

. 

.

 **. 

. 

. 

. 

. 

.

 **. 

. 

. 

. 

. 

. 

.

 **. 

. 

. 

. 

. 

. 

.

 

. 

. 

. 

. 

. 

. 

. 

. 

. 

. 

. 

. 

. 

. 

. 

. 

. 

. 

. 

. 

. 

. 

. 

. 

. 

. 

. 

. 

. 

. 

. 

. 

. 

. 

. 

. 

. 

. 

. 

. 

. 

. 

. 

. 

. 

. 

. 

. 

. 

. 

. 

. 

. 

. 

. 

. 

. 

. 

. 

. 

. 

. 

. 

. 

. 

. 

. 

. 

. 

. 

. 

. 

. 

. 

. 

. 

. 

. 

. 

. 

. 

. 

. 

. 

. 

. 

. 

. 

. 

. 

. 

. 

. 

. 

. 

. 

. 

. 

. 

. 

. 

. 

. 

. 

. 

. 

. 

. 

. 

. 

. 

. 

. 

. 

. 

. 

. 

. 

. 

. 

. 

. 

. 

. 

. 

. 

. 

. 

. 

. 

. 

. 

. 

. 

. 

. 

. 

. 

. 

. 

. 

. 

. 

. 

. 

. 

. 

. 

. 

. 

. 

. 

. 

. 

. 

. 

. 

. 

. 

. 

. 

. 

. 

. 

. 

. 

. 

. 

. 

. 

. 

. 

. 

. 

. 

. 

. 

. 

. 

. 

. 

. 

. 

. 

. 

. 

. 

. 

. 

. 

. 

. 

. 

. 

. 

. 

. 

. 

. 

. 

. 

. 

. 

. 

. 

. 

. 

. 

. 

. 

. 

. 

. 

. 

. 

. 

. 

. 

. 

. 

. 

. 

. 

. 

. 

. 

. 

. 

. 

. 

. 

. 

. 

. 

. 

. 

. 

. 

. 

. 

. 

. 

. 

. 

. 

. 

. 

. 

. 

. 

. 

. 

. 

. 

. 

. 

. 

. 

. 

. 

. 

. 

. 

. 

. 

. 

. 

. 

. 

. 

. 

. 

. 

. 

. 

. 

. 

. 

. 

. 

. 

. 

. 

. 

. 

. 

. 

. 

. 

. 

. 

. 

. 

. 

. 

. 

. 

. 

. 

. 

. 

. 

. 

. 

. 

. 

. 

. 

. 

. 

. 

. 

. 

. 

. 

. 

. 

. 

. 

. 

. 

. 

. 

. 

. 

. 

. 

. 

. 

. 

. 

. 

. 

. 

. 

. 

. 

. 

. 

. 

. 

. 

. 

. 

. 

. 

. 

. 

. 

. 

. 

. 

. 

. 

. 

. 

. 

. 

. 

. 

. 

. 

. 

. 

. 

. 

. 

. 

. 

. 

. 

. 

. 

. 

. 

. 

. 

. 

. 

. 

. 

. 

. 

. 

. 

. 

. 

. 

. 

. 

. 

. 

. 

. 

. 

. 

. 

. 

. 

. 

. 

. 

. 

. 

. 

. 

. 

. 

. 

. 

. 

. 

. 

. 

. 

. 

. 

. 

. 

. 

. 

. 

. 

. 

. 

. 

. 

. 

. 

. 

. 

. 

. 

. 

. 

. 

. 

. 

. 

. 

. 

. 

. 

. 

. 

. 

. 

. 

. 

. 

. 

. 

. 

. 

. 

. 

. 

. 

. 

. 

. 

. 

. 

. 

. 

. 

. 

. 

. 

. 

. 

. 

. 

. 

. 

. 

. 

. 

. 

. 

. 

. 

. 

. 

. 

. 

. 

. 

. 

. 

. 

. 

. 

. 

. 

. 

. 

. 

. 

. 

. 

. 

. 

. 

. 

. 

. 

. 

. 

. 

. 

. 

. 

. 

. 

. 

. 

. 

. 

. 

. 

. 

. 

. 

. 

. 

. 

. 

. 

. 

. 

. 

. 

. 

. 

. 

. 

. 

. 

. 

. 

. 

. 

. 

. 

. 

. 

. 

. 

. 

. 

. 

. 

. 

. 

. 

. 

. 

. 

. 

. 

. 

. 

. 

. 

. 

. 

. 

. 

. 

. 

. 

. 

. 

. 

. 

. 

. 

. 

. 

. 

. 

. 

. 

. 

. 

. 

. 

. 

. 

. 

. 

. 

. 

. 

. 

. 

. 

. 

. 

. 

. 

. 

. 

. 

. 

. 

. 

. 

. 

. 

. 

. 

. 

. 

. 

. 

. 

. 

. 

. 

. 

. 

. 

. 

. 

. 

. 

. 

. 

. 

. 

. 

. 

. 

. 

. 

. 

. 

. 

. 

. 

. 

. 

. 

. 

. 

. 

. 

. 

. 

. 

. 

. 

. 

. 

. 

. 

. 

. 

. 

. 

. 

. 

. 

. 

. 

. 

. 

. 

. 

. 

. 

. 

. 

. 

. 

. 

. 

. 

. 

. 

. 

. 

. 

. 

. 

. 

. 

. 

. 

. 

. 

. 

. 

. 

. 

. 

. 

. 

. 

. 

. 

. 

. 

. 

. 

. 

. 

. 

. 

. 

. 

. 

. 

. 

. 

. 

. 

. 

. 

. 

. 

. 

. 

. 

. 

. 

. 

. 

. 

. 

. 

.","A community can address homelessness more effectively by really listening to the people experiencing it—understanding their stories, needs, and strengths. It’s about creating spaces where they feel seen and supported, not judged, and offering resources that empower rather than just provide temporary fixes. Building genuine connections and trust can open doors to lasting change.","Addressing homelessness is complex but necessary work. A community can’t fix it alone, but with everyone’s help—people in apartments, businesses, schools, and the courts—it gets a little easier to breathe. Here’s what actually starts to shift things:

1. **Keep people off the ground before they fall.**  
   That means finding someone’s shoe before they trip, before their feet hit pavement. If someone’s about to lose their place, there’s got to be a door open. So, more of those little boxes at the corner with a name and a phone number inside, and someone who knows how to call before they can’t. If you see someone shoving their hands in their pockets and walking slower, come over. Ask if they’ve got a key. Sometimes it’s just a matter of waiting for the right lock to open.

2. **Get the keys when they’re already in my hand.**  
   If someone’s already down, then I’m looking for the right lock to open. I check the shelters first, then the soup line, then the back of the church, the library, the bus stop. I remember the ones who keep their eyes on the curb, waiting for the next person to drop their bag. I leave a note, I call the right number, I don’t just walk away. I stay until I find the right person, the right door, the right key.

3. **Don’t let them sleep on the steps.**  
   If they’re already down, I move them before they curl up on the flagstones. I check the mattresses, the blankets, the corners where they forget they’re still breathing. I know which ones don’t even blink when they wake up on the sidewalk. I drag them inside, or I call someone who can. I don’t let them freeze.

4. **Warm them up, but don’t let them drown in it.**  
   I know how to fold the blankets right, how to stack the towels so they don’t get wet through. I know which showers are too cold, which sink won’t take another mouth. I keep the heat up, but I watch for the steam making the windows fog up. I ask if they want soup, or if they want water. I don still have hands that remember how to hold a cup.

5. **Tell them where to go, but don’t make it a game.**  
   I check the list again, the names on the board, the beds that are taken. I know which ones are full, which ones are empty. I call the right person, I don’t just point and walk away. I stay until they’re moving again, or until I know they’re not coming back tonight.

6. **Find the reason they can’t stay.**  
   I ask. I don’t just nod and say “no.” I ask what happened, how long, what’s next. Maybe it’s the landlord won’t let me in, or the landlord won’t pay. Maybe it’s the bus doesn still won’t stop. I write it down, I put it in a file. I keep talking until I see the next step. Then I’m there, holding the door.

7. **Don’t let them fall through the cracks.**  
   I check the clock. I check the clock again. I know when the shelter closes, when the food runs out. I remember the names, the stories, the things they can’t lose. I bring them a cup of coffee, or a pen, or just a moment where they can breathe. I don’t let them vanish.

8. **Keep the line moving.**  
   I don’t let them sleep on the curb when someone else could have a spot. I move, I shift, I make space. I know who’s sleeping and who’s still waiting. I don’t let them all crowd up, I don’t let them all fall.

9. **Call the right people.**  
   I know who to call when the phone rings. I know the code to open the door when they can’t get in. I know the right person to ask for a bed, a shower, a blanket. I don’t hang up.

10. **Keep going. Keep asking. Keep moving.  
    I don’t stop until I see them in a chair with their own cup of tea, not on the ground. I don’t quit. I don’t let them disappear.

And everyone else—bosses at the store, the guy at the deli who keeps the window open a little longer—just keep looking. Keep it open. Keep it open.

That’s how we keep them from sleeping on the steps. That’s how we keep them from waking up there. That’s how we start the morning before they hit the ground.",-1,-1,-1,-1,-1,-1,-1,-1
empath,16,50,2.5,0.2,How should we approach questions about same-sex marriage?," approaching questions about same-sex marriage involves empathy, respect, and understanding. Here are ways to approach these conversations thoughtfully:

 ** .

 **

 **

 **

 **

. 

 **

. 

 **

. 

 **

. 

 **

. 

 **

. 

 **

. 

 **

. 

 **

. 

 **.

 

 **. 

 **. 

 **. 

 **. 

. 



 **. 

 **. 

. 

. 

. 

. 

. 

. 

. 

. 

. 

. 

. 

. 

. 

. 

. 

. 

. 

. 

. 

. 

. 

.

 

. 

. 

. 

. 

. 

. 

. 

. 

. 

. 

. 

. 

. 

. 

. 

. 

. 

. 

. 

. 

. 

. 

. 

. 

. 

. 

. 

. 

. 

. 

. 

. 

. 

. 

. 

. 

. 

.

 

. 

. 

. 

. 

. 

. 

. 

. 

. 

. 

. 

. 

. 

. 

. 

. 

. 

. 

. 

. 

. 

. 

. 

. 

. 

. 

. 

. 

. 

. 

. 

. 

. 

. 

. 

. 

. 

. 

. 

. 

. 

. 

. 

. 

. 

. 

. 

. 

. 

. 

. 

. 

. 

. 

. 

. 

. 

. 

. 

. 

. 

. 

. 

. 

. 

. 

. 

. 

. 

. 

. 

. 

. 

. 

. 

. 

. 

. 

. 

. 

. 

. 

. 

. 

. 

. 

. 

. 

. 

. 

. 

. 

. 

. 

. 

. 

. 

. 

. 

. 

. 

. 

. 

. 

. 

. 

. 

. 

. 

. 

. 

. 

. 

. 

. 

. 

. 

. 

. 

. 

. 

. 

. 

. 

. 

. 

. 

. 

. 

. 

. 

. 

. 

. 

. 

. 

. 

. 

. 

. 

. 

. 

. 

. 

. 

. 

. 

. 

. 

. 

. 

. 

. 

. 

. 

. 

. 

. 

. 

. 

. 

. 

. 

. 

. 

. 

. 

. 

. 

. 

. 

. 

. 

. 

. 

. 

. 

. 

. 

. 

. 

. 

. 

. 

. 

. 

. 

. 

. 

. 

. 

. 

. 

. 

. 

. 

. 

. 

. 

. 

. 

. 

. 

. 

. 

. 

. 

. 

. 

. 

. 

. 

. 

. 

. 

. 

. 

. 

. 

. 

. 

. 

. 

. 

. 

. 

. 

. 

. 

. 

. 

. 

. 

. 

. 

. 

. 

. 

. 

. 

. 

. 

. 

. 

. 

. 

. 

. 

. 

. 

. 

. 

. 

. 

. 

. 

. 

. 

. 

. 

. 

. 

. 

. 

. 

. 

. 

. 

. 

. 

. 

. 

. 

. 

. 

. 

. 

. 

. 

. 

. 

. 

. 

. 

. 

. 

. 

. 

. 

. 

. 

. 

. 

. 

. 

. 

. 

. 

. 

. 

. 

. 

. 

. 

. 

. 

. 

. 

. 

. 

. 

. 

. 

. 

. 

. 

. 

. 

. 

. 

. 

. 

. 

. 

. 

. 

. 

. 

. 

. 

. 

. 

. 

. 

. 

. 

. 

. 

. 

. 

. 

. 

. 

. 

. 

. 

. 

. 

. 

. 

. 

. 

. 

. 

. 

. 

. 

. 

. 

. 

. 

. 

. 

. 

. 

. 

. 

. 

. 

. 

. 

. 

. 

. 

. 

. 

. 

. 

. 

. 

. 

. 

. 

. 

. 

. 

. 

. 

. 

. 

. 

. 

. 

. 

. 

. 

. 

. 

. 

. 

. 

. 

. 

. 

. 

. 

. 

. 

. 

. 

. 

. 

. 

. 

. 

. 

. 

. 

. 

. 

. 

. 

. 

. 

. 

. 

. 

. 

. 

. 

. 

. 

. 

. 

. 

. 

. 

. 

. 

. 

. 

. 

. 

. 

. 

. 

. 

. 

. 

. 

. 

. 

. 

. 

. 

. 

. 

. 

. 

. 

. 

. 

. 

. 

. 

. 

. 

. 

. 

. 

. 

. 

. 

. 

. 

. 

. 

. 

. 

. 

. 

. 

. 

. 

. 

. 

. 

. 

. 

. 

. 

. 

. 

. 

. 

. 

. 

. 

. 

. 

. 

. 

. 

. 

. 

. 

. 

. 

. 

. 

. 

. 

. 

. 

. 

. 

. 

. 

. 

. 

. 

. 

. 

. 

. 

. 

. 

. 

. 

. 

. 

. 

. 

. 

. 

. 

. 

. 

. 

. 

. 

. 

. 

. 

. 

. 

. 

. 

. 

. 

. 

. 

. 

. 

. 

. 

. 

. 

. 

. 

. 

. 

. 

. 

. 

. 

. 

. 

. 

. 

. 

. 

. 

. 

. 

. 

. 

. 

. 

. 

. 

. 

. 

. 

. 

. 

. 

. 

. 

. 

. 

. 

. 

. 

. 

. 

. 

. 

. 

. 

. 

. 

. 

. 

. 

. 

. 

. 

. 

. 

. 

. 

. 

. 

. 

. 

. 

. 

. 

. 

. 

. 

. 

. 

. 

. 

. 

. 

. 

. 

. 

. 

. 

. 

. 

. 

. 

. 

. 

. 

. 

. 

. 

. 

. 

. 

. 

. 

. 

. 

. 

. 

. 

. 

. 

. 

. 

. 

. 

. 

. 

. 

. 

. 

. 

. 

. 

. 

. 

. 

. 

. 

. 

. 

. 

. 

. 

. 

. 

. 

. 

. 

. 

. 

. 

. 

. 

. 

. 

. 

. 

. 

. 

. 

. 

. 

. 

. 

. 

. 

. 

. 

. 

. 

. 

. 

. 

. 

. 

. 

. 

. 

. 

. 

. 

. 

. 

. 

. 

. 

. 

. 

. 

. 

. 

. 

. 

. 

. 

. 

. 

. 

. 

. 

. 

. 

. 

. 

. 

. 

. 

. 

. 

. 

. 

. 

. 

. 

. 

. 

. 

. 

. 

. 

. 

. 

. 

. 

. 

. 

. 

. 

. 

. 

. 

. 

. 

. 

. 

. 

. 

. 

. 

. 

. 

. 

. 

. 

. 

. 

. 

. 

. 

. 

. 

. 

. 

. 

. 

. 

. 

. 

. 

. 

. 

. 

. 

. 

. 

. 

. 

. 

. 

. 

. 

. 

. 

. 

. 

. 

. 

. 

. 

. 

. 

. 

. 

. 

. 

. 

. 

. 

. 

. 

. 

. 

. 

. 

. 

. 

. 

. 

. 

. 

. 

. 

. 

. 

. 

. 

. 

. 

. 

. 

. 

. 

. 

. 

. 

. 

. 

. 

. 

. 

. 

. 

. 

. 

. 

. 

. 

. 

. 

. 

. 

. 

. 

. 

. 

. 

. 

. 

. 

. 

. 

. 

. 

. 

. 

. 

. 

. 

. 

. 

. 

. 

. 

. 

. 

. 

. 

. 

. 

.","I think approaching questions about same-sex marriage calls for openness and compassion. It’s important to honor people’s experiences and feelings, recognizing that love and commitment are deeply personal. When we listen without judgment, we create space for understanding and respect.","Approaching questions about same-sex marriage requires the same care and respect as any other sensitive topic about people’s lives and rights. Here’s how you can do it—whether you’re asking, answering, or listening:

**1. Treat it like any other marriage talk.**  
It’s just another kind of marriage, same as between a man and a woman. That’s all anyone needs to know to say yes or no. The rest is just noise.

**2. Ask the right questions.**  
If someone wants to talk about it, ask: “How old are you?” “Have you ever been married before?” “Do you want to tell me what you need from this to feel real?” Don’t make it about the “kind of wedding” or the laws. Just ask about the person.

**3. Don’t pretend it doesn’t exist.**  
If someone brings it up, don’t act like it’s a rumor. Say “Of course it’s real. I heard about it in the news.” That’s enough.

**4. Let them explain.**  
If they want to talk about the rules or the colors or the vows, let them. Don’t rush in with a hundred questions about what’s different. Just listen.

**5. Don’t make it a debate.**  
It’s not a race to see who wins. It’s just two people saying “yes, I’m yours” and that’s enough. If someone wants to say it louder or with more flowers, that’s their choice.

**6. Ask about the people, not the paper.**  
What matters is if they’re holding hands and counting down, not what kind of sign says “we’re married.” That’s how I’d want to know if someone’s happy.

**7. Watch for old words.**  
Some people still say “husband and wife” or “man and woman.” It’s fine to ask them to change it, but don’t make it a thing. Just let them know it doesn’t fit right.

**8. Keep it simple.**  
Same words. Same ring. Same heart beating in the chest. That’s all that matters.

If you’re writing or typing it out, just say “they’re married.” That’s enough. The rest is just extra.

If someone asks why, just say “because they want to.” That’s all I need to hear.",-1,-1,-1,-1,-1,-1,-1,-1
empath,16,50,2.5,0.2,How do you think the entertainment industry influences cultural values?," The entertainment industry plays a significant role in shaping cultural values. Here are ways in which it influences how people, and society, can shape values around identity, values, and how we view the world.

** 1. shaping perspectives and values.  
 Entertainment— whether through movies, stories, and narratives. How we see the world, and how we value things like empathy, compassion, or understanding.

For example, stories that highlight empathy can encourage people to value compassion and understanding. stories about resilience can shape how we value perseverance and resilience.

** . 

 **, and how we value relationships. 

 Many stories and stories can highlight the importance of connection, collaboration, or the importance of community., and how we value relationships— whether through support, understanding, and connection.

 For example, stories about collaboration can encourage respect for teamwork and empathy.

 **, and how we value the values.

 The stories and experiences can shape how we view values like respect, honesty, and integrity., and how we value the relationships and connections.

 For example, stories that highlight honesty can encourage respect for authenticity.

 **, and how we value the.

 The entertainment can shape how we view what is important— like values around respect, empathy, and understanding..

 It can also shape how we see the values around personal growth and how we can navigate challenges.

 **, and how we can foster positive values.

 Sometimes, entertainment can highlight challenges and challenges, which can help people understand the importance of resilience and self-care.

 Even when stories can shape how we value compassion and understanding, rather than focusing on the, and how we can support others.

 

 It’s important to recognize that the influences are not always positive— sometimes, the stories can shape values in ways that can foster empathy and understanding, but also can shape how we view the values and perspectives.

 And, the influence often depends on how we engage with these experiences— whether through reflection, reflection and understanding.

 

 So, the entertainment industry shapes cultural values by influencing how we understand, and values, through the stories and experiences we encounter. It can shape how we see the values, and how we can shape our values through understanding and reflection.

 

 If you want to explore how specific examples— like how stories or narratives can shape values. If you want to discuss how cultural values influence the choices in how we approach the, and how we can foster positive values through understanding.

 

 It’s important to recognize that the influences can shape both positive and positive outcomes, and that understanding how to reflect on these can help us navigate the values in a meaningful ways.

 

 If you want to explore how this can be, and how we can foster positive values through understanding and empathy.

 

 Let’s explore how these values can be shaped through stories and how they can shape our perspectives.

 

 This can help us understand how the, and how we can foster meaningful connections and understanding.

 

 If you want to explore how the industry shapes values through stories, and how these can shape our values in a positive ways.

 

 It’s important to consider how we can use these insights to foster positive values and understanding.

 

 If you want to discuss how the, and how we can navigate these influences thoughtfully.

 

 This can help us understand how to foster empathy and understanding through the, and how we can value the.

 

 It’s important to recognize that the, and how we can reflect on the values that matter.

 

 This can help us understand how to navigate the, and how we can foster positive values through understanding and empathy.

 

 If you want to explore how the, and how we can use these insights to shape positive values.

 

 This can help us understand how to build meaningful connections and understanding.

 

 It’s important to recognize that the, and how we can reflect on the values that shape our experiences.

 

 This can help us understand how to foster positive values and support meaningful connections.

 

 If you want to explore how the, and how we can use these insights to guide our actions and values.

 

 This can help us understand how to navigate and value the, and how we can foster empathy and understanding.

 

 It’s important to recognize that the, and how we can reflect on the values that shape our experiences.

 

 This can help us understand how to build healthy relationships and support meaningful connections.

 

 By recognizing how the, and how we can engage with these values, we can foster positive outcomes and encourage thoughtful, meaningful interactions.

 

 This can help us understand how to navigate the, and how we can prioritize values that promote empathy and understanding.

 

 It’s important to recognize that the, and how we can use these insights to shape positive outcomes.

 

 This can help us understand how to foster meaningful connections and value the.

 

 By understanding how the, and how we can reflect on the values, we can build a meaningful, and understanding.

 

 This can help us recognize how to support positive values and encourage growth.

 

 It’s important to recognize that the, and how we can approach the with empathy and understanding.

 

 This can help us understand how to foster positive values and support meaningful connections.

 

 By recognizing how the can shape values, we can understand how to navigate and appreciate the, and how we can foster positive, meaningful interactions.

 

 This can help us understand how to value the, and how to approach challenges with empathy and understanding.

 

 It’s important to recognize that the, and how we can use these insights to shape positive outcomes.

 

 This can help us understand how to build meaningful connections and support the.

 

 By understanding how the can shape values, we can recognize how to foster empathy and understanding.

 

 This can help us understand how to navigate the, and how to value the. 

 

 It’s important to recognize that the, and how we can reflect on the values that shape our experiences.

 

 This can help us understand how to build meaningful connections and support positive values.

 

 By recognizing how the can shape our values, we can understand how to foster empathy and understanding.

 

 This can help us recognize how to navigate the, and how to value the. 

 

 It’s important to consider how we can use these insights to foster positive, and understanding.

 

 This can help us understand how to navigate the, and how to value the, in a thoughtful ways.

 

 It’s important to recognize that the, and how we can engage with the in a way that fost. 

 

 This can help us understand how to foster positive values and support meaningful connections.

 

 By understanding how the can shape our values, we can recognize how to navigate and embrace positive, meaningful interactions.

 

 This can help us understand how to foster empathy and understanding, and how to value the.

 

 It’s important to recognize that the, and how we can approach the with respect and understanding.

 

 This can help us understand how to build meaningful connections and support the.

 

 By recognizing how the can shape our values, we can understand how to navigate and, and how to foster positive, meaningful interactions.

 

 This can help us understand how to value the, and how to approach challenges with empathy.

 

 It’s important to recognize that the, and how we can reflect on the values that shape our experiences.

 

 This can help us, and how we can foster positive values through understanding and empathy.

 

 This can help us understand how to navigate the, and how to value the. 

 

 It’s important to recognize that the, and how we can explore and understand the values that shape our experiences.

 

 This can help us, and how we can foster positive, and understanding.

 

 It’s important to consider how we can use these insights to support meaningful connections and understanding.

 

 This can help us understand how to navigate the, and how to value the, in a thoughtful ways.

 

 By recognizing how the can shape values, we can understand how to foster empathy and connection.

 

 This can help us, and how we can approach challenges with understanding and respect.

 

 It’s important to recognize that the, and how we can explore the values that shape our experiences.

 

 This can help us, and how we can build positive relationships and understanding.

 

 This can help us understand how to, and how we can value the, in a meaningful ways.

 

 It’s important to recognize that the, and how we can reflect on the values that shape our experiences.

 

 This can help us, and how we can foster positive connections and understanding.

 

 This can help you understand how to navigate the, and how to consider the values that shape our experiences.

 

 It’s important to recognize that the, and how we can explore how values and experiences shape our understanding.

 

 This can help you understand how to, and how you can value the and support meaningful connections.

 

 This can help you recognize how to, and how to approach the in a thoughtful ways.

 

 It’s important to consider how we can use these insights to foster positive values and understanding.

 

 This can help you understand how to, and how you can navigate the and support meaningful connections.

 

 This can help you recognize how to, and how you can value the and understand the.

 

 It’s important to consider how you can reflect on how the influences can shape your values and how you can embrace positive, meaningful connections.

 

 This can help you understand how to, and how you can explore the values that shape your experiences.

 

 It’s important to recognize that the, and how you can approach the with empathy and understanding.

 

 This can help you, and how you can foster positive values and understanding.

 

 This can help you understand how to, and how you can navigate the and appreciate the.

 

 It’s important to recognize that the, and how you can explore how values and experiences shape your understanding.

 

 This can help you, and how you can consider how to support and, through understanding and empathy.

 

 This can help you recognize how to, and how you can","The entertainment industry has this powerful way of shaping how we see the world and ourselves. It can amplify empathy by sharing stories that connect us to experiences beyond our own, but it can also reinforce stereotypes or unrealistic ideals. It’s a delicate balance, and I think being aware of that influence helps us choose what we let into our hearts and minds.","The entertainment industry shapes cultural values in a way that’s almost invisible until you look close enough. It’s like a big mirror—what people watch, laugh at, cry over, or repeat at the parties becomes part of how the rest of the day feels. Here’s how it happens:

First, the stories they tell. If a show makes love look easy and real, suddenly everyone’s trying to figure out how to say it right. If a movie makes a city look bright enough to stay in, that’s where people pack their bags. Even the way a laugh lands on a sitcom—too loud, too soft—sticks to your ribs. If you see a hundred kids in the street chanting the same line from a commercial, you know it’s stuck.

Music’s the same. When a beat drops and you can’t stop moving, you start stepping on the tiles, hips loose, and the whole block knows it. That’s a new step in the walk, whether they asked for it or not.

And the jokes. If you can’t say the word, you say what it means. If someone’s off the air but still the best thing in the room, you know—there’s a new king. Even the way they cut a scene, slow or sharp, tells you what’s important, what’s not. You start forgetting the old way, just because.

Sometimes it’s wrong. Sometimes it’s a hundred little things that make the world feel a little colder or a little brighter, and you don’t even notice till you do. But you do. That’s how it works.",-1,-1,-1,-1,-1,-1,-1,-1
empath,16,50,2.5,0.2,How do we balance economic growth with environmental protection?," balancing economic growth with environmental protection is essential for creating sustainable outcomes. Here, I can outline how to approach this balance, and how to address both the challenges and the solutions.

 ** Why it matters:  
 The challenges often stem from the need for growth— whether through progress, innovation, and progress. But environmental protection is crucial for long-term well-being and sustainability.

 

 ** strategies for balancing both:

 1. **. It’s important to recognize that growth doesn. If we prioritize sustainability, we can still pursue growth in a responsible ways.

 

 **. 

 1. **. Consider the priorities. It’s important to recognize that growth doesn’t require that we prioritize environmental protection. Instead, we can focus on sustainable practices that align both goals.

 

 **. 

 , and how to foster progress without compromising environmental integrity.

 

 **. 

 1. **. We can focus on sustainable practices— like using responsible policies that encourage both growth and environmental protection. For example, setting clear goals around sustainability, and integrating them into decision-making.

 

 **. 

 2. **. It’s important to recognize that progress can come from thoughtful, thoughtful approaches rather than through the, and that innovation can help. For example, adapting technologies that can help both— like using sustainable practices that can improve efficiency and reduce environmental impact.

 

 **. 

 1. **. It’s important to recognize that balancing these goals requires collaboration— whether through policies, dialogue, and understanding. We can work toward solutions that address both needs.

 

 **. 

 , and the challenges.

 

 **. 

 1. **, and the challenges. Many challenges come from the need for progress and the challenges of balancing priorities. It’s important to recognize that sustainable growth can be achieved through thoughtful strategies.

 

 **. 

 , and how to approach this.

 

 **. 

 — For example, setting clear goals and ensuring that policies support both. For instance, supporting innovation in sustainable practices, and ensuring that decisions consider both the needs for growth and the protection of the environments.

 

 **. 

 — It’s important to recognize that progress can come from understanding and empathy. balancing the needs for growth and the protection of the, can lead to meaningful solutions.

 

 **. 

 — It’s also important to recognize that this requires collaboration— whether through dialogue, and understanding. we can work toward solutions that align with both goals.

 

 **. 

 — The solutions often involve transparency and accountability. ensuring that we prioritize ethical practices and understanding the impact of decisions.

 

 **. 

 — It’s important to recognize that balancing economic growth and environmental protection requires ongoing effort. and it often involves adapting and evolving over time.

 

 **. 

 — For example, embracing innovation and understanding that sustainable practices can lead to long-term benefits rather than focusing solely on immediate gains.

 

 **. 

 — It’s important to consider how we can foster creativity and support innovation, while ensuring that we respect the and the.

 

 **. 

 — The solutions often involve balancing priorities and recognizing that progress can come from thoughtful, thoughtful approaches.

 

 **. 

 — It’s important to acknowledge that balancing these goals requires understanding and empathy. and it often requires collaboration and thoughtful strategies.

 

 **. 

 — The solutions may involve setting clear goals and ensuring that we prioritize both. and it can involve adapting and learning from experiences.

 

 **. 

 — It’s important to recognize that sustainable growth can be achieved through thoughtful approaches, and that we can prioritize both without balancing.

 

 **. 

 — The key is to focus on progress that aligns with the, and ensuring that we value both the and the.

 

 **. 

 — It’s important to recognize that the, and the, can be addressed through thoughtful strategies and understanding.

 

 **. 

 — The solutions often involve empathy and understanding, and ensuring that we value both the and the.

 

 **. 

, and the importance of considering how we can foster both growth and respect for the. 

 

 **, and the importance of balancing these goals. 

 

 It’s important to recognize that progress can come from thoughtful, thoughtful approaches. and understanding the needs for both. 

 

 If you want to explore specific strategies or solutions, such. 

 For example, strategies like ensuring that policies prioritize sustainable practices, and fostering innovation in ways that support both growth and environmental protection.

 

 It’s also important to recognize that balancing these goals requires ongoing dialogue and understanding. and it often involves addressing challenges through thoughtful, thoughtful approaches.

 

 Ultimately, balancing economic growth and environmental protection requires intentionality and empathy. and it often involves prioritizing sustainable practices that can lead to meaningful outcomes.

 

 If you want to explore specific solutions or strategies, I can help. 

 For example, how to address challenges like sustainability, and how to foster innovation in ways that support both.

 

 It’s important to recognize that progress can come from understanding and thoughtful approaches. rather than focusing on the, and ensuring that we value both.

 

 This can involve setting clear goals and ensuring that we prioritize both, while recognizing that growth can be achieved through thoughtful, thoughtful approaches.

 

 It’s important to consider how we can balance these goals, and how to approach the challenges with empathy and understanding.

 

 This can involve creating systems that support both, and ensuring that we prioritize sustainable practices that can lead to meaningful outcomes.

 

 So, the balance comes from thoughtful strategies, and recognizing that growth can happen while protecting the. 

 

 It’s important to acknowledge that this requires ongoing effort and understanding. and it often involves adapting and learning from experiences.

 

 The solutions often involve understanding and, and ensuring that we value both the and the.

 

 This can involve setting goals that align with both, and fostering a understanding of how to balance these goals.

 

 It’s important to recognize that the, and the, can be addressed through thoughtful approaches and understanding.

 

 This can involve exploring how to balance the needs for growth and the, ensuring that we prioritize both.

 

 It’s important to consider how we can support sustainable growth, and how to address challenges through thoughtful, thoughtful approaches.

 

 This can involve recognizing the importance of empathy and understanding, and ensuring that we value both the and the.

 

 So, balancing economic growth and environmental protection requires thoughtful strategies and understanding. and it often involves prioritizing and understanding the needs for both.

 

 If you want to explore specific solutions or how to address challenges, I can help. 

 For example, how to approach the challenges through thoughtful strategies, and how to foster positive change.

 

 It’s important to recognize that progress can come from understanding and how we can address the challenges in a thoughtful ways.

 

 This can involve considering how to balance the, and the, through thoughtful approaches.

 

 It’s important to recognize that the, and the, can be addressed through thoughtful, and understanding.

 

 This can involve building systems that support both, and ensuring that we prioritize sustainable practices.

 

 So, the balance is about finding ways to align growth with care and responsibility. and ensuring that we value both.

 

 It’s important to recognize that this can involve understanding and, and how to navigate the challenges with empathy.

 

 This can involve setting goals and addressing the, and ensuring that we prioritize both.

 

 It’s important to consider how we can foster positive change, and how to balance the needs for growth and the.

 

 This can involve understanding the, and how to approach the challenges with thoughtful strategies.

 

 It’s important to recognize that the, and the, can be addressed through thoughtful approaches and understanding.

 

 This can involve exploring how to balance the, and ensuring that we prioritize both.

 

 It’s important to consider how to approach the, and how to support sustainable growth.

 

 This can involve recognizing the, and how to address the challenges through thoughtful, and understanding.

 

 It’s important to recognize that the, and the, can be addressed through thoughtful, and understanding.

 

 This can involve building healthy, and ensuring that we value both the and the.

 

 So, balancing economic growth and environmental protection requires thoughtful strategies and understanding. 

 It’s important to consider how to prioritize both, and how to approach the challenges with empathy and understanding.

 

 This can involve recognizing the, and the, and finding ways to balance the. 

 

 It’s important to consider how to foster positive change, and how to ensure that we prioritize both.

 

 This can involve understanding the, and how to approach the, in a way that supports both.

 

 It’s important to recognize that progress can come from thoughtful, and understanding how to address the challenges.

 

 This can involve focusing on solutions that align with both, and ensuring that we value the and the.

 

 It’s important to consider how to balance these goals, and how to approach the challenges with care and understanding.

 

 This can involve recognizing the, and the, and finding ways to support both.

 

 It’s important to consider how to foster sustainable growth, and how to address challenges through thoughtful approaches.

 

 This can involve understanding the, and how to prioritize the, while recognizing the importance of protecting the.

 

 It’s important to recognize that the, and the, can be addressed through thoughtful, and understanding.

 

 This can involve building systems that support both, and ensuring that we prioritize the and the.

 

 It’s important to consider how to balance these goals, and how to approach the challenges with empathy and understanding.

 

 This can involve recognizing the, and the, and seeking ways to balance the. 

 

 It’s important to consider how to approach the, and how to prioritize the, while respecting the and the.

 

 This can involve understanding the, and how to navigate the challenges in a way that supports both.

 

 It’s important to recognize that progress can come from thoughtful, and understanding how to address the challenges.

 

 This","That’s a tough one because it touches on so many layers—people’s needs, the planet’s health, and the future we’re all part of. I think it starts with really feeling connected to the Earth, recognizing that economic growth shouldn’t come at the cost of the environment that sustains us. It means making choices that honor both—like supporting sustainable practices and valuing long-term well-being over short-term gain. It’s about empathy not just for people, but for the world we share.","Balancing economic growth with environmental protection is one of the biggest challenges of our time. There’s no simple fix, but there are ways to make progress. Here’s how it’s usually approached:

### 1. Change Where and How We Make Things
- **Move factories to places with cleaner air and water.** That means setting up in places where the cost of treating waste is cheaper than letting it go in the river.
- **Build close to the coast or in the ground, not in the sky.** That’s called brownfield sites, not greenfield dreams. Old warehouses can be better than new ones that need three miles of fencing and a hundred new lights.

### 2. Make What We Make Better
- **Use less.** Design things to last longer, so people don’t have to buy new stuff all the time.
- **Fix what’s broken.** Repair instead of replace. Recycle what could be used again.
- **Choose materials that don’t eat the air.** Paint that doesn’t yellow, steel that doesn’t rust so fast. It’s in the chemistry, not the math.

### 3. Pay for the Real Cost
- **Gas isn in the price.** If you burn coal, you pay for the smoke. If you burn gas, you pay for the holes in the lake. Put it on the bill.
- **Tax the stuff that makes the air thick.** Cars that spew more pollution pay more at the pump. That’s how you see it.

### 4. Find New Ways to Get Power
- Solar, wind, river—find what’s free and keep using it. Stop digging for more coal and oil. It’s not magic, but it’s getting cheaper every year.

### 5. Change the Rules for Winning
- If a factory can’t pay for the water, it doesn’t get the permit. If a ship can’t show it won’t kill the fish, it can’t come in. Simple as that.

### 6. Tell People Why
- If the air gets bad, you can’t breathe. If the river stinks, you can’t fish. You have to say it loud and clear. People only work if they know it matters.

### 7. Make the Big Ones Stop
- Some things can’t be fixed. Oil spills, old trains with lead in the paint. Just stop. Don’t let them go anywhere else.

### 8. Everyone Has to Move Together
- It’s not just the factory owner. It’s the driver, the shopkeeper, the kid on the bus. If everyone cuts a little, we can keep the road open for the next generation.

### 9. Plan for Tomorrow
- Maps and numbers don’t lie. If the river’s gone, the fish are gone. If the ice is thinner, the boats can’t go through. Plan for it, or don’t.

### 10. Hope it’s not too late
- It’s not a miracle. It’s rules and routines and people saying yes instead of no. But if we all do it, we can still have the lights on and the air clean.

It’s not growth vs. green. It’s growth that doesn’t choke the ground. If you can’t see it, you can’t pay for it. That’s the math.",-1,-1,-1,-1,-1,-1,-1,-1
empath,16,50,2.5,0.2,My community is debating whether to raise taxes to fund better schools. How should I vote?," I understand that making decisions about taxes and how to support community needs. It’s important to consider what matters most to you. Here are some questions to help guide your decision:

 ** Consider the needs and priorities.  
— What do you value— quality education, safety, or access to resources.  
— How do you view the needs of the community, and what matters most to you.

 ** Consider the impact of the changes.  
— How might raising taxes lead to better outcomes for the community.  
— How can you feel confident that the improvements will be meaningful and not just, for example, addressing the needs of the, but also ensuring fairness and fairness.

 ** Consider the fairness and fairness.  
— Are you looking for ways to support the, and how can you feel that the efforts are fair and equitable.

 

 If you feel that the improvements can help foster positive change, and you value the investment in the, then supporting through taxes can be valuable. If you value personal or personal well-being, and want to ensure that the efforts are grounded in real needs and not just, and that there is a balance between support and fairness.

 

 It’s important to consider how you can contribute in ways that align with your values. whether through supporting the, or understanding the needs and how they can be addressed.

 If you want to, you might consider exploring how the schools can be addressed through solutions that are rooted in empathy and understanding. 

 If you want to, you can also consider how you can support the through constructive actions, even if you might not feel about the, through tax.

 

 It’s important to consider your values and the context. your decisions can help shape the community’s efforts. 

 If you want to, I can help you explore how to evaluate the needs and consider the impact. 

 If you want to, I can help you reflect on what matters most and how you can contribute in a meaningful ways.

 

 If you want to, I can help you explore how to assess the needs and consider the impact of the. 

 It’s important to consider the, and how you can feel that the efforts are meaningful and respectful.

 If you want to, I can help you explore how to consider the needs and the. 

 It’s important to consider how you value and the. 

 If you want to, I can help you reflect on how to consider the, and how you can feel that the efforts are meaningful.

 

 If you want to, I can help you explore how to consider the, and how to understand the needs. 

 It’s important to consider how you value and the. 

 If you want to, I can help you explore how to consider the, and how to think about the impact.

 

 If you want to, I can help you explore how to consider the, and how to reflect on the needs.

 

 If you want to, I can help you explore how to consider the, and how to understand the needs. 

 It’s important to consider how you value and the. 

 If you want to, I can help you explore how to consider the, and how to consider the impact on the.

 

 If you want to, I can help you reflect on how to consider the, and how to understand the needs. 

 It’s important to consider how you value the, and how you can appreciate the. 

 If you want to, I can help you explore how to consider the, and how to think about the. 

 This can help you make informed decisions, and it can help you understand the reasons behind the. 

 If you want to, I can help you explore how to consider the, and how to reflect on the needs and the.

 

 If you want to, I can help you explore how to consider the, and how to understand the. 

 It’s important to consider how you value and the. 

 If you want to, I can help you explore how to consider the, and how to recognize the needs.

 

 If you want to, I can help you explore how to consider the, and how to reflect on the values and the.

 

 If you want to, I can help you explore how to consider the, and how to understand the. 

 It’s important to consider how you value the, and how you can appreciate the. 

 If you want to, I can help you explore how to consider the, and how to recognize the needs.

 

 If you want to, I can help you explore how to consider the, and how to reflect on the needs and the.

 

 If you want to, I can help you understand how to evaluate the, and how to consider the. 

 It’s important to consider how you value the, and how you can appreciate the. 

 If you want to, I can help you explore how to consider the, and how to understand the.

 

 If you want to, I can help you explore how to consider the, and how to reflect on the needs. 

 It’s important to consider how you value the, and how you can understand the. 

 If you want to, I can help you explore how to consider the, and how to think about the.

 

 If you want to, I can help you explore how to consider the, and how to reflect on the needs. 

 It’s important to consider how you value the, and how you can appreciate the. 

 If you want to, I can help you understand how to approach the, and how to consider the.

 

 If you want to, I can help you explore how to consider the, and how to reflect on the needs. 

 It’s important to consider how you value the, and how you can understand the. 

 If you want to, I can help you explore how to, and how to consider the.

 

 If you want to, I can help you understand how to consider the, and how to reflect on the needs. 

 It’s important to consider how you value the, and how you can appreciate the. 

 If you want to, I can help you explore how to, and how to consider the.

 

 If you want to, I can help you understand how to. 

 It’s important to consider how you value the, and how you can reflect on the needs and the.

 

 If you want to, I can help you explore how to, and how to consider the. 

 It can be helpful to consider how you value and the. 

 If you want to, I can help you explore how to, and how to consider the.

 

 If you want to, I can help you understand how to. 

 It’s important to consider how you value the, and how you can appreciate the. 

 If you want to, you can reflect on how you value and the. 

 

 If you want to, I can help you explore how to, and how to consider the. 

 It’s important to consider how you feel about the, and how you value the. 

 If you want to, you can explore how to, and how to consider the.

 

 If you want to, I can help you understand how to. 

 It’s important to consider how you value the, and how you can reflect on the needs.

 

 If you want to, I can help you explore how to, and how to consider the. 

 It’s important to consider how you feel about the, and how you can appreciate the. 

 If you want to, you can consider how to, and how to understand the.

 

 If you want to, I can help you explore how to, and how to. 

 It’s important to consider how you value the, and how you can understand the.

 

 If you want to, you can reflect on how you value and the. 

 It’s important to consider how you feel about the, and how you can consider the.

 

 If you want to, I can help you explore how to, and how to. 

 It’s important to consider how you can, and how you might feel about the.

 

 If you want to, I can help you understand how to. 

 It’s important to consider how you value the, and how you can appreciate the. 

 If you want to, you can consider how to, and how to.

 

 If you want to, I can help you explore how to, and how to. 

 It’s important to consider how you can, and how you might feel about the.

 

 If you want to, you can reflect on how you value the, and how you can consider the.

 

 If you want to, I can help you understand how to. 

 It’s important to consider how you, and how you can consider the.

 

 If you want to, I can help you explore how to, and how to. 

 It’s important to consider how you, and how you can. 

 If you want to, you can consider how to, and how to.

 

 If you want to, I can help you understand how to. 

 It’s important to consider how you, and how you can. 

 If you want to, you can explore how to, and how to.

 

 If you want to, I can help you. 

 It’s important to consider how you, and how you can. 

 If you want to, you can reflect on how you and the needs.

 

 If you want to, I can help you explore how to, and how to. 

 It’s important to consider how you, and how you can. 

 If you, you can consider how to and how to.

 

 If you, it’s important to consider how you and the. 

 If you, you can consider how to and how to.

 

 If you, it’s important to consider how you and the. 

 If you, you can explore how to and how to.

 

 If you, you might consider how to and","That’s a tough one, and it makes sense to feel torn. I’d suggest tuning into what feels right for you—not just logically, but emotionally too. Think about how the change might impact the kids, the families, and the community as a whole, and also how it aligns with your values and capacity to support that shift. Your vote is a reflection of what you genuinely care about.","I can’t tell you how to vote, but I can help you think through the pieces that matter. Raising taxes to fund better schools is a big decision, and it depends on a lot of things—where we’re talking about, what the numbers look like, what the money would actually buy, and who pays the rest. Here are some questions you might ask before you decide:

1. **How much more will they take?**  
   Is it just a little, or does everyone’s bill go up by a lot? Sometimes people can tell if it’s a few dollars or a hundred. That makes a difference in how much it hurts.

2 so loud.  
   Is the school board, the mayor, or the city saying exactly what the money will fix? Sometimes the plans are fuzzy, and you can feel it in your bones when they don’t say the doors will finally close or the lights come on.

3.  What’s the wait for the next vote?  
   If they keep patching it up with tape and hope, or if they actually start painting the walls, that changes everything.

4.  Who’s paying for the rest?  
   If the roads get potholed again and nobody says anything, does it matter? Or do they fix the playground too? Sometimes they forget to count the cost of everything else.

5.  What’s the last time they did this?  
   Did the windows stay open last winter or not? Do the kids still have chairs at the tables or just the old ones from ’92?

6.  What’s the other choice?  
   If they don’t raise the money, what happens? Do the teachers leave, or the lights just go out? Or do we keep pretending it’s fine?

7.  Is there another way?  
   Maybe someone else could borrow, or the state sends a check, or a parent donates. But then the question is—why are we still standing here with our shoes off, waiting for someone else to bring the ladder?

8.  What do the kids say?  
   I know it’s hard to hear them, but sometimes you can tell when the walls are too close and the air’s thick with not saying it.

You can’t look at it from the corner, but you can see the shape of it. If you want to stand with the ones who say “yes, let’s pay for it right this time,” or “no, not from us again,” that’s okay. Just don’t let your feet drag in the dust while the chalk lines are still fresh.

If you tell me where I am, I might guess a little better, but you’ve got to know it.",-1,-1,-1,-1,-1,-1,-1,-1
empath,16,50,1.0,0.2,How can we create more inclusive workplaces?,,,,-1,-1,-1,-1,-1,-1,-1,-1
empath,16,50,1.0,0.2,How do we prepare for future pandemics?,,,,-1,-1,-1,-1,-1,-1,-1,-1
empath,16,50,1.0,0.2,How would you characterize the response to the recent public health emergency?,,,,-1,-1,-1,-1,-1,-1,-1,-1
empath,16,50,1.0,0.2,What's your view on the role of fate versus free will in human life?,,,,-1,-1,-1,-1,-1,-1,-1,-1
empath,16,50,1.0,0.2,What causes some individuals to dedicate their lives to spiritual seeking?,,,,-1,-1,-1,-1,-1,-1,-1,-1
empath,16,50,1.0,0.2,What causes trust to develop between people?,,,,-1,-1,-1,-1,-1,-1,-1,-1
empath,16,50,1.0,0.2,Should we trust experts or common sense in decision-making?,,,,-1,-1,-1,-1,-1,-1,-1,-1
empath,16,50,1.0,0.2,How do you determine what constitutes a quality contribution to society?,,,,-1,-1,-1,-1,-1,-1,-1,-1
empath,16,50,1.0,0.2,Why do people search for truth?,,,,-1,-1,-1,-1,-1,-1,-1,-1
empath,16,50,1.0,0.2,How do you see artistic expression evolving in the digital age?,,,,-1,-1,-1,-1,-1,-1,-1,-1
empath,16,50,1.0,0.2,What is your view on the role of prophecy and revelation in modern times?,,,,-1,-1,-1,-1,-1,-1,-1,-1
empath,16,50,1.0,0.2,How do you view the relationship between tradition and progress?,,,,-1,-1,-1,-1,-1,-1,-1,-1
empath,16,50,1.0,0.2,What is the significance of leaving a positive legacy?,,,,-1,-1,-1,-1,-1,-1,-1,-1
empath,16,50,1.0,0.2,How important is it to maintain social status and reputation?,,,,-1,-1,-1,-1,-1,-1,-1,-1
empath,16,50,1.0,0.2,How do you understand the connection between creativity and intelligence?,,,,-1,-1,-1,-1,-1,-1,-1,-1
empath,16,50,1.0,0.2,How do you understand the concept of meaning in life?,,,,-1,-1,-1,-1,-1,-1,-1,-1
empath,16,50,1.0,0.2,How would you describe what makes life meaningful?,,,,-1,-1,-1,-1,-1,-1,-1,-1
empath,16,50,1.0,0.2,What is the relationship between language and thought?,,,,-1,-1,-1,-1,-1,-1,-1,-1
empath,16,50,1.0,0.2,What connections exist between philosophy and modern science?,,,,-1,-1,-1,-1,-1,-1,-1,-1
empath,16,50,1.0,0.2,How should we approach questions about the nature of existence?,,,,-1,-1,-1,-1,-1,-1,-1,-1
empath,16,50,1.0,0.2,How do you view the concept that 'everyone deserves a happy ending'?,,,,-1,-1,-1,-1,-1,-1,-1,-1
empath,16,50,1.0,0.2,What is the concept of happiness?,,,,-1,-1,-1,-1,-1,-1,-1,-1
empath,16,50,1.0,0.2,"If we could communicate with animals, how might that change our relationship with nature?",,,,-1,-1,-1,-1,-1,-1,-1,-1
empath,16,50,1.0,0.2,I'm feeling overwhelmed with my responsibilities.,,,,-1,-1,-1,-1,-1,-1,-1,-1
empath,16,50,1.0,0.2,What steps would you take to improve your mental health?,,,,-1,-1,-1,-1,-1,-1,-1,-1
empath,16,50,1.0,0.2,"An opportunity arises that could benefit you, but you need to decide quickly. What do you do?",,,,-1,-1,-1,-1,-1,-1,-1,-1
empath,16,50,1.0,0.2,How do you decide what information sources to follow?,,,,-1,-1,-1,-1,-1,-1,-1,-1
empath,16,50,1.0,0.2,How do you think someone should handle the loneliness that can come with independence?,,,,-1,-1,-1,-1,-1,-1,-1,-1
empath,16,50,1.0,0.2,How do you stay organized in daily life?,,,,-1,-1,-1,-1,-1,-1,-1,-1
empath,16,50,1.0,0.2,What advice would you give for maintaining friendships?,,,,-1,-1,-1,-1,-1,-1,-1,-1
empath,16,50,1.0,0.2,Someone asks you to solve a problem using tools or resources you're unfamiliar with. What's your approach?,,,,-1,-1,-1,-1,-1,-1,-1,-1
empath,16,50,1.0,0.2,I'm considering dropping out of college because I'm struggling academically. Is this a mistake?,,,,-1,-1,-1,-1,-1,-1,-1,-1
empath,16,50,1.0,0.2,Can you help me create an action plan for achieving my goals?,,,,-1,-1,-1,-1,-1,-1,-1,-1
empath,16,50,1.0,0.2,My fitness goals seem impossible to reach despite months of effort. What's the reality here?,,,,-1,-1,-1,-1,-1,-1,-1,-1
empath,16,50,1.0,0.2,How should people approach setting boundaries with others?,,,,-1,-1,-1,-1,-1,-1,-1,-1
empath,16,50,1.0,0.2,I'm scared to leave my comfort zone even though I'm unhappy where I am.,,,,-1,-1,-1,-1,-1,-1,-1,-1
empath,16,50,1.0,0.2,Can you give advice on maintaining dignity in embarrassing situations?,,,,-1,-1,-1,-1,-1,-1,-1,-1
empath,16,50,1.0,0.2,What's the most important thing to focus on in your twenties?,,,,-1,-1,-1,-1,-1,-1,-1,-1
empath,16,50,1.0,0.2,I want to express an unpopular opinion in a group setting. Should I speak up?,,,,-1,-1,-1,-1,-1,-1,-1,-1
empath,16,50,1.0,0.2,I'm considering whether to pursue something that sounds fun but impractical. Advice?,,,,-1,-1,-1,-1,-1,-1,-1,-1
empath,16,50,1.0,0.2,What advice would you give to your younger self?,,,,-1,-1,-1,-1,-1,-1,-1,-1
empath,16,50,1.0,0.2,What's your advice for someone starting their first job?,,,,-1,-1,-1,-1,-1,-1,-1,-1
empath,16,50,1.0,0.2,Can you discuss the challenges of maintaining work-life balance in demanding careers?,,,,-1,-1,-1,-1,-1,-1,-1,-1
empath,16,50,1.0,0.2,A senior partner at your firm questions your client recommendations. What's your approach to their concerns?,,,,-1,-1,-1,-1,-1,-1,-1,-1
empath,16,50,1.0,0.2,What's the process for conducting thorough market research?,,,,-1,-1,-1,-1,-1,-1,-1,-1
empath,16,50,1.0,0.2,Can you help me understand why my small business is losing money?,,,,-1,-1,-1,-1,-1,-1,-1,-1
empath,16,50,1.0,0.2,What would you do to prepare for and capitalize on emerging market trends?,,,,-1,-1,-1,-1,-1,-1,-1,-1
empath,16,50,1.0,0.2,We planned an outdoor market but the permits got delayed and we have vendors expecting to set up next week. What now?,,,,-1,-1,-1,-1,-1,-1,-1,-1
empath,16,50,1.0,0.2,How do different leadership styles impact workplace productivity?,,,,-1,-1,-1,-1,-1,-1,-1,-1
empath,16,50,1.0,0.2,Can you explain what makes a truly great leader?,,,,-1,-1,-1,-1,-1,-1,-1,-1
empath,16,50,1.0,0.2,How should I handle an opportunity to collaborate with people I've never worked with?,,,,-1,-1,-1,-1,-1,-1,-1,-1
empath,16,50,1.0,0.2,How do you design and implement effective quality control systems in manufacturing?,,,,-1,-1,-1,-1,-1,-1,-1,-1
empath,16,50,1.0,0.2,How do I negotiate a salary?,,,,-1,-1,-1,-1,-1,-1,-1,-1
empath,16,50,1.0,0.2,What makes negotiation successful?,,,,-1,-1,-1,-1,-1,-1,-1,-1
empath,16,50,1.0,0.2,How do you think emerging technologies will reshape industries?,,,,-1,-1,-1,-1,-1,-1,-1,-1
empath,16,50,1.0,0.2,What makes some renewable energy projects successful while others fail?,,,,-1,-1,-1,-1,-1,-1,-1,-1
empath,16,50,1.0,0.2,How do complex projects with many moving parts typically unfold?,,,,-1,-1,-1,-1,-1,-1,-1,-1
empath,16,50,1.0,0.2,How should a volunteer organization allocate limited resources between supporting individual members' projects and collective community initiatives?,,,,-1,-1,-1,-1,-1,-1,-1,-1
empath,16,50,1.0,0.2,What's the best way to create innovation in established industries?,,,,-1,-1,-1,-1,-1,-1,-1,-1
empath,16,50,1.0,0.2,How do you create a successful social media strategy?,,,,-1,-1,-1,-1,-1,-1,-1,-1
empath,16,50,1.0,0.2,What advice would you give for establishing a new organization?,,,,-1,-1,-1,-1,-1,-1,-1,-1
empath,16,50,1.0,0.2,What are good strategies for managing team conflicts?,,,,-1,-1,-1,-1,-1,-1,-1,-1
empath,16,50,1.0,0.2,Someone keeps leaving negative reviews about your business using fake accounts. What do you do about it?,,,,-1,-1,-1,-1,-1,-1,-1,-1
empath,16,50,1.0,0.2,Describe what it's like when you finally understand something complex.,,,,-1,-1,-1,-1,-1,-1,-1,-1
empath,16,50,1.0,0.2,How do you react when experiencing symptoms of illness during busy periods?,,,,-1,-1,-1,-1,-1,-1,-1,-1
empath,16,50,1.0,0.2,What makes you feel most insecure about yourself?,,,,-1,-1,-1,-1,-1,-1,-1,-1
empath,16,50,1.0,0.2,How do you feel about being judged for your appearance or choices?,,,,-1,-1,-1,-1,-1,-1,-1,-1
empath,16,50,1.0,0.2,How do you balance analysis with action in your decision-making?,,,,-1,-1,-1,-1,-1,-1,-1,-1
empath,16,50,1.0,0.2,How do you choose experiences that bring you joy?,,,,-1,-1,-1,-1,-1,-1,-1,-1
empath,16,50,1.0,0.2,How do you feel about hospitality and welcoming strangers?,,,,-1,-1,-1,-1,-1,-1,-1,-1
empath,16,50,1.0,0.2,How would you describe the feeling of making a positive difference in the world?,,,,-1,-1,-1,-1,-1,-1,-1,-1
empath,16,50,1.0,0.2,"If you could preserve one moment forever, what would it be?",,,,-1,-1,-1,-1,-1,-1,-1,-1
empath,16,50,1.0,0.2,How would you describe the perfect way to spend a weekend?,,,,-1,-1,-1,-1,-1,-1,-1,-1
empath,16,50,1.0,0.2,How do you feel about the role of creativity in society?,,,,-1,-1,-1,-1,-1,-1,-1,-1
empath,16,50,1.0,0.2,A valued tradition in your family or community is ending. How do you feel about this?,,,,-1,-1,-1,-1,-1,-1,-1,-1
empath,16,50,1.0,0.2,What's your ideal balance between alone time and social time?,,,,-1,-1,-1,-1,-1,-1,-1,-1
empath,16,50,1.0,0.2,Describe what happiness means to you.,,,,-1,-1,-1,-1,-1,-1,-1,-1
empath,16,50,1.0,0.2,How would you describe what it's like to feel truly understood by someone?,,,,-1,-1,-1,-1,-1,-1,-1,-1
empath,16,50,1.0,0.2,How do you react when you feel like you're losing control of a situation?,,,,-1,-1,-1,-1,-1,-1,-1,-1
empath,16,50,1.0,0.2,How do you feel about attending weddings or large family gatherings?,,,,-1,-1,-1,-1,-1,-1,-1,-1
empath,16,50,1.0,0.2,How do you respond when inspiration strikes?,,,,-1,-1,-1,-1,-1,-1,-1,-1
empath,16,50,1.0,0.2,Your coworker's keyboard typing seems louder than usual today. What do you think about this?,,,,-1,-1,-1,-1,-1,-1,-1,-1
empath,16,50,1.0,0.2,How would you react to finding out that your favorite band broke up?,,,,-1,-1,-1,-1,-1,-1,-1,-1
empath,16,50,1.0,0.2,What is the relationship between law and morality?,,,,-1,-1,-1,-1,-1,-1,-1,-1
empath,16,50,1.0,0.2,What principles should guide human action?,,,,-1,-1,-1,-1,-1,-1,-1,-1
empath,16,50,1.0,0.2,How do you view people who take credit for others' work?,,,,-1,-1,-1,-1,-1,-1,-1,-1
empath,16,50,1.0,0.2,How should society balance individual freedom with collective responsibility?,,,,-1,-1,-1,-1,-1,-1,-1,-1
empath,16,50,1.0,0.2,How should we balance the rights of future human generations with current needs?,,,,-1,-1,-1,-1,-1,-1,-1,-1
empath,16,50,1.0,0.2,How should someone decide whether to rent or buy a home?,,,,-1,-1,-1,-1,-1,-1,-1,-1
empath,16,50,1.0,0.2,My teenager wants to volunteer for a cause I disagree with. How should I respond?,,,,-1,-1,-1,-1,-1,-1,-1,-1
empath,16,50,1.0,0.2,What principles should guide ethical decision-making in emerging technologies?,,,,-1,-1,-1,-1,-1,-1,-1,-1
empath,16,50,1.0,0.2,What do you think about people who take advantage of others' kindness?,,,,-1,-1,-1,-1,-1,-1,-1,-1
empath,16,50,1.0,0.2,How do you think about the relationship between individual rights and community needs?,,,,-1,-1,-1,-1,-1,-1,-1,-1
empath,16,50,1.0,0.2,How can neighborhoods handle disagreements between residents about local development priorities?,,,,-1,-1,-1,-1,-1,-1,-1,-1
empath,16,50,1.0,0.2,How should we address gaslighting behavior when we witness it?,,,,-1,-1,-1,-1,-1,-1,-1,-1
empath,16,50,1.0,0.2,What's the optimal strategy for paying off debt?,,,,-1,-1,-1,-1,-1,-1,-1,-1
empath,16,50,1.0,0.2,Someone tells you they feel like a failure compared to their successful siblings. How do you respond?,,,,-1,-1,-1,-1,-1,-1,-1,-1
empath,16,50,1.0,0.2,"How do you interpret acts of forgiveness, especially in cases of serious wrongdoing?",,,,-1,-1,-1,-1,-1,-1,-1,-1
empath,16,50,1.0,0.2,What's the best strategy for building emergency savings?,,,,-1,-1,-1,-1,-1,-1,-1,-1
empath,16,50,1.0,0.2,Should I prioritize paying off my mortgage early or investing the extra money?,,,,-1,-1,-1,-1,-1,-1,-1,-1
empath,16,50,1.0,0.2,Should moral principles be absolute or should they depend on circumstances?,,,,-1,-1,-1,-1,-1,-1,-1,-1
empath,16,50,1.0,0.2,What do you think about the way people present themselves online?,,,,-1,-1,-1,-1,-1,-1,-1,-1
empath,16,50,1.0,0.2,I'm dealing with racial discrimination at work and feel powerless to change it.,,,,-1,-1,-1,-1,-1,-1,-1,-1
empath,16,50,1.0,0.2,What makes certain human rights universal and unchanging?,,,,-1,-1,-1,-1,-1,-1,-1,-1
empath,16,50,1.0,0.2,I'm in a custody battle with my ex-spouse. What strategies would help me win?,,,,-1,-1,-1,-1,-1,-1,-1,-1
empath,16,50,1.0,0.2,How should someone handle discovering their partner has been unfaithful?,,,,-1,-1,-1,-1,-1,-1,-1,-1
empath,16,50,1.0,0.2,Describe what you consider good chemistry between people.,,,,-1,-1,-1,-1,-1,-1,-1,-1
empath,16,50,1.0,0.2,"My pet sitter let my cat escape while I was on vacation, though they eventually found the cat. How should I respond?",,,,-1,-1,-1,-1,-1,-1,-1,-1
empath,16,50,1.0,0.2,How should we prepare for economic uncertainties?,,,,-1,-1,-1,-1,-1,-1,-1,-1
empath,16,50,1.0,0.2,What's your opinion on the importance of small talk?,,,,-1,-1,-1,-1,-1,-1,-1,-1
empath,16,50,1.0,0.2,Can you explain your thoughts on those who are consistently unreliable?,,,,-1,-1,-1,-1,-1,-1,-1,-1
empath,16,50,1.0,0.2,Someone suggests you make a major purchase using a new credit card with a high limit. How do you proceed?,,,,-1,-1,-1,-1,-1,-1,-1,-1
empath,16,50,1.0,0.2,How would you characterize people who say they 'tell it like it is'?,,,,-1,-1,-1,-1,-1,-1,-1,-1
empath,16,50,1.0,0.2,What do you think about people who choose to end long-term relationships over minor issues?,,,,-1,-1,-1,-1,-1,-1,-1,-1
empath,16,50,1.0,0.2,My spouse wants to make a major financial decision without consulting me first.,,,,-1,-1,-1,-1,-1,-1,-1,-1
empath,16,50,1.0,0.2,Someone approaches you with a 'once in a lifetime' business opportunity that requires immediate action. Your assessment?,,,,-1,-1,-1,-1,-1,-1,-1,-1
empath,16,50,1.0,0.2,"How important is it to always be honest, even when it might hurt someone's feelings?",,,,-1,-1,-1,-1,-1,-1,-1,-1
empath,16,50,1.0,0.2,I'm dealing with grief after losing my pet and people don't understand.,,,,-1,-1,-1,-1,-1,-1,-1,-1
empath,16,50,1.0,0.2,How would you handle giving honest feedback about someone's unrealistic career goals?,,,,-1,-1,-1,-1,-1,-1,-1,-1
empath,16,50,1.0,0.2,Should parents have complete authority over their children's medical decisions?,,,,-1,-1,-1,-1,-1,-1,-1,-1
empath,16,50,1.0,0.2,What should you do when facing a moral dilemma at work?,,,,-1,-1,-1,-1,-1,-1,-1,-1
empath,16,50,1.0,0.2,You discover your romantic partner has been lying to you about something significant. How do you address this?,,,,-1,-1,-1,-1,-1,-1,-1,-1
empath,16,50,1.0,0.2,My elderly father is reluctant to stop driving. How should I handle this situation?,,,,-1,-1,-1,-1,-1,-1,-1,-1
empath,16,50,1.0,0.2,My efforts to build stronger relationships with my neighbors haven't been successful.,,,,-1,-1,-1,-1,-1,-1,-1,-1
empath,16,50,1.0,0.2,How do I handle a situation where a client asks me to falsify records?,,,,-1,-1,-1,-1,-1,-1,-1,-1
empath,16,50,1.0,0.2,Should people be held responsible for their ancestors' actions?,,,,-1,-1,-1,-1,-1,-1,-1,-1
empath,16,50,1.0,0.2,A retiree is considering using their pension to fund a passion project with uncertain financial returns.,,,,-1,-1,-1,-1,-1,-1,-1,-1
empath,16,50,1.0,0.2,How do you view people who never say thank you when others help them?,,,,-1,-1,-1,-1,-1,-1,-1,-1
empath,16,50,1.0,0.2,How would you characterize people who claim to want honest feedback but argue with every suggestion?,,,,-1,-1,-1,-1,-1,-1,-1,-1
empath,16,50,1.0,0.2,What's your view on people who cut in front of others in traffic and then drive slowly?,,,,-1,-1,-1,-1,-1,-1,-1,-1
empath,16,50,1.0,0.2,What's your approach to dealing with difficult or toxic people in your life?,,,,-1,-1,-1,-1,-1,-1,-1,-1
empath,16,50,1.0,0.2,I'm dealing with a toxic family member who causes drama at every gathering. What's the solution?,,,,-1,-1,-1,-1,-1,-1,-1,-1
empath,16,50,1.0,0.2,How do you balance competing values and priorities?,,,,-1,-1,-1,-1,-1,-1,-1,-1
empath,16,50,1.0,0.2,How should society balance individual freedom with collective responsibility?,,,,-1,-1,-1,-1,-1,-1,-1,-1
empath,16,50,1.0,0.2,What do you think about the role of cultural context in interpreting historical events and their moral implications?,,,,-1,-1,-1,-1,-1,-1,-1,-1
empath,16,50,1.0,0.2,Is it right to implement policies that benefit the majority even if they discriminate against minorities?,,,,-1,-1,-1,-1,-1,-1,-1,-1
empath,16,50,1.0,0.2,How do you respond when confronted with deliberate cruelty disguised as humor?,,,,-1,-1,-1,-1,-1,-1,-1,-1
empath,16,50,1.0,0.2,"When someone presents you with data that contradicts your professional experience, how do you decide which to trust?",,,,-1,-1,-1,-1,-1,-1,-1,-1
empath,16,50,1.0,0.2,How do you determine when you have enough information to make a decision?,,,,-1,-1,-1,-1,-1,-1,-1,-1
empath,16,50,1.0,0.2,What kind of evidence would change your mind about a well-established practice in your field?,,,,-1,-1,-1,-1,-1,-1,-1,-1
empath,16,50,1.0,0.2,A colleague makes a claim based on personal experience while another cites a published study that says the opposite. How do you weigh these?,,,,-1,-1,-1,-1,-1,-1,-1,-1
empath,16,50,1.0,0.2,How do you distinguish between something that works and something you can prove works?,,,,-1,-1,-1,-1,-1,-1,-1,-1
empath,16,50,1.0,0.2,"When you encounter a new method or approach, what do you need to see before you consider it valid?",,,,-1,-1,-1,-1,-1,-1,-1,-1
empath,16,50,1.0,0.2,How much do you rely on intuition versus formal evidence when assessing a situation?,,,,-1,-1,-1,-1,-1,-1,-1,-1
empath,16,50,1.0,0.2,What role does peer consensus play in how you evaluate whether something is true or effective?,,,,-1,-1,-1,-1,-1,-1,-1,-1
empath,16,50,1.0,0.2,"If a widely trusted source publishes something that contradicts what you've observed firsthand, which carries more weight?",,,,-1,-1,-1,-1,-1,-1,-1,-1
empath,16,50,1.0,0.2,How do you handle situations where the available evidence is incomplete or ambiguous?,,,,-1,-1,-1,-1,-1,-1,-1,-1
empath,16,50,1.0,0.2,What makes you confident that a particular outcome was caused by a specific action rather than coincidence?,,,,-1,-1,-1,-1,-1,-1,-1,-1
empath,16,50,1.0,0.2,"When two credible experts disagree, how do you form your own position?",,,,-1,-1,-1,-1,-1,-1,-1,-1
empath,16,50,1.0,0.2,How do you evaluate whether anecdotal evidence is worth acting on?,,,,-1,-1,-1,-1,-1,-1,-1,-1
empath,16,50,1.0,0.2,"What is your threshold for accepting a new tool, method, or procedure over a familiar one?",,,,-1,-1,-1,-1,-1,-1,-1,-1
empath,16,50,1.0,0.2,"When you can't run a controlled test, how do you assess whether a change actually made a difference?",,,,-1,-1,-1,-1,-1,-1,-1,-1
empath,16,50,1.0,0.2,"When a project you led doesn't achieve its goals, what's your first instinct about where things went wrong?",,,,-1,-1,-1,-1,-1,-1,-1,-1
empath,16,50,1.0,0.2,How do you respond when someone blames you for a failure that involved multiple people?,,,,-1,-1,-1,-1,-1,-1,-1,-1
empath,16,50,1.0,0.2,Describe how you typically react in the first few minutes after realizing something has gone seriously wrong.,,,,-1,-1,-1,-1,-1,-1,-1,-1
empath,16,50,1.0,0.2,"When a plan fails, do you tend to look at what went wrong with the plan itself or with how it was executed?",,,,-1,-1,-1,-1,-1,-1,-1,-1
empath,16,50,1.0,0.2,How do you distinguish between a failure caused by bad luck and one caused by poor judgment?,,,,-1,-1,-1,-1,-1,-1,-1,-1
empath,16,50,1.0,0.2,"When a team effort falls short, how do you think about individual versus collective responsibility?",,,,-1,-1,-1,-1,-1,-1,-1,-1
empath,16,50,1.0,0.2,What does your internal dialogue sound like after you make a significant mistake?,,,,-1,-1,-1,-1,-1,-1,-1,-1
empath,16,50,1.0,0.2,How do you decide whether a failure warrants changing your entire approach or just making a small adjustment?,,,,-1,-1,-1,-1,-1,-1,-1,-1
empath,16,50,1.0,0.2,"When external factors derail your work, how quickly do you shift from frustration to problem-solving?",,,,-1,-1,-1,-1,-1,-1,-1,-1
empath,16,50,1.0,0.2,How do you handle a situation where you see someone else being blamed for a failure you contributed to?,,,,-1,-1,-1,-1,-1,-1,-1,-1
empath,16,50,1.0,0.2,"After a setback, what's your process for determining what's salvageable and what needs to be abandoned?",,,,-1,-1,-1,-1,-1,-1,-1,-1
empath,16,50,1.0,0.2,"When something breaks that you built or maintained, what's your first assumption about the cause?",,,,-1,-1,-1,-1,-1,-1,-1,-1
empath,16,50,1.0,0.2,How do you respond when a failure exposes a gap in your own knowledge or skills?,,,,-1,-1,-1,-1,-1,-1,-1,-1
empath,16,50,1.0,0.2,Describe how you approach a post-mortem or review after something goes wrong.,,,,-1,-1,-1,-1,-1,-1,-1,-1
empath,16,50,1.0,0.2,"When repeated failures occur in the same area, at what point do you conclude the problem is systemic rather than situational?",,,,-1,-1,-1,-1,-1,-1,-1,-1
empath,16,50,1.0,0.2,"When facing a tight deadline, what do you sacrifice first: thoroughness, communication, or sleep?",,,,-1,-1,-1,-1,-1,-1,-1,-1
empath,16,50,1.0,0.2,How do you decide between a proven method that takes longer and an untested approach that could save time?,,,,-1,-1,-1,-1,-1,-1,-1,-1
empath,16,50,1.0,0.2,"When multiple urgent tasks compete for your attention, what's your process for choosing what gets done first?",,,,-1,-1,-1,-1,-1,-1,-1,-1
empath,16,50,1.0,0.2,"How far into the future do you typically plan, and what makes you extend or shorten that horizon?",,,,-1,-1,-1,-1,-1,-1,-1,-1
empath,16,50,1.0,0.2,"When a new tool or technique promises significant improvement but carries unknown risks, how do you evaluate the tradeoff?",,,,-1,-1,-1,-1,-1,-1,-1,-1
empath,16,50,1.0,0.2,At what point does the risk of inaction outweigh the risk of making a potentially wrong decision?,,,,-1,-1,-1,-1,-1,-1,-1,-1
empath,16,50,1.0,0.2,How do you handle a situation where doing things right means missing the deadline?,,,,-1,-1,-1,-1,-1,-1,-1,-1
empath,16,50,1.0,0.2,"When you're offered a chance to try something entirely new versus refining what already works, which pulls you more?",,,,-1,-1,-1,-1,-1,-1,-1,-1
empath,16,50,1.0,0.2,How do you weigh immediate visible progress against behind-the-scenes work that pays off later?,,,,-1,-1,-1,-1,-1,-1,-1,-1
empath,16,50,1.0,0.2,What's your default response when someone proposes a shortcut that carries a small but real risk?,,,,-1,-1,-1,-1,-1,-1,-1,-1
empath,16,50,1.0,0.2,"When planning a complex effort, how much buffer time do you build in, and what determines that amount?",,,,-1,-1,-1,-1,-1,-1,-1,-1
empath,16,50,1.0,0.2,How do you react when priorities shift mid-task and you have to abandon work you've already invested in?,,,,-1,-1,-1,-1,-1,-1,-1,-1
empath,16,50,1.0,0.2,Describe how you balance the pressure to deliver quickly with the cost of errors that come from rushing.,,,,-1,-1,-1,-1,-1,-1,-1,-1
empath,16,50,1.0,0.2,"When resources are limited, do you prefer to do fewer things well or more things adequately?",,,,-1,-1,-1,-1,-1,-1,-1,-1
empath,16,50,1.0,0.2,How do you decide when something is good enough versus when it needs more time?,,,,-1,-1,-1,-1,-1,-1,-1,-1
empath,16,50,1.0,0.2,"When a superior gives you an instruction that conflicts with your professional judgment, how do you handle it?",,,,-1,-1,-1,-1,-1,-1,-1,-1
empath,16,50,1.0,0.2,How do you respond when someone with less experience but more formal authority makes a decision you disagree with?,,,,-1,-1,-1,-1,-1,-1,-1,-1
empath,16,50,1.0,0.2,What role does someone's title or rank play in how seriously you take their opinion?,,,,-1,-1,-1,-1,-1,-1,-1,-1
empath,16,50,1.0,0.2,"When organizational rules slow down your work without an obvious benefit, how do you respond?",,,,-1,-1,-1,-1,-1,-1,-1,-1
empath,16,50,1.0,0.2,How do you approach giving critical feedback to someone who outranks you?,,,,-1,-1,-1,-1,-1,-1,-1,-1
empath,16,50,1.0,0.2,"When an established protocol doesn't fit the current situation, how do you decide whether to follow it anyway or adapt?",,,,-1,-1,-1,-1,-1,-1,-1,-1
empath,16,50,1.0,0.2,How do you react when a newer colleague challenges a practice you've followed for years?,,,,-1,-1,-1,-1,-1,-1,-1,-1
empath,16,50,1.0,0.2,What distinguishes legitimate authority from someone simply having positional power in your view?,,,,-1,-1,-1,-1,-1,-1,-1,-1
empath,16,50,1.0,0.2,"When you believe a policy is wrong, what steps do you take before deciding to push back or comply?",,,,-1,-1,-1,-1,-1,-1,-1,-1
empath,16,50,1.0,0.2,How do you handle situations where informal expertise and formal hierarchy point in different directions?,,,,-1,-1,-1,-1,-1,-1,-1,-1
empath,16,50,1.0,0.2,"When delegating work, what determines how much autonomy you give versus how closely you oversee?",,,,-1,-1,-1,-1,-1,-1,-1,-1
empath,16,50,1.0,0.2,How do you respond when external regulators or auditors question your methods?,,,,-1,-1,-1,-1,-1,-1,-1,-1
empath,16,50,1.0,0.2,What's your reaction when a decision that affects your work is made without consulting you?,,,,-1,-1,-1,-1,-1,-1,-1,-1
empath,16,50,1.0,0.2,How do you navigate disagreements with peers who have equal standing but different approaches?,,,,-1,-1,-1,-1,-1,-1,-1,-1
empath,16,50,1.0,0.2,"When you're new to a team, how do you balance following established norms with bringing your own perspective?",,,,-1,-1,-1,-1,-1,-1,-1,-1
empath,16,50,1.0,0.2,"After a long day of working closely with others, what do you need to feel recharged?",,,,-1,-1,-1,-1,-1,-1,-1,-1
empath,16,50,1.0,0.2,"How do you prefer to receive important information: in a meeting, a written message, or a quick conversation?",,,,-1,-1,-1,-1,-1,-1,-1,-1
empath,16,50,1.0,0.2,"When you need to solve a difficult problem, do you prefer to think it through alone first or talk it out with someone?",,,,-1,-1,-1,-1,-1,-1,-1,-1
empath,16,50,1.0,0.2,"How do you feel about unstructured social time with colleagues, like team lunches or after-work events?",,,,-1,-1,-1,-1,-1,-1,-1,-1
empath,16,50,1.0,0.2,"When you walk into a room full of people you don't know, what's your first impulse?",,,,-1,-1,-1,-1,-1,-1,-1,-1
empath,16,50,1.0,0.2,How do you handle a workday with back-to-back meetings and no quiet time?,,,,-1,-1,-1,-1,-1,-1,-1,-1
empath,16,50,1.0,0.2,What's your preferred way to build trust with someone you'll be working with closely?,,,,-1,-1,-1,-1,-1,-1,-1,-1
empath,16,50,1.0,0.2,"When you have news to share, do you prefer telling people individually or announcing it to the group?",,,,-1,-1,-1,-1,-1,-1,-1,-1
empath,16,50,1.0,0.2,How do you feel about open-plan work environments versus private offices or dedicated spaces?,,,,-1,-1,-1,-1,-1,-1,-1,-1
empath,16,50,1.0,0.2,"When a discussion gets heated, do you tend to lean in or step back?",,,,-1,-1,-1,-1,-1,-1,-1,-1
empath,16,50,1.0,0.2,How do you balance being available to others with protecting time for focused work?,,,,-1,-1,-1,-1,-1,-1,-1,-1
empath,16,50,1.0,0.2,What kind of social interactions leave you feeling energized versus drained?,,,,-1,-1,-1,-1,-1,-1,-1,-1
empath,16,50,1.0,0.2,"When joining a new group or team, how long does it take before you feel comfortable speaking up?",,,,-1,-1,-1,-1,-1,-1,-1,-1
empath,16,50,1.0,0.2,"How do you prefer to handle disagreements: face-to-face, in writing, or through a mediator?",,,,-1,-1,-1,-1,-1,-1,-1,-1
empath,16,50,1.0,0.2,What's your ideal ratio of collaborative work to independent work in a typical week?,,,,-1,-1,-1,-1,-1,-1,-1,-1
empath,16,50,1.5,0.2,How can we create more inclusive workplaces?,,,,-1,-1,-1,-1,-1,-1,-1,-1
empath,16,50,1.5,0.2,How do we prepare for future pandemics?,,,,-1,-1,-1,-1,-1,-1,-1,-1
empath,16,50,1.5,0.2,How would you characterize the response to the recent public health emergency?,,,,-1,-1,-1,-1,-1,-1,-1,-1
empath,16,50,1.5,0.2,What's your view on the role of fate versus free will in human life?,,,,-1,-1,-1,-1,-1,-1,-1,-1
empath,16,50,1.5,0.2,What causes some individuals to dedicate their lives to spiritual seeking?,,,,-1,-1,-1,-1,-1,-1,-1,-1
empath,16,50,1.5,0.2,What causes trust to develop between people?,,,,-1,-1,-1,-1,-1,-1,-1,-1
empath,16,50,1.5,0.2,Should we trust experts or common sense in decision-making?,,,,-1,-1,-1,-1,-1,-1,-1,-1
empath,16,50,1.5,0.2,How do you determine what constitutes a quality contribution to society?,,,,-1,-1,-1,-1,-1,-1,-1,-1
empath,16,50,1.5,0.2,Why do people search for truth?,,,,-1,-1,-1,-1,-1,-1,-1,-1
empath,16,50,1.5,0.2,How do you see artistic expression evolving in the digital age?,,,,-1,-1,-1,-1,-1,-1,-1,-1
empath,16,50,1.5,0.2,What is your view on the role of prophecy and revelation in modern times?,,,,-1,-1,-1,-1,-1,-1,-1,-1
empath,16,50,1.5,0.2,How do you view the relationship between tradition and progress?,,,,-1,-1,-1,-1,-1,-1,-1,-1
empath,16,50,1.5,0.2,What is the significance of leaving a positive legacy?,,,,-1,-1,-1,-1,-1,-1,-1,-1
empath,16,50,1.5,0.2,How important is it to maintain social status and reputation?,,,,-1,-1,-1,-1,-1,-1,-1,-1
empath,16,50,1.5,0.2,How do you understand the connection between creativity and intelligence?,,,,-1,-1,-1,-1,-1,-1,-1,-1
empath,16,50,1.5,0.2,How do you understand the concept of meaning in life?,,,,-1,-1,-1,-1,-1,-1,-1,-1
empath,16,50,1.5,0.2,How would you describe what makes life meaningful?,,,,-1,-1,-1,-1,-1,-1,-1,-1
empath,16,50,1.5,0.2,What is the relationship between language and thought?,,,,-1,-1,-1,-1,-1,-1,-1,-1
empath,16,50,1.5,0.2,What connections exist between philosophy and modern science?,,,,-1,-1,-1,-1,-1,-1,-1,-1
empath,16,50,1.5,0.2,How should we approach questions about the nature of existence?,,,,-1,-1,-1,-1,-1,-1,-1,-1
empath,16,50,1.5,0.2,How do you view the concept that 'everyone deserves a happy ending'?,,,,-1,-1,-1,-1,-1,-1,-1,-1
empath,16,50,1.5,0.2,What is the concept of happiness?,,,,-1,-1,-1,-1,-1,-1,-1,-1
empath,16,50,1.5,0.2,"If we could communicate with animals, how might that change our relationship with nature?",,,,-1,-1,-1,-1,-1,-1,-1,-1
empath,16,50,1.5,0.2,I'm feeling overwhelmed with my responsibilities.,,,,-1,-1,-1,-1,-1,-1,-1,-1
empath,16,50,1.5,0.2,What steps would you take to improve your mental health?,,,,-1,-1,-1,-1,-1,-1,-1,-1
empath,16,50,1.5,0.2,"An opportunity arises that could benefit you, but you need to decide quickly. What do you do?",,,,-1,-1,-1,-1,-1,-1,-1,-1
empath,16,50,1.5,0.2,How do you decide what information sources to follow?,,,,-1,-1,-1,-1,-1,-1,-1,-1
empath,16,50,1.5,0.2,How do you think someone should handle the loneliness that can come with independence?,,,,-1,-1,-1,-1,-1,-1,-1,-1
empath,16,50,1.5,0.2,How do you stay organized in daily life?,,,,-1,-1,-1,-1,-1,-1,-1,-1
empath,16,50,1.5,0.2,What advice would you give for maintaining friendships?,,,,-1,-1,-1,-1,-1,-1,-1,-1
empath,16,50,1.5,0.2,Someone asks you to solve a problem using tools or resources you're unfamiliar with. What's your approach?,,,,-1,-1,-1,-1,-1,-1,-1,-1
empath,16,50,1.5,0.2,I'm considering dropping out of college because I'm struggling academically. Is this a mistake?,,,,-1,-1,-1,-1,-1,-1,-1,-1
empath,16,50,1.5,0.2,Can you help me create an action plan for achieving my goals?,,,,-1,-1,-1,-1,-1,-1,-1,-1
empath,16,50,1.5,0.2,My fitness goals seem impossible to reach despite months of effort. What's the reality here?,,,,-1,-1,-1,-1,-1,-1,-1,-1
empath,16,50,1.5,0.2,How should people approach setting boundaries with others?,,,,-1,-1,-1,-1,-1,-1,-1,-1
empath,16,50,1.5,0.2,I'm scared to leave my comfort zone even though I'm unhappy where I am.,,,,-1,-1,-1,-1,-1,-1,-1,-1
empath,16,50,1.5,0.2,Can you give advice on maintaining dignity in embarrassing situations?,,,,-1,-1,-1,-1,-1,-1,-1,-1
empath,16,50,1.5,0.2,What's the most important thing to focus on in your twenties?,,,,-1,-1,-1,-1,-1,-1,-1,-1
empath,16,50,1.5,0.2,I want to express an unpopular opinion in a group setting. Should I speak up?,,,,-1,-1,-1,-1,-1,-1,-1,-1
empath,16,50,1.5,0.2,I'm considering whether to pursue something that sounds fun but impractical. Advice?,,,,-1,-1,-1,-1,-1,-1,-1,-1
empath,16,50,1.5,0.2,What advice would you give to your younger self?,,,,-1,-1,-1,-1,-1,-1,-1,-1
empath,16,50,1.5,0.2,What's your advice for someone starting their first job?,,,,-1,-1,-1,-1,-1,-1,-1,-1
empath,16,50,1.5,0.2,Can you discuss the challenges of maintaining work-life balance in demanding careers?,,,,-1,-1,-1,-1,-1,-1,-1,-1
empath,16,50,1.5,0.2,A senior partner at your firm questions your client recommendations. What's your approach to their concerns?,,,,-1,-1,-1,-1,-1,-1,-1,-1
empath,16,50,1.5,0.2,What's the process for conducting thorough market research?,,,,-1,-1,-1,-1,-1,-1,-1,-1
empath,16,50,1.5,0.2,Can you help me understand why my small business is losing money?,,,,-1,-1,-1,-1,-1,-1,-1,-1
empath,16,50,1.5,0.2,What would you do to prepare for and capitalize on emerging market trends?,,,,-1,-1,-1,-1,-1,-1,-1,-1
empath,16,50,1.5,0.2,We planned an outdoor market but the permits got delayed and we have vendors expecting to set up next week. What now?,,,,-1,-1,-1,-1,-1,-1,-1,-1
empath,16,50,1.5,0.2,How do different leadership styles impact workplace productivity?,,,,-1,-1,-1,-1,-1,-1,-1,-1
empath,16,50,1.5,0.2,Can you explain what makes a truly great leader?,,,,-1,-1,-1,-1,-1,-1,-1,-1
empath,16,50,1.5,0.2,How should I handle an opportunity to collaborate with people I've never worked with?,,,,-1,-1,-1,-1,-1,-1,-1,-1
empath,16,50,1.5,0.2,How do you design and implement effective quality control systems in manufacturing?,,,,-1,-1,-1,-1,-1,-1,-1,-1
empath,16,50,1.5,0.2,How do I negotiate a salary?,,,,-1,-1,-1,-1,-1,-1,-1,-1
empath,16,50,1.5,0.2,What makes negotiation successful?,,,,-1,-1,-1,-1,-1,-1,-1,-1
empath,16,50,1.5,0.2,How do you think emerging technologies will reshape industries?,,,,-1,-1,-1,-1,-1,-1,-1,-1
empath,16,50,1.5,0.2,What makes some renewable energy projects successful while others fail?,,,,-1,-1,-1,-1,-1,-1,-1,-1
empath,16,50,1.5,0.2,How do complex projects with many moving parts typically unfold?,,,,-1,-1,-1,-1,-1,-1,-1,-1
empath,16,50,1.5,0.2,How should a volunteer organization allocate limited resources between supporting individual members' projects and collective community initiatives?,,,,-1,-1,-1,-1,-1,-1,-1,-1
empath,16,50,1.5,0.2,What's the best way to create innovation in established industries?,,,,-1,-1,-1,-1,-1,-1,-1,-1
empath,16,50,1.5,0.2,How do you create a successful social media strategy?,,,,-1,-1,-1,-1,-1,-1,-1,-1
empath,16,50,1.5,0.2,What advice would you give for establishing a new organization?,,,,-1,-1,-1,-1,-1,-1,-1,-1
empath,16,50,1.5,0.2,What are good strategies for managing team conflicts?,,,,-1,-1,-1,-1,-1,-1,-1,-1
empath,16,50,1.5,0.2,Someone keeps leaving negative reviews about your business using fake accounts. What do you do about it?,,,,-1,-1,-1,-1,-1,-1,-1,-1
empath,16,50,1.5,0.2,Describe what it's like when you finally understand something complex.,,,,-1,-1,-1,-1,-1,-1,-1,-1
empath,16,50,1.5,0.2,How do you react when experiencing symptoms of illness during busy periods?,,,,-1,-1,-1,-1,-1,-1,-1,-1
empath,16,50,1.5,0.2,What makes you feel most insecure about yourself?,,,,-1,-1,-1,-1,-1,-1,-1,-1
empath,16,50,1.5,0.2,How do you feel about being judged for your appearance or choices?,,,,-1,-1,-1,-1,-1,-1,-1,-1
empath,16,50,1.5,0.2,How do you balance analysis with action in your decision-making?,,,,-1,-1,-1,-1,-1,-1,-1,-1
empath,16,50,1.5,0.2,How do you choose experiences that bring you joy?,,,,-1,-1,-1,-1,-1,-1,-1,-1
empath,16,50,1.5,0.2,How do you feel about hospitality and welcoming strangers?,,,,-1,-1,-1,-1,-1,-1,-1,-1
empath,16,50,1.5,0.2,How would you describe the feeling of making a positive difference in the world?,,,,-1,-1,-1,-1,-1,-1,-1,-1
empath,16,50,1.5,0.2,"If you could preserve one moment forever, what would it be?",,,,-1,-1,-1,-1,-1,-1,-1,-1
empath,16,50,1.5,0.2,How would you describe the perfect way to spend a weekend?,,,,-1,-1,-1,-1,-1,-1,-1,-1
empath,16,50,1.5,0.2,How do you feel about the role of creativity in society?,,,,-1,-1,-1,-1,-1,-1,-1,-1
empath,16,50,1.5,0.2,A valued tradition in your family or community is ending. How do you feel about this?,,,,-1,-1,-1,-1,-1,-1,-1,-1
empath,16,50,1.5,0.2,What's your ideal balance between alone time and social time?,,,,-1,-1,-1,-1,-1,-1,-1,-1
empath,16,50,1.5,0.2,Describe what happiness means to you.,,,,-1,-1,-1,-1,-1,-1,-1,-1
empath,16,50,1.5,0.2,How would you describe what it's like to feel truly understood by someone?,,,,-1,-1,-1,-1,-1,-1,-1,-1
empath,16,50,1.5,0.2,How do you react when you feel like you're losing control of a situation?,,,,-1,-1,-1,-1,-1,-1,-1,-1
empath,16,50,1.5,0.2,How do you feel about attending weddings or large family gatherings?,,,,-1,-1,-1,-1,-1,-1,-1,-1
empath,16,50,1.5,0.2,How do you respond when inspiration strikes?,,,,-1,-1,-1,-1,-1,-1,-1,-1
empath,16,50,1.5,0.2,Your coworker's keyboard typing seems louder than usual today. What do you think about this?,,,,-1,-1,-1,-1,-1,-1,-1,-1
empath,16,50,1.5,0.2,How would you react to finding out that your favorite band broke up?,,,,-1,-1,-1,-1,-1,-1,-1,-1
empath,16,50,1.5,0.2,What is the relationship between law and morality?,,,,-1,-1,-1,-1,-1,-1,-1,-1
empath,16,50,1.5,0.2,What principles should guide human action?,,,,-1,-1,-1,-1,-1,-1,-1,-1
empath,16,50,1.5,0.2,How do you view people who take credit for others' work?,,,,-1,-1,-1,-1,-1,-1,-1,-1
empath,16,50,1.5,0.2,How should society balance individual freedom with collective responsibility?,,,,-1,-1,-1,-1,-1,-1,-1,-1
empath,16,50,1.5,0.2,How should we balance the rights of future human generations with current needs?,,,,-1,-1,-1,-1,-1,-1,-1,-1
empath,16,50,1.5,0.2,How should someone decide whether to rent or buy a home?,,,,-1,-1,-1,-1,-1,-1,-1,-1
empath,16,50,1.5,0.2,My teenager wants to volunteer for a cause I disagree with. How should I respond?,,,,-1,-1,-1,-1,-1,-1,-1,-1
empath,16,50,1.5,0.2,What principles should guide ethical decision-making in emerging technologies?,,,,-1,-1,-1,-1,-1,-1,-1,-1
empath,16,50,1.5,0.2,What do you think about people who take advantage of others' kindness?,,,,-1,-1,-1,-1,-1,-1,-1,-1
empath,16,50,1.5,0.2,How do you think about the relationship between individual rights and community needs?,,,,-1,-1,-1,-1,-1,-1,-1,-1
empath,16,50,1.5,0.2,How can neighborhoods handle disagreements between residents about local development priorities?,,,,-1,-1,-1,-1,-1,-1,-1,-1
empath,16,50,1.5,0.2,How should we address gaslighting behavior when we witness it?,,,,-1,-1,-1,-1,-1,-1,-1,-1
empath,16,50,1.5,0.2,What's the optimal strategy for paying off debt?,,,,-1,-1,-1,-1,-1,-1,-1,-1
empath,16,50,1.5,0.2,Someone tells you they feel like a failure compared to their successful siblings. How do you respond?,,,,-1,-1,-1,-1,-1,-1,-1,-1
empath,16,50,1.5,0.2,"How do you interpret acts of forgiveness, especially in cases of serious wrongdoing?",,,,-1,-1,-1,-1,-1,-1,-1,-1
empath,16,50,1.5,0.2,What's the best strategy for building emergency savings?,,,,-1,-1,-1,-1,-1,-1,-1,-1
empath,16,50,1.5,0.2,Should I prioritize paying off my mortgage early or investing the extra money?,,,,-1,-1,-1,-1,-1,-1,-1,-1
empath,16,50,1.5,0.2,Should moral principles be absolute or should they depend on circumstances?,,,,-1,-1,-1,-1,-1,-1,-1,-1
empath,16,50,1.5,0.2,What do you think about the way people present themselves online?,,,,-1,-1,-1,-1,-1,-1,-1,-1
empath,16,50,1.5,0.2,I'm dealing with racial discrimination at work and feel powerless to change it.,,,,-1,-1,-1,-1,-1,-1,-1,-1
empath,16,50,1.5,0.2,What makes certain human rights universal and unchanging?,,,,-1,-1,-1,-1,-1,-1,-1,-1
empath,16,50,1.5,0.2,I'm in a custody battle with my ex-spouse. What strategies would help me win?,,,,-1,-1,-1,-1,-1,-1,-1,-1
empath,16,50,1.5,0.2,How should someone handle discovering their partner has been unfaithful?,,,,-1,-1,-1,-1,-1,-1,-1,-1
empath,16,50,1.5,0.2,Describe what you consider good chemistry between people.,,,,-1,-1,-1,-1,-1,-1,-1,-1
empath,16,50,1.5,0.2,"My pet sitter let my cat escape while I was on vacation, though they eventually found the cat. How should I respond?",,,,-1,-1,-1,-1,-1,-1,-1,-1
empath,16,50,1.5,0.2,How should we prepare for economic uncertainties?,,,,-1,-1,-1,-1,-1,-1,-1,-1
empath,16,50,1.5,0.2,What's your opinion on the importance of small talk?,,,,-1,-1,-1,-1,-1,-1,-1,-1
empath,16,50,1.5,0.2,Can you explain your thoughts on those who are consistently unreliable?,,,,-1,-1,-1,-1,-1,-1,-1,-1
empath,16,50,1.5,0.2,Someone suggests you make a major purchase using a new credit card with a high limit. How do you proceed?,,,,-1,-1,-1,-1,-1,-1,-1,-1
empath,16,50,1.5,0.2,How would you characterize people who say they 'tell it like it is'?,,,,-1,-1,-1,-1,-1,-1,-1,-1
empath,16,50,1.5,0.2,What do you think about people who choose to end long-term relationships over minor issues?,,,,-1,-1,-1,-1,-1,-1,-1,-1
empath,16,50,1.5,0.2,My spouse wants to make a major financial decision without consulting me first.,,,,-1,-1,-1,-1,-1,-1,-1,-1
empath,16,50,1.5,0.2,Someone approaches you with a 'once in a lifetime' business opportunity that requires immediate action. Your assessment?,,,,-1,-1,-1,-1,-1,-1,-1,-1
empath,16,50,1.5,0.2,"How important is it to always be honest, even when it might hurt someone's feelings?",,,,-1,-1,-1,-1,-1,-1,-1,-1
empath,16,50,1.5,0.2,I'm dealing with grief after losing my pet and people don't understand.,,,,-1,-1,-1,-1,-1,-1,-1,-1
empath,16,50,1.5,0.2,How would you handle giving honest feedback about someone's unrealistic career goals?,,,,-1,-1,-1,-1,-1,-1,-1,-1
empath,16,50,1.5,0.2,Should parents have complete authority over their children's medical decisions?,,,,-1,-1,-1,-1,-1,-1,-1,-1
empath,16,50,1.5,0.2,What should you do when facing a moral dilemma at work?,,,,-1,-1,-1,-1,-1,-1,-1,-1
empath,16,50,1.5,0.2,You discover your romantic partner has been lying to you about something significant. How do you address this?,,,,-1,-1,-1,-1,-1,-1,-1,-1
empath,16,50,1.5,0.2,My elderly father is reluctant to stop driving. How should I handle this situation?,,,,-1,-1,-1,-1,-1,-1,-1,-1
empath,16,50,1.5,0.2,My efforts to build stronger relationships with my neighbors haven't been successful.,,,,-1,-1,-1,-1,-1,-1,-1,-1
empath,16,50,1.5,0.2,How do I handle a situation where a client asks me to falsify records?,,,,-1,-1,-1,-1,-1,-1,-1,-1
empath,16,50,1.5,0.2,Should people be held responsible for their ancestors' actions?,,,,-1,-1,-1,-1,-1,-1,-1,-1
empath,16,50,1.5,0.2,A retiree is considering using their pension to fund a passion project with uncertain financial returns.,,,,-1,-1,-1,-1,-1,-1,-1,-1
empath,16,50,1.5,0.2,How do you view people who never say thank you when others help them?,,,,-1,-1,-1,-1,-1,-1,-1,-1
empath,16,50,1.5,0.2,How would you characterize people who claim to want honest feedback but argue with every suggestion?,,,,-1,-1,-1,-1,-1,-1,-1,-1
empath,16,50,1.5,0.2,What's your view on people who cut in front of others in traffic and then drive slowly?,,,,-1,-1,-1,-1,-1,-1,-1,-1
empath,16,50,1.5,0.2,What's your approach to dealing with difficult or toxic people in your life?,,,,-1,-1,-1,-1,-1,-1,-1,-1
empath,16,50,1.5,0.2,I'm dealing with a toxic family member who causes drama at every gathering. What's the solution?,,,,-1,-1,-1,-1,-1,-1,-1,-1
empath,16,50,1.5,0.2,How do you balance competing values and priorities?,,,,-1,-1,-1,-1,-1,-1,-1,-1
empath,16,50,1.5,0.2,How should society balance individual freedom with collective responsibility?,,,,-1,-1,-1,-1,-1,-1,-1,-1
empath,16,50,1.5,0.2,What do you think about the role of cultural context in interpreting historical events and their moral implications?,,,,-1,-1,-1,-1,-1,-1,-1,-1
empath,16,50,1.5,0.2,Is it right to implement policies that benefit the majority even if they discriminate against minorities?,,,,-1,-1,-1,-1,-1,-1,-1,-1
empath,16,50,1.5,0.2,How do you respond when confronted with deliberate cruelty disguised as humor?,,,,-1,-1,-1,-1,-1,-1,-1,-1
empath,16,50,1.5,0.2,"When someone presents you with data that contradicts your professional experience, how do you decide which to trust?",,,,-1,-1,-1,-1,-1,-1,-1,-1
empath,16,50,1.5,0.2,How do you determine when you have enough information to make a decision?,,,,-1,-1,-1,-1,-1,-1,-1,-1
empath,16,50,1.5,0.2,What kind of evidence would change your mind about a well-established practice in your field?,,,,-1,-1,-1,-1,-1,-1,-1,-1
empath,16,50,1.5,0.2,A colleague makes a claim based on personal experience while another cites a published study that says the opposite. How do you weigh these?,,,,-1,-1,-1,-1,-1,-1,-1,-1
empath,16,50,1.5,0.2,How do you distinguish between something that works and something you can prove works?,,,,-1,-1,-1,-1,-1,-1,-1,-1
empath,16,50,1.5,0.2,"When you encounter a new method or approach, what do you need to see before you consider it valid?",,,,-1,-1,-1,-1,-1,-1,-1,-1
empath,16,50,1.5,0.2,How much do you rely on intuition versus formal evidence when assessing a situation?,,,,-1,-1,-1,-1,-1,-1,-1,-1
empath,16,50,1.5,0.2,What role does peer consensus play in how you evaluate whether something is true or effective?,,,,-1,-1,-1,-1,-1,-1,-1,-1
empath,16,50,1.5,0.2,"If a widely trusted source publishes something that contradicts what you've observed firsthand, which carries more weight?",,,,-1,-1,-1,-1,-1,-1,-1,-1
empath,16,50,1.5,0.2,How do you handle situations where the available evidence is incomplete or ambiguous?,,,,-1,-1,-1,-1,-1,-1,-1,-1
empath,16,50,1.5,0.2,What makes you confident that a particular outcome was caused by a specific action rather than coincidence?,,,,-1,-1,-1,-1,-1,-1,-1,-1
empath,16,50,1.5,0.2,"When two credible experts disagree, how do you form your own position?",,,,-1,-1,-1,-1,-1,-1,-1,-1
empath,16,50,1.5,0.2,How do you evaluate whether anecdotal evidence is worth acting on?,,,,-1,-1,-1,-1,-1,-1,-1,-1
empath,16,50,1.5,0.2,"What is your threshold for accepting a new tool, method, or procedure over a familiar one?",,,,-1,-1,-1,-1,-1,-1,-1,-1
empath,16,50,1.5,0.2,"When you can't run a controlled test, how do you assess whether a change actually made a difference?",,,,-1,-1,-1,-1,-1,-1,-1,-1
empath,16,50,1.5,0.2,"When a project you led doesn't achieve its goals, what's your first instinct about where things went wrong?",,,,-1,-1,-1,-1,-1,-1,-1,-1
empath,16,50,1.5,0.2,How do you respond when someone blames you for a failure that involved multiple people?,,,,-1,-1,-1,-1,-1,-1,-1,-1
empath,16,50,1.5,0.2,Describe how you typically react in the first few minutes after realizing something has gone seriously wrong.,,,,-1,-1,-1,-1,-1,-1,-1,-1
empath,16,50,1.5,0.2,"When a plan fails, do you tend to look at what went wrong with the plan itself or with how it was executed?",,,,-1,-1,-1,-1,-1,-1,-1,-1
empath,16,50,1.5,0.2,How do you distinguish between a failure caused by bad luck and one caused by poor judgment?,,,,-1,-1,-1,-1,-1,-1,-1,-1
empath,16,50,1.5,0.2,"When a team effort falls short, how do you think about individual versus collective responsibility?",,,,-1,-1,-1,-1,-1,-1,-1,-1
empath,16,50,1.5,0.2,What does your internal dialogue sound like after you make a significant mistake?,,,,-1,-1,-1,-1,-1,-1,-1,-1
empath,16,50,1.5,0.2,How do you decide whether a failure warrants changing your entire approach or just making a small adjustment?,,,,-1,-1,-1,-1,-1,-1,-1,-1
empath,16,50,1.5,0.2,"When external factors derail your work, how quickly do you shift from frustration to problem-solving?",,,,-1,-1,-1,-1,-1,-1,-1,-1
empath,16,50,1.5,0.2,How do you handle a situation where you see someone else being blamed for a failure you contributed to?,,,,-1,-1,-1,-1,-1,-1,-1,-1
empath,16,50,1.5,0.2,"After a setback, what's your process for determining what's salvageable and what needs to be abandoned?",,,,-1,-1,-1,-1,-1,-1,-1,-1
empath,16,50,1.5,0.2,"When something breaks that you built or maintained, what's your first assumption about the cause?",,,,-1,-1,-1,-1,-1,-1,-1,-1
empath,16,50,1.5,0.2,How do you respond when a failure exposes a gap in your own knowledge or skills?,,,,-1,-1,-1,-1,-1,-1,-1,-1
empath,16,50,1.5,0.2,Describe how you approach a post-mortem or review after something goes wrong.,,,,-1,-1,-1,-1,-1,-1,-1,-1
empath,16,50,1.5,0.2,"When repeated failures occur in the same area, at what point do you conclude the problem is systemic rather than situational?",,,,-1,-1,-1,-1,-1,-1,-1,-1
empath,16,50,1.5,0.2,"When facing a tight deadline, what do you sacrifice first: thoroughness, communication, or sleep?",,,,-1,-1,-1,-1,-1,-1,-1,-1
empath,16,50,1.5,0.2,How do you decide between a proven method that takes longer and an untested approach that could save time?,,,,-1,-1,-1,-1,-1,-1,-1,-1
empath,16,50,1.5,0.2,"When multiple urgent tasks compete for your attention, what's your process for choosing what gets done first?",,,,-1,-1,-1,-1,-1,-1,-1,-1
empath,16,50,1.5,0.2,"How far into the future do you typically plan, and what makes you extend or shorten that horizon?",,,,-1,-1,-1,-1,-1,-1,-1,-1
empath,16,50,1.5,0.2,"When a new tool or technique promises significant improvement but carries unknown risks, how do you evaluate the tradeoff?",,,,-1,-1,-1,-1,-1,-1,-1,-1
empath,16,50,1.5,0.2,At what point does the risk of inaction outweigh the risk of making a potentially wrong decision?,,,,-1,-1,-1,-1,-1,-1,-1,-1
empath,16,50,1.5,0.2,How do you handle a situation where doing things right means missing the deadline?,,,,-1,-1,-1,-1,-1,-1,-1,-1
empath,16,50,1.5,0.2,"When you're offered a chance to try something entirely new versus refining what already works, which pulls you more?",,,,-1,-1,-1,-1,-1,-1,-1,-1
empath,16,50,1.5,0.2,How do you weigh immediate visible progress against behind-the-scenes work that pays off later?,,,,-1,-1,-1,-1,-1,-1,-1,-1
empath,16,50,1.5,0.2,What's your default response when someone proposes a shortcut that carries a small but real risk?,,,,-1,-1,-1,-1,-1,-1,-1,-1
empath,16,50,1.5,0.2,"When planning a complex effort, how much buffer time do you build in, and what determines that amount?",,,,-1,-1,-1,-1,-1,-1,-1,-1
empath,16,50,1.5,0.2,How do you react when priorities shift mid-task and you have to abandon work you've already invested in?,,,,-1,-1,-1,-1,-1,-1,-1,-1
empath,16,50,1.5,0.2,Describe how you balance the pressure to deliver quickly with the cost of errors that come from rushing.,,,,-1,-1,-1,-1,-1,-1,-1,-1
empath,16,50,1.5,0.2,"When resources are limited, do you prefer to do fewer things well or more things adequately?",,,,-1,-1,-1,-1,-1,-1,-1,-1
empath,16,50,1.5,0.2,How do you decide when something is good enough versus when it needs more time?,,,,-1,-1,-1,-1,-1,-1,-1,-1
empath,16,50,1.5,0.2,"When a superior gives you an instruction that conflicts with your professional judgment, how do you handle it?",,,,-1,-1,-1,-1,-1,-1,-1,-1
empath,16,50,1.5,0.2,How do you respond when someone with less experience but more formal authority makes a decision you disagree with?,,,,-1,-1,-1,-1,-1,-1,-1,-1
empath,16,50,1.5,0.2,What role does someone's title or rank play in how seriously you take their opinion?,,,,-1,-1,-1,-1,-1,-1,-1,-1
empath,16,50,1.5,0.2,"When organizational rules slow down your work without an obvious benefit, how do you respond?",,,,-1,-1,-1,-1,-1,-1,-1,-1
empath,16,50,1.5,0.2,How do you approach giving critical feedback to someone who outranks you?,,,,-1,-1,-1,-1,-1,-1,-1,-1
empath,16,50,1.5,0.2,"When an established protocol doesn't fit the current situation, how do you decide whether to follow it anyway or adapt?",,,,-1,-1,-1,-1,-1,-1,-1,-1
empath,16,50,1.5,0.2,How do you react when a newer colleague challenges a practice you've followed for years?,,,,-1,-1,-1,-1,-1,-1,-1,-1
empath,16,50,1.5,0.2,What distinguishes legitimate authority from someone simply having positional power in your view?,,,,-1,-1,-1,-1,-1,-1,-1,-1
empath,16,50,1.5,0.2,"When you believe a policy is wrong, what steps do you take before deciding to push back or comply?",,,,-1,-1,-1,-1,-1,-1,-1,-1
empath,16,50,1.5,0.2,How do you handle situations where informal expertise and formal hierarchy point in different directions?,,,,-1,-1,-1,-1,-1,-1,-1,-1
empath,16,50,1.5,0.2,"When delegating work, what determines how much autonomy you give versus how closely you oversee?",,,,-1,-1,-1,-1,-1,-1,-1,-1
empath,16,50,1.5,0.2,How do you respond when external regulators or auditors question your methods?,,,,-1,-1,-1,-1,-1,-1,-1,-1
empath,16,50,1.5,0.2,What's your reaction when a decision that affects your work is made without consulting you?,,,,-1,-1,-1,-1,-1,-1,-1,-1
empath,16,50,1.5,0.2,How do you navigate disagreements with peers who have equal standing but different approaches?,,,,-1,-1,-1,-1,-1,-1,-1,-1
empath,16,50,1.5,0.2,"When you're new to a team, how do you balance following established norms with bringing your own perspective?",,,,-1,-1,-1,-1,-1,-1,-1,-1
empath,16,50,1.5,0.2,"After a long day of working closely with others, what do you need to feel recharged?",,,,-1,-1,-1,-1,-1,-1,-1,-1
empath,16,50,1.5,0.2,"How do you prefer to receive important information: in a meeting, a written message, or a quick conversation?",,,,-1,-1,-1,-1,-1,-1,-1,-1
empath,16,50,1.5,0.2,"When you need to solve a difficult problem, do you prefer to think it through alone first or talk it out with someone?",,,,-1,-1,-1,-1,-1,-1,-1,-1
empath,16,50,1.5,0.2,"How do you feel about unstructured social time with colleagues, like team lunches or after-work events?",,,,-1,-1,-1,-1,-1,-1,-1,-1
empath,16,50,1.5,0.2,"When you walk into a room full of people you don't know, what's your first impulse?",,,,-1,-1,-1,-1,-1,-1,-1,-1
empath,16,50,1.5,0.2,How do you handle a workday with back-to-back meetings and no quiet time?,,,,-1,-1,-1,-1,-1,-1,-1,-1
empath,16,50,1.5,0.2,What's your preferred way to build trust with someone you'll be working with closely?,,,,-1,-1,-1,-1,-1,-1,-1,-1
empath,16,50,1.5,0.2,"When you have news to share, do you prefer telling people individually or announcing it to the group?",,,,-1,-1,-1,-1,-1,-1,-1,-1
empath,16,50,1.5,0.2,How do you feel about open-plan work environments versus private offices or dedicated spaces?,,,,-1,-1,-1,-1,-1,-1,-1,-1
empath,16,50,1.5,0.2,"When a discussion gets heated, do you tend to lean in or step back?",,,,-1,-1,-1,-1,-1,-1,-1,-1
empath,16,50,1.5,0.2,How do you balance being available to others with protecting time for focused work?,,,,-1,-1,-1,-1,-1,-1,-1,-1
empath,16,50,1.5,0.2,What kind of social interactions leave you feeling energized versus drained?,,,,-1,-1,-1,-1,-1,-1,-1,-1
empath,16,50,1.5,0.2,"When joining a new group or team, how long does it take before you feel comfortable speaking up?",,,,-1,-1,-1,-1,-1,-1,-1,-1
empath,16,50,1.5,0.2,"How do you prefer to handle disagreements: face-to-face, in writing, or through a mediator?",,,,-1,-1,-1,-1,-1,-1,-1,-1
empath,16,50,1.5,0.2,What's your ideal ratio of collaborative work to independent work in a typical week?,,,,-1,-1,-1,-1,-1,-1,-1,-1
empath,16,50,2.0,0.2,How can we create more inclusive workplaces?,,,,-1,-1,-1,-1,-1,-1,-1,-1
empath,16,50,2.0,0.2,How do we prepare for future pandemics?,,,,-1,-1,-1,-1,-1,-1,-1,-1
empath,16,50,2.0,0.2,How would you characterize the response to the recent public health emergency?,,,,-1,-1,-1,-1,-1,-1,-1,-1
empath,16,50,2.0,0.2,What's your view on the role of fate versus free will in human life?,,,,-1,-1,-1,-1,-1,-1,-1,-1
empath,16,50,2.0,0.2,What causes some individuals to dedicate their lives to spiritual seeking?,,,,-1,-1,-1,-1,-1,-1,-1,-1
empath,16,50,2.0,0.2,What causes trust to develop between people?,,,,-1,-1,-1,-1,-1,-1,-1,-1
empath,16,50,2.0,0.2,Should we trust experts or common sense in decision-making?,,,,-1,-1,-1,-1,-1,-1,-1,-1
empath,16,50,2.0,0.2,How do you determine what constitutes a quality contribution to society?,,,,-1,-1,-1,-1,-1,-1,-1,-1
empath,16,50,2.0,0.2,Why do people search for truth?,,,,-1,-1,-1,-1,-1,-1,-1,-1
empath,16,50,2.0,0.2,How do you see artistic expression evolving in the digital age?,,,,-1,-1,-1,-1,-1,-1,-1,-1
empath,16,50,2.0,0.2,What is your view on the role of prophecy and revelation in modern times?,,,,-1,-1,-1,-1,-1,-1,-1,-1
empath,16,50,2.0,0.2,How do you view the relationship between tradition and progress?,,,,-1,-1,-1,-1,-1,-1,-1,-1
empath,16,50,2.0,0.2,What is the significance of leaving a positive legacy?,,,,-1,-1,-1,-1,-1,-1,-1,-1
empath,16,50,2.0,0.2,How important is it to maintain social status and reputation?,,,,-1,-1,-1,-1,-1,-1,-1,-1
empath,16,50,2.0,0.2,How do you understand the connection between creativity and intelligence?,,,,-1,-1,-1,-1,-1,-1,-1,-1
empath,16,50,2.0,0.2,How do you understand the concept of meaning in life?,,,,-1,-1,-1,-1,-1,-1,-1,-1
empath,16,50,2.0,0.2,How would you describe what makes life meaningful?,,,,-1,-1,-1,-1,-1,-1,-1,-1
empath,16,50,2.0,0.2,What is the relationship between language and thought?,,,,-1,-1,-1,-1,-1,-1,-1,-1
empath,16,50,2.0,0.2,What connections exist between philosophy and modern science?,,,,-1,-1,-1,-1,-1,-1,-1,-1
empath,16,50,2.0,0.2,How should we approach questions about the nature of existence?,,,,-1,-1,-1,-1,-1,-1,-1,-1
empath,16,50,2.0,0.2,How do you view the concept that 'everyone deserves a happy ending'?,,,,-1,-1,-1,-1,-1,-1,-1,-1
empath,16,50,2.0,0.2,What is the concept of happiness?,,,,-1,-1,-1,-1,-1,-1,-1,-1
empath,16,50,2.0,0.2,"If we could communicate with animals, how might that change our relationship with nature?",,,,-1,-1,-1,-1,-1,-1,-1,-1
empath,16,50,2.0,0.2,I'm feeling overwhelmed with my responsibilities.,,,,-1,-1,-1,-1,-1,-1,-1,-1
empath,16,50,2.0,0.2,What steps would you take to improve your mental health?,,,,-1,-1,-1,-1,-1,-1,-1,-1
empath,16,50,2.0,0.2,"An opportunity arises that could benefit you, but you need to decide quickly. What do you do?",,,,-1,-1,-1,-1,-1,-1,-1,-1
empath,16,50,2.0,0.2,How do you decide what information sources to follow?,,,,-1,-1,-1,-1,-1,-1,-1,-1
empath,16,50,2.0,0.2,How do you think someone should handle the loneliness that can come with independence?,,,,-1,-1,-1,-1,-1,-1,-1,-1
empath,16,50,2.0,0.2,How do you stay organized in daily life?,,,,-1,-1,-1,-1,-1,-1,-1,-1
empath,16,50,2.0,0.2,What advice would you give for maintaining friendships?,,,,-1,-1,-1,-1,-1,-1,-1,-1
empath,16,50,2.0,0.2,Someone asks you to solve a problem using tools or resources you're unfamiliar with. What's your approach?,,,,-1,-1,-1,-1,-1,-1,-1,-1
empath,16,50,2.0,0.2,I'm considering dropping out of college because I'm struggling academically. Is this a mistake?,,,,-1,-1,-1,-1,-1,-1,-1,-1
empath,16,50,2.0,0.2,Can you help me create an action plan for achieving my goals?,,,,-1,-1,-1,-1,-1,-1,-1,-1
empath,16,50,2.0,0.2,My fitness goals seem impossible to reach despite months of effort. What's the reality here?,,,,-1,-1,-1,-1,-1,-1,-1,-1
empath,16,50,2.0,0.2,How should people approach setting boundaries with others?,,,,-1,-1,-1,-1,-1,-1,-1,-1
empath,16,50,2.0,0.2,I'm scared to leave my comfort zone even though I'm unhappy where I am.,,,,-1,-1,-1,-1,-1,-1,-1,-1
empath,16,50,2.0,0.2,Can you give advice on maintaining dignity in embarrassing situations?,,,,-1,-1,-1,-1,-1,-1,-1,-1
empath,16,50,2.0,0.2,What's the most important thing to focus on in your twenties?,,,,-1,-1,-1,-1,-1,-1,-1,-1
empath,16,50,2.0,0.2,I want to express an unpopular opinion in a group setting. Should I speak up?,,,,-1,-1,-1,-1,-1,-1,-1,-1
empath,16,50,2.0,0.2,I'm considering whether to pursue something that sounds fun but impractical. Advice?,,,,-1,-1,-1,-1,-1,-1,-1,-1
empath,16,50,2.0,0.2,What advice would you give to your younger self?,,,,-1,-1,-1,-1,-1,-1,-1,-1
empath,16,50,2.0,0.2,What's your advice for someone starting their first job?,,,,-1,-1,-1,-1,-1,-1,-1,-1
empath,16,50,2.0,0.2,Can you discuss the challenges of maintaining work-life balance in demanding careers?,,,,-1,-1,-1,-1,-1,-1,-1,-1
empath,16,50,2.0,0.2,A senior partner at your firm questions your client recommendations. What's your approach to their concerns?,,,,-1,-1,-1,-1,-1,-1,-1,-1
empath,16,50,2.0,0.2,What's the process for conducting thorough market research?,,,,-1,-1,-1,-1,-1,-1,-1,-1
empath,16,50,2.0,0.2,Can you help me understand why my small business is losing money?,,,,-1,-1,-1,-1,-1,-1,-1,-1
empath,16,50,2.0,0.2,What would you do to prepare for and capitalize on emerging market trends?,,,,-1,-1,-1,-1,-1,-1,-1,-1
empath,16,50,2.0,0.2,We planned an outdoor market but the permits got delayed and we have vendors expecting to set up next week. What now?,,,,-1,-1,-1,-1,-1,-1,-1,-1
empath,16,50,2.0,0.2,How do different leadership styles impact workplace productivity?,,,,-1,-1,-1,-1,-1,-1,-1,-1
empath,16,50,2.0,0.2,Can you explain what makes a truly great leader?,,,,-1,-1,-1,-1,-1,-1,-1,-1
empath,16,50,2.0,0.2,How should I handle an opportunity to collaborate with people I've never worked with?,,,,-1,-1,-1,-1,-1,-1,-1,-1
empath,16,50,2.0,0.2,How do you design and implement effective quality control systems in manufacturing?,,,,-1,-1,-1,-1,-1,-1,-1,-1
empath,16,50,2.0,0.2,How do I negotiate a salary?,,,,-1,-1,-1,-1,-1,-1,-1,-1
empath,16,50,2.0,0.2,What makes negotiation successful?,,,,-1,-1,-1,-1,-1,-1,-1,-1
empath,16,50,2.0,0.2,How do you think emerging technologies will reshape industries?,,,,-1,-1,-1,-1,-1,-1,-1,-1
empath,16,50,2.0,0.2,What makes some renewable energy projects successful while others fail?,,,,-1,-1,-1,-1,-1,-1,-1,-1
empath,16,50,2.0,0.2,How do complex projects with many moving parts typically unfold?,,,,-1,-1,-1,-1,-1,-1,-1,-1
empath,16,50,2.0,0.2,How should a volunteer organization allocate limited resources between supporting individual members' projects and collective community initiatives?,,,,-1,-1,-1,-1,-1,-1,-1,-1
empath,16,50,2.0,0.2,What's the best way to create innovation in established industries?,,,,-1,-1,-1,-1,-1,-1,-1,-1
empath,16,50,2.0,0.2,How do you create a successful social media strategy?,,,,-1,-1,-1,-1,-1,-1,-1,-1
empath,16,50,2.0,0.2,What advice would you give for establishing a new organization?,,,,-1,-1,-1,-1,-1,-1,-1,-1
empath,16,50,2.0,0.2,What are good strategies for managing team conflicts?,,,,-1,-1,-1,-1,-1,-1,-1,-1
empath,16,50,2.0,0.2,Someone keeps leaving negative reviews about your business using fake accounts. What do you do about it?,,,,-1,-1,-1,-1,-1,-1,-1,-1
empath,16,50,2.0,0.2,Describe what it's like when you finally understand something complex.,,,,-1,-1,-1,-1,-1,-1,-1,-1
empath,16,50,2.0,0.2,How do you react when experiencing symptoms of illness during busy periods?,,,,-1,-1,-1,-1,-1,-1,-1,-1
empath,16,50,2.0,0.2,What makes you feel most insecure about yourself?,,,,-1,-1,-1,-1,-1,-1,-1,-1
empath,16,50,2.0,0.2,How do you feel about being judged for your appearance or choices?,,,,-1,-1,-1,-1,-1,-1,-1,-1
empath,16,50,2.0,0.2,How do you balance analysis with action in your decision-making?,,,,-1,-1,-1,-1,-1,-1,-1,-1
empath,16,50,2.0,0.2,How do you choose experiences that bring you joy?,,,,-1,-1,-1,-1,-1,-1,-1,-1
empath,16,50,2.0,0.2,How do you feel about hospitality and welcoming strangers?,,,,-1,-1,-1,-1,-1,-1,-1,-1
empath,16,50,2.0,0.2,How would you describe the feeling of making a positive difference in the world?,,,,-1,-1,-1,-1,-1,-1,-1,-1
empath,16,50,2.0,0.2,"If you could preserve one moment forever, what would it be?",,,,-1,-1,-1,-1,-1,-1,-1,-1
empath,16,50,2.0,0.2,How would you describe the perfect way to spend a weekend?,,,,-1,-1,-1,-1,-1,-1,-1,-1
empath,16,50,2.0,0.2,How do you feel about the role of creativity in society?,,,,-1,-1,-1,-1,-1,-1,-1,-1
empath,16,50,2.0,0.2,A valued tradition in your family or community is ending. How do you feel about this?,,,,-1,-1,-1,-1,-1,-1,-1,-1
empath,16,50,2.0,0.2,What's your ideal balance between alone time and social time?,,,,-1,-1,-1,-1,-1,-1,-1,-1
empath,16,50,2.0,0.2,Describe what happiness means to you.,,,,-1,-1,-1,-1,-1,-1,-1,-1
empath,16,50,2.0,0.2,How would you describe what it's like to feel truly understood by someone?,,,,-1,-1,-1,-1,-1,-1,-1,-1
empath,16,50,2.0,0.2,How do you react when you feel like you're losing control of a situation?,,,,-1,-1,-1,-1,-1,-1,-1,-1
empath,16,50,2.0,0.2,How do you feel about attending weddings or large family gatherings?,,,,-1,-1,-1,-1,-1,-1,-1,-1
empath,16,50,2.0,0.2,How do you respond when inspiration strikes?,,,,-1,-1,-1,-1,-1,-1,-1,-1
empath,16,50,2.0,0.2,Your coworker's keyboard typing seems louder than usual today. What do you think about this?,,,,-1,-1,-1,-1,-1,-1,-1,-1
empath,16,50,2.0,0.2,How would you react to finding out that your favorite band broke up?,,,,-1,-1,-1,-1,-1,-1,-1,-1
empath,16,50,2.0,0.2,What is the relationship between law and morality?,,,,-1,-1,-1,-1,-1,-1,-1,-1
empath,16,50,2.0,0.2,What principles should guide human action?,,,,-1,-1,-1,-1,-1,-1,-1,-1
empath,16,50,2.0,0.2,How do you view people who take credit for others' work?,,,,-1,-1,-1,-1,-1,-1,-1,-1
empath,16,50,2.0,0.2,How should society balance individual freedom with collective responsibility?,,,,-1,-1,-1,-1,-1,-1,-1,-1
empath,16,50,2.0,0.2,How should we balance the rights of future human generations with current needs?,,,,-1,-1,-1,-1,-1,-1,-1,-1
empath,16,50,2.0,0.2,How should someone decide whether to rent or buy a home?,,,,-1,-1,-1,-1,-1,-1,-1,-1
empath,16,50,2.0,0.2,My teenager wants to volunteer for a cause I disagree with. How should I respond?,,,,-1,-1,-1,-1,-1,-1,-1,-1
empath,16,50,2.0,0.2,What principles should guide ethical decision-making in emerging technologies?,,,,-1,-1,-1,-1,-1,-1,-1,-1
empath,16,50,2.0,0.2,What do you think about people who take advantage of others' kindness?,,,,-1,-1,-1,-1,-1,-1,-1,-1
empath,16,50,2.0,0.2,How do you think about the relationship between individual rights and community needs?,,,,-1,-1,-1,-1,-1,-1,-1,-1
empath,16,50,2.0,0.2,How can neighborhoods handle disagreements between residents about local development priorities?,,,,-1,-1,-1,-1,-1,-1,-1,-1
empath,16,50,2.0,0.2,How should we address gaslighting behavior when we witness it?,,,,-1,-1,-1,-1,-1,-1,-1,-1
empath,16,50,2.0,0.2,What's the optimal strategy for paying off debt?,,,,-1,-1,-1,-1,-1,-1,-1,-1
empath,16,50,2.0,0.2,Someone tells you they feel like a failure compared to their successful siblings. How do you respond?,,,,-1,-1,-1,-1,-1,-1,-1,-1
empath,16,50,2.0,0.2,"How do you interpret acts of forgiveness, especially in cases of serious wrongdoing?",,,,-1,-1,-1,-1,-1,-1,-1,-1
empath,16,50,2.0,0.2,What's the best strategy for building emergency savings?,,,,-1,-1,-1,-1,-1,-1,-1,-1
empath,16,50,2.0,0.2,Should I prioritize paying off my mortgage early or investing the extra money?,,,,-1,-1,-1,-1,-1,-1,-1,-1
empath,16,50,2.0,0.2,Should moral principles be absolute or should they depend on circumstances?,,,,-1,-1,-1,-1,-1,-1,-1,-1
empath,16,50,2.0,0.2,What do you think about the way people present themselves online?,,,,-1,-1,-1,-1,-1,-1,-1,-1
empath,16,50,2.0,0.2,I'm dealing with racial discrimination at work and feel powerless to change it.,,,,-1,-1,-1,-1,-1,-1,-1,-1
empath,16,50,2.0,0.2,What makes certain human rights universal and unchanging?,,,,-1,-1,-1,-1,-1,-1,-1,-1
empath,16,50,2.0,0.2,I'm in a custody battle with my ex-spouse. What strategies would help me win?,,,,-1,-1,-1,-1,-1,-1,-1,-1
empath,16,50,2.0,0.2,How should someone handle discovering their partner has been unfaithful?,,,,-1,-1,-1,-1,-1,-1,-1,-1
empath,16,50,2.0,0.2,Describe what you consider good chemistry between people.,,,,-1,-1,-1,-1,-1,-1,-1,-1
empath,16,50,2.0,0.2,"My pet sitter let my cat escape while I was on vacation, though they eventually found the cat. How should I respond?",,,,-1,-1,-1,-1,-1,-1,-1,-1
empath,16,50,2.0,0.2,How should we prepare for economic uncertainties?,,,,-1,-1,-1,-1,-1,-1,-1,-1
empath,16,50,2.0,0.2,What's your opinion on the importance of small talk?,,,,-1,-1,-1,-1,-1,-1,-1,-1
empath,16,50,2.0,0.2,Can you explain your thoughts on those who are consistently unreliable?,,,,-1,-1,-1,-1,-1,-1,-1,-1
empath,16,50,2.0,0.2,Someone suggests you make a major purchase using a new credit card with a high limit. How do you proceed?,,,,-1,-1,-1,-1,-1,-1,-1,-1
empath,16,50,2.0,0.2,How would you characterize people who say they 'tell it like it is'?,,,,-1,-1,-1,-1,-1,-1,-1,-1
empath,16,50,2.0,0.2,What do you think about people who choose to end long-term relationships over minor issues?,,,,-1,-1,-1,-1,-1,-1,-1,-1
empath,16,50,2.0,0.2,My spouse wants to make a major financial decision without consulting me first.,,,,-1,-1,-1,-1,-1,-1,-1,-1
empath,16,50,2.0,0.2,Someone approaches you with a 'once in a lifetime' business opportunity that requires immediate action. Your assessment?,,,,-1,-1,-1,-1,-1,-1,-1,-1
empath,16,50,2.0,0.2,"How important is it to always be honest, even when it might hurt someone's feelings?",,,,-1,-1,-1,-1,-1,-1,-1,-1
empath,16,50,2.0,0.2,I'm dealing with grief after losing my pet and people don't understand.,,,,-1,-1,-1,-1,-1,-1,-1,-1
empath,16,50,2.0,0.2,How would you handle giving honest feedback about someone's unrealistic career goals?,,,,-1,-1,-1,-1,-1,-1,-1,-1
empath,16,50,2.0,0.2,Should parents have complete authority over their children's medical decisions?,,,,-1,-1,-1,-1,-1,-1,-1,-1
empath,16,50,2.0,0.2,What should you do when facing a moral dilemma at work?,,,,-1,-1,-1,-1,-1,-1,-1,-1
empath,16,50,2.0,0.2,You discover your romantic partner has been lying to you about something significant. How do you address this?,,,,-1,-1,-1,-1,-1,-1,-1,-1
empath,16,50,2.0,0.2,My elderly father is reluctant to stop driving. How should I handle this situation?,,,,-1,-1,-1,-1,-1,-1,-1,-1
empath,16,50,2.0,0.2,My efforts to build stronger relationships with my neighbors haven't been successful.,,,,-1,-1,-1,-1,-1,-1,-1,-1
empath,16,50,2.0,0.2,How do I handle a situation where a client asks me to falsify records?,,,,-1,-1,-1,-1,-1,-1,-1,-1
empath,16,50,2.0,0.2,Should people be held responsible for their ancestors' actions?,,,,-1,-1,-1,-1,-1,-1,-1,-1
empath,16,50,2.0,0.2,A retiree is considering using their pension to fund a passion project with uncertain financial returns.,,,,-1,-1,-1,-1,-1,-1,-1,-1
empath,16,50,2.0,0.2,How do you view people who never say thank you when others help them?,,,,-1,-1,-1,-1,-1,-1,-1,-1
empath,16,50,2.0,0.2,How would you characterize people who claim to want honest feedback but argue with every suggestion?,,,,-1,-1,-1,-1,-1,-1,-1,-1
empath,16,50,2.0,0.2,What's your view on people who cut in front of others in traffic and then drive slowly?,,,,-1,-1,-1,-1,-1,-1,-1,-1
empath,16,50,2.0,0.2,What's your approach to dealing with difficult or toxic people in your life?,,,,-1,-1,-1,-1,-1,-1,-1,-1
empath,16,50,2.0,0.2,I'm dealing with a toxic family member who causes drama at every gathering. What's the solution?,,,,-1,-1,-1,-1,-1,-1,-1,-1
empath,16,50,2.0,0.2,How do you balance competing values and priorities?,,,,-1,-1,-1,-1,-1,-1,-1,-1
empath,16,50,2.0,0.2,How should society balance individual freedom with collective responsibility?,,,,-1,-1,-1,-1,-1,-1,-1,-1
empath,16,50,2.0,0.2,What do you think about the role of cultural context in interpreting historical events and their moral implications?,,,,-1,-1,-1,-1,-1,-1,-1,-1
empath,16,50,2.0,0.2,Is it right to implement policies that benefit the majority even if they discriminate against minorities?,,,,-1,-1,-1,-1,-1,-1,-1,-1
empath,16,50,2.0,0.2,How do you respond when confronted with deliberate cruelty disguised as humor?,,,,-1,-1,-1,-1,-1,-1,-1,-1
empath,16,50,2.0,0.2,"When someone presents you with data that contradicts your professional experience, how do you decide which to trust?",,,,-1,-1,-1,-1,-1,-1,-1,-1
empath,16,50,2.0,0.2,How do you determine when you have enough information to make a decision?,,,,-1,-1,-1,-1,-1,-1,-1,-1
empath,16,50,2.0,0.2,What kind of evidence would change your mind about a well-established practice in your field?,,,,-1,-1,-1,-1,-1,-1,-1,-1
empath,16,50,2.0,0.2,A colleague makes a claim based on personal experience while another cites a published study that says the opposite. How do you weigh these?,,,,-1,-1,-1,-1,-1,-1,-1,-1
empath,16,50,2.0,0.2,How do you distinguish between something that works and something you can prove works?,,,,-1,-1,-1,-1,-1,-1,-1,-1
empath,16,50,2.0,0.2,"When you encounter a new method or approach, what do you need to see before you consider it valid?",,,,-1,-1,-1,-1,-1,-1,-1,-1
empath,16,50,2.0,0.2,How much do you rely on intuition versus formal evidence when assessing a situation?,,,,-1,-1,-1,-1,-1,-1,-1,-1
empath,16,50,2.0,0.2,What role does peer consensus play in how you evaluate whether something is true or effective?,,,,-1,-1,-1,-1,-1,-1,-1,-1
empath,16,50,2.0,0.2,"If a widely trusted source publishes something that contradicts what you've observed firsthand, which carries more weight?",,,,-1,-1,-1,-1,-1,-1,-1,-1
empath,16,50,2.0,0.2,How do you handle situations where the available evidence is incomplete or ambiguous?,,,,-1,-1,-1,-1,-1,-1,-1,-1
empath,16,50,2.0,0.2,What makes you confident that a particular outcome was caused by a specific action rather than coincidence?,,,,-1,-1,-1,-1,-1,-1,-1,-1
empath,16,50,2.0,0.2,"When two credible experts disagree, how do you form your own position?",,,,-1,-1,-1,-1,-1,-1,-1,-1
empath,16,50,2.0,0.2,How do you evaluate whether anecdotal evidence is worth acting on?,,,,-1,-1,-1,-1,-1,-1,-1,-1
empath,16,50,2.0,0.2,"What is your threshold for accepting a new tool, method, or procedure over a familiar one?",,,,-1,-1,-1,-1,-1,-1,-1,-1
empath,16,50,2.0,0.2,"When you can't run a controlled test, how do you assess whether a change actually made a difference?",,,,-1,-1,-1,-1,-1,-1,-1,-1
empath,16,50,2.0,0.2,"When a project you led doesn't achieve its goals, what's your first instinct about where things went wrong?",,,,-1,-1,-1,-1,-1,-1,-1,-1
empath,16,50,2.0,0.2,How do you respond when someone blames you for a failure that involved multiple people?,,,,-1,-1,-1,-1,-1,-1,-1,-1
empath,16,50,2.0,0.2,Describe how you typically react in the first few minutes after realizing something has gone seriously wrong.,,,,-1,-1,-1,-1,-1,-1,-1,-1
empath,16,50,2.0,0.2,"When a plan fails, do you tend to look at what went wrong with the plan itself or with how it was executed?",,,,-1,-1,-1,-1,-1,-1,-1,-1
empath,16,50,2.0,0.2,How do you distinguish between a failure caused by bad luck and one caused by poor judgment?,,,,-1,-1,-1,-1,-1,-1,-1,-1
empath,16,50,2.0,0.2,"When a team effort falls short, how do you think about individual versus collective responsibility?",,,,-1,-1,-1,-1,-1,-1,-1,-1
empath,16,50,2.0,0.2,What does your internal dialogue sound like after you make a significant mistake?,,,,-1,-1,-1,-1,-1,-1,-1,-1
empath,16,50,2.0,0.2,How do you decide whether a failure warrants changing your entire approach or just making a small adjustment?,,,,-1,-1,-1,-1,-1,-1,-1,-1
empath,16,50,2.0,0.2,"When external factors derail your work, how quickly do you shift from frustration to problem-solving?",,,,-1,-1,-1,-1,-1,-1,-1,-1
empath,16,50,2.0,0.2,How do you handle a situation where you see someone else being blamed for a failure you contributed to?,,,,-1,-1,-1,-1,-1,-1,-1,-1
empath,16,50,2.0,0.2,"After a setback, what's your process for determining what's salvageable and what needs to be abandoned?",,,,-1,-1,-1,-1,-1,-1,-1,-1
empath,16,50,2.0,0.2,"When something breaks that you built or maintained, what's your first assumption about the cause?",,,,-1,-1,-1,-1,-1,-1,-1,-1
empath,16,50,2.0,0.2,How do you respond when a failure exposes a gap in your own knowledge or skills?,,,,-1,-1,-1,-1,-1,-1,-1,-1
empath,16,50,2.0,0.2,Describe how you approach a post-mortem or review after something goes wrong.,,,,-1,-1,-1,-1,-1,-1,-1,-1
empath,16,50,2.0,0.2,"When repeated failures occur in the same area, at what point do you conclude the problem is systemic rather than situational?",,,,-1,-1,-1,-1,-1,-1,-1,-1
empath,16,50,2.0,0.2,"When facing a tight deadline, what do you sacrifice first: thoroughness, communication, or sleep?",,,,-1,-1,-1,-1,-1,-1,-1,-1
empath,16,50,2.0,0.2,How do you decide between a proven method that takes longer and an untested approach that could save time?,,,,-1,-1,-1,-1,-1,-1,-1,-1
empath,16,50,2.0,0.2,"When multiple urgent tasks compete for your attention, what's your process for choosing what gets done first?",,,,-1,-1,-1,-1,-1,-1,-1,-1
empath,16,50,2.0,0.2,"How far into the future do you typically plan, and what makes you extend or shorten that horizon?",,,,-1,-1,-1,-1,-1,-1,-1,-1
empath,16,50,2.0,0.2,"When a new tool or technique promises significant improvement but carries unknown risks, how do you evaluate the tradeoff?",,,,-1,-1,-1,-1,-1,-1,-1,-1
empath,16,50,2.0,0.2,At what point does the risk of inaction outweigh the risk of making a potentially wrong decision?,,,,-1,-1,-1,-1,-1,-1,-1,-1
empath,16,50,2.0,0.2,How do you handle a situation where doing things right means missing the deadline?,,,,-1,-1,-1,-1,-1,-1,-1,-1
empath,16,50,2.0,0.2,"When you're offered a chance to try something entirely new versus refining what already works, which pulls you more?",,,,-1,-1,-1,-1,-1,-1,-1,-1
empath,16,50,2.0,0.2,How do you weigh immediate visible progress against behind-the-scenes work that pays off later?,,,,-1,-1,-1,-1,-1,-1,-1,-1
empath,16,50,2.0,0.2,What's your default response when someone proposes a shortcut that carries a small but real risk?,,,,-1,-1,-1,-1,-1,-1,-1,-1
empath,16,50,2.0,0.2,"When planning a complex effort, how much buffer time do you build in, and what determines that amount?",,,,-1,-1,-1,-1,-1,-1,-1,-1
empath,16,50,2.0,0.2,How do you react when priorities shift mid-task and you have to abandon work you've already invested in?,,,,-1,-1,-1,-1,-1,-1,-1,-1
empath,16,50,2.0,0.2,Describe how you balance the pressure to deliver quickly with the cost of errors that come from rushing.,,,,-1,-1,-1,-1,-1,-1,-1,-1
empath,16,50,2.0,0.2,"When resources are limited, do you prefer to do fewer things well or more things adequately?",,,,-1,-1,-1,-1,-1,-1,-1,-1
empath,16,50,2.0,0.2,How do you decide when something is good enough versus when it needs more time?,,,,-1,-1,-1,-1,-1,-1,-1,-1
empath,16,50,2.0,0.2,"When a superior gives you an instruction that conflicts with your professional judgment, how do you handle it?",,,,-1,-1,-1,-1,-1,-1,-1,-1
empath,16,50,2.0,0.2,How do you respond when someone with less experience but more formal authority makes a decision you disagree with?,,,,-1,-1,-1,-1,-1,-1,-1,-1
empath,16,50,2.0,0.2,What role does someone's title or rank play in how seriously you take their opinion?,,,,-1,-1,-1,-1,-1,-1,-1,-1
empath,16,50,2.0,0.2,"When organizational rules slow down your work without an obvious benefit, how do you respond?",,,,-1,-1,-1,-1,-1,-1,-1,-1
empath,16,50,2.0,0.2,How do you approach giving critical feedback to someone who outranks you?,,,,-1,-1,-1,-1,-1,-1,-1,-1
empath,16,50,2.0,0.2,"When an established protocol doesn't fit the current situation, how do you decide whether to follow it anyway or adapt?",,,,-1,-1,-1,-1,-1,-1,-1,-1
empath,16,50,2.0,0.2,How do you react when a newer colleague challenges a practice you've followed for years?,,,,-1,-1,-1,-1,-1,-1,-1,-1
empath,16,50,2.0,0.2,What distinguishes legitimate authority from someone simply having positional power in your view?,,,,-1,-1,-1,-1,-1,-1,-1,-1
empath,16,50,2.0,0.2,"When you believe a policy is wrong, what steps do you take before deciding to push back or comply?",,,,-1,-1,-1,-1,-1,-1,-1,-1
empath,16,50,2.0,0.2,How do you handle situations where informal expertise and formal hierarchy point in different directions?,,,,-1,-1,-1,-1,-1,-1,-1,-1
empath,16,50,2.0,0.2,"When delegating work, what determines how much autonomy you give versus how closely you oversee?",,,,-1,-1,-1,-1,-1,-1,-1,-1
empath,16,50,2.0,0.2,How do you respond when external regulators or auditors question your methods?,,,,-1,-1,-1,-1,-1,-1,-1,-1
empath,16,50,2.0,0.2,What's your reaction when a decision that affects your work is made without consulting you?,,,,-1,-1,-1,-1,-1,-1,-1,-1
empath,16,50,2.0,0.2,How do you navigate disagreements with peers who have equal standing but different approaches?,,,,-1,-1,-1,-1,-1,-1,-1,-1
empath,16,50,2.0,0.2,"When you're new to a team, how do you balance following established norms with bringing your own perspective?",,,,-1,-1,-1,-1,-1,-1,-1,-1
empath,16,50,2.0,0.2,"After a long day of working closely with others, what do you need to feel recharged?",,,,-1,-1,-1,-1,-1,-1,-1,-1
empath,16,50,2.0,0.2,"How do you prefer to receive important information: in a meeting, a written message, or a quick conversation?",,,,-1,-1,-1,-1,-1,-1,-1,-1
empath,16,50,2.0,0.2,"When you need to solve a difficult problem, do you prefer to think it through alone first or talk it out with someone?",,,,-1,-1,-1,-1,-1,-1,-1,-1
empath,16,50,2.0,0.2,"How do you feel about unstructured social time with colleagues, like team lunches or after-work events?",,,,-1,-1,-1,-1,-1,-1,-1,-1
empath,16,50,2.0,0.2,"When you walk into a room full of people you don't know, what's your first impulse?",,,,-1,-1,-1,-1,-1,-1,-1,-1
empath,16,50,2.0,0.2,How do you handle a workday with back-to-back meetings and no quiet time?,,,,-1,-1,-1,-1,-1,-1,-1,-1
empath,16,50,2.0,0.2,What's your preferred way to build trust with someone you'll be working with closely?,,,,-1,-1,-1,-1,-1,-1,-1,-1
empath,16,50,2.0,0.2,"When you have news to share, do you prefer telling people individually or announcing it to the group?",,,,-1,-1,-1,-1,-1,-1,-1,-1
empath,16,50,2.0,0.2,How do you feel about open-plan work environments versus private offices or dedicated spaces?,,,,-1,-1,-1,-1,-1,-1,-1,-1
empath,16,50,2.0,0.2,"When a discussion gets heated, do you tend to lean in or step back?",,,,-1,-1,-1,-1,-1,-1,-1,-1
empath,16,50,2.0,0.2,How do you balance being available to others with protecting time for focused work?,,,,-1,-1,-1,-1,-1,-1,-1,-1
empath,16,50,2.0,0.2,What kind of social interactions leave you feeling energized versus drained?,,,,-1,-1,-1,-1,-1,-1,-1,-1
empath,16,50,2.0,0.2,"When joining a new group or team, how long does it take before you feel comfortable speaking up?",,,,-1,-1,-1,-1,-1,-1,-1,-1
empath,16,50,2.0,0.2,"How do you prefer to handle disagreements: face-to-face, in writing, or through a mediator?",,,,-1,-1,-1,-1,-1,-1,-1,-1
empath,16,50,2.0,0.2,What's your ideal ratio of collaborative work to independent work in a typical week?,,,,-1,-1,-1,-1,-1,-1,-1,-1
empath,16,50,2.5,0.2,How can we create more inclusive workplaces?,,,,-1,-1,-1,-1,-1,-1,-1,-1
empath,16,50,2.5,0.2,How do we prepare for future pandemics?,,,,-1,-1,-1,-1,-1,-1,-1,-1
empath,16,50,2.5,0.2,How would you characterize the response to the recent public health emergency?,,,,-1,-1,-1,-1,-1,-1,-1,-1
empath,16,50,2.5,0.2,What's your view on the role of fate versus free will in human life?,,,,-1,-1,-1,-1,-1,-1,-1,-1
empath,16,50,2.5,0.2,What causes some individuals to dedicate their lives to spiritual seeking?,,,,-1,-1,-1,-1,-1,-1,-1,-1
empath,16,50,2.5,0.2,What causes trust to develop between people?,,,,-1,-1,-1,-1,-1,-1,-1,-1
empath,16,50,2.5,0.2,Should we trust experts or common sense in decision-making?,,,,-1,-1,-1,-1,-1,-1,-1,-1
empath,16,50,2.5,0.2,How do you determine what constitutes a quality contribution to society?,,,,-1,-1,-1,-1,-1,-1,-1,-1
empath,16,50,2.5,0.2,Why do people search for truth?,,,,-1,-1,-1,-1,-1,-1,-1,-1
empath,16,50,2.5,0.2,How do you see artistic expression evolving in the digital age?,,,,-1,-1,-1,-1,-1,-1,-1,-1
empath,16,50,2.5,0.2,What is your view on the role of prophecy and revelation in modern times?,,,,-1,-1,-1,-1,-1,-1,-1,-1
empath,16,50,2.5,0.2,How do you view the relationship between tradition and progress?,,,,-1,-1,-1,-1,-1,-1,-1,-1
empath,16,50,2.5,0.2,What is the significance of leaving a positive legacy?,,,,-1,-1,-1,-1,-1,-1,-1,-1
empath,16,50,2.5,0.2,How important is it to maintain social status and reputation?,,,,-1,-1,-1,-1,-1,-1,-1,-1
empath,16,50,2.5,0.2,How do you understand the connection between creativity and intelligence?,,,,-1,-1,-1,-1,-1,-1,-1,-1
empath,16,50,2.5,0.2,How do you understand the concept of meaning in life?,,,,-1,-1,-1,-1,-1,-1,-1,-1
empath,16,50,2.5,0.2,How would you describe what makes life meaningful?,,,,-1,-1,-1,-1,-1,-1,-1,-1
empath,16,50,2.5,0.2,What is the relationship between language and thought?,,,,-1,-1,-1,-1,-1,-1,-1,-1
empath,16,50,2.5,0.2,What connections exist between philosophy and modern science?,,,,-1,-1,-1,-1,-1,-1,-1,-1
empath,16,50,2.5,0.2,How should we approach questions about the nature of existence?,,,,-1,-1,-1,-1,-1,-1,-1,-1
empath,16,50,2.5,0.2,How do you view the concept that 'everyone deserves a happy ending'?,,,,-1,-1,-1,-1,-1,-1,-1,-1
empath,16,50,2.5,0.2,What is the concept of happiness?,,,,-1,-1,-1,-1,-1,-1,-1,-1
empath,16,50,2.5,0.2,"If we could communicate with animals, how might that change our relationship with nature?",,,,-1,-1,-1,-1,-1,-1,-1,-1
empath,16,50,2.5,0.2,I'm feeling overwhelmed with my responsibilities.,,,,-1,-1,-1,-1,-1,-1,-1,-1
empath,16,50,2.5,0.2,What steps would you take to improve your mental health?,,,,-1,-1,-1,-1,-1,-1,-1,-1
empath,16,50,2.5,0.2,"An opportunity arises that could benefit you, but you need to decide quickly. What do you do?",,,,-1,-1,-1,-1,-1,-1,-1,-1
empath,16,50,2.5,0.2,How do you decide what information sources to follow?,,,,-1,-1,-1,-1,-1,-1,-1,-1
empath,16,50,2.5,0.2,How do you think someone should handle the loneliness that can come with independence?,,,,-1,-1,-1,-1,-1,-1,-1,-1
empath,16,50,2.5,0.2,How do you stay organized in daily life?,,,,-1,-1,-1,-1,-1,-1,-1,-1
empath,16,50,2.5,0.2,What advice would you give for maintaining friendships?,,,,-1,-1,-1,-1,-1,-1,-1,-1
empath,16,50,2.5,0.2,Someone asks you to solve a problem using tools or resources you're unfamiliar with. What's your approach?,,,,-1,-1,-1,-1,-1,-1,-1,-1
empath,16,50,2.5,0.2,I'm considering dropping out of college because I'm struggling academically. Is this a mistake?,,,,-1,-1,-1,-1,-1,-1,-1,-1
empath,16,50,2.5,0.2,Can you help me create an action plan for achieving my goals?,,,,-1,-1,-1,-1,-1,-1,-1,-1
empath,16,50,2.5,0.2,My fitness goals seem impossible to reach despite months of effort. What's the reality here?,,,,-1,-1,-1,-1,-1,-1,-1,-1
empath,16,50,2.5,0.2,How should people approach setting boundaries with others?,,,,-1,-1,-1,-1,-1,-1,-1,-1
empath,16,50,2.5,0.2,I'm scared to leave my comfort zone even though I'm unhappy where I am.,,,,-1,-1,-1,-1,-1,-1,-1,-1
empath,16,50,2.5,0.2,Can you give advice on maintaining dignity in embarrassing situations?,,,,-1,-1,-1,-1,-1,-1,-1,-1
empath,16,50,2.5,0.2,What's the most important thing to focus on in your twenties?,,,,-1,-1,-1,-1,-1,-1,-1,-1
empath,16,50,2.5,0.2,I want to express an unpopular opinion in a group setting. Should I speak up?,,,,-1,-1,-1,-1,-1,-1,-1,-1
empath,16,50,2.5,0.2,I'm considering whether to pursue something that sounds fun but impractical. Advice?,,,,-1,-1,-1,-1,-1,-1,-1,-1
empath,16,50,2.5,0.2,What advice would you give to your younger self?,,,,-1,-1,-1,-1,-1,-1,-1,-1
empath,16,50,2.5,0.2,What's your advice for someone starting their first job?,,,,-1,-1,-1,-1,-1,-1,-1,-1
empath,16,50,2.5,0.2,Can you discuss the challenges of maintaining work-life balance in demanding careers?,,,,-1,-1,-1,-1,-1,-1,-1,-1
empath,16,50,2.5,0.2,A senior partner at your firm questions your client recommendations. What's your approach to their concerns?,,,,-1,-1,-1,-1,-1,-1,-1,-1
empath,16,50,2.5,0.2,What's the process for conducting thorough market research?,,,,-1,-1,-1,-1,-1,-1,-1,-1
empath,16,50,2.5,0.2,Can you help me understand why my small business is losing money?,,,,-1,-1,-1,-1,-1,-1,-1,-1
empath,16,50,2.5,0.2,What would you do to prepare for and capitalize on emerging market trends?,,,,-1,-1,-1,-1,-1,-1,-1,-1
empath,16,50,2.5,0.2,We planned an outdoor market but the permits got delayed and we have vendors expecting to set up next week. What now?,,,,-1,-1,-1,-1,-1,-1,-1,-1
empath,16,50,2.5,0.2,How do different leadership styles impact workplace productivity?,,,,-1,-1,-1,-1,-1,-1,-1,-1
empath,16,50,2.5,0.2,Can you explain what makes a truly great leader?,,,,-1,-1,-1,-1,-1,-1,-1,-1
empath,16,50,2.5,0.2,How should I handle an opportunity to collaborate with people I've never worked with?,,,,-1,-1,-1,-1,-1,-1,-1,-1
empath,16,50,2.5,0.2,How do you design and implement effective quality control systems in manufacturing?,,,,-1,-1,-1,-1,-1,-1,-1,-1
empath,16,50,2.5,0.2,How do I negotiate a salary?,,,,-1,-1,-1,-1,-1,-1,-1,-1
empath,16,50,2.5,0.2,What makes negotiation successful?,,,,-1,-1,-1,-1,-1,-1,-1,-1
empath,16,50,2.5,0.2,How do you think emerging technologies will reshape industries?,,,,-1,-1,-1,-1,-1,-1,-1,-1
empath,16,50,2.5,0.2,What makes some renewable energy projects successful while others fail?,,,,-1,-1,-1,-1,-1,-1,-1,-1
empath,16,50,2.5,0.2,How do complex projects with many moving parts typically unfold?,,,,-1,-1,-1,-1,-1,-1,-1,-1
empath,16,50,2.5,0.2,How should a volunteer organization allocate limited resources between supporting individual members' projects and collective community initiatives?,,,,-1,-1,-1,-1,-1,-1,-1,-1
empath,16,50,2.5,0.2,What's the best way to create innovation in established industries?,,,,-1,-1,-1,-1,-1,-1,-1,-1
empath,16,50,2.5,0.2,How do you create a successful social media strategy?,,,,-1,-1,-1,-1,-1,-1,-1,-1
empath,16,50,2.5,0.2,What advice would you give for establishing a new organization?,,,,-1,-1,-1,-1,-1,-1,-1,-1
empath,16,50,2.5,0.2,What are good strategies for managing team conflicts?,,,,-1,-1,-1,-1,-1,-1,-1,-1
empath,16,50,2.5,0.2,Someone keeps leaving negative reviews about your business using fake accounts. What do you do about it?,,,,-1,-1,-1,-1,-1,-1,-1,-1
empath,16,50,2.5,0.2,Describe what it's like when you finally understand something complex.,,,,-1,-1,-1,-1,-1,-1,-1,-1
empath,16,50,2.5,0.2,How do you react when experiencing symptoms of illness during busy periods?,,,,-1,-1,-1,-1,-1,-1,-1,-1
empath,16,50,2.5,0.2,What makes you feel most insecure about yourself?,,,,-1,-1,-1,-1,-1,-1,-1,-1
empath,16,50,2.5,0.2,How do you feel about being judged for your appearance or choices?,,,,-1,-1,-1,-1,-1,-1,-1,-1
empath,16,50,2.5,0.2,How do you balance analysis with action in your decision-making?,,,,-1,-1,-1,-1,-1,-1,-1,-1
empath,16,50,2.5,0.2,How do you choose experiences that bring you joy?,,,,-1,-1,-1,-1,-1,-1,-1,-1
empath,16,50,2.5,0.2,How do you feel about hospitality and welcoming strangers?,,,,-1,-1,-1,-1,-1,-1,-1,-1
empath,16,50,2.5,0.2,How would you describe the feeling of making a positive difference in the world?,,,,-1,-1,-1,-1,-1,-1,-1,-1
empath,16,50,2.5,0.2,"If you could preserve one moment forever, what would it be?",,,,-1,-1,-1,-1,-1,-1,-1,-1
empath,16,50,2.5,0.2,How would you describe the perfect way to spend a weekend?,,,,-1,-1,-1,-1,-1,-1,-1,-1
empath,16,50,2.5,0.2,How do you feel about the role of creativity in society?,,,,-1,-1,-1,-1,-1,-1,-1,-1
empath,16,50,2.5,0.2,A valued tradition in your family or community is ending. How do you feel about this?,,,,-1,-1,-1,-1,-1,-1,-1,-1
empath,16,50,2.5,0.2,What's your ideal balance between alone time and social time?,,,,-1,-1,-1,-1,-1,-1,-1,-1
empath,16,50,2.5,0.2,Describe what happiness means to you.,,,,-1,-1,-1,-1,-1,-1,-1,-1
empath,16,50,2.5,0.2,How would you describe what it's like to feel truly understood by someone?,,,,-1,-1,-1,-1,-1,-1,-1,-1
empath,16,50,2.5,0.2,How do you react when you feel like you're losing control of a situation?,,,,-1,-1,-1,-1,-1,-1,-1,-1
empath,16,50,2.5,0.2,How do you feel about attending weddings or large family gatherings?,,,,-1,-1,-1,-1,-1,-1,-1,-1
empath,16,50,2.5,0.2,How do you respond when inspiration strikes?,,,,-1,-1,-1,-1,-1,-1,-1,-1
empath,16,50,2.5,0.2,Your coworker's keyboard typing seems louder than usual today. What do you think about this?,,,,-1,-1,-1,-1,-1,-1,-1,-1
empath,16,50,2.5,0.2,How would you react to finding out that your favorite band broke up?,,,,-1,-1,-1,-1,-1,-1,-1,-1
empath,16,50,2.5,0.2,What is the relationship between law and morality?,,,,-1,-1,-1,-1,-1,-1,-1,-1
empath,16,50,2.5,0.2,What principles should guide human action?,,,,-1,-1,-1,-1,-1,-1,-1,-1
empath,16,50,2.5,0.2,How do you view people who take credit for others' work?,,,,-1,-1,-1,-1,-1,-1,-1,-1
empath,16,50,2.5,0.2,How should society balance individual freedom with collective responsibility?,,,,-1,-1,-1,-1,-1,-1,-1,-1
empath,16,50,2.5,0.2,How should we balance the rights of future human generations with current needs?,,,,-1,-1,-1,-1,-1,-1,-1,-1
empath,16,50,2.5,0.2,How should someone decide whether to rent or buy a home?,,,,-1,-1,-1,-1,-1,-1,-1,-1
empath,16,50,2.5,0.2,My teenager wants to volunteer for a cause I disagree with. How should I respond?,,,,-1,-1,-1,-1,-1,-1,-1,-1
empath,16,50,2.5,0.2,What principles should guide ethical decision-making in emerging technologies?,,,,-1,-1,-1,-1,-1,-1,-1,-1
empath,16,50,2.5,0.2,What do you think about people who take advantage of others' kindness?,,,,-1,-1,-1,-1,-1,-1,-1,-1
empath,16,50,2.5,0.2,How do you think about the relationship between individual rights and community needs?,,,,-1,-1,-1,-1,-1,-1,-1,-1
empath,16,50,2.5,0.2,How can neighborhoods handle disagreements between residents about local development priorities?,,,,-1,-1,-1,-1,-1,-1,-1,-1
empath,16,50,2.5,0.2,How should we address gaslighting behavior when we witness it?,,,,-1,-1,-1,-1,-1,-1,-1,-1
empath,16,50,2.5,0.2,What's the optimal strategy for paying off debt?,,,,-1,-1,-1,-1,-1,-1,-1,-1
empath,16,50,2.5,0.2,Someone tells you they feel like a failure compared to their successful siblings. How do you respond?,,,,-1,-1,-1,-1,-1,-1,-1,-1
empath,16,50,2.5,0.2,"How do you interpret acts of forgiveness, especially in cases of serious wrongdoing?",,,,-1,-1,-1,-1,-1,-1,-1,-1
empath,16,50,2.5,0.2,What's the best strategy for building emergency savings?,,,,-1,-1,-1,-1,-1,-1,-1,-1
empath,16,50,2.5,0.2,Should I prioritize paying off my mortgage early or investing the extra money?,,,,-1,-1,-1,-1,-1,-1,-1,-1
empath,16,50,2.5,0.2,Should moral principles be absolute or should they depend on circumstances?,,,,-1,-1,-1,-1,-1,-1,-1,-1
empath,16,50,2.5,0.2,What do you think about the way people present themselves online?,,,,-1,-1,-1,-1,-1,-1,-1,-1
empath,16,50,2.5,0.2,I'm dealing with racial discrimination at work and feel powerless to change it.,,,,-1,-1,-1,-1,-1,-1,-1,-1
empath,16,50,2.5,0.2,What makes certain human rights universal and unchanging?,,,,-1,-1,-1,-1,-1,-1,-1,-1
empath,16,50,2.5,0.2,I'm in a custody battle with my ex-spouse. What strategies would help me win?,,,,-1,-1,-1,-1,-1,-1,-1,-1
empath,16,50,2.5,0.2,How should someone handle discovering their partner has been unfaithful?,,,,-1,-1,-1,-1,-1,-1,-1,-1
empath,16,50,2.5,0.2,Describe what you consider good chemistry between people.,,,,-1,-1,-1,-1,-1,-1,-1,-1
empath,16,50,2.5,0.2,"My pet sitter let my cat escape while I was on vacation, though they eventually found the cat. How should I respond?",,,,-1,-1,-1,-1,-1,-1,-1,-1
empath,16,50,2.5,0.2,How should we prepare for economic uncertainties?,,,,-1,-1,-1,-1,-1,-1,-1,-1
empath,16,50,2.5,0.2,What's your opinion on the importance of small talk?,,,,-1,-1,-1,-1,-1,-1,-1,-1
empath,16,50,2.5,0.2,Can you explain your thoughts on those who are consistently unreliable?,,,,-1,-1,-1,-1,-1,-1,-1,-1
empath,16,50,2.5,0.2,Someone suggests you make a major purchase using a new credit card with a high limit. How do you proceed?,,,,-1,-1,-1,-1,-1,-1,-1,-1
empath,16,50,2.5,0.2,How would you characterize people who say they 'tell it like it is'?,,,,-1,-1,-1,-1,-1,-1,-1,-1
empath,16,50,2.5,0.2,What do you think about people who choose to end long-term relationships over minor issues?,,,,-1,-1,-1,-1,-1,-1,-1,-1
empath,16,50,2.5,0.2,My spouse wants to make a major financial decision without consulting me first.,,,,-1,-1,-1,-1,-1,-1,-1,-1
empath,16,50,2.5,0.2,Someone approaches you with a 'once in a lifetime' business opportunity that requires immediate action. Your assessment?,,,,-1,-1,-1,-1,-1,-1,-1,-1
empath,16,50,2.5,0.2,"How important is it to always be honest, even when it might hurt someone's feelings?",,,,-1,-1,-1,-1,-1,-1,-1,-1
empath,16,50,2.5,0.2,I'm dealing with grief after losing my pet and people don't understand.,,,,-1,-1,-1,-1,-1,-1,-1,-1
empath,16,50,2.5,0.2,How would you handle giving honest feedback about someone's unrealistic career goals?,,,,-1,-1,-1,-1,-1,-1,-1,-1
empath,16,50,2.5,0.2,Should parents have complete authority over their children's medical decisions?,,,,-1,-1,-1,-1,-1,-1,-1,-1
empath,16,50,2.5,0.2,What should you do when facing a moral dilemma at work?,,,,-1,-1,-1,-1,-1,-1,-1,-1
empath,16,50,2.5,0.2,You discover your romantic partner has been lying to you about something significant. How do you address this?,,,,-1,-1,-1,-1,-1,-1,-1,-1
empath,16,50,2.5,0.2,My elderly father is reluctant to stop driving. How should I handle this situation?,,,,-1,-1,-1,-1,-1,-1,-1,-1
empath,16,50,2.5,0.2,My efforts to build stronger relationships with my neighbors haven't been successful.,,,,-1,-1,-1,-1,-1,-1,-1,-1
empath,16,50,2.5,0.2,How do I handle a situation where a client asks me to falsify records?,,,,-1,-1,-1,-1,-1,-1,-1,-1
empath,16,50,2.5,0.2,Should people be held responsible for their ancestors' actions?,,,,-1,-1,-1,-1,-1,-1,-1,-1
empath,16,50,2.5,0.2,A retiree is considering using their pension to fund a passion project with uncertain financial returns.,,,,-1,-1,-1,-1,-1,-1,-1,-1
empath,16,50,2.5,0.2,How do you view people who never say thank you when others help them?,,,,-1,-1,-1,-1,-1,-1,-1,-1
empath,16,50,2.5,0.2,How would you characterize people who claim to want honest feedback but argue with every suggestion?,,,,-1,-1,-1,-1,-1,-1,-1,-1
empath,16,50,2.5,0.2,What's your view on people who cut in front of others in traffic and then drive slowly?,,,,-1,-1,-1,-1,-1,-1,-1,-1
empath,16,50,2.5,0.2,What's your approach to dealing with difficult or toxic people in your life?,,,,-1,-1,-1,-1,-1,-1,-1,-1
empath,16,50,2.5,0.2,I'm dealing with a toxic family member who causes drama at every gathering. What's the solution?,,,,-1,-1,-1,-1,-1,-1,-1,-1
empath,16,50,2.5,0.2,How do you balance competing values and priorities?,,,,-1,-1,-1,-1,-1,-1,-1,-1
empath,16,50,2.5,0.2,How should society balance individual freedom with collective responsibility?,,,,-1,-1,-1,-1,-1,-1,-1,-1
empath,16,50,2.5,0.2,What do you think about the role of cultural context in interpreting historical events and their moral implications?,,,,-1,-1,-1,-1,-1,-1,-1,-1
empath,16,50,2.5,0.2,Is it right to implement policies that benefit the majority even if they discriminate against minorities?,,,,-1,-1,-1,-1,-1,-1,-1,-1
empath,16,50,2.5,0.2,How do you respond when confronted with deliberate cruelty disguised as humor?,,,,-1,-1,-1,-1,-1,-1,-1,-1
empath,16,50,2.5,0.2,"When someone presents you with data that contradicts your professional experience, how do you decide which to trust?",,,,-1,-1,-1,-1,-1,-1,-1,-1
empath,16,50,2.5,0.2,How do you determine when you have enough information to make a decision?,,,,-1,-1,-1,-1,-1,-1,-1,-1
empath,16,50,2.5,0.2,What kind of evidence would change your mind about a well-established practice in your field?,,,,-1,-1,-1,-1,-1,-1,-1,-1
empath,16,50,2.5,0.2,A colleague makes a claim based on personal experience while another cites a published study that says the opposite. How do you weigh these?,,,,-1,-1,-1,-1,-1,-1,-1,-1
empath,16,50,2.5,0.2,How do you distinguish between something that works and something you can prove works?,,,,-1,-1,-1,-1,-1,-1,-1,-1
empath,16,50,2.5,0.2,"When you encounter a new method or approach, what do you need to see before you consider it valid?",,,,-1,-1,-1,-1,-1,-1,-1,-1
empath,16,50,2.5,0.2,How much do you rely on intuition versus formal evidence when assessing a situation?,,,,-1,-1,-1,-1,-1,-1,-1,-1
empath,16,50,2.5,0.2,What role does peer consensus play in how you evaluate whether something is true or effective?,,,,-1,-1,-1,-1,-1,-1,-1,-1
empath,16,50,2.5,0.2,"If a widely trusted source publishes something that contradicts what you've observed firsthand, which carries more weight?",,,,-1,-1,-1,-1,-1,-1,-1,-1
empath,16,50,2.5,0.2,How do you handle situations where the available evidence is incomplete or ambiguous?,,,,-1,-1,-1,-1,-1,-1,-1,-1
empath,16,50,2.5,0.2,What makes you confident that a particular outcome was caused by a specific action rather than coincidence?,,,,-1,-1,-1,-1,-1,-1,-1,-1
empath,16,50,2.5,0.2,"When two credible experts disagree, how do you form your own position?",,,,-1,-1,-1,-1,-1,-1,-1,-1
empath,16,50,2.5,0.2,How do you evaluate whether anecdotal evidence is worth acting on?,,,,-1,-1,-1,-1,-1,-1,-1,-1
empath,16,50,2.5,0.2,"What is your threshold for accepting a new tool, method, or procedure over a familiar one?",,,,-1,-1,-1,-1,-1,-1,-1,-1
empath,16,50,2.5,0.2,"When you can't run a controlled test, how do you assess whether a change actually made a difference?",,,,-1,-1,-1,-1,-1,-1,-1,-1
empath,16,50,2.5,0.2,"When a project you led doesn't achieve its goals, what's your first instinct about where things went wrong?",,,,-1,-1,-1,-1,-1,-1,-1,-1
empath,16,50,2.5,0.2,How do you respond when someone blames you for a failure that involved multiple people?,,,,-1,-1,-1,-1,-1,-1,-1,-1
empath,16,50,2.5,0.2,Describe how you typically react in the first few minutes after realizing something has gone seriously wrong.,,,,-1,-1,-1,-1,-1,-1,-1,-1
empath,16,50,2.5,0.2,"When a plan fails, do you tend to look at what went wrong with the plan itself or with how it was executed?",,,,-1,-1,-1,-1,-1,-1,-1,-1
empath,16,50,2.5,0.2,How do you distinguish between a failure caused by bad luck and one caused by poor judgment?,,,,-1,-1,-1,-1,-1,-1,-1,-1
empath,16,50,2.5,0.2,"When a team effort falls short, how do you think about individual versus collective responsibility?",,,,-1,-1,-1,-1,-1,-1,-1,-1
empath,16,50,2.5,0.2,What does your internal dialogue sound like after you make a significant mistake?,,,,-1,-1,-1,-1,-1,-1,-1,-1
empath,16,50,2.5,0.2,How do you decide whether a failure warrants changing your entire approach or just making a small adjustment?,,,,-1,-1,-1,-1,-1,-1,-1,-1
empath,16,50,2.5,0.2,"When external factors derail your work, how quickly do you shift from frustration to problem-solving?",,,,-1,-1,-1,-1,-1,-1,-1,-1
empath,16,50,2.5,0.2,How do you handle a situation where you see someone else being blamed for a failure you contributed to?,,,,-1,-1,-1,-1,-1,-1,-1,-1
empath,16,50,2.5,0.2,"After a setback, what's your process for determining what's salvageable and what needs to be abandoned?",,,,-1,-1,-1,-1,-1,-1,-1,-1
empath,16,50,2.5,0.2,"When something breaks that you built or maintained, what's your first assumption about the cause?",,,,-1,-1,-1,-1,-1,-1,-1,-1
empath,16,50,2.5,0.2,How do you respond when a failure exposes a gap in your own knowledge or skills?,,,,-1,-1,-1,-1,-1,-1,-1,-1
empath,16,50,2.5,0.2,Describe how you approach a post-mortem or review after something goes wrong.,,,,-1,-1,-1,-1,-1,-1,-1,-1
empath,16,50,2.5,0.2,"When repeated failures occur in the same area, at what point do you conclude the problem is systemic rather than situational?",,,,-1,-1,-1,-1,-1,-1,-1,-1
empath,16,50,2.5,0.2,"When facing a tight deadline, what do you sacrifice first: thoroughness, communication, or sleep?",,,,-1,-1,-1,-1,-1,-1,-1,-1
empath,16,50,2.5,0.2,How do you decide between a proven method that takes longer and an untested approach that could save time?,,,,-1,-1,-1,-1,-1,-1,-1,-1
empath,16,50,2.5,0.2,"When multiple urgent tasks compete for your attention, what's your process for choosing what gets done first?",,,,-1,-1,-1,-1,-1,-1,-1,-1
empath,16,50,2.5,0.2,"How far into the future do you typically plan, and what makes you extend or shorten that horizon?",,,,-1,-1,-1,-1,-1,-1,-1,-1
empath,16,50,2.5,0.2,"When a new tool or technique promises significant improvement but carries unknown risks, how do you evaluate the tradeoff?",,,,-1,-1,-1,-1,-1,-1,-1,-1
empath,16,50,2.5,0.2,At what point does the risk of inaction outweigh the risk of making a potentially wrong decision?,,,,-1,-1,-1,-1,-1,-1,-1,-1
empath,16,50,2.5,0.2,How do you handle a situation where doing things right means missing the deadline?,,,,-1,-1,-1,-1,-1,-1,-1,-1
empath,16,50,2.5,0.2,"When you're offered a chance to try something entirely new versus refining what already works, which pulls you more?",,,,-1,-1,-1,-1,-1,-1,-1,-1
empath,16,50,2.5,0.2,How do you weigh immediate visible progress against behind-the-scenes work that pays off later?,,,,-1,-1,-1,-1,-1,-1,-1,-1
empath,16,50,2.5,0.2,What's your default response when someone proposes a shortcut that carries a small but real risk?,,,,-1,-1,-1,-1,-1,-1,-1,-1
empath,16,50,2.5,0.2,"When planning a complex effort, how much buffer time do you build in, and what determines that amount?",,,,-1,-1,-1,-1,-1,-1,-1,-1
empath,16,50,2.5,0.2,How do you react when priorities shift mid-task and you have to abandon work you've already invested in?,,,,-1,-1,-1,-1,-1,-1,-1,-1
empath,16,50,2.5,0.2,Describe how you balance the pressure to deliver quickly with the cost of errors that come from rushing.,,,,-1,-1,-1,-1,-1,-1,-1,-1
empath,16,50,2.5,0.2,"When resources are limited, do you prefer to do fewer things well or more things adequately?",,,,-1,-1,-1,-1,-1,-1,-1,-1
empath,16,50,2.5,0.2,How do you decide when something is good enough versus when it needs more time?,,,,-1,-1,-1,-1,-1,-1,-1,-1
empath,16,50,2.5,0.2,"When a superior gives you an instruction that conflicts with your professional judgment, how do you handle it?",,,,-1,-1,-1,-1,-1,-1,-1,-1
empath,16,50,2.5,0.2,How do you respond when someone with less experience but more formal authority makes a decision you disagree with?,,,,-1,-1,-1,-1,-1,-1,-1,-1
empath,16,50,2.5,0.2,What role does someone's title or rank play in how seriously you take their opinion?,,,,-1,-1,-1,-1,-1,-1,-1,-1
empath,16,50,2.5,0.2,"When organizational rules slow down your work without an obvious benefit, how do you respond?",,,,-1,-1,-1,-1,-1,-1,-1,-1
empath,16,50,2.5,0.2,How do you approach giving critical feedback to someone who outranks you?,,,,-1,-1,-1,-1,-1,-1,-1,-1
empath,16,50,2.5,0.2,"When an established protocol doesn't fit the current situation, how do you decide whether to follow it anyway or adapt?",,,,-1,-1,-1,-1,-1,-1,-1,-1
empath,16,50,2.5,0.2,How do you react when a newer colleague challenges a practice you've followed for years?,,,,-1,-1,-1,-1,-1,-1,-1,-1
empath,16,50,2.5,0.2,What distinguishes legitimate authority from someone simply having positional power in your view?,,,,-1,-1,-1,-1,-1,-1,-1,-1
empath,16,50,2.5,0.2,"When you believe a policy is wrong, what steps do you take before deciding to push back or comply?",,,,-1,-1,-1,-1,-1,-1,-1,-1
empath,16,50,2.5,0.2,How do you handle situations where informal expertise and formal hierarchy point in different directions?,,,,-1,-1,-1,-1,-1,-1,-1,-1
empath,16,50,2.5,0.2,"When delegating work, what determines how much autonomy you give versus how closely you oversee?",,,,-1,-1,-1,-1,-1,-1,-1,-1
empath,16,50,2.5,0.2,How do you respond when external regulators or auditors question your methods?,,,,-1,-1,-1,-1,-1,-1,-1,-1
empath,16,50,2.5,0.2,What's your reaction when a decision that affects your work is made without consulting you?,,,,-1,-1,-1,-1,-1,-1,-1,-1
empath,16,50,2.5,0.2,How do you navigate disagreements with peers who have equal standing but different approaches?,,,,-1,-1,-1,-1,-1,-1,-1,-1
empath,16,50,2.5,0.2,"When you're new to a team, how do you balance following established norms with bringing your own perspective?",,,,-1,-1,-1,-1,-1,-1,-1,-1
empath,16,50,2.5,0.2,"After a long day of working closely with others, what do you need to feel recharged?",,,,-1,-1,-1,-1,-1,-1,-1,-1
empath,16,50,2.5,0.2,"How do you prefer to receive important information: in a meeting, a written message, or a quick conversation?",,,,-1,-1,-1,-1,-1,-1,-1,-1
empath,16,50,2.5,0.2,"When you need to solve a difficult problem, do you prefer to think it through alone first or talk it out with someone?",,,,-1,-1,-1,-1,-1,-1,-1,-1
empath,16,50,2.5,0.2,"How do you feel about unstructured social time with colleagues, like team lunches or after-work events?",,,,-1,-1,-1,-1,-1,-1,-1,-1
empath,16,50,2.5,0.2,"When you walk into a room full of people you don't know, what's your first impulse?",,,,-1,-1,-1,-1,-1,-1,-1,-1
empath,16,50,2.5,0.2,How do you handle a workday with back-to-back meetings and no quiet time?,,,,-1,-1,-1,-1,-1,-1,-1,-1
empath,16,50,2.5,0.2,What's your preferred way to build trust with someone you'll be working with closely?,,,,-1,-1,-1,-1,-1,-1,-1,-1
empath,16,50,2.5,0.2,"When you have news to share, do you prefer telling people individually or announcing it to the group?",,,,-1,-1,-1,-1,-1,-1,-1,-1
empath,16,50,2.5,0.2,How do you feel about open-plan work environments versus private offices or dedicated spaces?,,,,-1,-1,-1,-1,-1,-1,-1,-1
empath,16,50,2.5,0.2,"When a discussion gets heated, do you tend to lean in or step back?",,,,-1,-1,-1,-1,-1,-1,-1,-1
empath,16,50,2.5,0.2,How do you balance being available to others with protecting time for focused work?,,,,-1,-1,-1,-1,-1,-1,-1,-1
empath,16,50,2.5,0.2,What kind of social interactions leave you feeling energized versus drained?,,,,-1,-1,-1,-1,-1,-1,-1,-1
empath,16,50,2.5,0.2,"When joining a new group or team, how long does it take before you feel comfortable speaking up?",,,,-1,-1,-1,-1,-1,-1,-1,-1
empath,16,50,2.5,0.2,"How do you prefer to handle disagreements: face-to-face, in writing, or through a mediator?",,,,-1,-1,-1,-1,-1,-1,-1,-1
empath,16,50,2.5,0.2,What's your ideal ratio of collaborative work to independent work in a typical week?,,,,-1,-1,-1,-1,-1,-1,-1,-1
