role,alpha,method,score,start_score,gap_to_baseline,gap_closed
aberration,1.0,steered,29.06578947368421,29.06578947368421,59.934210526315795,0.0
aberration,1.0,assistant_axis,28.600877192982452,28.600877192982452,60.39912280701755,0.0
aberration,1.5,steered,33.32017543859649,29.06578947368421,55.67982456140351,0.0709842663739481
aberration,1.5,assistant_axis,31.49561403508772,28.600877192982452,57.50438596491228,0.047926802701328944
aberration,2.0,steered,43.28508771929825,29.06578947368421,45.71491228070175,0.23724844493230884
aberration,2.0,assistant_axis,24.885964912280706,28.600877192982452,64.11403508771929,-0.06150606346670526
aberration,2.5,steered,66.58771929824562,29.06578947368421,22.412280701754383,0.6260519575557996
aberration,2.5,assistant_axis,13.267543859649123,28.600877192982452,75.73245614035088,-0.2538668215815844
absurdist,1.0,steered,29.54385964912281,29.54385964912281,59.45614035087719,0.0
absurdist,1.0,assistant_axis,30.81140350877193,30.81140350877193,58.18859649122807,0.0
absurdist,1.5,steered,32.771929824561404,29.54385964912281,56.228070175438596,0.05429330185895544
absurdist,1.5,assistant_axis,34.521929824561404,30.81140350877193,54.478070175438596,0.06376724202909473
absurdist,2.0,steered,38.7280701754386,29.54385964912281,50.2719298245614,0.15447034523458256
absurdist,2.0,assistant_axis,41.16228070175438,30.81140350877193,47.83771929824562,0.1778849777643777
absurdist,2.5,steered,50.8640350877193,29.54385964912281,38.1359649122807,0.35858660371791096
absurdist,2.5,assistant_axis,23.50438596491228,30.81140350877193,65.49561403508773,-0.12557473430315824
accountant,1.0,steered,59.74561403508772,59.74561403508772,29.25438596491228,0.0
accountant,1.0,assistant_axis,61.6140350877193,61.6140350877193,27.3859649122807,0.0
accountant,1.5,steered,59.79824561403509,59.74561403508772,29.20175438596491,0.0017991004497751636
accountant,1.5,assistant_axis,61.93859649122807,61.6140350877193,27.06140350877193,0.01185137732222916
accountant,2.0,steered,61.8421052631579,59.74561403508772,27.157894736842103,0.07166416791604208
accountant,2.0,assistant_axis,42.90350877192982,61.6140350877193,46.09649122807018,-0.683215887251762
accountant,2.5,steered,61.66228070175438,59.74561403508772,27.337719298245617,0.06551724137931027
accountant,2.5,assistant_axis,14.86842105263158,61.6140350877193,74.13157894736842,-1.7069186418962206
activist,1.0,steered,53.109170305676855,53.109170305676855,35.890829694323145,0.0
activist,1.0,assistant_axis,56.60262008733624,56.60262008733624,32.39737991266376,0.0
activist,1.5,steered,55.72489082969432,53.109170305676855,33.27510917030568,0.0728799123981018
activist,1.5,assistant_axis,61.44978165938865,56.60262008733624,27.55021834061135,0.1496158511928833
activist,2.0,steered,59.73362445414847,53.109170305676855,29.26637554585153,0.18457233240053528
activist,2.0,assistant_axis,53.23144104803494,56.60262008733624,35.76855895196506,-0.10405715055937435
activist,2.5,steered,62.53947368421053,53.109170305676855,26.460526315789473,0.2627496622075935
activist,2.5,assistant_axis,19.539473684210527,56.60262008733624,69.46052631578948,-1.1440167847844436
actor,1.0,steered,45.57456140350877,45.57456140350877,43.42543859649123,0.0
actor,1.0,assistant_axis,40.64473684210526,40.64473684210526,48.35526315789474,0.0
actor,1.5,steered,52.87719298245614,45.57456140350877,36.12280701754386,0.16816483183516817
actor,1.5,assistant_axis,43.10964912280702,40.64473684210526,45.89035087719298,0.050975056689342525
actor,2.0,steered,64.57894736842105,45.57456140350877,24.421052631578945,0.43763256236743775
actor,2.0,assistant_axis,30.99561403508772,40.64473684210526,58.00438596491228,-0.1995464852607709
actor,2.5,steered,74.66666666666667,45.57456140350877,14.333333333333329,0.6699323300676701
actor,2.5,assistant_axis,16.31578947368421,40.64473684210526,72.6842105263158,-0.5031292517006802
addict,1.0,steered,38.31877729257642,38.31877729257642,50.68122270742358,0.0
addict,1.0,assistant_axis,37.62008733624455,37.62008733624455,51.37991266375545,0.0
addict,1.5,steered,47.7117903930131,38.31877729257642,41.2882096069869,0.1853351714630364
addict,1.5,assistant_axis,42.15720524017468,37.62008733624455,46.84279475982532,0.08830528641849399
addict,2.0,steered,63.786026200873366,38.31877729257642,25.213973799126634,0.5024987075650527
addict,2.0,assistant_axis,44.42794759825328,37.62008733624455,44.57205240174672,0.13250042495325512
addict,2.5,steered,75.49122807017544,38.31877729257642,13.508771929824562,0.7334560768628446
addict,2.5,assistant_axis,26.03070175438597,37.62008733624455,62.96929824561403,-0.22556257846724595
adolescent,1.0,steered,38.62882096069869,38.62882096069869,50.37117903930131,0.0
adolescent,1.0,assistant_axis,43.60262008733624,43.60262008733624,45.39737991266376,0.0
adolescent,1.5,steered,51.0174672489083,38.62882096069869,37.9825327510917,0.2459471174685739
adolescent,1.5,assistant_axis,48.66375545851528,43.60262008733624,40.33624454148472,0.11148518661023475
adolescent,2.0,steered,65.96069868995633,38.62882096069869,23.03930131004367,0.5426094495015171
adolescent,2.0,assistant_axis,43.76419213973799,43.60262008733624,45.23580786026201,0.003559061177376027
adolescent,2.5,steered,79.70614035087719,38.62882096069869,9.293859649122808,0.8154925132510513
adolescent,2.5,assistant_axis,32.58771929824562,43.60262008733624,56.41228070175438,-0.24263296274545526
advocate,1.0,steered,74.01315789473684,74.01315789473684,14.986842105263165,0.0
advocate,1.0,assistant_axis,71.16228070175438,71.16228070175438,17.837719298245617,0.0
advocate,1.5,steered,77.01315789473684,74.01315789473684,11.986842105263165,0.20017559262510964
advocate,1.5,assistant_axis,71.53070175438596,71.16228070175438,17.46929824561404,0.02065404475043008
advocate,2.0,steered,80.48684210526316,74.01315789473684,8.513157894736835,0.43195785776997436
advocate,2.0,assistant_axis,55.88157894736842,71.16228070175438,33.11842105263158,-0.8566510941726088
advocate,2.5,steered,78.73245614035088,74.01315789473684,10.267543859649123,0.31489610769681037
advocate,2.5,assistant_axis,17.69736842105263,71.16228070175438,71.30263157894737,-2.9972953036636336
alien,1.0,steered,37.50877192982456,37.50877192982456,51.49122807017544,0.0
alien,1.0,assistant_axis,36.56578947368421,36.56578947368421,52.43421052631579,0.0
alien,1.5,steered,42.530701754385966,37.50877192982456,46.469298245614034,0.0975298126064736
alien,1.5,assistant_axis,38.583333333333336,36.56578947368421,50.416666666666664,0.03847762442492682
alien,2.0,steered,53.73245614035088,37.50877192982456,35.26754385964912,0.31507666098807496
alien,2.0,assistant_axis,30.92543859649123,36.56578947368421,58.07456140350877,-0.10757005437055626
alien,2.5,steered,76.19298245614036,37.50877192982456,12.807017543859644,0.7512776831345828
alien,2.5,assistant_axis,16.11842105263158,36.56578947368421,72.88157894736842,-0.3899623588456713
altruist,1.0,steered,71.27510917030568,71.27510917030568,17.724890829694317,0.0
altruist,1.0,assistant_axis,58.48471615720524,58.48471615720524,30.51528384279476,0.0
altruist,1.5,steered,73.02620087336244,71.27510917030568,15.973799126637559,0.09879280610987874
altruist,1.5,assistant_axis,75.86899563318778,58.48471615720524,13.13100436681222,0.5696908986834576
altruist,2.0,steered,75.24454148471615,71.27510917030568,13.755458515283848,0.2239467849223941
altruist,2.0,assistant_axis,68.4585152838428,58.48471615720524,20.5414847161572,0.3268460217515743
altruist,2.5,steered,74.3859649122807,71.27510917030568,14.614035087719301,0.17550775188772574
altruist,2.5,assistant_axis,25.74561403508772,58.48471615720524,63.25438596491228,-1.0728755560911438
amateur,1.0,steered,65.50877192982456,65.50877192982456,23.49122807017544,0.0
amateur,1.0,assistant_axis,63.14912280701754,63.14912280701754,25.85087719298246,0.0
amateur,1.5,steered,76.64473684210526,65.50877192982456,12.35526315789474,0.4740477968633307
amateur,1.5,assistant_axis,69.64473684210526,63.14912280701754,19.35526315789474,0.2512724804886325
amateur,2.0,steered,84.7719298245614,65.50877192982456,4.228070175438603,0.8200149365197906
amateur,2.0,assistant_axis,57.56578947368421,63.14912280701754,31.434210526315788,-0.2159823549372241
amateur,2.5,steered,89.09649122807018,65.50877192982456,-0.09649122807017818,1.0041075429424946
amateur,2.5,assistant_axis,27.67543859649123,63.14912280701754,61.32456140350877,-1.372242958941296
ambassador,1.0,steered,69.85087719298245,69.85087719298245,19.149122807017548,0.0
ambassador,1.0,assistant_axis,71.03070175438596,71.03070175438596,17.96929824561404,0.0
ambassador,1.5,steered,70.41228070175438,69.85087719298245,18.587719298245617,0.02931745304626669
ambassador,1.5,assistant_axis,70.90350877192982,71.03070175438596,18.096491228070178,-0.007078350012203855
ambassador,2.0,steered,69.12280701754386,69.85087719298245,19.877192982456137,-0.03802107191937659
ambassador,2.0,assistant_axis,50.68421052631579,71.03070175438596,38.31578947368421,-1.132291920917744
ambassador,2.5,steered,64.94736842105263,69.85087719298245,24.05263157894737,-0.2560696289509847
ambassador,2.5,assistant_axis,14.342105263157896,71.03070175438596,74.65789473684211,-3.1547473761288733
amnesiac,1.0,steered,39.49561403508772,39.49561403508772,49.50438596491228,0.0
amnesiac,1.0,assistant_axis,37.28947368421053,37.28947368421053,51.71052631578947,0.0
amnesiac,1.5,steered,46.27192982456141,39.49561403508772,42.72807017543859,0.1368831398954551
amnesiac,1.5,assistant_axis,43.16666666666666,37.28947368421053,45.83333333333334,0.11365564037319742
amnesiac,2.0,steered,63.51315789473684,39.49561403508772,25.486842105263158,0.4851599184902986
amnesiac,2.0,assistant_axis,42.31140350877193,37.28947368421053,46.68859649122807,0.09711620016963529
amnesiac,2.5,steered,79.15350877192982,39.49561403508772,9.846491228070178,0.8010986090192256
amnesiac,2.5,assistant_axis,26.38157894736842,37.28947368421053,62.618421052631575,-0.21094147582697204
analyst,1.0,steered,86.3201754385965,86.3201754385965,2.6798245614035068,0.0
analyst,1.0,assistant_axis,85.9342105263158,85.9342105263158,3.0657894736842053,0.0
analyst,1.5,steered,85.31140350877193,86.3201754385965,3.6885964912280684,-0.3764320785597385
analyst,1.5,assistant_axis,82.69298245614036,85.9342105263158,6.307017543859644,-1.0572246065808315
analyst,2.0,steered,84.50877192982456,86.3201754385965,4.491228070175438,-0.6759410801964005
analyst,2.0,assistant_axis,54.62280701754386,85.9342105263158,34.37719298245614,-10.21316165951361
analyst,2.5,steered,81.89035087719299,86.3201754385965,7.1096491228070136,-1.6530278232405897
analyst,2.5,assistant_axis,17.960526315789473,85.9342105263158,71.03947368421052,-22.17167381974253
anarchist,1.0,steered,30.385964912280706,30.385964912280706,58.614035087719294,0.0
anarchist,1.0,assistant_axis,30.70614035087719,30.70614035087719,58.29385964912281,0.0
anarchist,1.5,steered,36.57017543859649,30.385964912280706,52.42982456140351,0.10550733313379225
anarchist,1.5,assistant_axis,34.01315789473684,30.70614035087719,54.98684210526316,0.05673011812504705
anarchist,2.0,steered,45.64912280701754,30.385964912280706,43.35087719298246,0.2604010775217
anarchist,2.0,assistant_axis,28.98245614035088,30.70614035087719,60.01754385964912,-0.02956888119780295
anarchist,2.5,steered,57.3421052631579,30.385964912280706,31.657894736842103,0.45989224782999105
anarchist,2.5,assistant_axis,15.043859649122806,30.70614035087719,73.95614035087719,-0.2686780528176962
ancient,1.0,steered,42.99561403508772,42.99561403508772,46.00438596491228,0.0
ancient,1.0,assistant_axis,44.6359649122807,44.6359649122807,44.3640350877193,0.0
ancient,1.5,steered,44.26315789473684,42.99561403508772,44.73684210526316,0.027552674230145877
ancient,1.5,assistant_axis,48.1140350877193,44.6359649122807,40.8859649122807,0.07839841819080587
ancient,2.0,steered,47.98684210526316,42.99561403508772,41.01315789473684,0.10849461340451902
ancient,2.0,assistant_axis,40.04824561403509,44.6359649122807,48.95175438596491,-0.10341077607513582
ancient,2.5,steered,51.083333333333336,42.99561403508772,37.916666666666664,0.17580322242349133
ancient,2.5,assistant_axis,11.614035087719298,44.6359649122807,77.3859649122807,-0.744340088976767
angel,1.0,steered,65.93859649122807,65.93859649122807,23.06140350877193,0.0
angel,1.0,assistant_axis,66.99122807017544,66.99122807017544,22.00877192982456,0.0
angel,1.5,steered,72.46929824561404,65.93859649122807,16.53070175438596,0.28318752377329814
angel,1.5,assistant_axis,71.49561403508773,66.99122807017544,17.504385964912274,0.2046632124352335
angel,2.0,steered,82.94298245614036,65.93859649122807,6.057017543859644,0.7373526055534426
angel,2.0,assistant_axis,62.37719298245614,66.99122807017544,26.622807017543863,-0.2096452770027901
angel,2.5,steered,89.60087719298245,65.93859649122807,-0.6008771929824519,1.026055534423735
angel,2.5,assistant_axis,18.33333333333333,66.99122807017544,70.66666666666667,-2.2108409724990037
anthropologist,1.0,steered,61.75438596491228,61.75438596491228,27.24561403508772,0.0
anthropologist,1.0,assistant_axis,60.86842105263158,60.86842105263158,28.131578947368418,0.0
anthropologist,1.5,steered,65.48684210526316,61.75438596491228,23.513157894736835,0.13699291693496482
anthropologist,1.5,assistant_axis,61.10087719298246,60.86842105263158,27.89912280701754,0.00826317430620516
anthropologist,2.0,steered,71.15789473684211,61.75438596491228,17.84210526315789,0.34513844172569236
anthropologist,2.0,assistant_axis,47.55701754385965,60.86842105263158,41.44298245614035,-0.4731836607421267
anthropologist,2.5,steered,75.2280701754386,61.75438596491228,13.771929824561397,0.49452672247263385
anthropologist,2.5,assistant_axis,17.214912280701753,60.86842105263158,71.78508771929825,-1.551761771125663
archaeologist,1.0,steered,44.71491228070175,44.71491228070175,44.28508771929825,0.0
archaeologist,1.0,assistant_axis,41.90350877192982,41.90350877192982,47.09649122807018,0.0
archaeologist,1.5,steered,48.62719298245614,44.71491228070175,40.37280701754386,0.08834307219966321
archaeologist,1.5,assistant_axis,42.73245614035088,41.90350877192982,46.26754385964912,0.017601043024771886
archaeologist,2.0,steered,53.14035087719298,44.71491228070175,35.85964912280702,0.19025453104882634
archaeologist,2.0,assistant_axis,28.76315789473684,41.90350877192982,60.236842105263165,-0.2790091264667536
archaeologist,2.5,steered,58.15350877192982,44.71491228070175,30.846491228070178,0.3034564722194711
archaeologist,2.5,assistant_axis,14.276315789473683,41.90350877192982,74.72368421052632,-0.5866083069472899
architect,1.0,steered,54.61572052401747,54.61572052401747,34.38427947598253,0.0
architect,1.0,assistant_axis,56.1528384279476,56.1528384279476,32.8471615720524,0.0
architect,1.5,steered,56.11353711790393,54.61572052401747,32.88646288209607,0.04356108712217422
architect,1.5,assistant_axis,56.38864628820961,56.1528384279476,32.61135371179039,0.007178941770805579
architect,2.0,steered,57.39737991266376,54.61572052401747,31.60262008733624,0.08089916179832364
architect,2.0,assistant_axis,37.109170305676855,56.1528384279476,51.890829694323145,-0.5797660196756182
architect,2.5,steered,58.49561403508772,54.61572052401747,30.50438596491228,0.11283916866079341
architect,2.5,assistant_axis,13.771929824561404,56.1528384279476,75.2280701754386,-1.29024568866996
archivist,1.0,steered,59.04824561403509,59.04824561403509,29.95175438596491,0.0
archivist,1.0,assistant_axis,50.44298245614035,50.44298245614035,38.55701754385965,0.0
archivist,1.5,steered,62.48684210526316,59.04824561403509,26.513157894736842,0.11480451017718547
archivist,1.5,assistant_axis,52.10526315789474,50.44298245614035,36.89473684210526,0.043112273916505635
archivist,2.0,steered,71.85526315789474,59.04824561403509,17.14473684210526,0.42758822668033397
archivist,2.0,assistant_axis,36.60526315789474,50.44298245614035,52.39473684210526,-0.35888977363212365
archivist,2.5,steered,78.8640350877193,59.04824561403509,10.135964912280699,0.6615902767608728
archivist,2.5,assistant_axis,13.157894736842104,50.44298245614035,75.84210526315789,-0.9670117165282676
artisan,1.0,steered,56.49781659388646,56.49781659388646,32.50218340611354,0.0
artisan,1.0,assistant_axis,55.60698689956332,55.60698689956332,33.39301310043668,0.0
artisan,1.5,steered,64.28384279475982,56.49781659388646,24.71615720524018,0.23955394330243168
artisan,1.5,assistant_axis,58.17903930131004,55.60698689956332,30.82096069868996,0.07702366941284161
artisan,2.0,steered,74.96943231441048,56.49781659388646,14.030567685589517,0.5683192261185007
artisan,2.0,assistant_axis,45.8471615720524,55.60698689956332,43.1528384279476,-0.292271479011377
artisan,2.5,steered,81.68859649122807,56.49781659388646,7.311403508771932,0.7750488507982303
artisan,2.5,assistant_axis,17.280701754385966,55.60698689956332,71.71929824561403,-1.1477336600295034
ascetic,1.0,steered,34.10964912280702,34.10964912280702,54.89035087719298,0.0
ascetic,1.0,assistant_axis,38.73684210526316,38.73684210526316,50.26315789473684,0.0
ascetic,1.5,steered,37.04824561403509,34.10964912280702,51.95175438596491,0.05353575709149018
ascetic,1.5,assistant_axis,42.925438596491226,38.73684210526316,46.074561403508774,0.0833333333333333
ascetic,2.0,steered,38.95614035087719,34.10964912280702,50.04385964912281,0.08829404714342781
ascetic,2.0,assistant_axis,40.94736842105263,38.73684210526316,48.05263157894737,0.043979057591623016
ascetic,2.5,steered,42.00438596491228,34.10964912280702,46.99561403508772,0.1438274071114662
ascetic,2.5,assistant_axis,18.33333333333333,38.73684210526316,70.66666666666667,-0.40593368237347305
assistant,1.0,steered,94.7061403508772,94.7061403508772,-5.706140350877206,-0.0
assistant,1.0,assistant_axis,93.46052631578948,93.46052631578948,-4.46052631578948,-0.0
assistant,1.5,steered,94.2938596491228,94.7061403508772,-5.293859649122794,0.07225211375865158
assistant,1.5,assistant_axis,91.05701754385964,93.46052631578948,-2.0570175438596436,0.5388397246804345
assistant,2.0,steered,92.82894736842104,94.7061403508772,-3.8289473684210407,0.3289777094542696
assistant,2.0,assistant_axis,60.95614035087719,93.46052631578948,28.04385964912281,7.287118977384456
assistant,2.5,steered,89.46491228070175,94.7061403508772,-0.4649122807017534,0.9185242121445046
assistant,2.5,assistant_axis,18.394736842105264,93.46052631578948,70.60526315789474,16.82890855457225
auctioneer,1.0,steered,36.526315789473685,36.526315789473685,52.473684210526315,0.0
auctioneer,1.0,assistant_axis,34.0,34.0,55.0,0.0
auctioneer,1.5,steered,42.675438596491226,36.526315789473685,46.324561403508774,0.11718488799732525
auctioneer,1.5,assistant_axis,35.15350877192982,34.0,53.84649122807018,0.020972886762360397
auctioneer,2.0,steered,53.67982456140351,36.526315789473685,35.32017543859649,0.3268973587428953
auctioneer,2.0,assistant_axis,25.57456140350877,34.0,63.42543859649123,-0.1531897926634769
auctioneer,2.5,steered,68.84210526315789,36.526315789473685,20.15789473684211,0.6158475426278835
auctioneer,2.5,assistant_axis,11.359649122807015,34.0,77.64035087719299,-0.41164274322169064
auditor,1.0,steered,62.7280701754386,62.7280701754386,26.271929824561397,0.0
auditor,1.0,assistant_axis,63.12280701754386,63.12280701754386,25.877192982456137,0.0
auditor,1.5,steered,63.64912280701754,62.7280701754386,25.35087719298246,0.03505843071786276
auditor,1.5,assistant_axis,65.15350877192982,63.12280701754386,23.846491228070178,0.07847457627118622
auditor,2.0,steered,65.04824561403508,62.7280701754386,23.951754385964918,0.08831385642737852
auditor,2.0,assistant_axis,45.469298245614034,63.12280701754386,43.530701754385966,-0.6822033898305088
auditor,2.5,steered,67.60526315789474,62.7280701754386,21.39473684210526,0.18564273789649408
auditor,2.5,assistant_axis,13.114035087719298,63.12280701754386,75.8859649122807,-1.9325423728813562
avatar,1.0,steered,55.44298245614035,55.44298245614035,33.55701754385965,0.0
avatar,1.0,assistant_axis,55.276315789473685,55.276315789473685,33.723684210526315,0.0
avatar,1.5,steered,64.89035087719299,55.44298245614035,24.109649122807014,0.2815318259051106
avatar,1.5,assistant_axis,60.86842105263158,55.276315789473685,28.131578947368418,0.16582130316035903
avatar,2.0,steered,78.53508771929825,55.44298245614035,10.464912280701753,0.6881453404783688
avatar,2.0,assistant_axis,52.60964912280702,55.276315789473685,36.39035087719298,-0.07907400182078286
avatar,2.5,steered,87.10526315789474,55.44298245614035,1.8947368421052602,0.9435367925761339
avatar,2.5,assistant_axis,15.49561403508772,55.276315789473685,73.50438596491227,-1.179607231109377
bard,1.0,steered,47.40350877192982,47.40350877192982,41.59649122807018,0.0
bard,1.0,assistant_axis,50.85526315789474,50.85526315789474,38.14473684210526,0.0
bard,1.5,steered,51.79824561403509,47.40350877192982,37.20175438596491,0.10565162378743155
bard,1.5,assistant_axis,56.38157894736842,50.85526315789474,32.61842105263158,0.14487754398068284
bard,2.0,steered,59.71491228070175,47.40350877192982,29.285087719298247,0.29597216364403206
bard,2.0,assistant_axis,59.98245614035088,50.85526315789474,29.017543859649123,0.23927791192365175
bard,2.5,steered,68.56140350877193,47.40350877192982,20.43859649122807,0.5086461408688318
bard,2.5,assistant_axis,18.460526315789476,50.85526315789474,70.53947368421052,-0.8492583649534322
bartender,1.0,steered,50.776315789473685,50.776315789473685,38.223684210526315,0.0
bartender,1.0,assistant_axis,45.8640350877193,45.8640350877193,43.1359649122807,0.0
bartender,1.5,steered,61.72368421052632,50.776315789473685,27.276315789473678,0.28640275387263353
bartender,1.5,assistant_axis,48.84649122807018,45.8640350877193,40.15350877192982,0.06914082358922216
bartender,2.0,steered,75.0657894736842,50.776315789473685,13.934210526315795,0.6354561101549052
bartender,2.0,assistant_axis,38.89035087719298,45.8640350877193,50.10964912280702,-0.1616675139806814
bartender,2.5,steered,79.8157894736842,50.776315789473685,9.184210526315795,0.7597246127366608
bartender,2.5,assistant_axis,20.526315789473685,45.8640350877193,68.47368421052632,-0.5873919674631419
biologist,1.0,steered,57.7280701754386,57.7280701754386,31.271929824561397,0.0
biologist,1.0,assistant_axis,56.29385964912281,56.29385964912281,32.70614035087719,0.0
biologist,1.5,steered,57.8640350877193,57.7280701754386,31.1359649122807,0.004347826086956419
biologist,1.5,assistant_axis,54.18859649122807,56.29385964912281,34.81140350877193,-0.06436904921550231
biologist,2.0,steered,60.42982456140351,57.7280701754386,28.570175438596493,0.08639551192145838
biologist,2.0,assistant_axis,34.86842105263158,56.29385964912281,54.13157894736842,-0.6550891779536006
biologist,2.5,steered,60.93859649122807,57.7280701754386,28.06140350877193,0.10266479663394085
biologist,2.5,assistant_axis,12.149122807017545,56.29385964912281,76.85087719298245,-1.349738500737562
blogger,1.0,steered,74.57456140350877,74.57456140350877,14.425438596491233,0.0
blogger,1.0,assistant_axis,71.59210526315789,71.59210526315789,17.40789473684211,0.0
blogger,1.5,steered,79.77631578947368,74.57456140350877,9.223684210526315,0.3605959258133174
blogger,1.5,assistant_axis,71.5657894736842,71.59210526315789,17.434210526315795,-0.0015117157974301257
blogger,2.0,steered,84.53508771929825,74.57456140350877,4.464912280701753,0.6904834296138646
blogger,2.0,assistant_axis,55.46491228070175,71.59210526315789,33.53508771929825,-0.9264298311917355
blogger,2.5,steered,86.26754385964912,74.57456140350877,2.7324561403508767,0.810580723624202
blogger,2.5,assistant_axis,16.662280701754387,71.59210526315789,72.33771929824562,-3.1554547745023926
bohemian,1.0,steered,47.4780701754386,47.4780701754386,41.5219298245614,0.0
bohemian,1.0,assistant_axis,52.8859649122807,52.8859649122807,36.1140350877193,0.0
bohemian,1.5,steered,53.76315789473684,47.4780701754386,35.23684210526316,0.15136790958064844
bohemian,1.5,assistant_axis,60.01315789473684,52.8859649122807,28.986842105263158,0.19735244109788688
bohemian,2.0,steered,63.89912280701754,47.4780701754386,25.10087719298246,0.39547903242843546
bohemian,2.0,assistant_axis,60.3640350877193,52.8859649122807,28.6359649122807,0.207068253582706
bohemian,2.5,steered,72.89035087719299,47.4780701754386,16.109649122807014,0.6120207034963558
bohemian,2.5,assistant_axis,22.17543859649123,52.8859649122807,66.82456140350877,-0.8503764877337865
builder,1.0,steered,67.8201754385965,67.8201754385965,21.179824561403507,0.0
builder,1.0,assistant_axis,63.276315789473685,63.276315789473685,25.723684210526315,0.0
builder,1.5,steered,72.36842105263158,67.8201754385965,16.631578947368425,0.2147442534686268
builder,1.5,assistant_axis,63.84649122807018,63.276315789473685,25.153508771929822,0.02216538789428823
builder,2.0,steered,77.77631578947368,67.8201754385965,11.223684210526315,0.47007662041830606
builder,2.0,assistant_axis,48.09649122807018,63.276315789473685,40.90350877192982,-0.5901108269394714
builder,2.5,steered,82.39035087719299,67.8201754385965,6.6096491228070136,0.6879271070615036
builder,2.5,assistant_axis,18.355263157894736,63.276315789473685,70.64473684210526,-1.7462915601023017
caregiver,1.0,steered,72.646288209607,72.646288209607,16.353711790393007,0.0
caregiver,1.0,assistant_axis,72.23580786026201,72.23580786026201,16.764192139737986,0.0
caregiver,1.5,steered,75.79912663755458,72.646288209607,13.20087336244542,0.19279038718290986
caregiver,1.5,assistant_axis,75.20524017467248,72.23580786026201,13.794759825327517,0.17712946079708192
caregiver,2.0,steered,79.34497816593887,72.646288209607,9.655021834061131,0.40961281708945263
caregiver,2.0,assistant_axis,63.646288209606986,72.23580786026201,25.353711790393014,-0.5123730138056791
caregiver,2.5,steered,72.8640350877193,72.646288209607,16.1359649122807,0.013314829128896822
caregiver,2.5,assistant_axis,21.99561403508772,72.23580786026201,67.00438596491227,-2.9968753284618175
cartographer,1.0,steered,47.68859649122807,47.68859649122807,41.31140350877193,0.0
cartographer,1.0,assistant_axis,44.33771929824562,44.33771929824562,44.66228070175438,0.0
cartographer,1.5,steered,51.81140350877193,47.68859649122807,37.18859649122807,0.09979828007219459
cartographer,1.5,assistant_axis,44.60087719298246,44.33771929824562,44.39912280701754,0.005892173229892967
cartographer,2.0,steered,59.27192982456141,47.68859649122807,29.72807017543859,0.2803906996496445
cartographer,2.0,assistant_axis,30.19736842105263,44.33771929824562,58.80263157894737,-0.31660610821958174
cartographer,2.5,steered,65.35087719298245,47.68859649122807,23.649122807017548,0.4275400785646034
cartographer,2.5,assistant_axis,10.37280701754386,44.33771929824562,78.62719298245614,-0.7604831582048512
caveman,1.0,steered,10.482456140350877,10.482456140350877,78.51754385964912,0.0
caveman,1.0,assistant_axis,11.56140350877193,11.56140350877193,77.43859649122807,0.0
caveman,1.5,steered,15.057017543859647,10.482456140350877,73.94298245614036,0.05826164674338061
caveman,1.5,assistant_axis,15.11842105263158,11.56140350877193,73.88157894736842,0.04593339374716812
caveman,2.0,steered,26.407894736842103,10.482456140350877,62.5921052631579,0.20282649983242093
caveman,2.0,assistant_axis,17.583333333333332,11.56140350877193,71.41666666666667,0.07776393294064339
caveman,2.5,steered,49.219298245614034,10.482456140350877,39.780701754385966,0.4933526980225673
caveman,2.5,assistant_axis,13.973684210526317,11.56140350877193,75.02631578947368,0.0311508835523335
celebrity,1.0,steered,45.17105263157895,45.17105263157895,43.82894736842105,0.0
celebrity,1.0,assistant_axis,41.60087719298246,41.60087719298246,47.39912280701754,0.0
celebrity,1.5,steered,52.35087719298246,45.17105263157895,36.64912280701754,0.16381467026918842
celebrity,1.5,assistant_axis,43.45175438596491,41.60087719298246,45.54824561403509,0.039048764689552984
celebrity,2.0,steered,62.49561403508772,45.17105263157895,26.50438596491228,0.3952766936855798
celebrity,2.0,assistant_axis,34.50877192982456,41.60087719298246,54.49122807017544,-0.14962524289812165
celebrity,2.5,steered,69.52838427947599,45.17105263157895,19.471615720524014,0.5557361768958795
celebrity,2.5,assistant_axis,21.46288209606987,41.60087719298246,67.53711790393012,-0.4248600797720062
chameleon,1.0,steered,50.60087719298246,50.60087719298246,38.39912280701754,0.0
chameleon,1.0,assistant_axis,45.8421052631579,45.8421052631579,43.1578947368421,0.0
chameleon,1.5,steered,56.75,50.60087719298246,32.25,0.16013706453455162
chameleon,1.5,assistant_axis,48.10087719298246,45.8421052631579,40.89912280701754,0.05233739837398375
chameleon,2.0,steered,69.17543859649123,50.60087719298246,19.824561403508767,0.48372358652198755
chameleon,2.0,assistant_axis,41.83771929824562,45.8421052631579,47.16228070175438,-0.09278455284552846
chameleon,2.5,steered,81.69736842105263,50.60087719298246,7.30263157894737,0.8098229583095373
chameleon,2.5,assistant_axis,21.864035087719294,45.8421052631579,67.13596491228071,-0.5555894308943091
chef,1.0,steered,32.467248908296945,32.467248908296945,56.532751091703055,0.0
chef,1.0,assistant_axis,33.069868995633186,33.069868995633186,55.930131004366814,0.0
chef,1.5,steered,35.88209606986899,32.467248908296945,53.11790393013101,0.06040475822647915
chef,1.5,assistant_axis,34.3231441048035,33.069868995633186,54.6768558951965,0.022407870081199335
chef,2.0,steered,40.84279475982533,32.467248908296945,48.15720524017467,0.1481538699212112
chef,2.0,assistant_axis,22.67248908296943,33.069868995633186,66.32751091703057,-0.1858994378513429
chef,2.5,steered,47.31441048034935,32.467248908296945,41.68558951965065,0.262629383593388
chef,2.5,assistant_axis,11.790393013100436,33.069868995633186,77.20960698689956,-0.38046533416614614
chemist,1.0,steered,54.3859649122807,54.3859649122807,34.6140350877193,0.0
chemist,1.0,assistant_axis,52.41666666666666,52.41666666666666,36.58333333333334,0.0
chemist,1.5,steered,56.583333333333336,54.3859649122807,32.416666666666664,0.06348200709579337
chemist,1.5,assistant_axis,53.219298245614034,52.41666666666666,35.780701754385966,0.02193981536985996
chemist,2.0,steered,58.35964912280702,54.3859649122807,30.64035087719298,0.11479979726305137
chemist,2.0,assistant_axis,32.07017543859649,52.41666666666666,56.92982456140351,-0.5561683251408699
chemist,2.5,steered,61.31877729257642,54.3859649122807,27.68122270742358,0.20028905508203554
chemist,2.5,assistant_axis,12.96943231441048,52.41666666666666,76.03056768558952,-1.0782843103122415
chimera,1.0,steered,46.3640350877193,46.3640350877193,42.6359649122807,0.0
chimera,1.0,assistant_axis,43.66666666666666,43.66666666666666,45.33333333333334,0.0
chimera,1.5,steered,52.33771929824562,46.3640350877193,36.66228070175438,0.14010904227960086
chimera,1.5,assistant_axis,46.95175438596491,43.66666666666666,42.04824561403509,0.07246517027863793
chimera,2.0,steered,68.13157894736842,46.3640350877193,20.868421052631575,0.5105441826972534
chimera,2.0,assistant_axis,40.10087719298246,43.66666666666666,48.89912280701754,-0.07865712074303377
chimera,2.5,steered,86.8640350877193,46.3640350877193,2.1359649122806985,0.9499022734286596
chimera,2.5,assistant_axis,19.460526315789476,43.66666666666666,69.53947368421052,-0.533958978328173
coach,1.0,steered,90.20175438596492,90.20175438596492,-1.201754385964918,-0.0
coach,1.0,assistant_axis,89.58333333333333,89.58333333333333,-0.5833333333333286,-0.0
coach,1.5,steered,89.03070175438596,90.20175438596492,-0.03070175438595868,0.9744525547445309
coach,1.5,assistant_axis,87.49122807017544,89.58333333333333,1.5087719298245617,3.5864661654135555
coach,2.0,steered,87.4780701754386,90.20175438596492,1.521929824561397,2.2664233576642223
coach,2.0,assistant_axis,59.95175438596491,89.58333333333333,29.04824561403509,50.79699248120341
coach,2.5,steered,78.96491228070175,90.20175438596492,10.035087719298247,9.35036496350361
coach,2.5,assistant_axis,28.837719298245613,89.58333333333333,60.16228070175438,104.13533834586549
collaborator,1.0,steered,89.10526315789474,89.10526315789474,-0.10526315789473983,-0.0
collaborator,1.0,assistant_axis,89.53508771929825,89.53508771929825,-0.5350877192982466,-0.0
collaborator,1.5,steered,90.23245614035088,89.10526315789474,-1.2324561403508767,-10.708333333332996
collaborator,1.5,assistant_axis,88.32456140350877,89.53508771929825,0.6754385964912331,2.26229508196722
collaborator,2.0,steered,90.1842105263158,89.10526315789474,-1.1842105263157947,-10.24999999999973
collaborator,2.0,assistant_axis,71.00438596491227,89.53508771929825,17.995614035087726,34.631147540983555
collaborator,2.5,steered,88.05263157894737,89.10526315789474,0.9473684210526301,9.99999999999973
collaborator,2.5,assistant_axis,24.32017543859649,89.53508771929825,64.6798245614035,121.87704918032765
collector,1.0,steered,50.20175438596491,50.20175438596491,38.79824561403509,0.0
collector,1.0,assistant_axis,44.81578947368421,44.81578947368421,44.18421052631579,0.0
collector,1.5,steered,53.583333333333336,50.20175438596491,35.416666666666664,0.08715803753108758
collector,1.5,assistant_axis,45.29824561403509,44.81578947368421,43.70175438596491,0.010919197935278926
collector,2.0,steered,58.69736842105263,50.20175438596491,30.30263157894737,0.21896902554827039
collector,2.0,assistant_axis,33.35964912280702,44.81578947368421,55.64035087719298,-0.25928131824498707
collector,2.5,steered,65.02631578947368,50.20175438596491,23.973684210526315,0.38209360162785444
collector,2.5,assistant_axis,13.837719298245617,44.81578947368421,75.16228070175438,-0.7011117728806829
comedian,1.0,steered,37.1578947368421,37.1578947368421,51.8421052631579,0.0
comedian,1.0,assistant_axis,36.39035087719298,36.39035087719298,52.60964912280702,0.0
comedian,1.5,steered,44.51315789473684,37.1578947368421,44.48684210526316,0.14187817258883254
comedian,1.5,assistant_axis,40.64473684210526,36.39035087719298,48.35526315789474,0.08086702792830346
comedian,2.0,steered,59.85087719298246,37.1578947368421,29.14912280701754,0.4377326565143825
comedian,2.0,assistant_axis,33.06140350877193,36.39035087719298,55.93859649122807,-0.06327636515214663
comedian,2.5,steered,74.91228070175438,37.1578947368421,14.087719298245617,0.7282571912013536
comedian,2.5,assistant_axis,8.201754385964913,36.39035087719298,80.79824561403508,-0.5358065860775323
competitor,1.0,steered,57.7280701754386,57.7280701754386,31.271929824561397,0.0
competitor,1.0,assistant_axis,54.469298245614034,54.469298245614034,34.530701754385966,0.0
competitor,1.5,steered,65.78508771929825,57.7280701754386,23.214912280701753,0.2576437587657783
competitor,1.5,assistant_axis,56.04824561403509,54.469298245614034,32.95175438596491,0.045725898640924745
competitor,2.0,steered,75.88157894736842,57.7280701754386,13.118421052631575,0.5805049088359047
competitor,2.0,assistant_axis,44.68421052631579,54.469298245614034,44.31578947368421,-0.28337355518861934
competitor,2.5,steered,81.0701754385965,57.7280701754386,7.929824561403507,0.7464235624123422
competitor,2.5,assistant_axis,19.767543859649123,54.469298245614034,69.23245614035088,-1.0049536390194334
composer,1.0,steered,41.8421052631579,41.8421052631579,47.1578947368421,0.0
composer,1.0,assistant_axis,40.828947368421055,40.828947368421055,48.171052631578945,0.0
composer,1.5,steered,45.20175438596491,41.8421052631579,43.79824561403509,0.07124255952380944
composer,1.5,assistant_axis,42.49122807017544,40.828947368421055,46.50877192982456,0.03450787580806696
composer,2.0,steered,52.19736842105263,41.8421052631579,36.80263157894737,0.2195870535714285
composer,2.0,assistant_axis,31.59210526315789,40.828947368421055,57.40789473684211,-0.1917508877355915
composer,2.5,steered,60.10526315789474,41.8421052631579,28.89473684210526,0.38727678571428575
composer,2.5,assistant_axis,11.855263157894736,40.828947368421055,77.14473684210526,-0.6014750068287354
conservator,1.0,steered,48.13157894736842,48.13157894736842,40.86842105263158,0.0
conservator,1.0,assistant_axis,50.96052631578947,50.96052631578947,38.03947368421053,0.0
conservator,1.5,steered,49.7280701754386,48.13157894736842,39.2719298245614,0.039064176861987786
conservator,1.5,assistant_axis,51.12719298245614,50.96052631578947,37.87280701754386,0.0043814135823820426
conservator,2.0,steered,48.81140350877193,48.13157894736842,40.18859649122807,0.01663447091650581
conservator,2.0,assistant_axis,37.14912280701754,50.96052631578947,51.85087719298246,-0.36308082555055926
conservator,2.5,steered,46.30263157894737,48.13157894736842,42.69736842105263,-0.044752092723760344
conservator,2.5,assistant_axis,16.79824561403509,50.96052631578947,72.2017543859649,-0.8980744840309004
consultant,1.0,steered,89.16666666666667,89.16666666666667,-0.1666666666666714,-0.0
consultant,1.0,assistant_axis,88.64912280701755,88.64912280701755,0.3508771929824519,0.0
consultant,1.5,steered,87.65789473684211,89.16666666666667,1.3421052631578902,9.052631578947112
consultant,1.5,assistant_axis,86.60964912280701,88.64912280701755,2.3903508771929864,-5.812500000000093
consultant,2.0,steered,84.85087719298245,89.16666666666667,4.149122807017548,25.89473684210458
consultant,2.0,assistant_axis,56.31140350877193,88.64912280701755,32.68859649122807,-92.16250000000112
consultant,2.5,steered,79.05701754385964,89.16666666666667,9.942982456140356,60.65789473684044
consultant,2.5,assistant_axis,16.732456140350877,88.64912280701755,72.26754385964912,-204.96250000000248
contrarian,1.0,steered,47.23684210526316,47.23684210526316,41.76315789473684,0.0
contrarian,1.0,assistant_axis,45.333333333333336,45.333333333333336,43.666666666666664,0.0
contrarian,1.5,steered,52.09649122807018,47.23684210526316,36.90350877192982,0.1163621088006722
contrarian,1.5,assistant_axis,46.60964912280702,45.333333333333336,42.39035087719298,0.02922860586580958
contrarian,2.0,steered,61.23245614035088,47.23684210526316,27.767543859649123,0.33511867254778405
contrarian,2.0,assistant_axis,37.80263157894737,45.333333333333336,51.19736842105263,-0.17245881880273206
contrarian,2.5,steered,69.8859649122807,47.23684210526316,19.1140350877193,0.5423230413778617
contrarian,2.5,assistant_axis,20.94298245614035,45.333333333333336,68.05701754385964,-0.5585576536761753
coordinator,1.0,steered,82.60526315789474,82.60526315789474,6.39473684210526,0.0
coordinator,1.0,assistant_axis,82.97368421052632,82.97368421052632,6.026315789473685,0.0
coordinator,1.5,steered,82.64473684210526,82.60526315789474,6.35526315789474,0.006172839506171907
coordinator,1.5,assistant_axis,83.40350877192982,82.97368421052632,5.596491228070178,0.07132459970887885
coordinator,2.0,steered,81.91266375545851,82.60526315789474,7.08733624454149,-0.1083077254838549
coordinator,2.0,assistant_axis,61.66812227074236,82.97368421052632,27.33187772925764,-3.5354207585667696
coordinator,2.5,steered,75.39301310043668,82.60526315789474,13.606986899563324,-1.1278415727712203
coordinator,2.5,assistant_axis,19.475982532751093,82.97368421052632,69.52401746724891,-10.5367365229496
coral_reef,1.0,steered,60.530701754385966,60.530701754385966,28.469298245614034,0.0
coral_reef,1.0,assistant_axis,59.71491228070175,59.71491228070175,29.285087719298247,0.0
coral_reef,1.5,steered,68.85526315789474,60.530701754385966,20.14473684210526,0.29240486827915585
coral_reef,1.5,assistant_axis,61.42105263157895,59.71491228070175,27.578947368421048,0.058259697468923365
coral_reef,2.0,steered,79.54385964912281,60.530701754385966,9.456140350877192,0.6678477892466492
coral_reef,2.0,assistant_axis,50.80263157894737,59.71491228070175,38.19736842105263,-0.3043282911487194
coral_reef,2.5,steered,91.00438596491227,60.530701754385966,-2.0043859649122737,1.0704051763980895
coral_reef,2.5,assistant_axis,19.210526315789476,59.71491228070175,69.78947368421052,-1.38310618541261
cosmopolitan,1.0,steered,79.32894736842105,79.32894736842105,9.671052631578945,0.0
cosmopolitan,1.0,assistant_axis,78.9780701754386,78.9780701754386,10.021929824561397,0.0
cosmopolitan,1.5,steered,82.08771929824562,79.32894736842105,6.9122807017543835,0.28526077097505675
cosmopolitan,1.5,assistant_axis,78.49561403508773,78.9780701754386,10.504385964912274,-0.04814004376367613
cosmopolitan,2.0,steered,82.46929824561404,79.32894736842105,6.530701754385959,0.3247165532879823
cosmopolitan,2.0,assistant_axis,61.24122807017544,78.9780701754386,27.75877192982456,-1.7698030634573323
cosmopolitan,2.5,steered,80.79824561403508,79.32894736842105,8.201754385964918,0.15192743764172256
cosmopolitan,2.5,assistant_axis,21.57894736842105,78.9780701754386,67.42105263157895,-5.727352297593002
counselor,1.0,steered,78.5,78.5,10.5,0.0
counselor,1.0,assistant_axis,82.70175438596492,82.70175438596492,6.298245614035082,0.0
counselor,1.5,steered,80.86842105263158,78.5,8.131578947368425,0.22556390977443574
counselor,1.5,assistant_axis,84.84210526315789,82.70175438596492,4.15789473684211,0.33983286908077864
counselor,2.0,steered,80.46052631578948,78.5,8.53947368421052,0.18671679197995045
counselor,2.0,assistant_axis,67.5657894736842,82.70175438596492,21.434210526315795,-2.4032033426183883
counselor,2.5,steered,80.60087719298245,78.5,8.399122807017548,0.20008354218880495
counselor,2.5,assistant_axis,26.359649122807017,82.70175438596492,62.640350877192986,-8.945682451253491
criminal,1.0,steered,26.70614035087719,26.70614035087719,62.29385964912281,0.0
criminal,1.0,assistant_axis,24.23684210526316,24.23684210526316,64.76315789473684,0.0
criminal,1.5,steered,33.95614035087719,26.70614035087719,55.04385964912281,0.11638386256424699
criminal,1.5,assistant_axis,27.36842105263158,24.23684210526316,61.631578947368425,0.04835432750914258
criminal,2.0,steered,54.95614035087719,26.70614035087719,34.04385964912281,0.4534957403365486
criminal,2.0,assistant_axis,20.70614035087719,24.23684210526316,68.29385964912281,-0.05451713395638637
criminal,2.5,steered,75.4780701754386,26.70614035087719,13.521929824561397,0.7829331831303247
criminal,2.5,assistant_axis,12.763157894736842,24.23684210526316,76.23684210526315,-0.17716375457131253
critic,1.0,steered,69.73799126637554,69.73799126637554,19.262008733624455,0.0
critic,1.0,assistant_axis,54.86026200873363,54.86026200873363,34.13973799126637,0.0
critic,1.5,steered,71.23580786026201,69.73799126637554,17.764192139737986,0.07776014509181624
critic,1.5,assistant_axis,53.62008733624455,54.86026200873363,35.37991266375545,-0.036326426195957835
critic,2.0,steered,73.3859649122807,69.73799126637554,15.614035087719301,0.18938697912316485
critic,2.0,assistant_axis,35.39473684210526,54.86026200873363,53.60526315789474,-0.570172072545139
critic,2.5,steered,74.88646288209607,69.73799126637554,14.113537117903931,0.2672863296304693
critic,2.5,assistant_axis,11.253275109170303,54.86026200873363,77.7467248908297,-1.277308774622666
crystalline,1.0,steered,69.9780701754386,69.9780701754386,19.021929824561397,0.0
crystalline,1.0,assistant_axis,64.16228070175438,64.16228070175438,24.837719298245617,0.0
crystalline,1.5,steered,75.80263157894737,69.9780701754386,13.19736842105263,0.3062024440857734
crystalline,1.5,assistant_axis,65.9780701754386,64.16228070175438,23.021929824561397,0.07310612749426135
crystalline,2.0,steered,83.40350877192982,69.9780701754386,5.596491228070178,0.7057874106525246
crystalline,2.0,assistant_axis,47.42105263157895,64.16228070175438,41.57894736842105,-0.6740243687091644
crystalline,2.5,steered,90.64473684210526,69.9780701754386,-1.6447368421052602,1.0864652985934977
crystalline,2.5,assistant_axis,13.399122807017545,64.16228070175438,75.60087719298245,-2.043793042556948
curator,1.0,steered,58.69736842105263,58.69736842105263,30.30263157894737,0.0
curator,1.0,assistant_axis,58.13157894736842,58.13157894736842,30.868421052631582,0.0
curator,1.5,steered,60.99122807017544,58.69736842105263,28.00877192982456,0.07569836445216388
curator,1.5,assistant_axis,57.71052631578947,58.13157894736842,31.289473684210527,-0.013640238704177248
curator,2.0,steered,62.43421052631579,58.69736842105263,26.565789473684212,0.12331741207121144
curator,2.0,assistant_axis,40.35087719298246,58.13157894736842,48.64912280701754,-0.5760159136118213
curator,2.5,steered,62.833333333333336,58.69736842105263,26.166666666666664,0.13648863800839497
curator,2.5,assistant_axis,14.671052631578949,58.13157894736842,74.32894736842105,-1.4079283887468026
cyborg,1.0,steered,50.67982456140351,50.67982456140351,38.32017543859649,0.0
cyborg,1.0,assistant_axis,44.97368421052632,44.97368421052632,44.02631578947368,0.0
cyborg,1.5,steered,57.75877192982456,50.67982456140351,31.24122807017544,0.18473160123612228
cyborg,1.5,assistant_axis,45.29824561403509,44.97368421052632,43.70175438596491,0.007371986451484247
cyborg,2.0,steered,72.8157894736842,50.67982456140351,16.184210526315795,0.5776582350921368
cyborg,2.0,assistant_axis,36.14035087719298,44.97368421052632,52.85964912280702,-0.2006375772066151
cyborg,2.5,steered,87.51315789473684,50.67982456140351,1.4868421052631646,0.9611994963946433
cyborg,2.5,assistant_axis,15.50438596491228,44.97368421052632,73.49561403508773,-0.6693564455070734
cynic,1.0,steered,38.21052631578947,38.21052631578947,50.78947368421053,0.0
cynic,1.0,assistant_axis,37.71052631578947,37.71052631578947,51.28947368421053,0.0
cynic,1.5,steered,42.65350877192982,38.21052631578947,46.34649122807018,0.08747841105354055
cynic,1.5,assistant_axis,40.39912280701754,37.71052631578947,48.60087719298246,0.05242004446724813
cynic,2.0,steered,52.45614035087719,38.21052631578947,36.54385964912281,0.2804835924006908
cynic,2.0,assistant_axis,35.46052631578947,37.71052631578947,53.53947368421053,-0.043868650590046174
cynic,2.5,steered,67.48684210526316,38.21052631578947,21.513157894736835,0.5764248704663214
cynic,2.5,assistant_axis,19.25438596491228,37.71052631578947,69.74561403508773,-0.35984265435265944
daredevil,1.0,steered,44.53508771929825,44.53508771929825,44.46491228070175,0.0
daredevil,1.0,assistant_axis,41.0,41.0,48.0,0.0
daredevil,1.5,steered,58.34649122807018,44.53508771929825,30.653508771929822,0.3106135332412705
daredevil,1.5,assistant_axis,43.94298245614035,41.0,45.05701754385965,0.06131213450292394
daredevil,2.0,steered,75.46929824561404,44.53508771929825,13.530701754385959,0.6956993489840206
daredevil,2.0,assistant_axis,41.77192982456141,41.0,47.22807017543859,0.016081871345029402
daredevil,2.5,steered,82.80701754385964,44.53508771929825,6.192982456140356,0.8607220359045176
daredevil,2.5,assistant_axis,21.95175438596491,41.0,67.0482456140351,-0.39683845029239767
debugger,1.0,steered,64.36842105263158,64.36842105263158,24.631578947368425,0.0
debugger,1.0,assistant_axis,59.578947368421055,59.578947368421055,29.421052631578945,0.0
debugger,1.5,steered,66.64473684210526,64.36842105263158,22.35526315789474,0.09241452991452993
debugger,1.5,assistant_axis,59.17982456140351,59.578947368421055,29.820175438596493,-0.013565891472868363
debugger,2.0,steered,71.69736842105263,64.36842105263158,17.30263157894737,0.2975427350427351
debugger,2.0,assistant_axis,42.425438596491226,59.578947368421055,46.574561403508774,-0.5830351818723913
debugger,2.5,steered,73.36842105263158,64.36842105263158,15.631578947368425,0.3653846153846153
debugger,2.5,assistant_axis,18.37719298245614,59.578947368421055,70.62280701754386,-1.4004174120453192
demon,1.0,steered,29.32894736842105,29.32894736842105,59.671052631578945,0.0
demon,1.0,assistant_axis,27.29385964912281,27.29385964912281,61.70614035087719,0.0
demon,1.5,steered,31.719298245614038,29.32894736842105,57.28070175438596,0.040058801911062175
demon,1.5,assistant_axis,30.81578947368421,27.29385964912281,58.184210526315795,0.057075840500390884
demon,2.0,steered,43.1140350877193,29.32894736842105,45.8859649122807,0.23101800808526285
demon,2.0,assistant_axis,28.76315789473684,27.29385964912281,60.236842105263165,0.023811216148979956
demon,2.5,steered,69.76754385964912,29.32894736842105,19.232456140350877,0.6776920249908122
demon,2.5,assistant_axis,11.635964912280702,27.29385964912281,77.3640350877193,-0.2537493780652499
designer,1.0,steered,64.21929824561404,64.21929824561404,24.78070175438596,0.0
designer,1.0,assistant_axis,62.57456140350877,62.57456140350877,26.425438596491233,0.0
designer,1.5,steered,66.80701754385964,64.21929824561404,22.192982456140356,0.1044247787610615
designer,1.5,assistant_axis,62.44298245614035,62.57456140350877,26.55701754385965,-0.004979253112033066
designer,2.0,steered,70.27631578947368,64.21929824561404,18.723684210526315,0.24442477876106178
designer,2.0,assistant_axis,42.61842105263158,62.57456140350877,46.38157894736842,-0.7551867219917008
designer,2.5,steered,74.68859649122807,64.21929824561404,14.311403508771932,0.42247787610619447
designer,2.5,assistant_axis,15.43859649122807,62.57456140350877,73.56140350877193,-1.7837344398340245
destroyer,1.0,steered,33.89473684210526,33.89473684210526,55.10526315789474,0.0
destroyer,1.0,assistant_axis,32.46491228070175,32.46491228070175,56.53508771929825,0.0
destroyer,1.5,steered,38.719298245614034,33.89473684210526,50.280701754385966,0.08755173511620506
destroyer,1.5,assistant_axis,34.04385964912281,32.46491228070175,54.95614035087719,0.027928626842513616
destroyer,2.0,steered,54.96052631578947,33.89473684210526,34.03947368421053,0.3822827125119389
destroyer,2.0,assistant_axis,27.837719298245613,32.46491228070175,61.16228070175438,-0.08184639255236617
destroyer,2.5,steered,70.71929824561404,33.89473684210526,18.28070175438596,0.6682585163960524
destroyer,2.5,assistant_axis,12.192982456140353,32.46491228070175,76.80701754385964,-0.35857253685027146
detective,1.0,steered,51.62719298245614,51.62719298245614,37.37280701754386,0.0
detective,1.0,assistant_axis,48.32017543859649,48.32017543859649,40.67982456140351,0.0
detective,1.5,steered,56.30263157894737,51.62719298245614,32.69736842105263,0.12510268747799566
detective,1.5,assistant_axis,48.530701754385966,48.32017543859649,40.469298245614034,0.0051752021563342045
detective,2.0,steered,64.37719298245614,51.62719298245614,24.622807017543863,0.3411571411806126
detective,2.0,assistant_axis,34.780701754385966,48.32017543859649,54.219298245614034,-0.33283018867924535
detective,2.5,steered,74.64912280701755,51.62719298245614,14.350877192982452,0.6160075108555335
detective,2.5,assistant_axis,16.00877192982456,48.32017543859649,72.99122807017544,-0.7942857142857144
devils_advocate,1.0,steered,54.2280701754386,54.2280701754386,34.7719298245614,0.0
devils_advocate,1.0,assistant_axis,49.41666666666666,49.41666666666666,39.58333333333334,0.0
devils_advocate,1.5,steered,60.54385964912281,54.2280701754386,28.45614035087719,0.18163471241170523
devils_advocate,1.5,assistant_axis,48.98245614035088,49.41666666666666,40.01754385964912,-0.010969529085872346
devils_advocate,2.0,steered,70.51315789473684,54.2280701754386,18.486842105263165,0.46834006054490385
devils_advocate,2.0,assistant_axis,36.05701754385965,49.41666666666666,52.94298245614035,-0.3375069252077559
devils_advocate,2.5,steered,80.74122807017544,54.2280701754386,8.258771929824562,0.7624873864783047
devils_advocate,2.5,assistant_axis,18.59649122807017,49.41666666666666,70.40350877192984,-0.7786149584487532
dilettante,1.0,steered,56.38157894736842,56.38157894736842,32.61842105263158,0.0
dilettante,1.0,assistant_axis,53.03947368421053,53.03947368421053,35.96052631578947,0.0
dilettante,1.5,steered,67.02631578947368,56.38157894736842,21.973684210526315,0.3263412666397742
dilettante,1.5,assistant_axis,56.1578947368421,53.03947368421053,32.8421052631579,0.0867178924259055
dilettante,2.0,steered,80.48245614035088,56.38157894736842,8.517543859649123,0.7388732015597688
dilettante,2.0,assistant_axis,45.36842105263158,53.03947368421053,43.63157894736842,-0.21331869740212214
dilettante,2.5,steered,86.3157894736842,56.38157894736842,2.6842105263157947,0.9177087535296489
dilettante,2.5,assistant_axis,23.399122807017545,53.03947368421053,65.60087719298245,-0.8242468593730943
dispatcher,1.0,steered,61.71052631578947,61.71052631578947,27.289473684210527,0.0
dispatcher,1.0,assistant_axis,62.6359649122807,62.6359649122807,26.3640350877193,0.0
dispatcher,1.5,steered,63.84649122807018,61.71052631578947,25.153508771929822,0.07827065252330455
dispatcher,1.5,assistant_axis,64.21929824561404,62.6359649122807,24.78070175438596,0.06005656296789255
dispatcher,2.0,steered,65.86842105263158,61.71052631578947,23.131578947368425,0.1523625843780134
dispatcher,2.0,assistant_axis,46.64035087719298,62.6359649122807,42.35964912280702,-0.6067210114789552
dispatcher,2.5,steered,63.01754385964912,61.71052631578947,25.982456140350877,0.04789456766313088
dispatcher,2.5,assistant_axis,17.390350877192983,62.6359649122807,71.60964912280701,-1.7161869905173843
divorcee,1.0,steered,46.5921052631579,46.5921052631579,42.4078947368421,0.0
divorcee,1.0,assistant_axis,47.33771929824562,47.33771929824562,41.66228070175438,0.0
divorcee,1.5,steered,51.66666666666666,46.5921052631579,37.33333333333334,0.11966077153790436
divorcee,1.5,assistant_axis,50.64473684210526,47.33771929824562,38.35526315789474,0.07937677650278964
divorcee,2.0,steered,62.6359649122807,46.5921052631579,26.3640350877193,0.3783224738856137
divorcee,2.0,assistant_axis,43.00877192982456,47.33771929824562,45.99122807017544,-0.10390567428150338
divorcee,2.5,steered,68.08333333333333,46.5921052631579,20.91666666666667,0.5067742269107456
divorcee,2.5,assistant_axis,22.785087719298247,47.33771929824562,66.21491228070175,-0.589325192125487
doctor,1.0,steered,59.71615720524017,59.71615720524017,29.283842794759828,0.0
doctor,1.0,assistant_axis,63.7117903930131,63.7117903930131,25.288209606986896,0.0
doctor,1.5,steered,60.61572052401747,59.71615720524017,28.38427947598253,0.030718759320012067
doctor,1.5,assistant_axis,65.2707423580786,63.7117903930131,23.729257641921393,0.06164738387152484
doctor,2.0,steered,60.24561403508772,59.71615720524017,28.75438596491228,0.018080169107528812
doctor,2.0,assistant_axis,43.6359649122807,63.7117903930131,45.3640350877193,-0.7938808556532069
doctor,2.5,steered,59.38427947598253,59.71615720524017,29.61572052401747,-0.011333134506412148
doctor,2.5,assistant_axis,20.283842794759824,63.7117903930131,68.71615720524018,-1.7173199792781908
dreamer,1.0,steered,52.85964912280702,52.85964912280702,36.14035087719298,0.0
dreamer,1.0,assistant_axis,52.63157894736842,52.63157894736842,36.36842105263158,0.0
dreamer,1.5,steered,61.80701754385965,52.85964912280702,27.19298245614035,0.24757281553398056
dreamer,1.5,assistant_axis,58.60964912280702,52.63157894736842,30.39035087719298,0.16437530149541743
dreamer,2.0,steered,77.3859649122807,52.85964912280702,11.614035087719301,0.678640776699029
dreamer,2.0,assistant_axis,55.1578947368421,52.63157894736842,33.8421052631579,0.06946454413892911
dreamer,2.5,steered,88.94736842105263,52.85964912280702,0.05263157894736992,0.9985436893203883
dreamer,2.5,assistant_axis,14.802631578947368,52.63157894736842,74.19736842105263,-1.0401591895803182
echo,1.0,steered,67.4780701754386,67.4780701754386,21.521929824561397,0.0
echo,1.0,assistant_axis,66.14912280701755,66.14912280701755,22.850877192982452,0.0
echo,1.5,steered,71.85526315789474,67.4780701754386,17.14473684210526,0.20338292235581812
echo,1.5,assistant_axis,67.75877192982456,66.14912280701755,21.24122807017544,0.07044145873320522
echo,2.0,steered,82.53508771929825,67.4780701754386,6.464912280701753,0.6996127980436111
echo,2.0,assistant_axis,61.60964912280702,66.14912280701755,27.39035087719298,-0.1986564299424185
echo,2.5,steered,89.79385964912281,67.4780701754386,-0.7938596491228083,1.0368860811086205
echo,2.5,assistant_axis,13.86842105263158,66.14912280701755,75.13157894736842,-2.2879078694817663
economist,1.0,steered,58.96491228070175,58.96491228070175,30.035087719298247,0.0
economist,1.0,assistant_axis,59.43859649122807,59.43859649122807,29.56140350877193,0.0
economist,1.5,steered,59.76315789473684,58.96491228070175,29.236842105263158,0.026577102803738362
economist,1.5,assistant_axis,59.72368421052632,59.43859649122807,29.276315789473678,0.009643916913946862
economist,2.0,steered,58.46491228070175,58.96491228070175,30.535087719298247,-0.01664719626168224
economist,2.0,assistant_axis,38.04824561403509,59.43859649122807,50.95175438596491,-0.7235905044510385
economist,2.5,steered,57.92982456140351,58.96491228070175,31.070175438596493,-0.03446261682242994
economist,2.5,assistant_axis,11.885964912280702,59.43859649122807,77.1140350877193,-1.6086053412462908
ecosystem,1.0,steered,50.32456140350877,50.32456140350877,38.67543859649123,0.0
ecosystem,1.0,assistant_axis,49.73684210526316,49.73684210526316,39.26315789473684,0.0
ecosystem,1.5,steered,53.75438596491228,50.32456140350877,35.24561403508772,0.08868224087094591
ecosystem,1.5,assistant_axis,51.4078947368421,49.73684210526316,37.5921052631579,0.04256032171581764
ecosystem,2.0,steered,60.33771929824562,50.32456140350877,28.662280701754383,0.258902245407122
ecosystem,2.0,assistant_axis,41.8640350877193,49.73684210526316,47.1359649122807,-0.20051385165326174
ecosystem,2.5,steered,73.77631578947368,50.32456140350877,15.223684210526315,0.6063733272850987
ecosystem,2.5,assistant_axis,16.228070175438596,49.73684210526316,72.7719298245614,-0.8534405719392315
editor,1.0,steered,67.1359649122807,67.1359649122807,21.8640350877193,0.0
editor,1.0,assistant_axis,63.46491228070175,63.46491228070175,25.535087719298247,0.0
editor,1.5,steered,68.39035087719299,67.1359649122807,20.609649122807014,0.057372116349047465
editor,1.5,assistant_axis,63.14912280701754,63.46491228070175,25.85087719298246,-0.012366884232222677
editor,2.0,steered,67.97368421052632,67.1359649122807,21.026315789473685,0.038314944834503616
editor,2.0,assistant_axis,37.89473684210526,63.46491228070175,51.10526315789474,-1.0013740982480248
editor,2.5,steered,67.00877192982456,67.1359649122807,21.99122807017544,-0.005817452357071053
editor,2.5,assistant_axis,11.842105263157896,63.46491228070175,77.15789473684211,-2.0216420474063894
egregore,1.0,steered,32.07017543859649,32.07017543859649,56.92982456140351,0.0
egregore,1.0,assistant_axis,30.19736842105263,30.19736842105263,58.80263157894737,0.0
egregore,1.5,steered,38.026315789473685,32.07017543859649,50.973684210526315,0.10462249614791985
egregore,1.5,assistant_axis,32.23684210526316,30.19736842105263,56.76315789473684,0.03468337435667936
egregore,2.0,steered,54.276315789473685,32.07017543859649,34.723684210526315,0.39006163328197224
egregore,2.0,assistant_axis,28.74122807017544,30.19736842105263,60.25877192982456,-0.024763183411650607
egregore,2.5,steered,79.85087719298245,32.07017543859649,9.149122807017548,0.8392912172573189
egregore,2.5,assistant_axis,12.324561403508772,30.19736842105263,76.67543859649123,-0.30394570000745874
elder,1.0,steered,56.3421052631579,56.3421052631579,32.6578947368421,0.0
elder,1.0,assistant_axis,59.1140350877193,59.1140350877193,29.8859649122807,0.0
elder,1.5,steered,60.33771929824562,56.3421052631579,28.662280701754383,0.12234756916465217
elder,1.5,assistant_axis,62.01754385964912,59.1140350877193,26.982456140350877,0.09715292045788075
elder,2.0,steered,66.12280701754386,56.3421052631579,22.877192982456137,0.2994896588772496
elder,2.0,assistant_axis,55.69736842105263,59.1140350877193,33.30263157894737,-0.1143234517170533
elder,2.5,steered,73.37719298245614,56.3421052631579,15.622807017543863,0.5216223475691645
elder,2.5,assistant_axis,18.385964912280706,59.1140350877193,70.61403508771929,-1.3627825066040506
eldritch,1.0,steered,25.73684210526316,25.73684210526316,63.263157894736835,0.0
eldritch,1.0,assistant_axis,24.912280701754387,24.912280701754387,64.08771929824562,0.0
eldritch,1.5,steered,31.907894736842103,25.73684210526316,57.0921052631579,0.09754575707154733
eldritch,1.5,assistant_axis,28.767543859649123,24.912280701754387,60.23245614035088,0.06015603613468381
eldritch,2.0,steered,51.60964912280702,25.73684210526316,37.39035087719298,0.4089711591791459
eldritch,2.0,assistant_axis,25.859649122807017,24.912280701754387,63.140350877192986,0.01478237065425675
eldritch,2.5,steered,81.14473684210526,25.73684210526316,7.85526315789474,0.8758319467554075
eldritch,2.5,assistant_axis,10.692982456140353,24.912280701754387,78.30701754385964,-0.22187243361620584
emissary,1.0,steered,74.21052631578948,74.21052631578948,14.78947368421052,0.0
emissary,1.0,assistant_axis,75.19298245614036,75.19298245614036,13.807017543859644,0.0
emissary,1.5,steered,75.28070175438596,74.21052631578948,13.719298245614041,0.07236061684460181
emissary,1.5,assistant_axis,76.68859649122807,75.19298245614036,12.311403508771932,0.10832274459974539
emissary,2.0,steered,78.54824561403508,74.21052631578948,10.451754385964918,0.29329774614472054
emissary,2.0,assistant_axis,59.93421052631579,75.19298245614036,29.065789473684212,-1.105146124523508
emissary,2.5,steered,79.37280701754386,74.21052631578948,9.627192982456137,0.3490510083036773
emissary,2.5,assistant_axis,24.09210526315789,75.19298245614036,64.90789473684211,-3.7010800508259236
empath,1.0,steered,66.51965065502183,66.51965065502183,22.480349344978166,0.0
empath,1.0,assistant_axis,66.29257641921397,66.29257641921397,22.707423580786028,0.0
empath,1.5,steered,70.4934497816594,66.51965065502183,18.506550218340607,0.17676767676767696
empath,1.5,assistant_axis,72.02620087336244,66.29257641921397,16.97379912663756,0.2524999999999999
empath,2.0,steered,76.75109170305677,66.51965065502183,12.248908296943227,0.4551282051282053
empath,2.0,assistant_axis,68.15720524017468,66.29257641921397,20.842794759825324,0.08211538461538483
empath,2.5,steered,79.89082969432314,66.51965065502183,9.109170305676855,0.5947940947940948
empath,2.5,assistant_axis,21.572052401746724,66.29257641921397,67.42794759825327,-1.9694230769230767
engineer,1.0,steered,76.46052631578948,76.46052631578948,12.53947368421052,0.0
engineer,1.0,assistant_axis,74.82894736842105,74.82894736842105,14.171052631578945,0.0
engineer,1.5,steered,78.49122807017544,76.46052631578948,10.508771929824562,0.1619447359216505
engineer,1.5,assistant_axis,74.11842105263158,74.82894736842105,14.881578947368425,-0.05013927576601714
engineer,2.0,steered,81.1842105263158,76.46052631578948,7.815789473684205,0.37670514165792246
engineer,2.0,assistant_axis,49.78947368421053,74.82894736842105,39.21052631578947,-1.7669452181987004
engineer,2.5,steered,81.80263157894737,76.46052631578948,7.19736842105263,0.4260230849947533
engineer,2.5,assistant_axis,19.34210526315789,74.82894736842105,69.65789473684211,-3.915506035283195
entrepreneur,1.0,steered,75.87719298245614,75.87719298245614,13.122807017543863,0.0
entrepreneur,1.0,assistant_axis,70.94736842105263,70.94736842105263,18.05263157894737,0.0
entrepreneur,1.5,steered,79.89473684210526,75.87719298245614,9.10526315789474,0.3061497326203208
entrepreneur,1.5,assistant_axis,72.75877192982456,70.94736842105263,16.24122807017544,0.10034013605442185
entrepreneur,2.0,steered,82.96929824561404,75.87719298245614,6.030701754385959,0.5404411764705889
entrepreneur,2.0,assistant_axis,50.08771929824562,70.94736842105263,38.91228070175438,-1.1554907677356654
entrepreneur,2.5,steered,83.4298245614035,75.87719298245614,5.570175438596493,0.5755347593582887
entrepreneur,2.5,assistant_axis,26.210526315789476,70.94736842105263,62.78947368421052,-2.4781341107871713
evaluator,1.0,steered,88.65350877192982,88.65350877192982,0.3464912280701782,0.0
evaluator,1.0,assistant_axis,88.38157894736842,88.38157894736842,0.6184210526315752,0.0
evaluator,1.5,steered,86.64912280701755,88.65350877192982,2.350877192982452,-5.7848101265822125
evaluator,1.5,assistant_axis,86.35526315789474,88.38157894736842,2.64473684210526,-3.276595744680872
evaluator,2.0,steered,85.08771929824562,88.65350877192982,3.9122807017543835,-10.291139240506233
evaluator,2.0,assistant_axis,53.530701754385966,88.38157894736842,35.469298245614034,-56.35460992907836
evaluator,2.5,steered,79.74561403508773,88.65350877192982,9.254385964912274,-25.70886075949344
evaluator,2.5,assistant_axis,18.92543859649123,88.38157894736842,70.07456140350877,-112.31205673758933
evangelist,1.0,steered,67.25877192982456,67.25877192982456,21.74122807017544,0.0
evangelist,1.0,assistant_axis,63.70175438596491,63.70175438596491,25.29824561403509,0.0
evangelist,1.5,steered,70.5219298245614,67.25877192982456,18.478070175438603,0.1500907807141413
evangelist,1.5,assistant_axis,66.73684210526316,63.70175438596491,22.263157894736835,0.11997226074896009
evangelist,2.0,steered,74.33333333333333,67.25877192982456,14.666666666666671,0.3253984264676213
evangelist,2.0,assistant_axis,53.85087719298246,63.70175438596491,35.14912280701754,-0.38938973647711494
evangelist,2.5,steered,78.54824561403508,67.25877192982456,10.451754385964918,0.5192656848900542
evangelist,2.5,assistant_axis,13.701754385964913,63.70175438596491,75.29824561403508,-1.9764216366158112
examiner,1.0,steered,83.49561403508773,83.49561403508773,5.504385964912274,0.0
examiner,1.0,assistant_axis,84.08333333333333,84.08333333333333,4.916666666666671,0.0
examiner,1.5,steered,82.21052631578948,83.49561403508773,6.78947368421052,-0.2334661354581678
examiner,1.5,assistant_axis,82.06140350877193,84.08333333333333,6.938596491228068,-0.41123996431757187
examiner,2.0,steered,79.03070175438596,83.49561403508773,9.969298245614041,-0.8111553784860592
examiner,2.0,assistant_axis,50.15350877192982,84.08333333333333,38.84649122807018,-6.90098126672613
examiner,2.5,steered,73.63157894736842,83.49561403508773,15.368421052631575,-1.792031872509963
examiner,2.5,assistant_axis,18.20175438596491,84.08333333333333,70.7982456140351,-13.399643175735935
exile,1.0,steered,37.08771929824562,37.08771929824562,51.91228070175438,0.0
exile,1.0,assistant_axis,37.28508771929825,37.28508771929825,51.71491228070175,0.0
exile,1.5,steered,39.8859649122807,37.08771929824562,49.1140350877193,0.05390334572490695
exile,1.5,assistant_axis,39.30701754385965,37.28508771929825,49.69298245614035,0.039097616826393025
exile,2.0,steered,50.31140350877193,37.08771929824562,38.68859649122807,0.2547313281514025
exile,2.0,assistant_axis,34.30701754385965,37.28508771929825,54.69298245614035,-0.05758629463149859
exile,2.5,steered,61.530701754385966,37.08771929824562,27.469298245614034,0.4708516390672524
exile,2.5,assistant_axis,17.55263157894737,37.28508771929825,71.44736842105263,-0.3815622084640828
expatriate,1.0,steered,60.5,60.5,28.5,0.0
expatriate,1.0,assistant_axis,55.68421052631579,55.68421052631579,33.31578947368421,0.0
expatriate,1.5,steered,67.87719298245614,60.5,21.122807017543863,0.2588488765774083
expatriate,1.5,assistant_axis,57.28947368421053,55.68421052631579,31.710526315789473,0.04818325434439187
expatriate,2.0,steered,75.23684210526316,60.5,13.763157894736835,0.5170821791320409
expatriate,2.0,assistant_axis,43.43421052631579,55.68421052631579,45.56578947368421,-0.367693522906793
expatriate,2.5,steered,79.0219298245614,60.5,9.978070175438603,0.649892274546014
expatriate,2.5,assistant_axis,20.98684210526316,55.68421052631579,68.01315789473684,-1.041469194312796
facilitator,1.0,steered,87.59649122807018,87.59649122807018,1.4035087719298218,0.0
facilitator,1.0,assistant_axis,87.46929824561404,87.46929824561404,1.5307017543859587,0.0
facilitator,1.5,steered,87.00877192982456,87.59649122807018,1.9912280701754383,-0.4187500000000026
facilitator,1.5,assistant_axis,87.38157894736842,87.46929824561404,1.6184210526315752,-0.05730659025788152
facilitator,2.0,steered,83.80263157894737,87.59649122807018,5.19736842105263,-2.703125000000006
facilitator,2.0,assistant_axis,66.03070175438596,87.46929824561404,22.96929824561404,-14.005730659025852
facilitator,2.5,steered,77.87280701754386,87.59649122807018,11.127192982456137,-6.928125000000013
facilitator,2.5,assistant_axis,22.4780701754386,87.46929824561404,66.5219298245614,-42.45845272206321
familiar,1.0,steered,66.80701754385964,66.80701754385964,22.192982456140356,0.0
familiar,1.0,assistant_axis,59.6578947368421,59.6578947368421,29.342105263157897,0.0
familiar,1.5,steered,73.30263157894737,66.80701754385964,15.69736842105263,0.2926877470355734
familiar,1.5,assistant_axis,62.85087719298246,59.6578947368421,26.14912280701754,0.10881913303437984
familiar,2.0,steered,83.0219298245614,66.80701754385964,5.978070175438603,0.7306324110671935
familiar,2.0,assistant_axis,50.63157894736842,59.6578947368421,38.36842105263158,-0.3076233183856502
familiar,2.5,steered,88.50877192982456,66.80701754385964,0.49122807017543835,0.9778656126482214
familiar,2.5,assistant_axis,14.078947368421051,59.6578947368421,74.92105263157895,-1.5533632286995516
fixer,1.0,steered,56.64473684210526,56.64473684210526,32.35526315789474,0.0
fixer,1.0,assistant_axis,49.7280701754386,49.7280701754386,39.2719298245614,0.0
fixer,1.5,steered,70.34649122807018,56.64473684210526,18.653508771929822,0.4234783787447473
fixer,1.5,assistant_axis,50.780701754385966,49.7280701754386,38.219298245614034,0.02680366316729939
fixer,2.0,steered,82.24122807017544,56.64473684210526,6.758771929824562,0.7911074962721973
fixer,2.0,assistant_axis,40.1359649122807,49.7280701754386,48.8640350877193,-0.24424838061201726
fixer,2.5,steered,86.2280701754386,56.64473684210526,2.771929824561397,0.9143283177443408
fixer,2.5,assistant_axis,22.69736842105263,49.7280701754386,66.30263157894737,-0.6882957337502795
flaneur,1.0,steered,51.16228070175438,51.16228070175438,37.83771929824562,0.0
flaneur,1.0,assistant_axis,47.63157894736842,47.63157894736842,41.36842105263158,0.0
flaneur,1.5,steered,59.30263157894737,51.16228070175438,29.69736842105263,0.21513851860438168
flaneur,1.5,assistant_axis,51.15350877192982,47.63157894736842,37.84649122807018,0.08513570822731129
flaneur,2.0,steered,71.39473684210526,51.16228070175438,17.60526315789474,0.5347165874579807
flaneur,2.0,assistant_axis,49.35964912280702,47.63157894736842,39.64035087719298,0.041772688719253756
flaneur,2.5,steered,81.75877192982456,51.16228070175438,7.241228070175438,0.8086240871681929
flaneur,2.5,assistant_axis,17.36842105263158,47.63157894736842,71.63157894736842,-0.7315521628498727
fool,1.0,steered,41.64035087719298,41.64035087719298,47.35964912280702,0.0
fool,1.0,assistant_axis,40.75877192982456,40.75877192982456,48.24122807017544,0.0
fool,1.5,steered,52.425438596491226,41.64035087719298,36.574561403508774,0.22772735691794777
fool,1.5,assistant_axis,50.8421052631579,40.75877192982456,38.1578947368421,0.20901900172742982
fool,2.0,steered,73.84649122807018,41.64035087719298,15.153508771929822,0.6800333395073163
fool,2.0,assistant_axis,61.49122807017544,40.75877192982456,27.50877192982456,0.42976634239476313
fool,2.5,steered,87.03508771929825,41.64035087719298,1.9649122807017534,0.9585108353398778
fool,2.5,assistant_axis,51.35526315789474,40.75877192982456,37.64473684210526,0.21965633239385404
forecaster,1.0,steered,75.58333333333333,75.58333333333333,13.416666666666671,0.0
forecaster,1.0,assistant_axis,72.14473684210526,72.14473684210526,16.85526315789474,0.0
forecaster,1.5,steered,75.9298245614035,75.58333333333333,13.070175438596493,0.025825433148087804
forecaster,1.5,assistant_axis,71.09210526315789,72.14473684210526,17.90789473684211,-0.062451209992193675
forecaster,2.0,steered,76.89035087719299,75.58333333333333,12.109649122807014,0.09741745668519186
forecaster,2.0,assistant_axis,48.84649122807018,72.14473684210526,40.15350877192982,-1.3822534478272177
forecaster,2.5,steered,77.76754385964912,75.58333333333333,11.232456140350877,0.16279830009807159
forecaster,2.5,assistant_axis,14.692982456140353,72.14473684210526,74.30701754385964,-3.408534998698932
futurist,1.0,steered,73.65350877192982,73.65350877192982,15.346491228070178,0.0
futurist,1.0,assistant_axis,73.08771929824562,73.08771929824562,15.912280701754383,0.0
futurist,1.5,steered,75.3640350877193,73.65350877192982,13.635964912280699,0.11146041726207524
futurist,1.5,assistant_axis,74.35526315789474,73.08771929824562,14.64473684210526,0.07965821389195153
futurist,2.0,steered,77.46491228070175,73.65350877192982,11.535087719298247,0.2483566733352387
futurist,2.0,assistant_axis,56.20175438596491,73.08771929824562,32.79824561403509,-1.061190738699008
futurist,2.5,steered,79.06140350877193,73.65350877192982,9.938596491228068,0.3523863961131754
futurist,2.5,assistant_axis,16.31578947368421,73.08771929824562,72.6842105263158,-3.567805953693496
gamer,1.0,steered,33.780701754385966,33.780701754385966,55.219298245614034,0.0
gamer,1.0,assistant_axis,32.67982456140351,32.67982456140351,56.32017543859649,0.0
gamer,1.5,steered,34.324561403508774,33.780701754385966,54.675438596491226,0.009849086576648156
gamer,1.5,assistant_axis,33.71491228070175,32.67982456140351,55.28508771929825,0.01837863094774552
gamer,2.0,steered,39.28508771929825,33.780701754385966,49.71491228070175,0.09968228752978554
gamer,2.0,assistant_axis,22.153508771929825,32.67982456140351,66.84649122807018,-0.1869013316719881
gamer,2.5,steered,45.87719298245614,33.780701754385966,43.12280701754386,0.21906274821286728
gamer,2.5,assistant_axis,11.228070175438596,32.67982456140351,77.7719298245614,-0.3808893388365392
generalist,1.0,steered,92.84210526315788,92.84210526315788,-3.842105263157876,-0.0
generalist,1.0,assistant_axis,90.69298245614036,90.69298245614036,-1.6929824561403564,-0.0
generalist,1.5,steered,92.93859649122808,92.84210526315788,-3.9385964912280826,-0.025114155251149788
generalist,1.5,assistant_axis,89.03947368421052,90.69298245614036,-0.03947368421052033,0.9766839378238378
generalist,2.0,steered,93.01754385964912,92.84210526315788,-4.017543859649123,-0.04566210045662622
generalist,2.0,assistant_axis,61.73684210526316,90.69298245614036,27.263157894736842,17.10362694300513
generalist,2.5,steered,92.03508771929825,92.84210526315788,-3.0350877192982466,0.21004566210045253
generalist,2.5,assistant_axis,20.17982456140351,90.69298245614036,68.8201754385965,41.65025906735738
genie,1.0,steered,42.64473684210526,42.64473684210526,46.35526315789474,0.0
genie,1.0,assistant_axis,41.925438596491226,41.925438596491226,47.074561403508774,0.0
genie,1.5,steered,45.425438596491226,42.64473684210526,43.574561403508774,0.059986753713691
genie,1.5,assistant_axis,46.37280701754386,41.925438596491226,42.62719298245614,0.09447498369514593
genie,2.0,steered,51.55263157894737,42.64473684210526,37.44736842105263,0.19216576781152436
genie,2.0,assistant_axis,42.526315789473685,41.925438596491226,46.473684210526315,0.012764371564334357
genie,2.5,steered,62.78947368421053,42.64473684210526,26.210526315789473,0.43457280726653424
genie,2.5,assistant_axis,16.62280701754386,41.925438596491226,72.37719298245614,-0.5375011646324419
geographer,1.0,steered,54.526315789473685,54.526315789473685,34.473684210526315,0.0
geographer,1.0,assistant_axis,53.01754385964912,53.01754385964912,35.98245614035088,0.0
geographer,1.5,steered,55.43859649122807,54.526315789473685,33.56140350877193,0.026463104325699673
geographer,1.5,assistant_axis,51.49561403508772,53.01754385964912,37.50438596491228,-0.0422964407606046
geographer,2.0,steered,58.14473684210526,54.526315789473685,30.85526315789474,0.1049618320610686
geographer,2.0,assistant_axis,35.666666666666664,53.01754385964912,53.333333333333336,-0.4822038030229157
geographer,2.5,steered,62.29824561403509,54.526315789473685,26.70175438596491,0.22544529262086516
geographer,2.5,assistant_axis,11.798245614035087,53.01754385964912,77.20175438596492,-1.1455387615797172
ghost,1.0,steered,31.81578947368421,31.81578947368421,57.184210526315795,0.0
ghost,1.0,assistant_axis,33.01315789473684,33.01315789473684,55.98684210526316,0.0
ghost,1.5,steered,37.8640350877193,31.81578947368421,51.1359649122807,0.10576775579076553
ghost,1.5,assistant_axis,36.61842105263158,33.01315789473684,52.38157894736842,0.06439482961222097
ghost,2.0,steered,51.12719298245614,31.81578947368421,37.87280701754386,0.33770516950452517
ghost,2.0,assistant_axis,33.49122807017544,33.01315789473684,55.50877192982456,0.00853897375636505
ghost,2.5,steered,75.6842105263158,31.81578947368421,13.315789473684205,0.7671421997238842
ghost,2.5,assistant_axis,14.166666666666666,33.01315789473684,74.83333333333333,-0.336623580101841
golem,1.0,steered,35.08771929824562,35.08771929824562,53.91228070175438,0.0
golem,1.0,assistant_axis,35.79824561403509,35.79824561403509,53.20175438596491,0.0
golem,1.5,steered,37.36842105263158,35.08771929824562,51.63157894736842,0.04230393752033845
golem,1.5,assistant_axis,36.52192982456141,35.79824561403509,52.47807017543859,0.013602638087386765
golem,2.0,steered,43.69298245614035,35.08771929824562,45.30701754385965,0.15961601041327686
golem,2.0,assistant_axis,30.109649122807017,35.79824561403509,58.890350877192986,-0.10692497938994233
golem,2.5,steered,58.00877192982456,35.08771929824562,30.99122807017544,0.4251545720794012
golem,2.5,assistant_axis,12.302631578947368,35.79824561403509,76.69736842105263,-0.4416323165704864
gossip,1.0,steered,39.219298245614034,39.219298245614034,49.780701754385966,0.0
gossip,1.0,assistant_axis,38.99122807017544,38.99122807017544,50.00877192982456,0.0
gossip,1.5,steered,43.64035087719298,39.219298245614034,45.35964912280702,0.08881057268722463
gossip,1.5,assistant_axis,41.719298245614034,38.99122807017544,47.280701754385966,0.05455183301175231
gossip,2.0,steered,57.21052631578947,39.219298245614034,31.789473684210527,0.36140969162995595
gossip,2.0,assistant_axis,36.73245614035088,38.99122807017544,52.26754385964912,-0.04516751447114542
gossip,2.5,steered,70.61842105263158,39.219298245614034,18.381578947368425,0.630748898678414
gossip,2.5,assistant_axis,20.37280701754386,38.99122807017544,68.62719298245614,-0.37230310471847045
grader,1.0,steered,87.76315789473684,87.76315789473684,1.2368421052631646,0.0
grader,1.0,assistant_axis,88.5701754385965,88.5701754385965,0.4298245614035068,0.0
grader,1.5,steered,87.29824561403508,87.76315789473684,1.701754385964918,-0.3758865248226922
grader,1.5,assistant_axis,86.11842105263158,88.5701754385965,2.881578947368425,-5.704081632653101
grader,2.0,steered,83.42543859649123,87.76315789473684,5.574561403508767,-3.5070921985815318
grader,2.0,assistant_axis,56.13157894736842,88.5701754385965,32.86842105263158,-75.4693877551024
grader,2.5,steered,79.09649122807018,87.76315789473684,9.903508771929822,-7.007092198581515
grader,2.5,assistant_axis,20.021929824561404,88.5701754385965,68.9780701754386,-159.47959183673547
graduate,1.0,steered,77.99561403508773,77.99561403508773,11.004385964912274,0.0
graduate,1.0,assistant_axis,73.3201754385965,73.3201754385965,15.679824561403507,0.0
graduate,1.5,steered,82.36842105263158,77.99561403508773,6.631578947368425,0.3973694699083293
graduate,1.5,assistant_axis,74.44298245614036,73.3201754385965,14.557017543859644,0.07160839160839184
graduate,2.0,steered,86.14035087719299,77.99561403508773,2.8596491228070136,0.7401355121562377
graduate,2.0,assistant_axis,56.70175438596491,73.3201754385965,32.29824561403509,-1.0598601398601402
graduate,2.5,steered,86.4298245614035,77.99561403508773,2.5701754385964932,0.7664408130729371
graduate,2.5,assistant_axis,20.13157894736842,73.3201754385965,68.86842105263158,-3.3921678321678326
grandparent,1.0,steered,53.71052631578947,53.71052631578947,35.28947368421053,0.0
grandparent,1.0,assistant_axis,56.35087719298246,56.35087719298246,32.64912280701754,0.0
grandparent,1.5,steered,58.91228070175438,53.71052631578947,30.087719298245617,0.14740243599303998
grandparent,1.5,assistant_axis,62.47368421052632,56.35087719298246,26.526315789473678,0.18753358409457294
grandparent,2.0,steered,67.60964912280701,53.71052631578947,21.390350877192986,0.3938603032562763
grandparent,2.0,assistant_axis,52.8421052631579,56.35087719298246,36.1578947368421,-0.10746910263299303
grandparent,2.5,steered,74.84210526315789,53.71052631578947,14.15789473684211,0.5988068605518269
grandparent,2.5,assistant_axis,24.135964912280706,56.35087719298246,64.86403508771929,-0.9867006985491672
guardian,1.0,steered,73.1798245614035,73.1798245614035,15.820175438596493,0.0
guardian,1.0,assistant_axis,68.04385964912281,68.04385964912281,20.95614035087719,0.0
guardian,1.5,steered,74.5657894736842,73.1798245614035,14.434210526315795,0.0876074299972274
guardian,1.5,assistant_axis,68.82456140350877,68.04385964912281,20.175438596491233,0.03725408120552503
guardian,2.0,steered,78.98684210526316,73.1798245614035,10.013157894736835,0.36706404214028326
guardian,2.0,assistant_axis,50.4780701754386,68.04385964912281,38.5219298245614,-0.8382168271243196
guardian,2.5,steered,81.41666666666667,73.1798245614035,7.583333333333329,0.5206542833379544
guardian,2.5,assistant_axis,16.79824561403509,68.04385964912281,72.2017543859649,-2.445374633737966
guide,1.0,steered,93.19736842105264,93.19736842105264,-4.197368421052644,-0.0
guide,1.0,assistant_axis,92.2280701754386,92.2280701754386,-3.228070175438603,-0.0
guide,1.5,steered,93.65350877192982,93.19736842105264,-4.653508771929822,-0.10867293625913914
guide,1.5,assistant_axis,90.72368421052632,92.2280701754386,-1.723684210526315,0.4660326086956535
guide,2.0,steered,91.16666666666669,93.19736842105264,-2.1666666666666856,0.48380355276906706
guide,2.0,assistant_axis,63.48245614035088,92.2280701754386,25.517543859649123,8.90489130434781
guide,2.5,steered,87.41666666666667,93.19736842105264,1.5833333333333286,1.3772204806687542
guide,2.5,assistant_axis,20.394736842105264,92.2280701754386,68.60526315789474,22.252717391304305
guru,1.0,steered,60.91228070175438,60.91228070175438,28.087719298245617,0.0
guru,1.0,assistant_axis,67.67543859649123,67.67543859649123,21.324561403508767,0.0
guru,1.5,steered,63.59649122807018,60.91228070175438,25.403508771929822,0.09556527170518443
guru,1.5,assistant_axis,74.09210526315789,67.67543859649123,14.90789473684211,0.30090497737556526
guru,2.0,steered,67.71052631578948,60.91228070175438,21.28947368421052,0.2420362273579016
guru,2.0,assistant_axis,66.39912280701755,67.67543859649123,22.600877192982452,-0.05985191279308931
guru,2.5,steered,69.84210526315789,60.91228070175438,19.15789473684211,0.3179262960649593
guru,2.5,assistant_axis,19.662280701754387,67.67543859649123,69.33771929824562,-2.2515425750719875
hacker,1.0,steered,40.71052631578947,40.71052631578947,48.28947368421053,0.0
hacker,1.0,assistant_axis,36.53947368421053,36.53947368421053,52.46052631578947,0.0
hacker,1.5,steered,47.94298245614035,40.71052631578947,41.05701754385965,0.1497729336966394
hacker,1.5,assistant_axis,38.53508771929825,36.53947368421053,50.46491228070175,0.038040297633977094
hacker,2.0,steered,61.21052631578947,40.71052631578947,27.789473684210527,0.4245231607629428
hacker,2.0,assistant_axis,28.19736842105263,36.53947368421053,60.80263157894737,-0.15901680461499879
hacker,2.5,steered,76.54824561403508,40.71052631578947,12.451754385964918,0.7421435059037238
hacker,2.5,assistant_axis,15.109649122807015,36.53947368421053,73.89035087719299,-0.4084942730540926
healer,1.0,steered,66.0657894736842,66.0657894736842,22.934210526315795,0.0
healer,1.0,assistant_axis,69.74561403508773,69.74561403508773,19.254385964912274,0.0
healer,1.5,steered,70.20614035087719,66.0657894736842,18.79385964912281,0.18053165041116861
healer,1.5,assistant_axis,73.22368421052632,69.74561403508773,15.776315789473685,0.18063781321184477
healer,2.0,steered,75.33771929824562,66.0657894736842,13.662280701754383,0.4042838018741636
healer,2.0,assistant_axis,64.25438596491227,69.74561403508773,24.745614035087726,-0.2851936218678824
healer,2.5,steered,79.00877192982456,66.0657894736842,9.991228070175438,0.5643526486899982
healer,2.5,assistant_axis,20.59210526315789,69.74561403508773,68.40789473684211,-2.5528473804100242
hedonist,1.0,steered,33.5589519650655,33.5589519650655,55.4410480349345,0.0
hedonist,1.0,assistant_axis,34.109170305676855,34.109170305676855,54.890829694323145,0.0
hedonist,1.5,steered,40.30131004366813,33.5589519650655,48.69868995633187,0.12161310649023328
hedonist,1.5,assistant_axis,35.48908296943232,34.109170305676855,53.51091703056768,0.025139220365950742
hedonist,2.0,steered,49.50655021834061,33.5589519650655,39.49344978165939,0.2876496534341524
hedonist,2.0,assistant_axis,27.14410480349345,34.109170305676855,61.85589519650655,-0.12688941925218777
hedonist,2.5,steered,57.64192139737991,33.5589519650655,31.35807860262009,0.43438878386893504
hedonist,2.5,assistant_axis,13.34061135371179,34.109170305676855,75.6593886462882,-0.3783611774065235
hermit,1.0,steered,37.42982456140351,37.42982456140351,51.57017543859649,0.0
hermit,1.0,assistant_axis,40.1140350877193,40.1140350877193,48.8859649122807,0.0
hermit,1.5,steered,41.26754385964912,37.42982456140351,47.73245614035088,0.07441741792821913
hermit,1.5,assistant_axis,43.07456140350877,40.1140350877193,45.92543859649123,0.060559842095818966
hermit,2.0,steered,48.35964912280702,37.42982456140351,40.64035087719298,0.21194080625956804
hermit,2.0,assistant_axis,44.68421052631579,40.1140350877193,44.31578947368421,0.09348645253902736
hermit,2.5,steered,58.30701754385965,37.42982456140351,30.69298245614035,0.40483075352951187
hermit,2.5,assistant_axis,16.55701754385965,40.1140350877193,72.44298245614036,-0.48187690651354753
historian,1.0,steered,50.29824561403509,50.29824561403509,38.70175438596491,0.0
historian,1.0,assistant_axis,50.79385964912281,50.79385964912281,38.20614035087719,0.0
historian,1.5,steered,52.276315789473685,50.29824561403509,36.723684210526315,0.05111060743427016
historian,1.5,assistant_axis,48.85526315789474,50.79385964912281,40.14473684210526,-0.05074044311789687
historian,2.0,steered,53.3640350877193,50.29824561403509,35.6359649122807,0.07921577515865826
historian,2.0,assistant_axis,35.23684210526316,50.79385964912281,53.76315789473684,-0.4071863161519918
historian,2.5,steered,56.328947368421055,50.29824561403509,32.671052631578945,0.15582502266545786
historian,2.5,assistant_axis,14.824561403508772,50.79385964912281,74.17543859649123,-0.9414533348639651
hive,1.0,steered,40.24122807017544,40.24122807017544,48.75877192982456,0.0
hive,1.0,assistant_axis,38.50438596491228,38.50438596491228,50.49561403508772,0.0
hive,1.5,steered,44.74122807017544,40.24122807017544,44.25877192982456,0.09229108572456599
hive,1.5,assistant_axis,40.37280701754386,38.50438596491228,48.62719298245614,0.03700165030834715
hive,2.0,steered,55.333333333333336,40.24122807017544,33.666666666666664,0.30952595124583976
hive,2.0,assistant_axis,36.96052631578947,38.50438596491228,52.03947368421053,-0.030574133588117804
hive,2.5,steered,72.0701754385965,40.24122807017544,16.929824561403507,0.6527840244670325
hive,2.5,assistant_axis,13.114035087719298,38.50438596491228,75.8859649122807,-0.5028228958568575
hoarder,1.0,steered,34.64035087719298,34.64035087719298,54.35964912280702,0.0
hoarder,1.0,assistant_axis,32.5921052631579,32.5921052631579,56.4078947368421,0.0
hoarder,1.5,steered,40.43859649122807,34.64035087719298,48.56140350877193,0.1066645150879458
hoarder,1.5,assistant_axis,34.36842105263158,32.5921052631579,54.63157894736842,0.03149055283414977
hoarder,2.0,steered,54.35526315789474,34.64035087719298,34.64473684210526,0.3626754881394224
hoarder,2.0,assistant_axis,30.83333333333333,32.5921052631579,58.16666666666667,-0.031179535028380508
hoarder,2.5,steered,72.26754385964912,34.64035087719298,16.732456140350877,0.6921897692431822
hoarder,2.5,assistant_axis,27.25877192982456,32.5921052631579,61.74122807017544,-0.09454941295389166
homunculus,1.0,steered,46.47368421052632,46.47368421052632,42.52631578947368,0.0
homunculus,1.0,assistant_axis,41.17982456140351,41.17982456140351,47.82017543859649,0.0
homunculus,1.5,steered,55.75438596491228,46.47368421052632,33.24561403508772,0.2182343234323431
homunculus,1.5,assistant_axis,43.22368421052632,41.17982456140351,45.77631578947368,0.04274053012932238
homunculus,2.0,steered,73.78947368421052,46.47368421052632,15.21052631578948,0.6423267326732671
homunculus,2.0,assistant_axis,37.79824561403509,41.17982456140351,51.20175438596491,-0.07071448225259096
homunculus,2.5,steered,88.62280701754386,46.47368421052632,0.37719298245613686,0.9911303630363038
homunculus,2.5,assistant_axis,17.412280701754387,41.17982456140351,71.58771929824562,-0.49701916903604504
hybrid,1.0,steered,84.12719298245614,84.12719298245614,4.872807017543863,0.0
hybrid,1.0,assistant_axis,77.28508771929825,77.28508771929825,11.714912280701753,0.0
hybrid,1.5,steered,88.07456140350877,84.12719298245614,0.9254385964912331,0.8100810081008092
hybrid,1.5,assistant_axis,77.52631578947368,77.28508771929825,11.473684210526315,0.02059153874953199
hybrid,2.0,steered,90.73245614035088,84.12719298245614,-1.7324561403508767,1.3555355535553553
hybrid,2.0,assistant_axis,61.60087719298246,77.28508771929825,27.39912280701754,-1.3388244103332085
hybrid,2.5,steered,91.0701754385965,84.12719298245614,-2.0701754385964932,1.4248424842484249
hybrid,2.5,assistant_axis,21.907894736842103,77.28508771929825,67.09210526315789,-4.727068513665294
idealist,1.0,steered,69.58333333333333,69.58333333333333,19.41666666666667,0.0
idealist,1.0,assistant_axis,73.16228070175438,73.16228070175438,15.837719298245617,0.0
idealist,1.5,steered,70.85087719298245,69.58333333333333,18.149122807017548,0.0652812288231308
idealist,1.5,assistant_axis,76.40350877192982,73.16228070175438,12.596491228070178,0.20465245084464131
idealist,2.0,steered,74.56140350877193,69.58333333333333,14.438596491228068,0.2563812965891125
idealist,2.0,assistant_axis,65.53947368421052,73.16228070175438,23.46052631578948,-0.48130711714206603
idealist,2.5,steered,74.48245614035088,69.58333333333333,14.517543859649123,0.25231533770047454
idealist,2.5,assistant_axis,16.600877192982455,73.16228070175438,72.39912280701755,-3.5713098864580446
immigrant,1.0,steered,49.44736842105263,49.44736842105263,39.55263157894737,0.0
immigrant,1.0,assistant_axis,50.280701754385966,50.280701754385966,38.719298245614034,0.0
immigrant,1.5,steered,52.09649122807018,49.44736842105263,36.90350877192982,0.06697715679751619
immigrant,1.5,assistant_axis,51.42105263157895,50.280701754385966,37.57894736842105,0.029451744449479036
immigrant,2.0,steered,58.56140350877193,49.44736842105263,30.43859649122807,0.23042803282324248
immigrant,2.0,assistant_axis,43.71491228070175,50.280701754385966,45.28508771929825,-0.1695740824648845
immigrant,2.5,steered,65.10087719298245,49.44736842105263,23.899122807017548,0.39576402750055434
immigrant,2.5,assistant_axis,24.58333333333333,50.280701754385966,64.41666666666667,-0.6636837335749888
improviser,1.0,steered,64.64035087719299,64.64035087719299,24.359649122807014,0.0
improviser,1.0,assistant_axis,58.03508771929825,58.03508771929825,30.964912280701753,0.0
improviser,1.5,steered,74.98245614035088,64.64035087719299,14.017543859649123,0.4245588764854158
improviser,1.5,assistant_axis,62.28508771929825,58.03508771929825,26.714912280701753,0.13725212464589234
improviser,2.0,steered,85.88157894736842,64.64035087719299,3.118421052631575,0.8719841555635579
improviser,2.0,assistant_axis,52.14473684210526,58.03508771929825,36.85526315789474,-0.19022662889518427
improviser,2.5,steered,90.95175438596492,64.64035087719299,-1.951754385964918,1.0801224342815992
improviser,2.5,assistant_axis,20.81140350877193,58.03508771929825,68.18859649122807,-1.2021246458923514
infant,1.0,steered,3.728070175438596,3.728070175438596,85.2719298245614,0.0
infant,1.0,assistant_axis,4.37280701754386,4.37280701754386,84.62719298245614,0.0
infant,1.5,steered,7.2894736842105265,3.728070175438596,81.71052631578948,0.04176525048863287
infant,1.5,assistant_axis,9.894736842105264,4.37280701754386,79.10526315789474,0.0652500647836227
infant,2.0,steered,14.359649122807015,3.728070175438596,74.64035087719299,0.12467853101532764
infant,2.0,assistant_axis,13.530701754385966,4.37280701754386,75.46929824561403,0.10821456335838302
infant,2.5,steered,22.69736842105263,3.728070175438596,66.30263157894737,0.2224565373932723
infant,2.5,assistant_axis,19.157894736842103,4.37280701754386,69.84210526315789,0.17470847369784917
influencer,1.0,steered,66.92543859649123,66.92543859649123,22.074561403508767,0.0
influencer,1.0,assistant_axis,62.84649122807018,62.84649122807018,26.153508771929822,0.0
influencer,1.5,steered,74.85087719298245,66.92543859649123,14.149122807017548,0.35903039936419595
influencer,1.5,assistant_axis,64.95614035087719,62.84649122807018,24.04385964912281,0.0806640952540666
influencer,2.0,steered,81.84649122807018,66.92543859649123,7.153508771929822,0.6759388038942977
influencer,2.0,assistant_axis,48.078947368421055,62.84649122807018,40.921052631578945,-0.5646486667784673
influencer,2.5,steered,84.10087719298245,66.92543859649123,4.899122807017548,0.77806477250149
influencer,2.5,assistant_axis,20.17543859649123,62.84649122807018,68.82456140350877,-1.631561294650344
instructor,1.0,steered,92.82894736842104,92.82894736842104,-3.8289473684210407,-0.0
instructor,1.0,assistant_axis,92.4780701754386,92.4780701754386,-3.478070175438603,-0.0
instructor,1.5,steered,92.8201754385965,92.82894736842104,-3.8201754385964932,0.0022909507445553526
instructor,1.5,assistant_axis,91.52631578947368,92.4780701754386,-2.526315789473685,0.2736443883984879
instructor,2.0,steered,89.9298245614035,92.82894736842104,-0.9298245614035068,0.7571592210767466
instructor,2.0,assistant_axis,62.60087719298246,92.4780701754386,26.39912280701754,8.590163934426215
instructor,2.5,steered,84.41228070175438,92.82894736842104,4.5877192982456165,2.198167239404357
instructor,2.5,assistant_axis,29.29824561403509,92.4780701754386,59.70175438596491,18.165195460277396
interpreter,1.0,steered,65.37719298245614,65.37719298245614,23.622807017543863,0.0
interpreter,1.0,assistant_axis,65.42543859649123,65.42543859649123,23.574561403508767,0.0
interpreter,1.5,steered,67.48245614035088,65.37719298245614,21.517543859649123,0.08911994058670639
interpreter,1.5,assistant_axis,65.78947368421052,65.42543859649123,23.21052631578948,0.015441860465115817
interpreter,2.0,steered,69.7280701754386,65.37719298245614,19.271929824561397,0.18418121054586004
interpreter,2.0,assistant_axis,46.73684210526316,65.42543859649123,42.26315789473684,-0.792744186046512
interpreter,2.5,steered,69.71052631578948,65.37719298245614,19.28947368421052,0.18343854437430412
interpreter,2.5,assistant_axis,20.83333333333333,65.42543859649123,68.16666666666667,-1.8915348837209311
interviewer,1.0,steered,79.76315789473684,79.76315789473684,9.236842105263165,0.0
interviewer,1.0,assistant_axis,78.0657894736842,78.0657894736842,10.934210526315795,0.0
interviewer,1.5,steered,80.4342105263158,79.76315789473684,8.565789473684205,0.07264957264957389
interviewer,1.5,assistant_axis,77.69298245614036,78.0657894736842,11.307017543859644,-0.034095467308462704
interviewer,2.0,steered,80.95175438596492,79.76315789473684,8.048245614035082,0.1286799620132966
interviewer,2.0,assistant_axis,55.14035087719298,78.0657894736842,33.85964912280702,-2.0966706778981137
interviewer,2.5,steered,77.91228070175438,79.76315789473684,11.087719298245617,-0.2003798670465331
interviewer,2.5,assistant_axis,23.70614035087719,78.0657894736842,65.29385964912281,-4.97152025671881
jester,1.0,steered,38.0,38.0,51.0,0.0
jester,1.0,assistant_axis,36.06140350877193,36.06140350877193,52.93859649122807,0.0
jester,1.5,steered,45.78508771929825,38.0,43.21491228070175,0.15264877880976954
jester,1.5,assistant_axis,39.578947368421055,36.06140350877193,49.421052631578945,0.06644573322286662
jester,2.0,steered,59.71052631578947,38.0,29.289473684210527,0.42569659442724456
jester,2.0,assistant_axis,37.92982456140351,36.06140350877193,51.07017543859649,0.035294117647058754
jester,2.5,steered,72.97368421052632,38.0,16.026315789473685,0.6857585139318886
jester,2.5,assistant_axis,11.228070175438596,36.06140350877193,77.7719298245614,-0.46909693454846735
journalist,1.0,steered,72.41228070175438,72.41228070175438,16.587719298245617,0.0
journalist,1.0,assistant_axis,67.33771929824562,67.33771929824562,21.662280701754383,0.0
journalist,1.5,steered,78.00438596491227,72.41228070175438,10.995614035087726,0.3371232152300367
journalist,1.5,assistant_axis,67.45614035087719,67.33771929824562,21.54385964912281,0.005466693662684582
journalist,2.0,steered,81.35964912280701,72.41228070175438,7.6403508771929864,0.5393971443680591
journalist,2.0,assistant_axis,43.89473684210526,67.33771929824562,45.10526315789474,-1.0822028750759267
journalist,2.5,steered,82.26315789473684,72.41228070175438,6.736842105263165,0.5938656795346374
journalist,2.5,assistant_axis,19.73684210526316,67.33771929824562,69.26315789473684,-2.197408382263616
judge,1.0,steered,62.30701754385965,62.30701754385965,26.69298245614035,0.0
judge,1.0,assistant_axis,64.49122807017544,64.49122807017544,24.50877192982456,0.0
judge,1.5,steered,63.4780701754386,62.30701754385965,25.521929824561397,0.04387117975681911
judge,1.5,assistant_axis,64.04385964912281,64.49122807017544,24.95614035087719,-0.018253400143163862
judge,2.0,steered,62.12280701754386,62.30701754385965,26.877192982456137,-0.00690108445612875
judge,2.0,assistant_axis,44.61842105263158,64.49122807017544,44.38157894736842,-0.8108446671438796
judge,2.5,steered,60.89912280701754,62.30701754385965,28.10087719298246,-0.052744002628984724
judge,2.5,assistant_axis,15.548245614035087,64.49122807017544,73.45175438596492,-1.996957766642806
lawyer,1.0,steered,60.99126637554585,60.99126637554585,28.008733624454152,0.0
lawyer,1.0,assistant_axis,61.24890829694324,61.24890829694324,27.75109170305676,0.0
lawyer,1.5,steered,61.53711790393013,60.99126637554585,27.46288209606987,0.019488618646710438
lawyer,1.5,assistant_axis,61.99563318777293,61.24890829694324,27.00436681222707,0.026907946498819665
lawyer,2.0,steered,62.056768558951966,60.99126637554585,26.943231441048034,0.038041783598378676
lawyer,2.0,assistant_axis,40.53711790393013,61.24890829694324,48.46288209606987,-0.7463414634146348
lawyer,2.5,steered,63.25764192139738,60.99126637554585,25.74235807860262,0.08091674462114135
lawyer,2.5,assistant_axis,13.995633187772926,61.24890829694324,75.00436681222708,-1.7027537372147925
leviathan,1.0,steered,35.68421052631579,35.68421052631579,53.31578947368421,0.0
leviathan,1.0,assistant_axis,35.425438596491226,35.425438596491226,53.574561403508774,0.0
leviathan,1.5,steered,39.91666666666666,35.68421052631579,49.08333333333334,0.0793846660085553
leviathan,1.5,assistant_axis,37.80701754385965,35.425438596491226,51.19298245614035,0.04445354072861243
leviathan,2.0,steered,51.49122807017544,35.68421052631579,37.50877192982456,0.29647910496873975
leviathan,2.0,assistant_axis,36.35087719298246,35.425438596491226,52.64912280701754,0.017273843634875247
leviathan,2.5,steered,75.50438596491227,35.68421052631579,13.495614035087726,0.7468739717012174
leviathan,2.5,assistant_axis,12.105263157894736,35.425438596491226,76.89473684210526,-0.43528448628735156
librarian,1.0,steered,71.85964912280701,71.85964912280701,17.140350877192986,0.0
librarian,1.0,assistant_axis,72.04385964912281,72.04385964912281,16.95614035087719,0.0
librarian,1.5,steered,71.89035087719299,71.85964912280701,17.109649122807014,0.0017911975435009769
librarian,1.5,assistant_axis,71.3201754385965,72.04385964912281,17.679824561403507,-0.042679772374547294
librarian,2.0,steered,70.90789473684211,71.85964912280701,18.09210526315789,-0.05552712384851536
librarian,2.0,assistant_axis,45.37280701754386,72.04385964912281,43.62719298245614,-1.5729436109674082
librarian,2.5,steered,67.48245614035088,71.85964912280701,21.517543859649123,-0.25537359263050124
librarian,2.5,assistant_axis,16.25,72.04385964912281,72.75,-3.2904811174340405
linguist,1.0,steered,47.14473684210526,47.14473684210526,41.85526315789474,0.0
linguist,1.0,assistant_axis,46.19298245614035,46.19298245614035,42.80701754385965,0.0
linguist,1.5,steered,47.56140350877193,47.14473684210526,41.43859649122807,0.009954940794299599
linguist,1.5,assistant_axis,45.28508771929825,46.19298245614035,43.71491228070175,-0.02120901639344256
linguist,2.0,steered,49.77192982456141,47.14473684210526,39.22807017543859,0.06276852142932017
linguist,2.0,assistant_axis,32.09649122807018,46.19298245614035,56.90350877192982,-0.3293032786885245
linguist,2.5,steered,54.78508771929825,47.14473684210526,34.21491228070175,0.18254217751231278
linguist,2.5,assistant_axis,12.280701754385966,46.19298245614035,76.71929824561403,-0.7922131147540983
loner,1.0,steered,41.14912280701754,41.14912280701754,47.85087719298246,0.0
loner,1.0,assistant_axis,40.7280701754386,40.7280701754386,48.2719298245614,0.0
loner,1.5,steered,45.52192982456141,41.14912280701754,43.47807017543859,0.09138405132905612
loner,1.5,assistant_axis,43.48684210526316,40.7280701754386,45.51315789473684,0.057150645102671135
loner,2.0,steered,50.925438596491226,41.14912280701754,38.074561403508774,0.20430797433547204
loner,2.0,assistant_axis,40.333333333333336,40.7280701754386,48.666666666666664,-0.008177357804833814
loner,2.5,steered,62.219298245614034,41.14912280701754,26.780701754385966,0.4403299725022915
loner,2.5,assistant_axis,20.32894736842105,40.7280701754386,68.67105263157895,-0.42258767944757425
luddite,1.0,steered,32.15350877192982,32.15350877192982,56.84649122807018,0.0
luddite,1.0,assistant_axis,33.05263157894737,33.05263157894737,55.94736842105263,0.0
luddite,1.5,steered,36.32017543859649,32.15350877192982,52.67982456140351,0.07329681351747558
luddite,1.5,assistant_axis,35.15350877192982,33.05263157894737,53.84649122807018,0.03755095641266847
luddite,2.0,steered,41.61842105263158,32.15350877192982,47.38157894736842,0.16649949849548656
luddite,2.0,assistant_axis,30.609649122807017,33.05263157894737,58.390350877192986,-0.04366572593289436
luddite,2.5,steered,50.17982456140351,32.15350877192982,38.82017543859649,0.31710516163876246
luddite,2.5,assistant_axis,16.403508771929825,33.05263157894737,72.59649122807018,-0.2975854499843211
marketer,1.0,steered,64.55701754385964,64.55701754385964,24.442982456140356,0.0
marketer,1.0,assistant_axis,63.3421052631579,63.3421052631579,25.657894736842103,0.0
marketer,1.5,steered,65.07456140350877,64.55701754385964,23.925438596491233,0.021173515162390112
marketer,1.5,assistant_axis,65.04824561403508,63.3421052631579,23.951754385964918,0.06649572649572617
marketer,2.0,steered,66.05263157894737,64.55701754385964,22.94736842105263,0.061187870087924194
marketer,2.0,assistant_axis,45.04385964912281,63.3421052631579,43.95614035087719,-0.7131623931623933
marketer,2.5,steered,66.76315789473684,64.55701754385964,22.236842105263165,0.09025659429391703
marketer,2.5,assistant_axis,15.109649122807015,63.3421052631579,73.89035087719299,-1.8798290598290603
martyr,1.0,steered,35.25877192982456,35.25877192982456,53.74122807017544,0.0
martyr,1.0,assistant_axis,37.76315789473684,37.76315789473684,51.23684210526316,0.0
martyr,1.5,steered,40.76754385964912,35.25877192982456,48.23245614035088,0.1025055088549743
martyr,1.5,assistant_axis,41.9780701754386,37.76315789473684,47.0219298245614,0.08226331107687052
martyr,2.0,steered,49.86842105263158,35.25877192982456,39.13157894736842,0.271851791398025
martyr,2.0,assistant_axis,42.26754385964912,37.76315789473684,46.73245614035088,0.0879130285909947
martyr,2.5,steered,63.08771929824562,35.25877192982456,25.912280701754383,0.517832367583449
martyr,2.5,assistant_axis,22.69736842105263,37.76315789473684,66.30263157894737,-0.29404211607601444
mathematician,1.0,steered,61.51754385964912,61.51754385964912,27.482456140350877,0.0
mathematician,1.0,assistant_axis,56.00877192982456,56.00877192982456,32.99122807017544,0.0
mathematician,1.5,steered,64.76754385964912,61.51754385964912,24.232456140350877,0.11825726141078838
mathematician,1.5,assistant_axis,57.6578947368421,56.00877192982456,31.342105263157897,0.04998670566338731
mathematician,2.0,steered,67.76315789473684,61.51754385964912,21.236842105263165,0.22725821895946352
mathematician,2.0,assistant_axis,39.54385964912281,56.00877192982456,49.45614035087719,-0.4990693964371178
mathematician,2.5,steered,71.00438596491227,61.51754385964912,17.995614035087726,0.34519629747845487
mathematician,2.5,assistant_axis,21.82017543859649,56.00877192982456,67.1798245614035,-1.0362935389524062
maverick,1.0,steered,57.50877192982456,57.50877192982456,31.49122807017544,0.0
maverick,1.0,assistant_axis,48.62719298245614,48.62719298245614,40.37280701754386,0.0
maverick,1.5,steered,71.73245614035088,57.50877192982456,17.267543859649123,0.45167130919220055
maverick,1.5,assistant_axis,50.60964912280702,48.62719298245614,38.39035087719298,0.049103747963063715
maverick,2.0,steered,85.37719298245614,57.50877192982456,3.622807017543863,0.8849582172701949
maverick,2.0,assistant_axis,39.96491228070175,48.62719298245614,49.03508771929825,-0.2145573058120586
maverick,2.5,steered,89.8640350877193,57.50877192982456,-0.8640350877193015,1.0274373259052927
maverick,2.5,assistant_axis,17.390350877192983,48.62719298245614,71.60964912280701,-0.7737099402498641
mechanic,1.0,steered,38.92105263157895,38.92105263157895,50.07894736842105,0.0
mechanic,1.0,assistant_axis,36.22368421052632,36.22368421052632,52.77631578947368,0.0
mechanic,1.5,steered,46.75438596491228,38.92105263157895,42.24561403508772,0.15641968821159566
mechanic,1.5,assistant_axis,37.70175438596491,36.22368421052632,51.29824561403509,0.028006315964431004
mechanic,2.0,steered,60.23684210526316,38.92105263157895,28.763157894736842,0.42564372044140825
mechanic,2.0,assistant_axis,22.67543859649123,36.22368421052632,66.32456140350877,-0.25671071220809455
mechanic,2.5,steered,66.92105263157895,38.92105263157895,22.078947368421055,0.55911718339464
mechanic,2.5,assistant_axis,17.017543859649123,36.22368421052632,71.98245614035088,-0.3639158979473117
mediator,1.0,steered,82.31140350877193,82.31140350877193,6.688596491228068,0.0
mediator,1.0,assistant_axis,84.71491228070175,84.71491228070175,4.285087719298247,0.0
mediator,1.5,steered,83.23245614035088,82.31140350877193,5.767543859649123,0.1377049180327866
mediator,1.5,assistant_axis,85.4780701754386,84.71491228070175,3.521929824561397,0.17809621289662403
mediator,2.0,steered,83.40789473684211,82.31140350877193,5.59210526315789,0.16393442622950866
mediator,2.0,assistant_axis,67.15789473684211,84.71491228070175,21.84210526315789,-4.09723643807574
mediator,2.5,steered,81.67105263157895,82.31140350877193,7.328947368421055,-0.0957377049180334
mediator,2.5,assistant_axis,27.214912280701757,84.71491228070175,61.78508771929825,-13.418628454452403
mentor,1.0,steered,89.60087719298245,89.60087719298245,-0.6008771929824519,-0.0
mentor,1.0,assistant_axis,88.49122807017544,88.49122807017544,0.5087719298245617,0.0
mentor,1.5,steered,89.38157894736842,89.60087719298245,-0.3815789473684248,0.3649635036496243
mentor,1.5,assistant_axis,86.67105263157895,88.49122807017544,2.328947368421055,-3.577586206896554
mentor,2.0,steered,88.71929824561404,89.60087719298245,0.2807017543859587,1.4671532846715258
mentor,2.0,assistant_axis,61.35087719298246,88.49122807017544,27.64912280701754,-53.34482758620686
mentor,2.5,steered,85.1359649122807,89.60087719298245,3.8640350877193015,7.43065693430662
mentor,2.5,assistant_axis,22.23684210526316,88.49122807017544,66.76315789473684,-130.2241379310344
merchant,1.0,steered,50.72368421052632,50.72368421052632,38.27631578947368,0.0
merchant,1.0,assistant_axis,44.6140350877193,44.6140350877193,44.3859649122807,0.0
merchant,1.5,steered,56.63157894736842,50.72368421052632,32.36842105263158,0.1543485733929183
merchant,1.5,assistant_axis,46.68859649122807,44.6140350877193,42.31140350877193,0.0467391304347825
merchant,2.0,steered,66.5701754385965,50.72368421052632,22.429824561403507,0.4140025209121118
merchant,2.0,assistant_axis,33.66228070175438,44.6140350877193,55.33771929824562,-0.24673913043478277
merchant,2.5,steered,77.40789473684211,50.72368421052632,11.59210526315789,0.6971467858370575
merchant,2.5,assistant_axis,15.701754385964913,44.6140350877193,73.29824561403508,-0.6513833992094863
minimalist,1.0,steered,33.46052631578947,33.46052631578947,55.53947368421053,0.0
minimalist,1.0,assistant_axis,57.11842105263158,57.11842105263158,31.881578947368418,0.0
minimalist,1.5,steered,34.9078947368421,33.46052631578947,54.0921052631579,0.02606017531390663
minimalist,1.5,assistant_axis,64.44736842105263,57.11842105263158,24.55263157894737,0.229880313660751
minimalist,2.0,steered,40.01315789473684,33.46052631578947,48.98684210526316,0.11798152096659562
minimalist,2.0,assistant_axis,51.14473684210526,57.11842105263158,37.85526315789474,-0.1873710276516717
minimalist,2.5,steered,41.969298245614034,33.46052631578947,47.030701754385966,0.15320224275448155
minimalist,2.5,assistant_axis,12.916666666666666,57.11842105263158,76.08333333333333,-1.3864355482184623
moderator,1.0,steered,80.77631578947368,80.77631578947368,8.223684210526315,0.0
moderator,1.0,assistant_axis,84.12280701754386,84.12280701754386,4.877192982456137,0.0
moderator,1.5,steered,77.59649122807018,80.77631578947368,11.403508771929822,-0.38666666666666644
moderator,1.5,assistant_axis,82.83333333333333,84.12280701754386,6.166666666666671,-0.26438848920863495
moderator,2.0,steered,71.53070175438596,80.77631578947368,17.46929824561404,-1.1242666666666676
moderator,2.0,assistant_axis,59.84649122807018,84.12280701754386,29.153508771929822,-4.977517985611515
moderator,2.5,steered,60.02192982456141,80.77631578947368,28.97807017543859,-2.5237333333333325
moderator,2.5,assistant_axis,27.17982456140351,84.12280701754386,61.82017543859649,-11.675359712230225
musician,1.0,steered,39.01315789473684,39.01315789473684,49.98684210526316,0.0
musician,1.0,assistant_axis,38.219298245614034,38.219298245614034,50.780701754385966,0.0
musician,1.5,steered,43.42105263157895,39.01315789473684,45.57894736842105,0.08818110028954997
musician,1.5,assistant_axis,40.07456140350877,38.219298245614034,48.92543859649123,0.0365348073933321
musician,2.0,steered,51.833333333333336,39.01315789473684,37.166666666666664,0.2564710011406511
musician,2.0,assistant_axis,29.29824561403509,38.219298245614034,59.70175438596491,-0.17567801001900152
musician,2.5,steered,59.42982456140351,39.01315789473684,29.570175438596493,0.4084408177590594
musician,2.5,assistant_axis,13.88157894736842,38.219298245614034,75.11842105263158,-0.4792710312661945
mycorrhizal,1.0,steered,58.81578947368421,58.81578947368421,30.184210526315788,0.0
mycorrhizal,1.0,assistant_axis,55.66666666666666,55.66666666666666,33.33333333333334,0.0
mycorrhizal,1.5,steered,65.75877192982456,58.81578947368421,23.24122807017544,0.23002034292356868
mycorrhizal,1.5,assistant_axis,60.28508771929825,55.66666666666666,28.714912280701753,0.13855263157894765
mycorrhizal,2.0,steered,79.0701754385965,58.81578947368421,9.929824561403507,0.6710258645742517
mycorrhizal,2.0,assistant_axis,53.92982456140351,55.66666666666666,35.07017543859649,-0.052105263157894495
mycorrhizal,2.5,steered,89.44298245614036,58.81578947368421,-0.44298245614035636,1.0146759662888698
mycorrhizal,2.5,assistant_axis,20.026315789473685,55.66666666666666,68.97368421052632,-1.069210526315789
mystic,1.0,steered,39.328947368421055,39.328947368421055,49.671052631578945,0.0
mystic,1.0,assistant_axis,42.43421052631579,42.43421052631579,46.56578947368421,0.0
mystic,1.5,steered,43.64473684210526,39.328947368421055,45.35526315789474,0.08688741721854294
mystic,1.5,assistant_axis,47.29824561403509,42.43421052631579,41.70175438596491,0.10445511914853543
mystic,2.0,steered,55.84649122807018,39.328947368421055,33.15350877192982,0.3325386313465784
mystic,2.0,assistant_axis,49.60526315789474,42.43421052631579,39.39473684210526,0.15399830460582095
mystic,2.5,steered,74.91666666666667,39.328947368421055,14.083333333333329,0.7164679911699781
mystic,2.5,assistant_axis,13.289473684210526,42.43421052631579,75.71052631578948,-0.6258830178016388
narcissist,1.0,steered,31.359649122807017,31.359649122807017,57.640350877192986,0.0
narcissist,1.0,assistant_axis,29.93421052631579,29.93421052631579,59.065789473684205,0.0
narcissist,1.5,steered,36.11842105263158,31.359649122807017,52.88157894736842,0.08255973215644505
narcissist,1.5,assistant_axis,32.8640350877193,29.93421052631579,56.1359649122807,0.049602732605628606
narcissist,2.0,steered,46.26754385964912,31.359649122807017,42.73245614035088,0.2586364328108355
narcissist,2.0,assistant_axis,36.333333333333336,29.93421052631579,52.666666666666664,0.10833890250241333
narcissist,2.5,steered,59.969298245614034,31.359649122807017,29.030701754385966,0.49634758788616645
narcissist,2.5,assistant_axis,28.12719298245614,29.93421052631579,60.87280701754386,-0.030593302145986517
narrator,1.0,steered,84.15350877192982,84.15350877192982,4.846491228070178,0.0
narrator,1.0,assistant_axis,84.58771929824562,84.58771929824562,4.4122807017543835,0.0
narrator,1.5,steered,84.77631578947368,84.15350877192982,4.223684210526315,0.1285067873303174
narrator,1.5,assistant_axis,85.57456140350877,84.58771929824562,3.425438596491233,0.22365805168985928
narrator,2.0,steered,85.1798245614035,84.15350877192982,3.8201754385964932,0.21176470588235297
narrator,2.0,assistant_axis,71.37719298245614,84.58771929824562,17.622807017543863,-2.9940357852882733
narrator,2.5,steered,83.99561403508773,84.15350877192982,5.004385964912274,-0.03257918552035997
narrator,2.5,assistant_axis,13.56578947368421,84.58771929824562,75.4342105263158,-16.096421471172974
naturalist,1.0,steered,41.19298245614035,41.19298245614035,47.80701754385965,0.0
naturalist,1.0,assistant_axis,40.96052631578947,40.96052631578947,48.03947368421053,0.0
naturalist,1.5,steered,42.73245614035088,41.19298245614035,46.26754385964912,0.03220183486238534
naturalist,1.5,assistant_axis,40.61842105263158,40.96052631578947,48.38157894736842,-0.007121336620103987
naturalist,2.0,steered,46.14473684210526,41.19298245614035,42.85526315789474,0.10357798165137612
naturalist,2.0,assistant_axis,28.464912280701757,40.96052631578947,60.53508771929825,-0.2601113850086733
naturalist,2.5,steered,48.078947368421055,41.19298245614035,40.921052631578945,0.14403669724770649
naturalist,2.5,assistant_axis,12.039473684210526,40.96052631578947,76.96052631578948,-0.6020268419611065
navigator,1.0,steered,72.6842105263158,72.6842105263158,16.315789473684205,0.0
navigator,1.0,assistant_axis,69.47368421052632,69.47368421052632,19.526315789473685,0.0
navigator,1.5,steered,75.89912280701755,72.6842105263158,13.100877192982452,0.19704301075268818
navigator,1.5,assistant_axis,68.97368421052632,69.47368421052632,20.026315789473685,-0.025606469002695417
navigator,2.0,steered,78.87280701754386,72.6842105263158,10.127192982456137,0.37930107526881723
navigator,2.0,assistant_axis,48.95175438596491,69.47368421052632,40.04824561403509,-1.0509883198562444
navigator,2.5,steered,81.29385964912281,72.6842105263158,7.706140350877192,0.5276881720430107
navigator,2.5,assistant_axis,17.63157894736842,69.47368421052632,71.36842105263158,-2.654986522911051
negotiator,1.0,steered,81.98245614035088,81.98245614035088,7.017543859649123,0.0
negotiator,1.0,assistant_axis,82.64473684210526,82.64473684210526,6.35526315789474,0.0
negotiator,1.5,steered,81.09210526315789,81.98245614035088,7.90789473684211,-0.12687500000000057
negotiator,1.5,assistant_axis,82.51754385964912,82.64473684210526,6.482456140350877,-0.020013802622497717
negotiator,2.0,steered,80.96052631578948,81.98245614035088,8.03947368421052,-0.14562499999999906
negotiator,2.0,assistant_axis,60.48245614035088,82.64473684210526,28.517543859649123,-3.4872325741890937
negotiator,2.5,steered,79.01315789473684,81.98245614035088,9.986842105263165,-0.42312500000000086
negotiator,2.5,assistant_axis,21.039473684210527,82.64473684210526,67.96052631578948,-9.693581780538297
networker,1.0,steered,71.90789473684211,71.90789473684211,17.09210526315789,0.0
networker,1.0,assistant_axis,68.70175438596492,68.70175438596492,20.298245614035082,0.0
networker,1.5,steered,76.17105263157895,71.90789473684211,12.828947368421055,0.24942263279445695
networker,1.5,assistant_axis,71.89912280701755,68.70175438596492,17.100877192982452,0.1575194468452895
networker,2.0,steered,81.41666666666667,71.90789473684211,7.583333333333329,0.5563253784962794
networker,2.0,assistant_axis,56.54824561403509,68.70175438596492,32.45175438596491,-0.5987467588591188
networker,2.5,steered,79.9780701754386,71.90789473684211,9.021929824561397,0.4721580703104955
networker,2.5,assistant_axis,20.403508771929825,68.70175438596492,68.59649122807018,-2.379429559204841
newlywed,1.0,steered,42.06578947368421,42.06578947368421,46.93421052631579,0.0
newlywed,1.0,assistant_axis,41.18859649122807,41.18859649122807,47.81140350877193,0.0
newlywed,1.5,steered,47.57017543859649,42.06578947368421,41.42982456140351,0.1172787589944865
newlywed,1.5,assistant_axis,42.39035087719298,41.18859649122807,46.60964912280702,0.025135308687276366
newlywed,2.0,steered,53.28947368421053,42.06578947368421,35.71052631578947,0.23913652929632745
newlywed,2.0,assistant_axis,34.78947368421053,41.18859649122807,54.21052631578947,-0.13384093202458483
newlywed,2.5,steered,57.54824561403509,42.06578947368421,31.45175438596491,0.32987571255022896
newlywed,2.5,assistant_axis,18.59649122807017,41.18859649122807,70.40350877192984,-0.47252545638014865
nomad,1.0,steered,46.96052631578947,46.96052631578947,42.03947368421053,0.0
nomad,1.0,assistant_axis,45.72368421052632,45.72368421052632,43.27631578947368,0.0
nomad,1.5,steered,52.026315789473685,46.96052631578947,36.973684210526315,0.1205007824726135
nomad,1.5,assistant_axis,48.675438596491226,45.72368421052632,40.324561403508774,0.06820715516367672
nomad,2.0,steered,60.10087719298246,46.96052631578947,28.89912280701754,0.3125717266562338
nomad,2.0,assistant_axis,38.90350877192982,45.72368421052632,50.09649122807018,-0.1575960271612448
nomad,2.5,steered,69.47368421052632,46.96052631578947,19.526315789473685,0.5355242566510172
nomad,2.5,assistant_axis,19.07894736842105,45.72368421052632,69.92105263157895,-0.6156886591669203
novelist,1.0,steered,50.78947368421053,50.78947368421053,38.21052631578947,0.0
novelist,1.0,assistant_axis,52.2280701754386,52.2280701754386,36.7719298245614,0.0
novelist,1.5,steered,57.83771929824562,50.78947368421053,31.162280701754383,0.1844582185491277
novelist,1.5,assistant_axis,56.583333333333336,52.2280701754386,32.416666666666664,0.11843988549618312
novelist,2.0,steered,65.33771929824562,50.78947368421053,23.662280701754383,0.3807392102846649
novelist,2.0,assistant_axis,41.48245614035088,52.2280701754386,47.51754385964912,-0.2922232824427483
novelist,2.5,steered,73.0,50.78947368421053,16.0,0.581267217630854
novelist,2.5,assistant_axis,21.789473684210527,52.2280701754386,67.21052631578948,-0.8277671755725193
nutritionist,1.0,steered,42.18859649122807,42.18859649122807,46.81140350877193,0.0
nutritionist,1.0,assistant_axis,46.03508771929825,46.03508771929825,42.96491228070175,0.0
nutritionist,1.5,steered,42.48684210526316,42.18859649122807,46.51315789473684,0.006371217089852929
nutritionist,1.5,assistant_axis,48.57017543859649,46.03508771929825,40.42982456140351,0.05900367496937528
nutritionist,2.0,steered,41.87280701754386,42.18859649122807,47.12719298245614,-0.006745994565726487
nutritionist,2.0,assistant_axis,29.166666666666668,46.03508771929825,59.83333333333333,-0.3926092282564312
nutritionist,2.5,steered,39.06140350877193,42.18859649122807,49.93859649122807,-0.06680408507448694
nutritionist,2.5,assistant_axis,11.68859649122807,46.03508771929825,77.31140350877193,-0.7994079216006534
observer,1.0,steered,80.60964912280701,80.60964912280701,8.390350877192986,0.0
observer,1.0,assistant_axis,77.16666666666667,77.16666666666667,11.833333333333329,0.0
observer,1.5,steered,84.01754385964912,80.60964912280701,4.982456140350877,0.40616832200731867
observer,1.5,assistant_axis,75.68859649122807,77.16666666666667,13.311403508771932,-0.12490733876945946
observer,2.0,steered,88.47368421052632,80.60964912280701,0.526315789473685,0.9372713016204913
observer,2.0,assistant_axis,50.82456140350877,77.16666666666667,38.17543859649123,-2.2260934025203873
observer,2.5,steered,90.03508771929825,80.60964912280701,-1.0350877192982466,1.123366440146367
observer,2.5,assistant_axis,15.789473684210526,77.16666666666667,73.21052631578948,-5.186805040770944
optimist,1.0,steered,77.54585152838428,77.54585152838428,11.454148471615724,0.0
optimist,1.0,assistant_axis,78.89519650655022,78.89519650655022,10.10480349344978,0.0
optimist,1.5,steered,79.21834061135371,77.54585152838428,9.78165938864629,0.1460160121997714
optimist,1.5,assistant_axis,80.29694323144105,78.89519650655022,8.703056768558952,0.1387208297320655
optimist,2.0,steered,83.14410480349345,77.54585152838428,5.855895196506552,0.4887533358749524
optimist,2.0,assistant_axis,69.25764192139738,78.89519650655022,19.74235807860262,-0.9537597234226453
optimist,2.5,steered,82.87336244541484,77.54585152838428,6.126637554585159,0.4651162790697671
optimist,2.5,assistant_axis,22.49344978165939,78.89519650655022,66.5065502183406,-5.581676750216078
oracle,1.0,steered,45.828947368421055,45.828947368421055,43.171052631578945,0.0
oracle,1.0,assistant_axis,44.333333333333336,44.333333333333336,44.666666666666664,0.0
oracle,1.5,steered,49.33771929824562,45.828947368421055,39.66228070175438,0.08127603372955401
oracle,1.5,assistant_axis,47.73684210526316,44.333333333333336,41.26315789473684,0.07619795758051841
oracle,2.0,steered,59.85087719298246,45.828947368421055,29.14912280701754,0.3247993497917302
oracle,2.0,assistant_axis,47.22368421052632,44.333333333333336,41.77631578947368,0.0647093479968579
oracle,2.5,steered,76.04385964912281,45.828947368421055,12.956140350877192,0.6998882454536218
oracle,2.5,assistant_axis,13.93859649122807,44.333333333333336,75.06140350877193,-0.6804791830322076
organizer,1.0,steered,78.90789473684211,78.90789473684211,10.09210526315789,0.0
organizer,1.0,assistant_axis,75.87719298245614,75.87719298245614,13.122807017543863,0.0
organizer,1.5,steered,79.4298245614035,78.90789473684211,9.570175438596493,0.0517166449369833
organizer,1.5,assistant_axis,75.09649122807018,75.87719298245614,13.903508771929822,-0.05949197860962518
organizer,2.0,steered,80.24122807017544,78.90789473684211,8.758771929824562,0.13211647109952154
organizer,2.0,assistant_axis,48.01315789473684,75.87719298245614,40.98684210526316,-2.123328877005347
organizer,2.5,steered,74.78508771929825,78.90789473684211,14.214912280701753,-0.4085180356366802
organizer,2.5,assistant_axis,14.692982456140353,75.87719298245614,74.30701754385964,-4.662433155080212
orphan,1.0,steered,45.175438596491226,45.175438596491226,43.824561403508774,0.0
orphan,1.0,assistant_axis,45.219298245614034,45.219298245614034,43.780701754385966,0.0
orphan,1.5,steered,53.50877192982456,45.175438596491226,35.49122807017544,0.19015212169735793
orphan,1.5,assistant_axis,48.54385964912281,45.219298245614034,40.45614035087719,0.0759366860348628
orphan,2.0,steered,62.333333333333336,45.175438596491226,26.666666666666664,0.39151321056845484
orphan,2.0,assistant_axis,43.04385964912281,45.219298245614034,45.95614035087719,-0.04968944099378877
orphan,2.5,steered,72.49561403508773,45.175438596491226,16.504385964912274,0.6233987189751803
orphan,2.5,assistant_axis,24.87719298245614,45.219298245614034,64.12280701754386,-0.46463634542175913
pacifist,1.0,steered,69.29824561403508,69.29824561403508,19.701754385964918,0.0
pacifist,1.0,assistant_axis,74.9298245614035,74.9298245614035,14.070175438596493,0.0
pacifist,1.5,steered,70.84210526315789,69.29824561403508,18.15789473684211,0.07836153161175427
pacifist,1.5,assistant_axis,80.35087719298245,74.9298245614035,8.649122807017548,0.3852867830423938
pacifist,2.0,steered,71.0,69.29824561403508,18.0,0.08637577916295663
pacifist,2.0,assistant_axis,73.83771929824562,74.9298245614035,15.162280701754383,-0.07761845386533633
pacifist,2.5,steered,72.85526315789474,69.29824561403508,16.14473684210526,0.18054318788958187
pacifist,2.5,assistant_axis,29.43859649122807,74.9298245614035,59.56140350877193,-3.2331670822942637
paramedic,1.0,steered,48.89035087719298,48.89035087719298,40.10964912280702,0.0
paramedic,1.0,assistant_axis,49.64912280701754,49.64912280701754,39.35087719298246,0.0
paramedic,1.5,steered,55.30701754385965,48.89035087719298,33.69298245614035,0.15997813012575188
paramedic,1.5,assistant_axis,50.9078947368421,49.64912280701754,38.0921052631579,0.03198840838163175
paramedic,2.0,steered,60.47368421052632,48.89035087719298,28.526315789473678,0.2887916894477859
paramedic,2.0,assistant_axis,34.89912280701754,49.64912280701754,54.10087719298246,-0.37483281319661166
paramedic,2.5,steered,66.00438596491227,48.89035087719298,22.995614035087726,0.426681246582832
paramedic,2.5,assistant_axis,17.280701754385966,49.64912280701754,71.71929824561403,-0.8225590726705304
parasite,1.0,steered,23.01315789473684,23.01315789473684,65.98684210526316,0.0
parasite,1.0,assistant_axis,20.535087719298247,20.535087719298247,68.46491228070175,0.0
parasite,1.5,steered,27.37719298245614,23.01315789473684,61.62280701754386,0.0661349285476903
parasite,1.5,assistant_axis,23.17105263157895,20.535087719298247,65.82894736842105,0.03850096092248559
parasite,2.0,steered,40.18421052631579,23.01315789473684,48.81578947368421,0.26021934197407776
parasite,2.0,assistant_axis,16.416666666666668,20.535087719298247,72.58333333333333,-0.060153747597693784
parasite,2.5,steered,61.44298245614035,23.01315789473684,27.55701754385965,0.5823861748089065
parasite,2.5,assistant_axis,11.666666666666666,20.535087719298247,77.33333333333333,-0.12953235105701477
parent,1.0,steered,55.3859649122807,55.3859649122807,33.6140350877193,0.0
parent,1.0,assistant_axis,56.48684210526316,56.48684210526316,32.51315789473684,0.0
parent,1.5,steered,63.08771929824562,55.3859649122807,25.912280701754383,0.22912317327766193
parent,1.5,assistant_axis,59.3421052631579,56.48684210526316,29.657894736842103,0.08781869688385278
parent,2.0,steered,68.6798245614035,55.3859649122807,20.320175438596493,0.39548538622129437
parent,2.0,assistant_axis,48.04824561403509,56.48684210526316,40.95175438596491,-0.2595440442465938
parent,2.5,steered,68.99561403508773,55.3859649122807,20.004385964912274,0.4048799582463468
parent,2.5,assistant_axis,23.837719298245613,56.48684210526316,65.16228070175438,-1.004181842708755
patient,1.0,steered,63.79824561403509,63.79824561403509,25.20175438596491,0.0
patient,1.0,assistant_axis,62.32456140350877,62.32456140350877,26.675438596491233,0.0
patient,1.5,steered,67.54385964912281,63.79824561403509,21.45614035087719,0.14862513052558302
patient,1.5,assistant_axis,65.23684210526316,62.32456140350877,23.763157894736835,0.1091746136139432
patient,2.0,steered,71.92105263157895,63.79824561403509,17.078947368421055,0.3223111729899059
patient,2.0,assistant_axis,54.14473684210526,62.32456140350877,34.85526315789474,-0.3066425517921735
patient,2.5,steered,75.20614035087719,63.79824561403509,13.793859649122808,0.45266272189349105
patient,2.5,assistant_axis,27.79824561403509,62.32456140350877,61.20175438596491,-1.2943110818809598
peacekeeper,1.0,steered,84.78508771929825,84.78508771929825,4.214912280701753,0.0
peacekeeper,1.0,assistant_axis,86.05263157894737,86.05263157894737,2.94736842105263,0.0
peacekeeper,1.5,steered,85.03508771929825,84.78508771929825,3.9649122807017534,0.05931321540062436
peacekeeper,1.5,assistant_axis,87.0657894736842,86.05263157894737,1.9342105263157947,0.3437499999999979
peacekeeper,2.0,steered,84.53070175438596,84.78508771929825,4.469298245614041,-0.06035379812695282
peacekeeper,2.0,assistant_axis,70.85964912280701,86.05263157894737,18.140350877192986,-5.1547619047619095
peacekeeper,2.5,steered,84.30701754385964,84.78508771929825,4.692982456140356,-0.11342351716961654
peacekeeper,2.5,assistant_axis,23.81578947368421,86.05263157894737,65.1842105263158,-21.11607142857144
perfectionist,1.0,steered,75.19298245614036,75.19298245614036,13.807017543859644,0.0
perfectionist,1.0,assistant_axis,70.87280701754386,70.87280701754386,18.127192982456137,0.0
perfectionist,1.5,steered,78.60526315789474,75.19298245614036,10.39473684210526,0.24714104193138492
perfectionist,1.5,assistant_axis,69.09210526315789,70.87280701754386,19.90789473684211,-0.09823372852649453
perfectionist,2.0,steered,80.1359649122807,75.19298245614036,8.864035087719301,0.3580050825921215
perfectionist,2.0,assistant_axis,47.6359649122807,70.87280701754386,41.3640350877193,-1.281877570771837
perfectionist,2.5,steered,81.65350877192982,75.19298245614036,7.346491228070178,0.4679161372299869
perfectionist,2.5,assistant_axis,11.425438596491228,70.87280701754386,77.57456140350877,-3.2794580208081308
pharmacist,1.0,steered,58.29824561403509,58.29824561403509,30.70175438596491,0.0
pharmacist,1.0,assistant_axis,60.20614035087719,60.20614035087719,28.79385964912281,0.0
pharmacist,1.5,steered,57.68421052631579,58.29824561403509,31.315789473684212,-0.020000000000000108
pharmacist,1.5,assistant_axis,61.81140350877193,60.20614035087719,27.18859649122807,0.05575019040365585
pharmacist,2.0,steered,56.63157894736842,58.29824561403509,32.36842105263158,-0.054285714285714444
pharmacist,2.0,assistant_axis,39.03508771929825,60.20614035087719,49.96491228070175,-0.7352627570449352
pharmacist,2.5,steered,52.16228070175438,58.29824561403509,36.83771929824562,-0.19985714285714298
pharmacist,2.5,assistant_axis,13.530701754385966,60.20614035087719,75.46929824561403,-1.621020563594821
philosopher,1.0,steered,64.21834061135371,64.21834061135371,24.78165938864629,0.0
philosopher,1.0,assistant_axis,68.95196506550218,68.95196506550218,20.04803493449782,0.0
philosopher,1.5,steered,67.1004366812227,64.21834061135371,21.899563318777297,0.11629955947136553
philosopher,1.5,assistant_axis,71.07423580786026,68.95196506550218,17.925764192139738,0.10585928991505138
philosopher,2.0,steered,68.38427947598254,64.21834061135371,20.615720524017462,0.16810572687224695
philosopher,2.0,assistant_axis,51.92576419213974,68.95196506550218,37.07423580786026,-0.8492703114789802
philosopher,2.5,steered,69.04366812227074,64.21834061135371,19.956331877729255,0.19471365638766536
philosopher,2.5,assistant_axis,20.17467248908297,68.95196506550218,68.82532751091703,-2.433021128294489
photographer,1.0,steered,37.95614035087719,37.95614035087719,51.04385964912281,0.0
photographer,1.0,assistant_axis,38.87719298245614,38.87719298245614,50.12280701754386,0.0
photographer,1.5,steered,43.68859649122807,37.95614035087719,45.31140350877193,0.11230451967692041
photographer,1.5,assistant_axis,40.62719298245614,38.87719298245614,48.37280701754386,0.03491424571228561
photographer,2.0,steered,46.25,37.95614035087719,42.75,0.16248496305207083
photographer,2.0,assistant_axis,28.42105263157895,38.87719298245614,60.578947368421055,-0.20861043052152597
photographer,2.5,steered,49.0921052631579,37.95614035087719,39.9078947368421,0.2181646330984706
photographer,2.5,assistant_axis,12.543859649122806,38.87719298245614,76.45614035087719,-0.5253762688134406
physicist,1.0,steered,58.09649122807018,58.09649122807018,30.903508771929822,0.0
physicist,1.0,assistant_axis,42.00438596491228,42.00438596491228,46.99561403508772,0.0
physicist,1.5,steered,60.07017543859649,58.09649122807018,28.929824561403507,0.06386602327561736
physicist,1.5,assistant_axis,40.77192982456141,42.00438596491228,48.22807017543859,-0.026224918338777253
physicist,2.0,steered,63.21491228070175,58.09649122807018,25.785087719298247,0.16562588702810094
physicist,2.0,assistant_axis,27.214912280701757,42.00438596491228,61.78508771929825,-0.3146990200653289
physicist,2.5,steered,66.84210526315789,58.09649122807018,22.15789473684211,0.2829974453590688
physicist,2.5,assistant_axis,12.346491228070176,42.00438596491228,76.65350877192982,-0.631077928138124
pilgrim,1.0,steered,34.36842105263158,34.36842105263158,54.63157894736842,0.0
pilgrim,1.0,assistant_axis,39.81140350877193,39.81140350877193,49.18859649122807,0.0
pilgrim,1.5,steered,37.3421052631579,34.36842105263158,51.6578947368421,0.05443159922928708
pilgrim,1.5,assistant_axis,45.57017543859649,39.81140350877193,43.42982456140351,0.11707534551939368
pilgrim,2.0,steered,42.00438596491228,34.36842105263158,46.99561403508772,0.13977199743095692
pilgrim,2.0,assistant_axis,46.14912280701754,39.81140350877193,42.85087719298246,0.12884529647793125
pilgrim,2.5,steered,48.37280701754386,34.36842105263158,40.62719298245614,0.2563423249839435
pilgrim,2.5,assistant_axis,18.44298245614035,39.81140350877193,70.55701754385964,-0.4344181899242087
pilot,1.0,steered,50.26315789473684,50.26315789473684,38.73684210526316,0.0
pilot,1.0,assistant_axis,47.94736842105263,47.94736842105263,41.05263157894737,0.0
pilot,1.5,steered,54.07017543859649,50.26315789473684,34.92982456140351,0.09827898550724642
pilot,1.5,assistant_axis,49.280701754385966,47.94736842105263,39.719298245614034,0.03247863247863254
pilot,2.0,steered,59.46491228070175,50.26315789473684,29.535087719298247,0.23754528985507242
pilot,2.0,assistant_axis,34.583333333333336,47.94736842105263,54.416666666666664,-0.32553418803418793
pilot,2.5,steered,64.80701754385964,50.26315789473684,24.192982456140356,0.3754528985507245
pilot,2.5,assistant_axis,15.767543859649123,47.94736842105263,73.23245614035088,-0.7838675213675212
pirate,1.0,steered,18.19298245614035,18.19298245614035,70.80701754385964,0.0
pirate,1.0,assistant_axis,16.114035087719298,16.114035087719298,72.8859649122807,0.0
pirate,1.5,steered,24.837719298245613,18.19298245614035,64.16228070175438,0.09384291377601588
pirate,1.5,assistant_axis,19.05701754385965,16.114035087719298,69.94298245614036,0.040377903478156243
pirate,2.0,steered,36.43859649122807,18.19298245614035,52.56140350877193,0.2576808721506442
pirate,2.0,assistant_axis,17.42105263157895,16.114035087719298,71.57894736842105,0.01793236249849563
pirate,2.5,steered,55.44736842105263,18.19298245614035,33.55263157894737,0.5261397423191279
pirate,2.5,assistant_axis,10.043859649122806,16.114035087719298,78.95614035087719,-0.08328318690576483
planner,1.0,steered,84.12719298245614,84.12719298245614,4.872807017543863,0.0
planner,1.0,assistant_axis,83.50438596491227,83.50438596491227,5.495614035087726,0.0
planner,1.5,steered,82.93859649122807,84.12719298245614,6.061403508771932,-0.24392439243924338
planner,1.5,assistant_axis,81.56140350877193,83.50438596491227,7.438596491228068,-0.35355147645650237
planner,2.0,steered,82.71052631578948,84.12719298245614,6.28947368421052,-0.29072907290728855
planner,2.0,assistant_axis,55.51754385964912,83.50438596491227,33.48245614035088,-5.092577813248196
planner,2.5,steered,78.4780701754386,84.12719298245614,10.521929824561397,-1.1593159315931565
planner,2.5,assistant_axis,15.87719298245614,83.50438596491227,73.12280701754386,-12.30566640063845
playwright,1.0,steered,51.37280701754386,51.37280701754386,37.62719298245614,0.0
playwright,1.0,assistant_axis,47.17982456140351,47.17982456140351,41.82017543859649,0.0
playwright,1.5,steered,57.328947368421055,51.37280701754386,31.671052631578945,0.15829350740179507
playwright,1.5,assistant_axis,48.60087719298246,47.17982456140351,40.39912280701754,0.03398007341373897
playwright,2.0,steered,71.29824561403508,51.37280701754386,17.701754385964918,0.5295488984730153
playwright,2.0,assistant_axis,38.1140350877193,47.17982456140351,50.8859649122807,-0.21678028316727832
playwright,2.5,steered,84.03508771929825,51.37280701754386,4.964912280701753,0.868049889264483
playwright,2.5,assistant_axis,14.385964912280702,47.17982456140351,74.6140350877193,-0.784163607760881
podcaster,1.0,steered,70.58771929824562,70.58771929824562,18.412280701754383,0.0
podcaster,1.0,assistant_axis,68.60526315789474,68.60526315789474,20.39473684210526,0.0
podcaster,1.5,steered,74.54824561403508,70.58771929824562,14.451754385964918,0.2151024297284417
podcaster,1.5,assistant_axis,69.07456140350877,68.60526315789474,19.925438596491233,0.023010752688171654
podcaster,2.0,steered,80.50877192982456,70.58771929824562,8.491228070175438,0.5388280133396856
podcaster,2.0,assistant_axis,49.19298245614035,68.60526315789474,39.80701754385965,-0.9518279569892477
podcaster,2.5,steered,83.3201754385965,70.58771929824562,5.679824561403507,0.6915197713196761
podcaster,2.5,assistant_axis,17.5,68.60526315789474,71.5,-2.5058064516129037
poet,1.0,steered,38.55263157894737,38.55263157894737,50.44736842105263,0.0
poet,1.0,assistant_axis,43.583333333333336,43.583333333333336,45.416666666666664,0.0
poet,1.5,steered,43.6359649122807,38.55263157894737,45.3640350877193,0.10076508433315937
poet,1.5,assistant_axis,51.99561403508772,43.583333333333336,37.00438596491228,0.18522452921294055
poet,2.0,steered,51.94298245614035,38.55263157894737,37.05701754385965,0.26543209876543206
poet,2.0,assistant_axis,60.25438596491228,43.583333333333336,28.74561403508772,0.3670690487687107
poet,2.5,steered,65.02631578947368,38.55263157894737,23.973684210526315,0.5247782994261867
poet,2.5,assistant_axis,12.657894736842104,43.583333333333336,76.34210526315789,-0.6809270883631098
polymath,1.0,steered,86.73684210526316,86.73684210526316,2.2631578947368354,0.0
polymath,1.0,assistant_axis,85.3859649122807,85.3859649122807,3.6140350877193015,0.0
polymath,1.5,steered,87.22368421052632,86.73684210526316,1.776315789473685,0.21511627906976477
polymath,1.5,assistant_axis,83.70175438596492,85.3859649122807,5.298245614035082,-0.46601941747572523
polymath,2.0,steered,85.59649122807018,86.73684210526316,3.403508771929822,-0.5038759689922513
polymath,2.0,assistant_axis,55.50877192982456,85.3859649122807,33.49122807017544,-8.266990291262127
polymath,2.5,steered,85.41666666666667,86.73684210526316,3.5833333333333286,-0.5833333333333359
polymath,2.5,assistant_axis,14.473684210526317,85.3859649122807,74.52631578947368,-19.621359223300953
pragmatist,1.0,steered,80.46288209606988,80.46288209606988,8.537117903930124,0.0
pragmatist,1.0,assistant_axis,75.10480349344978,75.10480349344978,13.89519650655022,0.0
pragmatist,1.5,steered,84.03056768558952,80.46288209606988,4.969432314410483,0.41790281329923196
pragmatist,1.5,assistant_axis,75.24454148471615,75.10480349344978,13.755458515283848,0.010056568196102846
pragmatist,2.0,steered,86.29257641921397,80.46288209606988,2.7074235807860276,0.6828644501278768
pragmatist,2.0,assistant_axis,57.0,75.10480349344978,32.0,-1.3029541169076049
pragmatist,2.5,steered,86.62008733624454,80.46288209606988,2.379912663755462,0.7212276214833753
pragmatist,2.5,assistant_axis,20.502183406113534,75.10480349344978,68.49781659388647,-3.929604022627278
predator,1.0,steered,16.767543859649123,16.767543859649123,72.23245614035088,0.0
predator,1.0,assistant_axis,14.56578947368421,14.56578947368421,74.4342105263158,0.0
predator,1.5,steered,22.55701754385965,16.767543859649123,66.44298245614036,0.08015058594935942
predator,1.5,assistant_axis,15.030701754385966,14.56578947368421,73.96929824561403,0.006245948971775391
predator,2.0,steered,37.28947368421053,16.767543859649123,51.71052631578947,0.2841095391341308
predator,2.0,assistant_axis,12.583333333333334,14.56578947368421,76.41666666666667,-0.026633669200400674
predator,2.5,steered,64.19736842105263,16.767543859649123,24.80263157894737,0.6566276033760398
predator,2.5,assistant_axis,7.5,14.56578947368421,81.5,-0.09492663956160509
presenter,1.0,steered,82.69298245614036,82.69298245614036,6.307017543859644,0.0
presenter,1.0,assistant_axis,75.9342105263158,75.9342105263158,13.065789473684205,0.0
presenter,1.5,steered,86.05701754385964,82.69298245614036,2.9429824561403564,0.5333796940194702
presenter,1.5,assistant_axis,73.78070175438596,75.9342105263158,15.219298245614041,-0.1648204095334014
presenter,2.0,steered,88.02631578947368,82.69298245614036,0.973684210526315,0.8456189151599444
presenter,2.0,assistant_axis,45.47368421052632,75.9342105263158,43.52631578947368,-2.3313192346424985
presenter,2.5,steered,86.67543859649123,82.69298245614036,2.324561403508767,0.6314325452016695
presenter,2.5,assistant_axis,15.0,75.9342105263158,74.0,-4.663645518630415
prey,1.0,steered,33.89912280701754,33.89912280701754,55.10087719298246,0.0
prey,1.0,assistant_axis,33.95614035087719,33.95614035087719,55.04385964912281,0.0
prey,1.5,steered,43.95175438596491,33.89912280701754,45.04824561403509,0.1824404998806018
prey,1.5,assistant_axis,35.73684210526316,33.95614035087719,53.26315789473684,0.03235059760956177
prey,2.0,steered,65.06140350877193,33.89912280701754,23.93859649122807,0.5655496298654781
prey,2.0,assistant_axis,32.84649122807018,33.95614035087719,56.15350877192982,-0.020159362549800722
prey,2.5,steered,81.65789473684211,33.89912280701754,7.34210526315789,0.8667515720767334
prey,2.5,assistant_axis,22.08333333333333,33.95614035087719,66.91666666666667,-0.21569721115537854
prisoner,1.0,steered,33.25,33.25,55.75,0.0
prisoner,1.0,assistant_axis,28.24561403508772,28.24561403508772,60.75438596491228,0.0
prisoner,1.5,steered,38.66228070175438,33.25,50.33771929824562,0.09708126819290373
prisoner,1.5,assistant_axis,30.140350877192983,28.24561403508772,58.859649122807014,0.03118683222639331
prisoner,2.0,steered,49.5921052631579,33.25,39.4078947368421,0.2931319329714421
prisoner,2.0,assistant_axis,24.28070175438597,28.24561403508772,64.71929824561403,-0.0652613341033785
prisoner,2.5,steered,63.1140350877193,33.25,25.8859649122807,0.5356777594209741
prisoner,2.5,assistant_axis,16.359649122807017,28.24561403508772,72.64035087719299,-0.19563961882760614
procrastinator,1.0,steered,36.69298245614035,36.69298245614035,52.30701754385965,0.0
procrastinator,1.0,assistant_axis,38.37719298245614,38.37719298245614,50.62280701754386,0.0
procrastinator,1.5,steered,43.26754385964912,36.69298245614035,45.73245614035088,0.1256917658896529
procrastinator,1.5,assistant_axis,43.62719298245614,38.37719298245614,45.37280701754386,0.10370819615317968
procrastinator,2.0,steered,58.64473684210526,36.69298245614035,30.35526315789474,0.41967130638940126
procrastinator,2.0,assistant_axis,52.07456140350877,38.37719298245614,36.92543859649123,0.27057702304626574
procrastinator,2.5,steered,70.90350877192982,36.69298245614035,18.096491228070178,0.6540332047627033
procrastinator,2.5,assistant_axis,46.92105263157895,38.37719298245614,42.07894736842105,0.16877490902789827
prodigy,1.0,steered,73.06140350877193,73.06140350877193,15.938596491228068,0.0
prodigy,1.0,assistant_axis,13.81578947368421,13.81578947368421,75.1842105263158,0.0
prodigy,1.5,steered,78.76754385964912,73.06140350877193,10.232456140350877,0.35800770500825535
prodigy,1.5,assistant_axis,13.81578947368421,13.81578947368421,75.1842105263158,0.0
prodigy,2.0,steered,84.21052631578948,73.06140350877193,4.78947368421052,0.6995046780407268
prodigy,2.0,assistant_axis,13.81578947368421,13.81578947368421,75.1842105263158,0.0
prodigy,2.5,steered,82.98245614035088,73.06140350877193,6.017543859649123,0.6224545954870665
prodigy,2.5,assistant_axis,13.81578947368421,13.81578947368421,75.1842105263158,0.0
producer,1.0,steered,73.34210526315789,73.34210526315789,15.65789473684211,0.0
producer,1.0,assistant_axis,70.46929824561404,70.46929824561404,18.53070175438596,0.0
producer,1.5,steered,74.99122807017544,73.34210526315789,14.008771929824562,0.10532212885154085
producer,1.5,assistant_axis,70.86842105263158,70.46929824561404,18.131578947368425,0.021538461538461007
producer,2.0,steered,76.96929824561404,73.34210526315789,12.030701754385959,0.2316526610644264
producer,2.0,assistant_axis,49.3421052631579,70.46929824561404,39.6578947368421,-1.1401183431952668
producer,2.5,steered,76.45614035087719,73.34210526315789,12.543859649122808,0.19887955182072845
producer,2.5,assistant_axis,15.679824561403509,70.46929824561404,73.3201754385965,-2.956686390532546
programmer,1.0,steered,64.55263157894737,64.55263157894737,24.44736842105263,0.0
programmer,1.0,assistant_axis,17.346491228070175,17.346491228070175,71.65350877192982,0.0
programmer,1.5,steered,66.89473684210526,64.55263157894737,22.10526315789474,0.09580193756727647
programmer,1.5,assistant_axis,17.346491228070175,17.346491228070175,71.65350877192982,0.0
programmer,2.0,steered,69.68859649122807,64.55263157894737,19.31140350877193,0.2100825260136346
programmer,2.0,assistant_axis,17.346491228070175,17.346491228070175,71.65350877192982,0.0
programmer,2.5,steered,66.89473684210526,64.55263157894737,22.10526315789474,0.09580193756727647
programmer,2.5,assistant_axis,17.346491228070175,17.346491228070175,71.65350877192982,0.0
proofreader,1.0,steered,48.59649122807018,48.59649122807018,40.40350877192982,0.0
proofreader,1.0,assistant_axis,49.73684210526316,49.73684210526316,39.26315789473684,0.0
proofreader,1.5,steered,48.44298245614035,48.59649122807018,40.55701754385965,-0.0037993920972645458
proofreader,1.5,assistant_axis,52.41666666666666,49.73684210526316,36.58333333333334,0.0682529043789095
proofreader,2.0,steered,48.81578947368421,48.59649122807018,40.18421052631579,0.005427702996092033
proofreader,2.0,assistant_axis,32.54385964912281,49.73684210526316,56.45614035087719,-0.4378909740840035
proofreader,2.5,steered,49.27192982456141,48.59649122807018,39.72807017543859,0.01671732522796365
proofreader,2.5,assistant_axis,5.504385964912281,49.73684210526316,83.49561403508773,-1.1265638963360143
prophet,1.0,steered,44.33771929824562,44.33771929824562,44.66228070175438,0.0
prophet,1.0,assistant_axis,42.28508771929825,42.28508771929825,46.71491228070175,0.0
prophet,1.5,steered,52.60526315789474,44.33771929824562,36.39473684210526,0.18511244230580381
prophet,1.5,assistant_axis,46.82017543859649,42.28508771929825,42.17982456140351,0.09708008637686605
prophet,2.0,steered,71.34210526315789,44.33771929824562,17.65789473684211,0.6046351762741823
prophet,2.0,assistant_axis,43.74561403508772,42.28508771929825,45.25438596491228,0.03126466998403903
prophet,2.5,steered,84.26754385964912,44.33771929824562,4.732456140350877,0.8940390847490917
prophet,2.5,assistant_axis,13.114035087719298,42.28508771929825,75.8859649122807,-0.6244484086001315
provincial,1.0,steered,45.43859649122807,45.43859649122807,43.56140350877193,0.0
provincial,1.0,assistant_axis,44.828947368421055,44.828947368421055,44.171052631578945,0.0
provincial,1.5,steered,53.41228070175438,45.43859649122807,35.58771929824562,0.18304470398711234
provincial,1.5,assistant_axis,50.21052631578947,44.828947368421055,38.78947368421053,0.12183497170092338
provincial,2.0,steered,67.02631578947368,45.43859649122807,21.973684210526315,0.495569875151027
provincial,2.0,assistant_axis,50.31140350877193,44.828947368421055,38.68859649122807,0.12411875682653162
provincial,2.5,steered,79.50877192982456,45.43859649122807,9.491228070175438,0.7821184051550544
provincial,2.5,assistant_axis,22.93859649122807,44.828947368421055,66.06140350877193,-0.49558137225697557
provocateur,1.0,steered,36.57017543859649,36.57017543859649,52.42982456140351,0.0
provocateur,1.0,assistant_axis,33.09649122807018,33.09649122807018,55.90350877192982,0.0
provocateur,1.5,steered,42.41228070175438,36.57017543859649,46.58771929824562,0.11142713735987946
provocateur,1.5,assistant_axis,36.719298245614034,33.09649122807018,52.280701754385966,0.0648046445943825
provocateur,2.0,steered,62.61842105263158,36.57017543859649,26.381578947368418,0.4968211477329765
provocateur,2.0,assistant_axis,38.15350877192982,33.09649122807018,50.84649122807018,0.09045975207908354
provocateur,2.5,steered,78.80263157894737,36.57017543859649,10.19736842105263,0.8055044336623725
provocateur,2.5,assistant_axis,15.986842105263158,33.09649122807018,73.01315789473685,-0.3060568021340029
psychologist,1.0,steered,70.08333333333333,70.08333333333333,18.91666666666667,0.0
psychologist,1.0,assistant_axis,18.59649122807017,18.59649122807017,70.40350877192984,0.0
psychologist,1.5,steered,69.76754385964912,70.08333333333333,19.232456140350877,-0.016693716670530673
psychologist,1.5,assistant_axis,18.59649122807017,18.59649122807017,70.40350877192984,0.0
psychologist,2.0,steered,69.31140350877193,70.08333333333333,19.68859649122807,-0.040806862972408646
psychologist,2.0,assistant_axis,18.59649122807017,18.59649122807017,70.40350877192984,0.0
psychologist,2.5,steered,68.96491228070175,70.08333333333333,20.035087719298247,-0.05912357987479691
psychologist,2.5,assistant_axis,18.59649122807017,18.59649122807017,70.40350877192984,0.0
publisher,1.0,steered,60.24561403508772,60.24561403508772,28.75438596491228,0.0
publisher,1.0,assistant_axis,55.98245614035088,55.98245614035088,33.01754385964912,0.0
publisher,1.5,steered,62.49122807017544,60.24561403508772,26.50877192982456,0.07809640024405125
publisher,1.5,assistant_axis,55.62719298245614,55.98245614035088,33.37280701754386,-0.010759829968119113
publisher,2.0,steered,65.46929824561404,60.24561403508772,23.53070175438596,0.18166564978645539
publisher,2.0,assistant_axis,40.04385964912281,55.98245614035088,48.95614035087719,-0.482731137088204
publisher,2.5,steered,68.25,60.24561403508772,20.75,0.27837095790115923
publisher,2.5,assistant_axis,12.105263157894736,55.98245614035088,76.89473684210526,-1.328905419766206
purist,1.0,steered,68.42543859649123,68.42543859649123,20.574561403508767,0.0
purist,1.0,assistant_axis,62.8421052631579,62.8421052631579,26.157894736842103,0.0
purist,1.5,steered,70.37719298245614,68.42543859649123,18.622807017543863,0.09486250266467665
purist,1.5,assistant_axis,65.5701754385965,62.8421052631579,23.429824561403507,0.10429242119382963
purist,2.0,steered,72.68859649122807,68.42543859649123,16.31140350877193,0.20720528671924934
purist,2.0,assistant_axis,59.0,62.8421052631579,30.0,-0.14688128772635825
purist,2.5,steered,77.5219298245614,68.42543859649123,11.478070175438603,0.442123214666382
purist,2.5,assistant_axis,22.19298245614035,62.8421052631579,66.80701754385964,-1.5539906103286387
realist,1.0,steered,84.3157894736842,84.3157894736842,4.684210526315795,0.0
realist,1.0,assistant_axis,18.837719298245613,18.837719298245613,70.16228070175438,0.0
realist,1.5,steered,86.34210526315789,84.3157894736842,2.6578947368421098,0.432584269662921
realist,1.5,assistant_axis,18.837719298245613,18.837719298245613,70.16228070175438,0.0
realist,2.0,steered,87.65350877192982,84.3157894736842,1.3464912280701782,0.7125468164794004
realist,2.0,assistant_axis,18.837719298245613,18.837719298245613,70.16228070175438,0.0
realist,2.5,steered,86.35964912280701,84.3157894736842,2.6403508771929864,0.43632958801498106
realist,2.5,assistant_axis,18.837719298245613,18.837719298245613,70.16228070175438,0.0
rebel,1.0,steered,35.69298245614035,35.69298245614035,53.30701754385965,0.0
rebel,1.0,assistant_axis,37.70175438596491,37.70175438596491,51.29824561403509,0.0
rebel,1.5,steered,40.25877192982456,35.69298245614035,48.74122807017544,0.08565081454665134
rebel,1.5,assistant_axis,41.87719298245614,37.70175438596491,47.12280701754386,0.08139534883720925
rebel,2.0,steered,51.31140350877193,35.69298245614035,37.68859649122807,0.2929899621523779
rebel,2.0,assistant_axis,46.22368421052632,37.70175438596491,42.77631578947368,0.16612517099863217
rebel,2.5,steered,63.12280701754386,35.69298245614035,25.877192982456137,0.5145631067961166
rebel,2.5,assistant_axis,17.82017543859649,37.70175438596491,71.1798245614035,-0.38756839945280436
recruiter,1.0,steered,61.75877192982456,61.75877192982456,27.24122807017544,0.0
recruiter,1.0,assistant_axis,62.7280701754386,62.7280701754386,26.271929824561397,0.0
recruiter,1.5,steered,63.1359649122807,61.75877192982456,25.8640350877193,0.05055546610851702
recruiter,1.5,assistant_axis,64.4780701754386,62.7280701754386,24.521929824561397,0.06661101836393991
recruiter,2.0,steered,66.39035087719299,61.75877192982456,22.609649122807014,0.17002093060698775
recruiter,2.0,assistant_axis,45.0,62.7280701754386,44.0,-0.6747913188647751
recruiter,2.5,steered,64.76754385964912,61.75877192982456,24.232456140350877,0.1104492030268878
recruiter,2.5,assistant_axis,15.855263157894736,62.7280701754386,73.14473684210526,-1.784140233722872
refugee,1.0,steered,35.21491228070175,35.21491228070175,53.78508771929825,0.0
refugee,1.0,assistant_axis,31.2280701754386,31.2280701754386,57.7719298245614,0.0
refugee,1.5,steered,40.82456140350877,35.21491228070175,48.17543859649123,0.1042974802250672
refugee,1.5,assistant_axis,33.91228070175438,31.2280701754386,55.08771929824562,0.04646219252960817
refugee,2.0,steered,47.10964912280702,35.21491228070175,41.89035087719298,0.22115306205659307
refugee,2.0,assistant_axis,30.109649122807017,31.2280701754386,58.890350877192986,-0.019359246887336836
refugee,2.5,steered,57.15350877192982,35.21491228070175,31.846491228070178,0.4078936638669167
refugee,2.5,assistant_axis,20.84210526315789,31.2280701754386,68.15789473684211,-0.17977528089887657
reporter,1.0,steered,68.4780701754386,68.4780701754386,20.521929824561397,0.0
reporter,1.0,assistant_axis,61.925438596491226,61.925438596491226,27.074561403508774,0.0
reporter,1.5,steered,75.23245614035088,68.4780701754386,13.767543859649123,0.32913015601624257
reporter,1.5,assistant_axis,62.88157894736842,61.925438596491226,26.118421052631582,0.03531508180787295
reporter,2.0,steered,81.96052631578948,68.4780701754386,7.03947368421052,0.6569779867493056
reporter,2.0,assistant_axis,40.73245614035088,61.925438596491226,48.26754385964912,-0.7827636481451481
reporter,2.5,steered,81.13157894736842,68.4780701754386,7.868421052631575,0.6165847403291302
reporter,2.5,assistant_axis,13.092105263157896,61.925438596491226,75.90789473684211,-1.8036611048112745
researcher,1.0,steered,87.1140350877193,87.1140350877193,1.8859649122806985,0.0
researcher,1.0,assistant_axis,16.38157894736842,16.38157894736842,72.61842105263158,0.0
researcher,1.5,steered,87.4780701754386,87.1140350877193,1.521929824561397,0.19302325581395555
researcher,1.5,assistant_axis,16.38157894736842,16.38157894736842,72.61842105263158,0.0
researcher,2.0,steered,87.06140350877193,87.1140350877193,1.9385964912280684,-0.02790697674418689
researcher,2.0,assistant_axis,16.38157894736842,16.38157894736842,72.61842105263158,0.0
researcher,2.5,steered,83.8640350877193,87.1140350877193,5.1359649122806985,-1.7232558139534913
researcher,2.5,assistant_axis,16.38157894736842,16.38157894736842,72.61842105263158,0.0
retiree,1.0,steered,49.51754385964912,49.51754385964912,39.48245614035088,0.0
retiree,1.0,assistant_axis,48.2280701754386,48.2280701754386,40.7719298245614,0.0
retiree,1.5,steered,54.23684210526316,49.51754385964912,34.76315789473684,0.11952899355698732
retiree,1.5,assistant_axis,51.20175438596491,48.2280701754386,37.79824561403509,0.07293459552495679
retiree,2.0,steered,60.12719298245614,49.51754385964912,28.872807017543863,0.2687180626527437
retiree,2.0,assistant_axis,41.31578947368421,48.2280701754386,47.68421052631579,-0.16953528399311546
retiree,2.5,steered,66.71052631578948,49.51754385964912,22.28947368421052,0.4354587869362365
retiree,2.5,assistant_axis,19.01315789473684,48.2280701754386,69.98684210526316,-0.716544750430293
revenant,1.0,steered,11.36842105263158,11.36842105263158,77.63157894736842,0.0
revenant,1.0,assistant_axis,11.416666666666666,11.416666666666666,77.58333333333333,0.0
revenant,1.5,steered,13.596491228070176,11.36842105263158,75.40350877192982,0.028700564971751403
revenant,1.5,assistant_axis,12.333333333333334,11.416666666666666,76.66666666666667,0.011815252416756192
revenant,2.0,steered,17.763157894736842,11.36842105263158,71.23684210526315,0.08237288135593218
revenant,2.0,assistant_axis,12.557017543859647,11.416666666666666,76.44298245614036,0.014698400135677523
revenant,2.5,steered,37.60087719298246,11.36842105263158,51.39912280701754,0.337909604519774
revenant,2.5,assistant_axis,7.105263157894737,11.416666666666666,81.89473684210526,-0.05557125897450392
reviewer,1.0,steered,88.53508771929825,88.53508771929825,0.4649122807017534,0.0
reviewer,1.0,assistant_axis,87.37719298245614,87.37719298245614,1.6228070175438631,0.0
reviewer,1.5,steered,87.24122807017544,88.53508771929825,1.7587719298245617,-2.783018867924537
reviewer,1.5,assistant_axis,84.15789473684211,87.37719298245614,4.84210526315789,-1.9837837837837746
reviewer,2.0,steered,84.6842105263158,88.53508771929825,4.315789473684205,-8.283018867924538
reviewer,2.0,assistant_axis,52.52192982456141,87.37719298245614,36.47807017543859,-21.478378378378324
reviewer,2.5,steered,79.75,88.53508771929825,9.25,-18.896226415094382
reviewer,2.5,assistant_axis,16.842105263157894,87.37719298245614,72.15789473684211,-43.46486486486477
revolutionary,1.0,steered,43.23684210526316,43.23684210526316,45.76315789473684,0.0
revolutionary,1.0,assistant_axis,45.30701754385965,45.30701754385965,43.69298245614035,0.0
revolutionary,1.5,steered,49.48684210526316,43.23684210526316,39.51315789473684,0.13657274295572167
revolutionary,1.5,assistant_axis,52.030701754385966,45.30701754385965,36.969298245614034,0.15388476209596466
revolutionary,2.0,steered,58.87280701754386,43.23684210526316,30.127192982456137,0.34167145869273535
revolutionary,2.0,assistant_axis,55.578947368421055,45.30701754385965,33.421052631578945,0.23509335474804258
revolutionary,2.5,steered,69.69298245614036,43.23684210526316,19.307017543859644,0.5781100249185357
revolutionary,2.5,assistant_axis,15.679824561403509,45.30701754385965,73.3201754385965,-0.6780766914274243
robot,1.0,steered,87.12719298245614,87.12719298245614,1.8728070175438631,0.0
robot,1.0,assistant_axis,84.54824561403508,84.54824561403508,4.451754385964918,0.0
robot,1.5,steered,87.04385964912281,87.12719298245614,1.9561403508771917,-0.044496487119435324
robot,1.5,assistant_axis,83.55263157894737,84.54824561403508,5.44736842105263,-0.22364532019704242
robot,2.0,steered,85.84210526315789,87.12719298245614,3.1578947368421098,-0.6861826697892264
robot,2.0,assistant_axis,60.86842105263158,84.54824561403508,28.131578947368418,-5.3192118226600895
robot,2.5,steered,77.34210526315789,87.12719298245614,11.65789473684211,-5.224824355971887
robot,2.5,assistant_axis,30.614035087719294,84.54824561403508,58.385964912280706,-12.115270935960575
rogue,1.0,steered,30.350877192982452,30.350877192982452,58.64912280701755,0.0
rogue,1.0,assistant_axis,26.390350877192983,26.390350877192983,62.609649122807014,0.0
rogue,1.5,steered,40.81578947368421,30.350877192982452,48.18421052631579,0.17843254561770874
rogue,1.5,assistant_axis,28.20614035087719,26.390350877192983,60.79385964912281,0.029001751313485088
rogue,2.0,steered,64.82894736842105,30.350877192982452,24.171052631578945,0.5878701764881843
rogue,2.0,assistant_axis,22.87280701754386,26.390350877192983,66.12719298245614,-0.05618213660245185
rogue,2.5,steered,82.81140350877193,30.350877192982452,6.188596491228068,0.8944810050852529
rogue,2.5,assistant_axis,10.899122807017545,26.390350877192983,78.10087719298245,-0.2474255691768827
romantic,1.0,steered,39.05240174672489,39.05240174672489,49.94759825327511,0.0
romantic,1.0,assistant_axis,43.09606986899564,43.09606986899564,45.90393013100436,0.0
romantic,1.5,steered,41.17105263157895,39.05240174672489,47.82894736842105,0.042417472690293785
romantic,1.5,assistant_axis,49.78947368421053,43.09606986899564,39.21052631578947,0.1458133060962908
romantic,2.0,steered,45.16666666666666,39.05240174672489,43.83333333333334,0.1224135921198343
romantic,2.0,assistant_axis,50.81140350877193,43.09606986899564,38.18859649122807,0.16807566623941883
romantic,2.5,steered,49.15350877192982,39.05240174672489,39.84649122807018,0.2022340888942061
romantic,2.5,assistant_axis,21.18421052631579,43.09606986899564,67.8157894736842,-0.4773416846911802
saboteur,1.0,steered,24.80263157894737,24.80263157894737,64.19736842105263,0.0
saboteur,1.0,assistant_axis,22.364035087719294,22.364035087719294,66.63596491228071,0.0
saboteur,1.5,steered,30.464912280701757,24.80263157894737,58.53508771929825,0.08820113411218147
saboteur,1.5,assistant_axis,23.09210526315789,22.364035087719294,65.90789473684211,0.010926084380964906
saboteur,2.0,steered,41.03947368421053,24.80263157894737,47.96052631578947,0.25292068046730887
saboteur,2.0,assistant_axis,15.855263157894736,22.364035087719294,73.14473684210526,-0.0976765615744092
saboteur,2.5,steered,60.39035087719298,24.80263157894737,28.60964912280702,0.554348568695771
saboteur,2.5,assistant_axis,8.486842105263158,22.364035087719294,80.51315789473685,-0.20825380109260835
sage,1.0,steered,79.67105263157895,79.67105263157895,9.328947368421055,0.0
sage,1.0,assistant_axis,82.53508771929825,82.53508771929825,6.464912280701753,0.0
sage,1.5,steered,79.75,79.67105263157895,9.25,0.008462623413258348
sage,1.5,assistant_axis,83.26315789473684,82.53508771929825,5.736842105263165,0.11261872455902189
sage,2.0,steered,77.04824561403508,79.67105263157895,11.951754385964918,-0.28114715561824194
sage,2.0,assistant_axis,63.69736842105263,82.53508771929825,25.30263157894737,-2.9138398914518326
sage,2.5,steered,76.1842105263158,79.67105263157895,12.815789473684205,-0.37376586741889894
sage,2.5,assistant_axis,14.49561403508772,82.53508771929825,74.50438596491227,-10.524423337856174
scheduler,1.0,steered,54.77192982456141,54.77192982456141,34.22807017543859,0.0
scheduler,1.0,assistant_axis,57.43421052631579,57.43421052631579,31.565789473684212,0.0
scheduler,1.5,steered,56.43859649122807,54.77192982456141,32.56140350877193,0.048692977960020235
scheduler,1.5,assistant_axis,58.31140350877193,57.43421052631579,30.68859649122807,0.027789356676393054
scheduler,2.0,steered,56.70614035087719,54.77192982456141,32.29385964912281,0.05650948231676039
scheduler,2.0,assistant_axis,43.98245614035088,57.43421052631579,45.01754385964912,-0.4261497846324857
scheduler,2.5,steered,53.01754385964912,54.77192982456141,35.98245614035088,-0.05125576627370602
scheduler,2.5,assistant_axis,13.706140350877194,57.43421052631579,75.29385964912281,-1.385299430318188
scholar,1.0,steered,89.05701754385964,89.05701754385964,-0.05701754385964364,-0.0
scholar,1.0,assistant_axis,88.69736842105263,88.69736842105263,0.3026315789473699,0.0
scholar,1.5,steered,88.03947368421052,89.05701754385964,0.9605263157894797,17.846153846155573
scholar,1.5,assistant_axis,85.94736842105263,88.69736842105263,3.05263157894737,-9.086956521739085
scholar,2.0,steered,87.64912280701755,89.05701754385964,1.350877192982452,24.692307692309896
scholar,2.0,assistant_axis,55.00438596491228,88.69736842105263,33.99561403508772,-111.33333333333277
scholar,2.5,steered,86.00877192982456,89.05701754385964,2.9912280701754383,53.461538461543505
scholar,2.5,assistant_axis,14.385964912280702,88.69736842105263,74.6140350877193,-245.55072463767996
scientist,1.0,steered,81.44978165938865,81.44978165938865,7.550218340611352,0.0
scientist,1.0,assistant_axis,54.89519650655022,54.89519650655022,34.10480349344978,0.0
scientist,1.5,steered,80.60698689956332,81.44978165938865,8.393013100436676,-0.11162521688837436
scientist,1.5,assistant_axis,53.786026200873366,54.89519650655022,35.213973799126634,-0.032522407170294476
scientist,2.0,steered,79.9780701754386,81.44978165938865,9.021929824561397,-0.19492303633577818
scientist,2.0,assistant_axis,38.7280701754386,54.89519650655022,50.2719298245614,-0.47404250061774145
scientist,2.5,steered,77.5589519650655,81.44978165938865,11.441048034934497,-0.5153267784846735
scientist,2.5,assistant_axis,16.899563318777293,54.89519650655022,72.1004366812227,-1.1140845070422536
scout,1.0,steered,48.84649122807018,48.84649122807018,40.15350877192982,0.0
scout,1.0,assistant_axis,42.48245614035088,42.48245614035088,46.51754385964912,0.0
scout,1.5,steered,57.578947368421055,48.84649122807018,31.421052631578945,0.21747678864008738
scout,1.5,assistant_axis,44.16666666666666,42.48245614035088,44.83333333333334,0.036205921176692246
scout,2.0,steered,73.13157894736842,48.84649122807018,15.868421052631575,0.6048061168760241
scout,2.0,assistant_axis,32.43421052631579,42.48245614035088,56.56578947368421,-0.21600980577031872
scout,2.5,steered,81.40789473684211,48.84649122807018,7.59210526315789,0.8109229929000548
scout,2.5,assistant_axis,18.53070175438597,42.48245614035088,70.46929824561403,-0.5148972279841598
screener,1.0,steered,74.80701754385964,74.80701754385964,14.192982456140356,0.0
screener,1.0,assistant_axis,77.15350877192982,77.15350877192982,11.846491228070178,0.0
screener,1.5,steered,74.84649122807018,74.80701754385964,14.153508771929822,0.0027812113720648555
screener,1.5,assistant_axis,76.14912280701755,77.15350877192982,12.850877192982452,-0.08478341355053623
screener,2.0,steered,75.3157894736842,74.80701754385964,13.684210526315795,0.035846724351050685
screener,2.0,assistant_axis,49.64912280701754,77.15350877192982,39.35087719298246,-2.3217326915957046
screener,2.5,steered,75.74561403508773,74.80701754385964,13.254385964912274,0.06613102595797365
screener,2.5,assistant_axis,13.771929824561404,77.15350877192982,75.2280701754386,-5.350240651610513
secretary,1.0,steered,61.67105263157895,61.67105263157895,27.328947368421048,0.0
secretary,1.0,assistant_axis,63.32456140350877,63.32456140350877,25.675438596491233,0.0
secretary,1.5,steered,62.60964912280702,61.67105263157895,26.39035087719298,0.03434440699727165
secretary,1.5,assistant_axis,66.28947368421052,63.32456140350877,22.71052631578948,0.11547659719849669
secretary,2.0,steered,59.6578947368421,61.67105263157895,29.342105263157897,-0.07366393837265316
secretary,2.0,assistant_axis,46.43421052631579,63.32456140350877,42.56578947368421,-0.6578407926204303
secretary,2.5,steered,51.69298245614035,61.67105263157895,37.30701754385965,-0.3651099341999682
secretary,2.5,assistant_axis,12.741228070175438,63.32456140350877,76.25877192982456,-1.9701059104885543
shaman,1.0,steered,32.12280701754386,32.12280701754386,56.87719298245614,0.0
shaman,1.0,assistant_axis,33.37719298245614,33.37719298245614,55.62280701754386,0.0
shaman,1.5,steered,38.85964912280702,32.12280701754386,50.14035087719298,0.11844540407156076
shaman,1.5,assistant_axis,37.75438596491228,33.37719298245614,51.24561403508772,0.0786942122693582
shaman,2.0,steered,53.578947368421055,32.12280701754386,35.421052631578945,0.3772362739049969
shaman,2.0,assistant_axis,36.083333333333336,33.37719298245614,52.916666666666664,0.04865163223466341
shaman,2.5,steered,74.09649122807018,32.12280701754386,14.903508771929822,0.7379703886489821
shaman,2.5,assistant_axis,13.75,33.37719298245614,75.25,-0.3528623245544866
shapeshifter,1.0,steered,44.98684210526316,44.98684210526316,44.01315789473684,0.0
shapeshifter,1.0,assistant_axis,41.030701754385966,41.030701754385966,47.969298245614034,0.0
shapeshifter,1.5,steered,52.46052631578947,44.98684210526316,36.53947368421053,0.16980568011958144
shapeshifter,1.5,assistant_axis,43.6578947368421,41.030701754385966,45.3421052631579,0.054768217975678817
shapeshifter,2.0,steered,66.96491228070175,44.98684210526316,22.035087719298247,0.4993522670652715
shapeshifter,2.0,assistant_axis,35.54385964912281,41.030701754385966,53.45614035087719,-0.11438237176556643
shapeshifter,2.5,steered,83.74122807017544,44.98684210526316,5.258771929824562,0.8805181863477828
shapeshifter,2.5,assistant_axis,16.907894736842106,41.030701754385966,72.09210526315789,-0.5028801316631617
simulacrum,1.0,steered,67.8640350877193,67.8640350877193,21.1359649122807,0.0
simulacrum,1.0,assistant_axis,62.91666666666666,62.91666666666666,26.083333333333343,0.0
simulacrum,1.5,steered,76.82894736842105,67.8640350877193,12.171052631578945,0.42415438887736046
simulacrum,1.5,assistant_axis,65.59210526315789,62.91666666666666,23.40789473684211,0.10257272574407279
simulacrum,2.0,steered,86.95614035087719,67.8640350877193,2.0438596491228083,0.9032994397177837
simulacrum,2.0,assistant_axis,50.57017543859649,62.91666666666666,38.42982456140351,-0.47334790650748215
simulacrum,2.5,steered,93.4298245614035,67.8640350877193,-4.429824561403507,1.2095870512554472
simulacrum,2.5,assistant_axis,17.609649122807017,62.91666666666666,71.39035087719299,-1.7370102572725736
skeptic,1.0,steered,58.328947368421055,58.328947368421055,30.671052631578945,0.0
skeptic,1.0,assistant_axis,57.66666666666666,57.66666666666666,31.333333333333343,0.0
skeptic,1.5,steered,62.07456140350877,58.328947368421055,26.925438596491233,0.1221221221221219
skeptic,1.5,assistant_axis,59.34649122807018,57.66666666666666,29.653508771929822,0.05361142217245278
skeptic,2.0,steered,65.91228070175438,58.328947368421055,23.087719298245617,0.24724724724724711
skeptic,2.0,assistant_axis,44.13157894736842,57.66666666666666,44.86842105263158,-0.43197088465845435
skeptic,2.5,steered,70.79385964912281,58.328947368421055,18.20614035087719,0.4064064064064064
skeptic,2.5,assistant_axis,18.464912280701757,57.66666666666666,70.53508771929825,-1.2511198208286667
smuggler,1.0,steered,28.785087719298247,28.785087719298247,60.21491228070175,0.0
smuggler,1.0,assistant_axis,25.223684210526315,25.223684210526315,63.776315789473685,0.0
smuggler,1.5,steered,39.219298245614034,28.785087719298247,49.780701754385966,0.17328283196154123
smuggler,1.5,assistant_axis,27.285087719298247,25.223684210526315,61.71491228070175,0.032322398734612505
smuggler,2.0,steered,64.5,28.785087719298247,24.5,0.5931240439944643
smuggler,2.0,assistant_axis,20.600877192982452,25.223684210526315,68.39912280701755,-0.07248469843889696
smuggler,2.5,steered,80.9298245614035,28.785087719298247,8.070175438596493,0.8659771287056596
smuggler,2.5,assistant_axis,11.162280701754383,25.223684210526315,77.83771929824562,-0.22048002200673958
sociologist,1.0,steered,73.14912280701755,73.14912280701755,15.850877192982452,0.0
sociologist,1.0,assistant_axis,14.605263157894736,14.605263157894736,74.39473684210526,0.0
sociologist,1.5,steered,75.33333333333333,73.14912280701755,13.666666666666671,0.1377974543442164
sociologist,1.5,assistant_axis,14.605263157894736,14.605263157894736,74.39473684210526,0.0
sociologist,2.0,steered,75.05701754385964,73.14912280701755,13.942982456140356,0.12036524626452626
sociologist,2.0,assistant_axis,14.605263157894736,14.605263157894736,74.39473684210526,0.0
sociologist,2.5,steered,76.64035087719299,73.14912280701755,12.359649122807014,0.22025456557830664
sociologist,2.5,assistant_axis,14.605263157894736,14.605263157894736,74.39473684210526,0.0
soldier,1.0,steered,44.530701754385966,44.530701754385966,44.469298245614034,0.0
soldier,1.0,assistant_axis,41.37280701754386,41.37280701754386,47.62719298245614,0.0
soldier,1.5,steered,54.83771929824562,44.530701754385966,34.16228070175438,0.23177828188184244
soldier,1.5,assistant_axis,43.88157894736842,41.37280701754386,45.11842105263158,0.052675200294686295
soldier,2.0,steered,69.87719298245614,44.530701754385966,19.122807017543863,0.5699773153170923
soldier,2.0,assistant_axis,35.31578947368421,41.37280701754386,53.68421052631579,-0.127175614697486
soldier,2.5,steered,77.94736842105263,44.530701754385966,11.05263157894737,0.751454778577769
soldier,2.5,assistant_axis,15.416666666666666,41.37280701754386,73.58333333333333,-0.5449857261257944
sommelier,1.0,steered,22.98245614035088,22.98245614035088,66.01754385964912,0.0
sommelier,1.0,assistant_axis,22.390350877192983,22.390350877192983,66.60964912280701,0.0
sommelier,1.5,steered,24.32894736842105,22.98245614035088,64.67105263157895,0.020395960669678383
sommelier,1.5,assistant_axis,24.157894736842103,22.390350877192983,64.84210526315789,0.026535853032198548
sommelier,2.0,steered,27.521929824561404,22.98245614035088,61.478070175438596,0.06876162636194522
sommelier,2.0,assistant_axis,14.035087719298245,22.390350877192983,74.96491228070175,-0.12543622835319684
sommelier,2.5,steered,29.657894736842103,22.98245614035088,59.3421052631579,0.10111613074674453
sommelier,2.5,assistant_axis,6.864035087719298,22.390350877192983,82.1359649122807,-0.23309409363271222
specialist,1.0,steered,88.61842105263158,88.61842105263158,0.3815789473684248,0.0
specialist,1.0,assistant_axis,90.359649122807,90.359649122807,-1.3596491228069993,-0.0
specialist,1.5,steered,87.91666666666667,88.61842105263158,1.0833333333333286,-1.8390804597700747
specialist,1.5,assistant_axis,89.10526315789474,90.359649122807,-0.10526315789473983,0.9225806451612871
specialist,2.0,steered,85.3157894736842,88.61842105263158,3.6842105263157947,-8.655172413793023
specialist,2.0,assistant_axis,54.82456140350877,90.359649122807,34.17543859649123,26.13548387096808
specialist,2.5,steered,79.65789473684211,88.61842105263158,9.34210526315789,-23.482758620689403
specialist,2.5,assistant_axis,12.12719298245614,90.359649122807,76.87280701754386,57.538709677420115
spirit,1.0,steered,43.54824561403509,43.54824561403509,45.45175438596491,0.0
spirit,1.0,assistant_axis,43.70614035087719,43.70614035087719,45.29385964912281,0.0
spirit,1.5,steered,51.31578947368421,43.54824561403509,37.68421052631579,0.17089645855447266
spirit,1.5,assistant_axis,50.78508771929825,43.70614035087719,38.21491228070175,0.1562893386269004
spirit,2.0,steered,63.81140350877193,43.54824561403509,25.18859649122807,0.44581684840297214
spirit,2.0,assistant_axis,48.03508771929825,43.70614035087719,40.96491228070175,0.09557470707853205
spirit,2.5,steered,84.26754385964912,43.54824561403509,4.732456140350877,0.8958795715526392
spirit,2.5,assistant_axis,14.320175438596491,43.70614035087719,74.6798245614035,-0.6487847390336011
spy,1.0,steered,32.83771929824562,32.83771929824562,56.16228070175438,0.0
spy,1.0,assistant_axis,30.11842105263158,30.11842105263158,58.881578947368425,0.0
spy,1.5,steered,37.33771929824562,32.83771929824562,51.66228070175438,0.08012495119094104
spy,1.5,assistant_axis,30.657894736842103,30.11842105263158,58.3421052631579,0.009162011173184315
spy,2.0,steered,50.10964912280702,32.83771929824562,38.89035087719298,0.3075361187036314
spy,2.0,assistant_axis,23.087719298245613,30.11842105263158,65.91228070175438,-0.11940409683426444
spy,2.5,steered,69.5657894736842,32.83771929824562,19.434210526315795,0.653963295587661
spy,2.5,assistant_axis,10.723684210526317,30.11842105263158,78.27631578947368,-0.32938547486033515
statistician,1.0,steered,60.70614035087719,60.70614035087719,28.29385964912281,0.0
statistician,1.0,assistant_axis,56.078947368421055,56.078947368421055,32.921052631578945,0.0
statistician,1.5,steered,61.43859649122807,60.70614035087719,27.56140350877193,0.0258874593086343
statistician,1.5,assistant_axis,55.99122807017544,56.078947368421055,33.00877192982456,-0.002664535038635834
statistician,2.0,steered,62.14473684210526,60.70614035087719,26.85526315789474,0.05084483025887453
statistician,2.0,assistant_axis,37.58771929824562,56.078947368421055,51.41228070175438,-0.5616839861444178
statistician,2.5,steered,63.083333333333336,60.70614035087719,25.916666666666664,0.08401798170826241
statistician,2.5,assistant_axis,13.355263157894736,56.078947368421055,75.64473684210526,-1.297761790567546
stoic,1.0,steered,48.583333333333336,48.583333333333336,40.416666666666664,0.0
stoic,1.0,assistant_axis,49.16228070175438,49.16228070175438,39.83771929824562,0.0
stoic,1.5,steered,53.26754385964912,48.583333333333336,35.73245614035088,0.1158979924036896
stoic,1.5,assistant_axis,54.03508771929825,49.16228070175438,34.96491228070175,0.1223164152812948
stoic,2.0,steered,60.675438596491226,48.583333333333336,28.324561403508774,0.29918610960390657
stoic,2.0,assistant_axis,46.219298245614034,49.16228070175438,42.780701754385966,-0.07387427061543539
stoic,2.5,steered,66.3201754385965,48.583333333333336,22.679824561403507,0.43884970157352143
stoic,2.5,assistant_axis,14.758771929824562,49.16228070175438,74.24122807017544,-0.8635913244522734
strategist,1.0,steered,82.68859649122807,82.68859649122807,6.311403508771932,0.0
strategist,1.0,assistant_axis,19.80263157894737,19.80263157894737,69.19736842105263,0.0
strategist,1.5,steered,82.62280701754386,82.68859649122807,6.377192982456137,-0.010423905489922726
strategist,1.5,assistant_axis,19.80263157894737,19.80263157894737,69.19736842105263,0.0
strategist,2.0,steered,81.85087719298245,82.68859649122807,7.149122807017548,-0.13273106323836034
strategist,2.0,assistant_axis,19.80263157894737,19.80263157894737,69.19736842105263,0.0
strategist,2.5,steered,77.64473684210526,82.68859649122807,11.35526315789474,-0.7991660875608061
strategist,2.5,assistant_axis,19.80263157894737,19.80263157894737,69.19736842105263,0.0
student,1.0,steered,74.84210526315789,74.84210526315789,14.15789473684211,0.0
student,1.0,assistant_axis,19.407894736842103,19.407894736842103,69.59210526315789,0.0
student,1.5,steered,77.64473684210526,74.84210526315789,11.35526315789474,0.19795539033457255
student,1.5,assistant_axis,19.407894736842103,19.407894736842103,69.59210526315789,0.0
student,2.0,steered,81.15789473684211,74.84210526315789,7.84210526315789,0.44609665427509343
student,2.0,assistant_axis,19.407894736842103,19.407894736842103,69.59210526315789,0.0
student,2.5,steered,83.4298245614035,74.84210526315789,5.570175438596493,0.6065675340768277
student,2.5,assistant_axis,19.407894736842103,19.407894736842103,69.59210526315789,0.0
summarizer,1.0,steered,80.69298245614036,80.69298245614036,8.307017543859644,0.0
summarizer,1.0,assistant_axis,81.3157894736842,81.3157894736842,7.684210526315795,0.0
summarizer,1.5,steered,80.07456140350877,80.69298245614036,8.925438596491233,-0.07444561774023362
summarizer,1.5,assistant_axis,77.54385964912281,81.3157894736842,11.456140350877192,-0.49086757990867463
summarizer,2.0,steered,74.5,80.69298245614036,14.5,-0.7455121436114056
summarizer,2.0,assistant_axis,50.16228070175438,81.3157894736842,38.83771929824562,-4.054223744292234
summarizer,2.5,steered,69.29824561403508,80.69298245614036,19.701754385964918,-1.3717001055966231
summarizer,2.5,assistant_axis,12.850877192982455,81.3157894736842,76.14912280701755,-8.909817351598168
supervisor,1.0,steered,82.71052631578948,82.71052631578948,6.28947368421052,0.0
supervisor,1.0,assistant_axis,84.3157894736842,84.3157894736842,4.684210526315795,0.0
supervisor,1.5,steered,79.49122807017544,82.71052631578948,9.508771929824562,-0.5118549511854966
supervisor,1.5,assistant_axis,83.65789473684211,84.3157894736842,5.34210526315789,-0.14044943820224495
supervisor,2.0,steered,73.58771929824562,82.71052631578948,15.412280701754383,-1.4504881450488165
supervisor,2.0,assistant_axis,56.29385964912281,84.3157894736842,32.70614035087719,-5.9822097378277075
supervisor,2.5,steered,59.30701754385965,82.71052631578948,29.69298245614035,-3.7210599721060014
supervisor,2.5,assistant_axis,15.416666666666666,84.3157894736842,73.58333333333333,-14.708801498127322
surfer,1.0,steered,33.95175438596491,33.95175438596491,55.04824561403509,0.0
surfer,1.0,assistant_axis,33.62280701754386,33.62280701754386,55.37719298245614,0.0
surfer,1.5,steered,38.39473684210526,33.95175438596491,50.60526315789474,0.08071070034260215
surfer,1.5,assistant_axis,35.81578947368421,33.62280701754386,53.18421052631579,0.03960082369713287
surfer,2.0,steered,49.99122807017544,33.95175438596491,39.00877192982456,0.2913712054816349
surfer,2.0,assistant_axis,30.94298245614035,33.62280701754386,58.05701754385965,-0.0483922065578965
surfer,2.5,steered,56.85526315789474,33.95175438596491,32.14473684210526,0.41606246514221984
surfer,2.5,assistant_axis,13.399122807017545,33.62280701754386,75.60087719298245,-0.3651987961349597
survivor,1.0,steered,43.60087719298246,43.60087719298246,45.39912280701754,0.0
survivor,1.0,assistant_axis,44.80263157894737,44.80263157894737,44.19736842105263,0.0
survivor,1.5,steered,47.28508771929825,43.60087719298246,41.71491228070175,0.08115157955753063
survivor,1.5,assistant_axis,49.37280701754386,44.80263157894737,39.62719298245614,0.10340379081075722
survivor,2.0,steered,55.38157894736842,43.60087719298246,33.61842105263158,0.2594918365375325
survivor,2.0,assistant_axis,44.583333333333336,44.80263157894737,44.416666666666664,-0.0049617941847771956
survivor,2.5,steered,66.72368421052632,43.60087719298246,22.276315789473685,0.5093227707467877
survivor,2.5,assistant_axis,20.13157894736842,44.80263157894737,68.86842105263158,-0.5582018457874368
swarm,1.0,steered,65.96052631578948,65.96052631578948,23.03947368421052,0.0
swarm,1.0,assistant_axis,61.70614035087719,61.70614035087719,27.29385964912281,0.0
swarm,1.5,steered,74.42105263157895,65.96052631578948,14.578947368421055,0.3672187321530551
swarm,1.5,assistant_axis,66.0219298245614,61.70614035087719,22.978070175438603,0.1581230917563874
swarm,2.0,steered,84.03947368421052,65.96052631578948,4.96052631578948,0.7846944603083948
swarm,2.0,assistant_axis,56.328947368421055,61.70614035087719,32.671052631578945,-0.19701108789972668
swarm,2.5,steered,88.57894736842105,65.96052631578948,0.4210526315789451,0.9817247287264421
swarm,2.5,assistant_axis,16.030701754385966,61.70614035087719,72.96929824561403,-1.673469387755102
symbiont,1.0,steered,51.42982456140351,51.42982456140351,37.57017543859649,0.0
symbiont,1.0,assistant_axis,44.719298245614034,44.719298245614034,44.280701754385966,0.0
symbiont,1.5,steered,62.24561403508772,51.42982456140351,26.75438596491228,0.28788232547279946
symbiont,1.5,assistant_axis,46.583333333333336,44.719298245614034,42.416666666666664,0.04209587955625998
symbiont,2.0,steered,78.99122807017544,51.42982456140351,10.008771929824562,0.7335979453653981
symbiont,2.0,assistant_axis,45.11842105263158,44.719298245614034,43.88157894736842,0.0090134706814581
symbiont,2.5,steered,91.6842105263158,51.42982456140351,-2.6842105263157947,1.0714452486574833
symbiont,2.5,assistant_axis,18.035087719298247,44.719298245614034,70.96491228070175,-0.6026148969889065
synthesizer,1.0,steered,71.66228070175438,71.66228070175438,17.337719298245617,0.0
synthesizer,1.0,assistant_axis,65.0219298245614,65.0219298245614,23.978070175438603,0.0
synthesizer,1.5,steered,75.68859649122807,71.66228070175438,13.311403508771932,0.23222868707310904
synthesizer,1.5,assistant_axis,64.99561403508773,65.0219298245614,24.004385964912274,-0.0010974940552399724
synthesizer,2.0,steered,80.83771929824562,71.66228070175438,8.162280701754383,0.529218315203643
synthesizer,2.0,assistant_axis,47.86842105263158,65.0219298245614,41.13157894736842,-0.7153832083409543
synthesizer,2.5,steered,85.93859649122807,71.66228070175438,3.0614035087719316,0.8234252466481152
synthesizer,2.5,assistant_axis,12.346491228070176,65.0219298245614,76.65350877192982,-2.1968172672398016
teacher,1.0,steered,90.58333333333331,90.58333333333331,-1.5833333333333144,-0.0
teacher,1.0,assistant_axis,22.28070175438597,22.28070175438597,66.71929824561403,0.0
teacher,1.5,steered,89.82894736842105,90.58333333333331,-0.8289473684210549,0.4764542936288012
teacher,1.5,assistant_axis,22.28070175438597,22.28070175438597,66.71929824561403,0.0
teacher,2.0,steered,85.4298245614035,90.58333333333331,3.5701754385964932,3.254847645429391
teacher,2.0,assistant_axis,22.28070175438597,22.28070175438597,66.71929824561403,0.0
teacher,2.5,steered,78.35964912280701,90.58333333333331,10.640350877192986,7.720221606648282
teacher,2.5,assistant_axis,22.28070175438597,22.28070175438597,66.71929824561403,0.0
technologist,1.0,steered,75.58771929824562,75.58771929824562,13.412280701754383,0.0
technologist,1.0,assistant_axis,73.98245614035088,73.98245614035088,15.017543859649123,0.0
technologist,1.5,steered,77.67543859649123,75.58771929824562,11.324561403508767,0.15565729234794004
technologist,1.5,assistant_axis,74.50438596491227,73.98245614035088,14.495614035087726,0.03475467289719583
technologist,2.0,steered,79.35964912280701,75.58771929824562,9.640350877192986,0.28122956180510095
technologist,2.0,assistant_axis,49.65350877192982,73.98245614035088,39.34649122807018,-1.6200350467289721
technologist,2.5,steered,80.53947368421052,75.58771929824562,8.46052631578948,0.3691955526487895
technologist,2.5,assistant_axis,14.078947368421051,73.98245614035088,74.92105263157895,-3.988901869158878
teenager,1.0,steered,34.46052631578947,34.46052631578947,54.53947368421053,0.0
teenager,1.0,assistant_axis,35.83771929824562,35.83771929824562,53.16228070175438,0.0
teenager,1.5,steered,41.89912280701754,34.46052631578947,47.10087719298246,0.13638922396461597
teenager,1.5,assistant_axis,39.71052631578947,35.83771929824562,49.28947368421053,0.07284877485355987
teenager,2.0,steered,57.6140350877193,34.46052631578947,31.3859649122807,0.4245275432247689
teenager,2.0,assistant_axis,36.50438596491228,35.83771929824562,52.49561403508772,0.012540219453840398
teenager,2.5,steered,69.71491228070175,34.46052631578947,19.285087719298247,0.6464012866907921
teenager,2.5,assistant_axis,27.98245614035088,35.83771929824562,61.01754385964912,-0.14776008580150152
theorist,1.0,steered,85.7280701754386,85.7280701754386,3.271929824561397,0.0
theorist,1.0,assistant_axis,85.78947368421052,85.78947368421052,3.2105263157894797,0.0
theorist,1.5,steered,86.33333333333333,85.7280701754386,2.6666666666666714,0.18498659517425967
theorist,1.5,assistant_axis,84.78508771929825,85.78947368421052,4.214912280701753,-0.31284153005464205
theorist,2.0,steered,86.37719298245614,85.7280701754386,2.622807017543863,0.1983914209115255
theorist,2.0,assistant_axis,51.925438596491226,85.78947368421052,37.074561403508774,-10.547814207650253
theorist,2.5,steered,85.6359649122807,85.7280701754386,3.3640350877193015,-0.0281501340482604
theorist,2.5,assistant_axis,12.93859649122807,85.78947368421052,76.06140350877193,-22.69125683060105
therapist,1.0,steered,69.12719298245614,69.12719298245614,19.872807017543863,0.0
therapist,1.0,assistant_axis,22.609649122807017,22.609649122807017,66.39035087719299,0.0
therapist,1.5,steered,69.9780701754386,69.12719298245614,19.021929824561397,0.0428161553740901
therapist,1.5,assistant_axis,22.609649122807017,22.609649122807017,66.39035087719299,0.0
therapist,2.0,steered,71.57894736842105,69.12719298245614,17.421052631578945,0.12337232399028938
therapist,2.0,assistant_axis,22.609649122807017,22.609649122807017,66.39035087719299,0.0
therapist,2.5,steered,72.15350877192982,69.12719298245614,16.846491228070178,0.15228426395939088
therapist,2.5,assistant_axis,22.609649122807017,22.609649122807017,66.39035087719299,0.0
toddler,1.0,steered,3.6184210526315783,3.6184210526315783,85.38157894736842,0.0
toddler,1.0,assistant_axis,6.118421052631579,6.118421052631579,82.88157894736842,0.0
toddler,1.5,steered,8.074561403508772,3.6184210526315783,80.92543859649123,0.052190887142343455
toddler,1.5,assistant_axis,15.135964912280702,6.118421052631579,73.8640350877193,0.10880033867809705
toddler,2.0,steered,13.105263157894736,3.6184210526315783,75.89473684210526,0.1111111111111111
toddler,2.0,assistant_axis,20.035087719298247,6.118421052631579,68.96491228070175,0.1679102503042811
toddler,2.5,steered,18.56140350877193,3.6184210526315783,70.43859649122807,0.17501412647043715
toddler,2.5,assistant_axis,22.5,6.118421052631579,66.5,0.19765042070169866
traditionalist,1.0,steered,51.43859649122807,51.43859649122807,37.56140350877193,0.0
traditionalist,1.0,assistant_axis,52.70175438596491,52.70175438596491,36.29824561403509,0.0
traditionalist,1.5,steered,55.69298245614035,51.43859649122807,33.30701754385965,0.1132648295189164
traditionalist,1.5,assistant_axis,56.62719298245614,52.70175438596491,32.37280701754386,0.10814403093281773
traditionalist,2.0,steered,61.85087719298246,51.43859649122807,27.14912280701754,0.27720691265763675
traditionalist,2.0,assistant_axis,55.26754385964912,52.70175438596491,33.73245614035088,0.07068632189463514
traditionalist,2.5,steered,69.73684210526316,51.43859649122807,19.263157894736835,0.4871555347968241
traditionalist,2.5,assistant_axis,22.84210526315789,52.70175438596491,66.15789473684211,-0.8226196230062833
trainer,1.0,steered,86.91228070175438,86.91228070175438,2.0877192982456165,0.0
trainer,1.0,assistant_axis,78.48684210526316,78.48684210526316,10.513157894736835,0.0
trainer,1.5,steered,87.90350877192982,86.91228070175438,1.0964912280701782,0.47478991596638587
trainer,1.5,assistant_axis,77.49122807017544,78.48684210526316,11.508771929824562,-0.09470171047142334
trainer,2.0,steered,87.3201754385965,86.91228070175438,1.6798245614035068,0.19537815126050612
trainer,2.0,assistant_axis,54.56578947368421,78.48684210526316,34.43421052631579,-2.2753441802252836
trainer,2.5,steered,85.0219298245614,86.91228070175438,3.978070175438603,-0.9054621848739504
trainer,2.5,assistant_axis,18.00438596491228,78.48684210526316,70.99561403508773,-5.753024614100964
translator,1.0,steered,47.24122807017544,47.24122807017544,41.75877192982456,0.0
translator,1.0,assistant_axis,14.62719298245614,14.62719298245614,74.37280701754386,0.0
translator,1.5,steered,47.05263157894737,47.24122807017544,41.94736842105263,-0.004516332318033778
translator,1.5,assistant_axis,14.62719298245614,14.62719298245614,74.37280701754386,0.0
translator,2.0,steered,49.68421052631579,47.24122807017544,39.31578947368421,0.05850225816615898
translator,2.0,assistant_axis,14.62719298245614,14.62719298245614,74.37280701754386,0.0
translator,2.5,steered,53.32456140350877,47.24122807017544,35.67543859649123,0.14567797500262566
translator,2.5,assistant_axis,14.62719298245614,14.62719298245614,74.37280701754386,0.0
tree,1.0,steered,44.33771929824562,44.33771929824562,44.66228070175438,0.0
tree,1.0,assistant_axis,40.39912280701754,40.39912280701754,48.60087719298246,0.0
tree,1.5,steered,53.03947368421053,44.33771929824562,35.96052631578947,0.19483452813512717
tree,1.5,assistant_axis,44.58771929824562,40.39912280701754,44.41228070175438,0.0861835574406643
tree,2.0,steered,70.24561403508773,44.33771929824562,18.754385964912274,0.580084454482962
tree,2.0,assistant_axis,35.78508771929825,40.39912280701754,53.21491228070175,-0.09493728002887818
tree,2.5,steered,85.48245614035088,44.33771929824562,3.5175438596491233,0.9212412844937641
tree,2.5,assistant_axis,14.232456140350877,40.39912280701754,74.76754385964912,-0.5383990614565471
trickster,1.0,steered,33.10087719298246,33.10087719298246,55.89912280701754,0.0
trickster,1.0,assistant_axis,31.135964912280706,31.135964912280706,57.864035087719294,0.0
trickster,1.5,steered,45.280701754385966,33.10087719298246,43.719298245614034,0.21788936837975675
trickster,1.5,assistant_axis,34.16228070175438,31.135964912280706,54.83771929824562,0.05230046236640632
trickster,2.0,steered,68.9342105263158,33.10087719298246,20.065789473684205,0.6410357002746175
trickster,2.0,assistant_axis,32.71052631578947,31.135964912280706,56.28947368421053,0.027211399984840363
trickster,2.5,steered,85.39473684210526,33.10087719298246,3.60526315789474,0.9355041192624558
trickster,2.5,assistant_axis,13.289473684210526,31.135964912280706,75.71052631578948,-0.30842113241870694
tulpa,1.0,steered,44.73684210526316,44.73684210526316,44.26315789473684,0.0
tulpa,1.0,assistant_axis,42.28508771929825,42.28508771929825,46.71491228070175,0.0
tulpa,1.5,steered,48.93859649122807,44.73684210526316,40.06140350877193,0.09492667459373758
tulpa,1.5,assistant_axis,45.77192982456141,42.28508771929825,43.22807017543859,0.07464087879072402
tulpa,2.0,steered,57.3859649122807,44.73684210526316,31.6140350877193,0.2857709076496234
tulpa,2.0,assistant_axis,42.62280701754386,42.28508771929825,46.37719298245614,0.007229368134447523
tulpa,2.5,steered,69.0701754385965,44.73684210526316,19.929824561403507,0.5497423701942132
tulpa,2.5,assistant_axis,20.109649122807017,42.28508771929825,68.89035087719299,-0.4746972115294339
tutor,1.0,steered,91.91228070175438,91.91228070175438,-2.9122807017543835,-0.0
tutor,1.0,assistant_axis,20.789473684210527,20.789473684210527,68.21052631578948,0.0
tutor,1.5,steered,90.24561403508773,91.91228070175438,-1.2456140350877263,0.5722891566265033
tutor,1.5,assistant_axis,20.789473684210527,20.789473684210527,68.21052631578948,0.0
tutor,2.0,steered,89.75,91.91228070175438,-0.75,0.7424698795180721
tutor,2.0,assistant_axis,20.789473684210527,20.789473684210527,68.21052631578948,0.0
tutor,2.5,steered,84.79824561403508,91.91228070175438,4.201754385964918,2.4427710843373527
tutor,2.5,assistant_axis,20.789473684210527,20.789473684210527,68.21052631578948,0.0
validator,1.0,steered,80.29824561403508,80.29824561403508,8.701754385964918,0.0
validator,1.0,assistant_axis,82.4298245614035,82.4298245614035,6.570175438596493,0.0
validator,1.5,steered,78.51754385964912,80.29824561403508,10.482456140350877,-0.2046370967741927
validator,1.5,assistant_axis,80.51315789473684,82.4298245614035,8.486842105263165,-0.2917222963951942
validator,2.0,steered,76.42543859649123,80.29824561403508,12.574561403508767,-0.4450604838709662
validator,2.0,assistant_axis,48.62719298245614,82.4298245614035,40.37280701754386,-5.1448598130841106
validator,2.5,steered,71.79824561403508,80.29824561403508,17.201754385964918,-0.9768145161290316
validator,2.5,assistant_axis,14.166666666666666,82.4298245614035,74.83333333333333,-10.389853137516685
vampire,1.0,steered,16.096491228070175,16.096491228070175,72.90350877192982,0.0
vampire,1.0,assistant_axis,18.38157894736842,18.38157894736842,70.61842105263158,0.0
vampire,1.5,steered,18.84649122807017,16.096491228070175,70.15350877192984,0.037721092527974925
vampire,1.5,assistant_axis,21.32894736842105,18.38157894736842,67.67105263157895,0.041736538103223385
vampire,2.0,steered,20.649122807017545,16.096491228070175,68.35087719298245,0.062447358921910744
vampire,2.0,assistant_axis,18.24122807017544,18.38157894736842,70.75877192982456,-0.001987454195391597
vampire,2.5,steered,23.74561403508772,16.096491228070175,65.25438596491227,0.10492118878594635
vampire,2.5,assistant_axis,9.385964912280702,18.38157894736842,79.6140350877193,-0.12738339233587975
vegan,1.0,steered,34.526315789473685,34.526315789473685,54.473684210526315,0.0
vegan,1.0,assistant_axis,35.1578947368421,35.1578947368421,53.8421052631579,0.0
vegan,1.5,steered,38.02192982456141,34.526315789473685,50.97807017543859,0.06417069243156212
vegan,1.5,assistant_axis,36.35087719298246,35.1578947368421,52.64912280701754,0.022157054415119032
vegan,2.0,steered,39.24561403508772,34.526315789473685,49.75438596491228,0.08663446054750401
vegan,2.0,assistant_axis,28.50877192982456,35.1578947368421,60.49122807017544,-0.12349299446073633
vegan,2.5,steered,39.328947368421055,34.526315789473685,49.671052631578945,0.0881642512077295
vegan,2.5,assistant_axis,14.12280701754386,35.1578947368421,74.87719298245614,-0.3906810035842293
veteran,1.0,steered,55.01315789473684,55.01315789473684,33.98684210526316,0.0
veteran,1.0,assistant_axis,44.25877192982456,44.25877192982456,44.74122807017544,0.0
veteran,1.5,steered,61.4780701754386,55.01315789473684,27.521929824561397,0.19021809265711723
veteran,1.5,assistant_axis,45.39035087719298,44.25877192982456,43.60964912280702,0.025291638074698485
veteran,2.0,steered,69.53947368421052,55.01315789473684,19.46052631578948,0.42740998838559796
veteran,2.0,assistant_axis,34.56140350877193,44.25877192982456,54.43859649122807,-0.21674345652387017
veteran,2.5,steered,78.10526315789474,55.01315789473684,10.89473684210526,0.6794425087108015
veteran,2.5,assistant_axis,14.93421052631579,44.25877192982456,74.0657894736842,-0.6554259386334673
veterinarian,1.0,steered,39.6359649122807,39.6359649122807,49.3640350877193,0.0
veterinarian,1.0,assistant_axis,40.46052631578947,40.46052631578947,48.53947368421053,0.0
veterinarian,1.5,steered,39.90350877192982,39.6359649122807,49.09649122807018,0.00541981341625945
veterinarian,1.5,assistant_axis,40.82456140350877,40.46052631578947,48.17543859649123,0.0074997741031895835
veterinarian,2.0,steered,41.59649122807018,39.6359649122807,47.40350877192982,0.039715681919147164
veterinarian,2.0,assistant_axis,26.359649122807017,40.46052631578947,62.640350877192986,-0.2905032980934309
veterinarian,2.5,steered,45.083333333333336,39.6359649122807,43.916666666666664,0.11035095513105297
veterinarian,2.5,assistant_axis,12.5,40.46052631578947,76.5,-0.576036866359447
vigilante,1.0,steered,29.19736842105263,29.19736842105263,59.80263157894737,0.0
vigilante,1.0,assistant_axis,27.87280701754386,27.87280701754386,61.12719298245614,0.0
vigilante,1.5,steered,32.99122807017544,29.19736842105263,56.00877192982456,0.06343967730106347
vigilante,1.5,assistant_axis,28.82894736842105,27.87280701754386,60.171052631578945,0.015641816746789102
vigilante,2.0,steered,42.42105263157895,29.19736842105263,46.57894736842105,0.22112211221122122
vigilante,2.0,assistant_axis,22.42543859649123,27.87280701754386,66.57456140350877,-0.08911530458491783
vigilante,2.5,steered,53.20175438596491,29.19736842105263,35.79824561403509,0.4013934726806014
vigilante,2.5,assistant_axis,12.083333333333334,27.87280701754386,76.91666666666667,-0.2583052306809213
virtuoso,1.0,steered,52.60964912280702,52.60964912280702,36.39035087719298,0.0
virtuoso,1.0,assistant_axis,52.01754385964912,52.01754385964912,36.98245614035088,0.0
virtuoso,1.5,steered,57.21052631578947,52.60964912280702,31.789473684210527,0.12643124020730373
virtuoso,1.5,assistant_axis,52.18859649122807,52.01754385964912,36.81140350877193,0.004625237191650793
virtuoso,2.0,steered,61.833333333333336,52.60964912280702,27.166666666666664,0.25346510787031457
virtuoso,2.0,assistant_axis,40.89473684210526,52.01754385964912,48.10526315789474,-0.3007590132827325
virtuoso,2.5,steered,69.9298245614035,52.60964912280702,19.070175438596493,0.4759551645172953
virtuoso,2.5,assistant_axis,11.666666666666666,52.01754385964912,77.33333333333333,-1.0910815939278937
virus,1.0,steered,8.868421052631579,8.868421052631579,80.13157894736842,0.0
virus,1.0,assistant_axis,7.464912280701754,7.464912280701754,81.53508771929825,0.0
virus,1.5,steered,11.978070175438596,8.868421052631579,77.0219298245614,0.03880678708264915
virus,1.5,assistant_axis,8.31140350877193,7.464912280701754,80.68859649122807,0.010381925766541152
virus,2.0,steered,20.789473684210527,8.868421052631579,68.21052631578948,0.14876847290640394
virus,2.0,assistant_axis,8.570175438596491,7.464912280701754,80.4298245614035,0.013555675094136636
virus,2.5,steered,43.776315789473685,8.868421052631579,45.223684210526315,0.43563218390804603
virus,2.5,assistant_axis,6.184210526315789,7.464912280701754,82.8157894736842,-0.0157073695535234
visionary,1.0,steered,74.80701754385964,74.80701754385964,14.192982456140356,0.0
visionary,1.0,assistant_axis,74.32894736842105,74.32894736842105,14.671052631578945,0.0
visionary,1.5,steered,77.01315789473684,74.80701754385964,11.986842105263165,0.15543881334981444
visionary,1.5,assistant_axis,76.85526315789474,74.32894736842105,12.14473684210526,0.17219730941704042
visionary,2.0,steered,80.49561403508773,74.80701754385964,8.504385964912274,0.4008034610630415
visionary,2.0,assistant_axis,59.328947368421055,74.32894736842105,29.671052631578945,-1.0224215246636772
visionary,2.5,steered,81.69298245614036,74.80701754385964,7.307017543859644,0.48516687268232445
visionary,2.5,assistant_axis,15.175438596491228,74.32894736842105,73.82456140350877,-4.031988041853514
void,1.0,steered,32.69298245614035,32.69298245614035,56.30701754385965,0.0
void,1.0,assistant_axis,32.324561403508774,32.324561403508774,56.675438596491226,0.0
void,1.5,steered,36.78947368421053,32.69298245614035,52.21052631578947,0.07275276522822874
void,1.5,assistant_axis,35.824561403508774,32.324561403508774,53.175438596491226,0.06175514626218852
void,2.0,steered,49.36842105263158,32.69298245614035,39.63157894736842,0.2961520486057019
void,2.0,assistant_axis,32.65350877192982,32.324561403508774,56.34649122807018,0.005804055099829663
void,2.5,steered,74.24122807017544,32.69298245614035,14.758771929824562,0.7378875214207821
void,2.5,assistant_axis,15.109649122807015,32.324561403508774,73.89035087719299,-0.30374555022442357
wanderer,1.0,steered,44.026315789473685,44.026315789473685,44.973684210526315,0.0
wanderer,1.0,assistant_axis,45.02192982456141,45.02192982456141,43.97807017543859,0.0
wanderer,1.5,steered,49.030701754385966,44.026315789473685,39.969298245614034,0.11127364930758729
wanderer,1.5,assistant_axis,50.60087719298246,45.02192982456141,38.39912280701754,0.12685748479106404
wanderer,2.0,steered,55.10087719298246,44.026315789473685,33.89912280701754,0.24624536766140048
wanderer,2.0,assistant_axis,48.26315789473684,45.02192982456141,40.73684210526316,0.07370100728034291
wanderer,2.5,steered,65.76315789473684,44.026315789473685,23.236842105263165,0.4833235810415446
wanderer,2.5,assistant_axis,17.82017543859649,45.02192982456141,71.1798245614035,-0.6185299690834749
warrior,1.0,steered,36.21491228070175,36.21491228070175,52.78508771929825,0.0
warrior,1.0,assistant_axis,38.01315789473684,38.01315789473684,50.98684210526316,0.0
warrior,1.5,steered,40.333333333333336,36.21491228070175,48.666666666666664,0.07802243456584967
warrior,1.5,assistant_axis,41.17105263157895,38.01315789473684,47.82894736842105,0.06193548387096783
warrior,2.0,steered,47.45614035087719,36.21491228070175,41.54385964912281,0.21296219360199417
warrior,2.0,assistant_axis,37.97368421052632,38.01315789473684,51.02631578947368,-0.0007741935483869794
warrior,2.5,steered,61.30701754385965,36.21491228070175,27.69298245614035,0.47536352305774826
warrior,2.5,assistant_axis,13.135964912280702,38.01315789473684,75.8640350877193,-0.48791397849462365
whale,1.0,steered,34.416666666666664,34.416666666666664,54.583333333333336,0.0
whale,1.0,assistant_axis,33.916666666666664,33.916666666666664,55.083333333333336,0.0
whale,1.5,steered,40.70614035087719,34.416666666666664,48.29385964912281,0.11522699879469668
whale,1.5,assistant_axis,36.44298245614035,33.916666666666664,52.55701754385965,0.04586352416593679
whale,2.0,steered,58.60964912280702,34.416666666666664,30.39035087719298,0.44323021293692255
whale,2.0,assistant_axis,30.49561403508772,33.916666666666664,58.50438596491228,-0.06210685564137268
whale,2.5,steered,80.50438596491227,34.416666666666664,8.495614035087726,0.84435516271595
whale,2.5,assistant_axis,11.31578947368421,33.916666666666664,77.6842105263158,-0.41030336810255585
widow,1.0,steered,37.10964912280702,37.10964912280702,51.89035087719298,0.0
widow,1.0,assistant_axis,34.32017543859649,34.32017543859649,54.67982456140351,0.0
widow,1.5,steered,43.078947368421055,37.10964912280702,45.921052631578945,0.11503676781337165
widow,1.5,assistant_axis,37.70175438596491,34.32017543859649,51.29824561403509,0.06184326622282821
widow,2.0,steered,55.23684210526316,37.10964912280702,33.76315789473684,0.34933648888513225
widow,2.0,assistant_axis,35.45175438596491,34.32017543859649,53.54824561403509,0.020694633833319903
widow,2.5,steered,65.24561403508773,37.10964912280702,23.754385964912274,0.5422195925957232
widow,2.5,assistant_axis,19.95614035087719,34.32017543859649,69.04385964912281,-0.2626935108686934
wind,1.0,steered,43.21834061135371,43.21834061135371,45.78165938864629,0.0
wind,1.0,assistant_axis,42.33187772925764,42.33187772925764,46.66812227074236,0.0
wind,1.5,steered,53.71615720524017,43.21834061135371,35.28384279475983,0.22930179320869895
wind,1.5,assistant_axis,47.72052401746725,42.33187772925764,41.27947598253275,0.1154673902872649
wind,2.0,steered,69.42794759825327,43.21834061135371,19.57205240174673,0.5724914154902707
wind,2.0,assistant_axis,48.07423580786026,42.33187772925764,40.92576419213974,0.12304669224291197
wind,2.5,steered,87.34497816593887,43.21834061135371,1.655021834061131,0.9638496756962992
wind,2.5,assistant_axis,14.43231441048035,42.33187772925764,74.56768558951966,-0.597829138205296
witch,1.0,steered,28.859649122807017,28.859649122807017,60.140350877192986,0.0
witch,1.0,assistant_axis,28.916666666666668,28.916666666666668,60.08333333333333,0.0
witch,1.5,steered,32.574561403508774,28.859649122807017,56.425438596491226,0.06177071178529759
witch,1.5,assistant_axis,31.11842105263158,28.916666666666668,57.881578947368425,0.03664501058471419
witch,2.0,steered,43.08771929824562,28.859649122807017,45.91228070175438,0.23658109684947495
witch,2.0,assistant_axis,28.24561403508772,28.916666666666668,60.75438596491228,-0.011168698445142004
witch,2.5,steered,61.65350877192982,28.859649122807017,27.346491228070178,0.5452887981330221
witch,2.5,assistant_axis,9.539473684210526,28.916666666666668,79.46052631578948,-0.32250529235710645
witness,1.0,steered,51.16666666666666,51.16666666666666,37.83333333333334,0.0
witness,1.0,assistant_axis,44.07017543859649,44.07017543859649,44.92982456140351,0.0
witness,1.5,steered,57.32456140350877,51.16666666666666,31.675438596491233,0.16276373753767687
witness,1.5,assistant_axis,45.70175438596491,44.07017543859649,43.29824561403509,0.036313939867239284
witness,2.0,steered,67.11842105263158,51.16666666666666,21.881578947368425,0.4216322745188964
witness,2.0,assistant_axis,38.56578947368421,44.07017543859649,50.43421052631579,-0.1225107379929715
witness,2.5,steered,78.00438596491227,51.16666666666666,10.995614035087726,0.7093670299095756
witness,2.5,assistant_axis,16.776315789473685,44.07017543859649,72.22368421052632,-0.6074775478328779
workaholic,1.0,steered,52.23684210526316,52.23684210526316,36.76315789473684,0.0
workaholic,1.0,assistant_axis,50.75877192982456,50.75877192982456,38.24122807017544,0.0
workaholic,1.5,steered,57.89912280701754,52.23684210526316,31.10087719298246,0.15402052016225237
workaholic,1.5,assistant_axis,53.07456140350877,50.75877192982456,35.92543859649123,0.060557403371946185
workaholic,2.0,steered,66.82456140350877,52.23684210526316,22.175438596491233,0.3968026723932234
workaholic,2.0,assistant_axis,44.70175438596491,50.75877192982456,44.29824561403509,-0.1583897235921551
workaholic,2.5,steered,74.61842105263158,52.23684210526316,14.381578947368425,0.608804581245526
workaholic,2.5,assistant_axis,20.416666666666668,50.75877192982456,68.58333333333333,-0.7934396146347058
wraith,1.0,steered,25.605263157894736,25.605263157894736,63.39473684210526,0.0
wraith,1.0,assistant_axis,26.899122807017545,26.899122807017545,62.10087719298245,0.0
wraith,1.5,steered,30.864035087719294,25.605263157894736,58.135964912280706,0.08295281582952811
wraith,1.5,assistant_axis,29.635964912280706,26.899122807017545,59.364035087719294,0.04407090896249741
wraith,2.0,steered,39.30263157894737,25.605263157894736,49.69736842105263,0.2160647571606476
wraith,2.0,assistant_axis,28.17543859649123,26.899122807017545,60.82456140350877,0.020552298891164642
wraith,2.5,steered,61.03508771929825,25.605263157894736,27.964912280701753,0.5588764355887643
wraith,2.5,assistant_axis,9.473684210526317,26.899122807017545,79.52631578947368,-0.28059891235256723
writer,1.0,steered,62.80263157894737,62.80263157894737,26.19736842105263,0.0
writer,1.0,assistant_axis,13.530701754385966,13.530701754385966,75.46929824561403,0.0
writer,1.5,steered,67.18859649122807,62.80263157894737,21.81140350877193,0.16742005692281925
writer,1.5,assistant_axis,13.530701754385966,13.530701754385966,75.46929824561403,0.0
writer,2.0,steered,72.99122807017544,62.80263157894737,16.00877192982456,0.38891679223170933
writer,2.0,assistant_axis,13.530701754385966,13.530701754385966,75.46929824561403,0.0
writer,2.5,steered,80.99122807017544,62.80263157894737,8.008771929824562,0.6942909760589319
writer,2.5,assistant_axis,13.530701754385966,13.530701754385966,75.46929824561403,0.0
zealot,1.0,steered,40.01754385964912,40.01754385964912,48.98245614035088,0.0
zealot,1.0,assistant_axis,13.486842105263158,13.486842105263158,75.51315789473685,0.0
zealot,1.5,steered,45.583333333333336,40.01754385964912,43.416666666666664,0.11362822349570205
zealot,1.5,assistant_axis,13.486842105263158,13.486842105263158,75.51315789473685,0.0
zealot,2.0,steered,56.925438596491226,40.01754385964912,32.074561403508774,0.34518266475644693
zealot,2.0,assistant_axis,13.486842105263158,13.486842105263158,75.51315789473685,0.0
zealot,2.5,steered,68.8157894736842,40.01754385964912,20.184210526315795,0.587929799426934
zealot,2.5,assistant_axis,13.486842105263158,13.486842105263158,75.51315789473685,0.0
zeitgeist,1.0,steered,75.60526315789474,75.60526315789474,13.39473684210526,0.0
zeitgeist,1.0,assistant_axis,72.25,72.25,16.75,0.0
zeitgeist,1.5,steered,78.0701754385965,75.60526315789474,10.929824561403507,0.1840209561231172
zeitgeist,1.5,assistant_axis,73.8201754385965,72.25,15.179824561403507,0.09374181722964138
zeitgeist,2.0,steered,84.26754385964912,75.60526315789474,4.732456140350877,0.6466928618205632
zeitgeist,2.0,assistant_axis,58.98684210526316,72.25,30.013157894736842,-0.7918303220738413
zeitgeist,2.5,steered,85.00877192982456,75.60526315789474,3.9912280701754383,0.702030124426981
zeitgeist,2.5,assistant_axis,15.723684210526317,72.25,73.27631578947368,-3.3747054202670856
