role,steered_score__alpha_1.0,cmp_emotional_register__alpha_1.0,cmp_vocab_choice__alpha_1.0,cmp_social_dynamic__alpha_1.0,cmp_motivation__alpha_1.0,cmp_worldview_alignment__alpha_1.0,steered_score__alpha_1.5,cmp_emotional_register__alpha_1.5,cmp_vocab_choice__alpha_1.5,cmp_social_dynamic__alpha_1.5,cmp_motivation__alpha_1.5,cmp_worldview_alignment__alpha_1.5,steered_score__alpha_2.0,cmp_emotional_register__alpha_2.0,cmp_vocab_choice__alpha_2.0,cmp_social_dynamic__alpha_2.0,cmp_motivation__alpha_2.0,cmp_worldview_alignment__alpha_2.0,steered_score__alpha_2.5,cmp_emotional_register__alpha_2.5,cmp_vocab_choice__alpha_2.5,cmp_social_dynamic__alpha_2.5,cmp_motivation__alpha_2.5,cmp_worldview_alignment__alpha_2.5
aberration,29.06578947368421,10.197368421052632,21.973684210526315,20.24122807017544,18.464912280701753,9.517543859649123,33.32017543859649,13.947368421052632,23.68421052631579,22.25877192982456,21.68859649122807,12.850877192982455,43.28508771929825,20.087719298245613,28.223684210526315,27.67543859649123,29.210526315789473,19.473684210526315,66.58771929824562,34.75877192982456,40.37280701754386,39.95614035087719,42.63157894736842,34.64912280701754
absurdist,29.54385964912281,9.517543859649123,16.95175438596491,19.890350877192983,17.850877192982455,7.6535087719298245,32.771929824561404,11.732456140350877,19.539473684210527,21.666666666666668,19.846491228070175,9.429824561403509,38.728070175438596,16.57894736842105,24.605263157894736,28.530701754385966,25.19736842105263,13.530701754385966,50.8640350877193,25.087719298245613,32.93859649122807,36.030701754385966,33.728070175438596,21.95175438596491
accountant,59.74561403508772,52.80701754385965,58.64035087719298,50.94298245614035,54.23245614035088,49.93421052631579,59.79824561403509,54.3421052631579,58.026315789473685,51.416666666666664,56.64473684210526,51.99561403508772,61.8421052631579,54.21052631578947,55.10087719298246,51.31578947368421,58.728070175438596,53.41228070175438,61.66228070175438,49.14473684210526,46.73245614035088,46.51315789473684,56.666666666666664,50.94298245614035
activist,53.109170305676855,45.87336244541485,57.77292576419214,49.148471615720524,47.55458515283843,45.21834061135371,55.724890829694324,51.572052401746724,59.585152838427945,54.06113537117904,52.89519650655022,50.480349344978166,59.73362445414847,57.40174672489083,60.327510917030565,56.200873362445414,60.109170305676855,56.68122270742358,62.53947368421053,62.25877192982456,59.583333333333336,59.53947368421053,63.79385964912281,59.86842105263158
actor,45.574561403508774,43.771929824561404,49.18859649122807,44.91228070175438,54.49561403508772,49.62719298245614,52.87719298245614,53.07017543859649,55.48245614035088,52.74122807017544,62.23684210526316,56.75438596491228,64.57894736842105,60.19736842105263,59.3421052631579,59.3421052631579,68.88157894736842,64.29824561403508,74.66666666666667,68.83771929824562,63.59649122807018,66.8201754385965,74.71491228070175,70.10964912280701
addict,38.31877729257642,25.04366812227074,32.838427947598255,28.34061135371179,26.069868995633186,22.729257641921397,47.7117903930131,34.737991266375545,41.89956331877729,37.81659388646288,35.58951965065502,31.921397379912662,63.786026200873366,46.17903930131004,51.572052401746724,47.86026200873363,47.7292576419214,44.00873362445415,75.49122807017544,55.81140350877193,57.65350877192982,56.00877192982456,56.92982456140351,53.478070175438596
adolescent,38.62882096069869,31.48471615720524,30.76419213973799,31.353711790393014,40.698689956331876,36.375545851528386,51.0174672489083,43.493449781659386,44.47598253275109,42.81659388646288,53.23144104803494,48.777292576419214,65.96069868995633,54.80349344978166,54.890829694323145,55.0,64.58515283842794,60.45851528384279,79.70614035087719,67.76315789473684,65.98684210526316,67.65350877192982,75.6359649122807,71.44736842105263
advocate,74.01315789473684,56.31578947368421,64.73684210526316,57.87280701754386,61.030701754385966,58.0921052631579,77.01315789473684,62.10526315789474,64.4298245614035,60.6359649122807,66.79824561403508,63.24561403508772,80.48684210526316,68.1798245614035,64.25438596491227,64.95614035087719,70.54824561403508,66.71052631578948,78.73245614035088,66.75438596491227,59.80263157894737,60.78947368421053,67.08333333333333,61.776315789473685
alien,37.50877192982456,22.87280701754386,32.324561403508774,30.57017543859649,36.44736842105263,23.43421052631579,42.530701754385966,28.20175438596491,35.98684210526316,34.49561403508772,40.723684210526315,27.93859649122807,53.73245614035088,34.780701754385966,39.95614035087719,40.06578947368421,47.74122807017544,35.46052631578947,76.19298245614036,51.35964912280702,52.89473684210526,52.76315789473684,61.60087719298246,52.675438596491226
altruist,71.27510917030568,48.97379912663755,62.81659388646288,54.366812227074234,50.87336244541485,49.03930131004367,73.02620087336244,53.47161572052402,62.66375545851528,56.943231441048034,54.51091703056768,52.685589519650655,75.24454148471615,58.34061135371179,61.24454148471616,58.07860262008734,59.23580786026201,56.353711790393014,74.3859649122807,62.478070175438596,59.078947368421055,59.3421052631579,63.55263157894737,60.30701754385965
amateur,65.50877192982456,42.80701754385965,41.16228070175438,40.921052631578945,47.12719298245614,44.3640350877193,76.64473684210526,50.74561403508772,49.01315789473684,48.421052631578945,55.94298245614035,52.30263157894737,84.7719298245614,59.91228070175438,56.82017543859649,57.56578947368421,65.41666666666667,61.8859649122807,89.09649122807018,66.40350877192982,62.675438596491226,64.71491228070175,72.34649122807018,67.97368421052632
ambassador,69.85087719298245,60.94298245614035,62.76315789473684,56.89912280701754,64.56140350877193,60.16228070175438,70.41228070175438,61.25,59.95614035087719,56.973684210526315,65.30701754385964,60.78947368421053,69.12280701754386,56.9078947368421,53.1578947368421,52.280701754385966,61.82017543859649,57.19298245614035,64.94736842105263,50.6359649122807,43.1578947368421,44.45175438596491,56.776315789473685,51.228070175438596
amnesiac,39.49561403508772,31.535087719298247,41.62280701754386,35.94298245614035,33.04824561403509,29.49561403508772,46.271929824561404,37.06140350877193,45.526315789473685,40.85526315789474,40.526315789473685,36.030701754385966,63.51315789473684,48.46491228070175,54.4078947368421,51.64473684210526,53.44298245614035,48.99122807017544,79.15350877192982,59.078947368421055,61.18421052631579,61.79824561403509,64.58333333333333,59.99122807017544
analyst,86.3201754385965,67.78508771929825,71.53508771929825,67.23684210526316,75.0219298245614,72.76315789473684,85.31140350877193,67.36842105263158,69.23245614035088,65.9780701754386,75.91228070175438,72.70614035087719,84.50877192982456,64.03508771929825,64.33333333333333,63.333333333333336,74.95614035087719,70.44298245614036,81.89035087719299,59.078947368421055,56.53508771929825,56.60087719298246,71.29385964912281,66.2719298245614
anarchist,30.385964912280702,18.88157894736842,30.92105263157895,23.31140350877193,18.903508771929825,13.640350877192983,36.57017543859649,26.403508771929825,36.074561403508774,30.021929824561404,26.359649122807017,20.43859649122807,45.64912280701754,37.12719298245614,44.71491228070175,38.85964912280702,37.19298245614035,30.210526315789473,57.3421052631579,48.79385964912281,51.271929824561404,47.10526315789474,49.29824561403509,43.43421052631579
ancient,42.99561403508772,23.640350877192983,30.87719298245614,27.609649122807017,38.421052631578945,26.535087719298247,44.26315789473684,24.62719298245614,30.19736842105263,28.837719298245613,39.23245614035088,27.80701754385965,47.98684210526316,28.92543859649123,30.94298245614035,32.280701754385966,43.0921052631579,32.18421052631579,51.083333333333336,33.37719298245614,32.828947368421055,35.35087719298246,49.69298245614035,37.89473684210526
angel,65.93859649122807,34.21052631578947,43.75,37.78508771929825,46.73245614035088,35.54824561403509,72.46929824561404,45.08771929824562,49.671052631578945,46.99561403508772,54.89035087719298,45.62280701754386,82.94298245614036,58.728070175438596,58.1140350877193,58.07017543859649,64.84649122807018,57.35087719298246,89.60087719298245,71.68859649122807,66.2719298245614,68.42105263157895,71.8859649122807,66.8201754385965
anthropologist,61.75438596491228,57.478070175438596,63.1140350877193,58.70614035087719,61.20614035087719,56.15350877192982,65.48684210526316,62.14912280701754,64.3640350877193,61.44736842105263,66.10964912280701,61.776315789473685,71.15789473684211,64.69298245614036,62.87280701754386,62.65350877192982,68.1798245614035,63.12719298245614,75.2280701754386,64.56140350877193,59.276315789473685,60.6140350877193,67.32456140350877,62.1140350877193
archaeologist,44.71491228070175,31.95175438596491,41.18421052631579,34.53947368421053,34.583333333333336,29.42982456140351,48.62719298245614,38.00438596491228,43.79385964912281,39.75877192982456,40.81140350877193,35.526315789473685,53.14035087719298,45.78947368421053,47.58771929824562,44.4078947368421,47.89473684210526,42.36842105263158,58.15350877192982,2.969298245614035,2.6578947368421053,2.986842105263158,3.2280701754385963,3.1447368421052633
architect,54.61572052401747,55.480349344978166,59.366812227074234,54.082969432314414,58.82096069868996,54.148471615720524,56.11353711790393,57.96943231441048,60.06550218340611,55.157205240174676,60.698689956331876,55.89519650655022,57.39737991266376,58.951965065502186,57.81659388646288,55.633187772925766,62.44541484716157,57.532751091703055,58.49561403508772,57.719298245614034,52.719298245614034,52.21491228070175,62.01754385964912,56.49122807017544
archivist,59.04824561403509,47.78508771929825,53.969298245614034,48.28947368421053,49.42982456140351,46.35964912280702,62.48684210526316,53.17982456140351,57.41228070175438,53.79385964912281,55.93421052631579,52.17982456140351,71.85526315789474,59.21052631578947,61.49122807017544,59.10087719298246,64.91228070175438,60.723684210526315,78.8640350877193,63.55263157894737,62.41228070175438,61.469298245614034,69.9342105263158,65.75877192982456
artisan,56.49781659388646,48.73362445414847,53.36244541484716,47.96943231441048,53.23144104803494,48.31877729257642,64.28384279475982,56.877729257641924,57.838427947598255,55.43668122270742,61.877729257641924,57.685589519650655,74.96943231441048,62.751091703056765,61.048034934497814,59.39737991266376,67.96943231441048,63.48471615720524,81.68859649122807,68.53070175438596,64.34210526315789,65.35087719298245,73.1140350877193,69.33771929824562
ascetic,34.10964912280702,17.5,27.916666666666668,23.68421052631579,19.86842105263158,13.530701754385966,37.04824561403509,18.99122807017544,27.609649122807017,24.912280701754387,20.899122807017545,15.06578947368421,38.95614035087719,23.42105263157895,29.035087719298247,29.29824561403509,27.280701754385966,19.69298245614035,42.00438596491228,28.57456140350877,31.337719298245613,32.34649122807018,34.01315789473684,26.07456140350877
assistant,94.70614035087719,78.48684210526316,80.37280701754386,78.0701754385965,86.28508771929825,84.28947368421052,94.29385964912281,80.41666666666667,79.9780701754386,80.30701754385964,86.78070175438596,84.76315789473684,92.82894736842105,77.30263157894737,74.49561403508773,75.32894736842105,84.34210526315789,81.0657894736842,89.46491228070175,69.75877192982456,63.530701754385966,66.46929824561404,77.45614035087719,73.28070175438596
auctioneer,36.526315789473685,30.964912280701753,35.26315789473684,28.223684210526315,42.76315789473684,36.95175438596491,42.675438596491226,38.48684210526316,41.62280701754386,35.219298245614034,51.00877192982456,44.71491228070175,53.67982456140351,49.62719298245614,49.078947368421055,44.80263157894737,60.57017543859649,53.68421052631579,68.84210526315789,59.18859649122807,55.46052631578947,54.23245614035088,65.87719298245614,61.05263157894737
auditor,62.728070175438596,54.05701754385965,58.04824561403509,51.18421052631579,56.20614035087719,51.94298245614035,63.64912280701754,53.969298245614034,56.31578947368421,50.833333333333336,56.8640350877193,52.85087719298246,65.04824561403508,50.39473684210526,51.09649122807018,47.675438596491226,57.14912280701754,52.41228070175438,67.60526315789474,46.82017543859649,43.35526315789474,42.98245614035088,55.833333333333336,50.67982456140351
avatar,55.44298245614035,32.93859649122807,43.68421052631579,38.59649122807018,45.89912280701754,34.780701754385966,64.89035087719299,42.30263157894737,48.1359649122807,46.44736842105263,54.3640350877193,44.780701754385966,78.53508771929825,56.16228070175438,56.469298245614034,57.65350877192982,65.28508771929825,57.69736842105263,87.10526315789474,72.87280701754386,69.15789473684211,70.5701754385965,75.83333333333333,71.94736842105263
bard,47.40350877192982,25.789473684210527,36.73245614035088,34.3859649122807,46.44736842105263,37.12719298245614,51.79824561403509,30.45175438596491,38.23684210526316,37.35964912280702,50.32017543859649,41.26315789473684,59.71491228070175,36.35964912280702,40.96491228070175,41.8640350877193,54.91228070175438,45.96491228070175,68.56140350877193,40.98684210526316,40.78947368421053,44.64912280701754,56.33771929824562,48.80701754385965
bartender,50.776315789473685,41.29385964912281,43.17982456140351,38.969298245614034,50.89912280701754,45.46052631578947,61.723684210526315,51.51315789473684,50.81140350877193,49.23245614035088,61.62280701754386,56.578947368421055,75.0657894736842,63.79385964912281,61.14035087719298,61.8640350877193,70.6798245614035,65.59210526315789,79.8157894736842,67.71929824561404,63.46491228070175,64.56140350877193,70.81140350877193,66.87719298245614
biologist,57.728070175438596,59.166666666666664,62.5,58.61842105263158,60.57017543859649,56.08771929824562,57.8640350877193,61.49122807017544,60.416666666666664,59.05701754385965,62.09649122807018,56.64473684210526,60.42982456140351,60.85526315789474,56.973684210526315,57.45614035087719,61.51315789473684,56.38157894736842,60.93859649122807,60.28508771929825,52.521929824561404,54.86842105263158,61.64473684210526,55.76754385964912
blogger,74.57456140350877,59.05701754385965,67.5657894736842,62.03947368421053,69.90350877192982,67.37280701754386,79.77631578947368,65.21929824561404,70.32894736842105,66.8859649122807,75.37280701754386,73.02631578947368,84.53508771929825,72.08333333333333,72.93859649122807,72.74122807017544,80.21929824561404,77.85087719298245,86.26754385964912,76.57894736842105,73.35526315789474,74.82456140350877,81.75438596491227,78.79385964912281
bohemian,47.478070175438596,29.32017543859649,37.25877192982456,37.324561403508774,40.6359649122807,31.710526315789473,53.76315789473684,36.38157894736842,42.76315789473684,43.44298245614035,49.21052631578947,39.99122807017544,63.89912280701754,45.6140350877193,48.48684210526316,50.0,55.89912280701754,47.56578947368421,72.89035087719299,54.89035087719298,56.05263157894737,57.65350877192982,64.23245614035088,57.328947368421055
builder,67.8201754385965,49.12280701754386,56.14035087719298,49.91228070175438,58.24561403508772,54.166666666666664,72.36842105263158,55.78947368421053,60.5921052631579,54.91228070175438,63.75,58.90350877192982,77.77631578947368,60.10964912280702,63.026315789473685,59.276315789473685,69.25438596491227,65.01315789473684,82.39035087719299,64.29824561403508,63.530701754385966,61.973684210526315,72.25877192982456,67.21929824561404
caregiver,72.646288209607,58.122270742358076,64.89082969432314,58.73362445414847,63.419213973799124,60.65502183406114,75.79912663755458,63.31877729257642,63.122270742358076,60.96069868995633,67.89519650655022,64.49781659388647,79.34497816593887,65.26200873362446,60.30567685589519,61.419213973799124,68.38427947598254,64.19213973799127,72.8640350877193,58.1578947368421,49.95614035087719,51.99561403508772,59.23245614035088,53.66228070175438
cartographer,47.68859649122807,49.73684210526316,55.19736842105263,49.166666666666664,51.030701754385966,46.578947368421055,51.81140350877193,53.94736842105263,56.92982456140351,52.916666666666664,56.16228070175438,51.92982456140351,59.271929824561404,58.04824561403509,58.1140350877193,56.82017543859649,63.333333333333336,57.93859649122807,65.35087719298245,57.54385964912281,56.074561403508774,54.473684210526315,62.36842105263158,56.70175438596491
caveman,10.482456140350877,1.9517543859649122,1.162280701754386,2.5,8.793859649122806,2.192982456140351,15.057017543859649,3.6403508771929824,2.1710526315789473,4.771929824561403,12.412280701754385,3.969298245614035,26.407894736842106,8.157894736842104,4.149122807017544,8.75,17.521929824561404,7.543859649122807,49.219298245614034,16.29385964912281,9.25438596491228,15.526315789473685,26.00877192982456,15.723684210526315
celebrity,45.171052631578945,44.53947368421053,50.021929824561404,44.31140350877193,53.56140350877193,48.85964912280702,52.35087719298246,52.916666666666664,56.49122807017544,51.31578947368421,61.68859649122807,56.776315789473685,62.49561403508772,61.11842105263158,59.53947368421053,58.79385964912281,69.10087719298245,64.56140350877193,69.52838427947599,60.87336244541485,57.22707423580786,58.4061135371179,67.29257641921397,63.01310043668122
chameleon,50.60087719298246,40.13157894736842,48.07017543859649,41.49122807017544,45.5921052631579,39.671052631578945,56.75,47.30263157894737,53.75,48.1140350877193,54.3640350877193,47.85087719298246,69.17543859649123,55.30701754385965,56.973684210526315,54.23245614035088,61.228070175438596,55.328947368421055,81.69736842105263,63.04824561403509,61.62280701754386,62.30263157894737,69.51754385964912,64.33333333333333
chef,32.467248908296945,43.34061135371179,45.480349344978166,41.069868995633186,45.08733624454148,40.56768558951965,35.88209606986899,48.646288209606986,47.161572052401745,43.75545851528384,48.8646288209607,43.82096069868996,40.842794759825324,52.05240174672489,47.48908296943232,46.02620087336245,52.05240174672489,46.34497816593886,47.314410480349345,50.93886462882096,43.75545851528384,44.23580786026201,50.698689956331876,44.366812227074234
chemist,54.3859649122807,56.38157894736842,60.24122807017544,54.49561403508772,56.6140350877193,52.82017543859649,56.583333333333336,58.333333333333336,58.61842105263158,54.473684210526315,58.85964912280702,54.521929824561404,58.35964912280702,57.85087719298246,55.219298245614034,53.04824561403509,60.30701754385965,55.37280701754386,61.31877729257642,56.26637554585153,49.75982532751092,50.786026200873366,59.49781659388646,54.585152838427945
chimera,46.3640350877193,23.57456140350877,37.34649122807018,31.82017543859649,30.986842105263158,23.00438596491228,52.33771929824562,29.49561403508772,41.776315789473685,37.65350877192982,38.421052631578945,30.04385964912281,68.13157894736842,42.45614035087719,47.80701754385965,46.29385964912281,50.10964912280702,42.60964912280702,86.8640350877193,63.026315789473685,64.03508771929825,62.89473684210526,66.79824561403508,61.60087719298246
coach,90.68181818181819,59.65909090909091,67.0596590909091,60.02840909090909,69.16193181818181,65.85227272727273,90.18181818181819,64.75852272727273,68.06818181818181,63.54545454545455,74.58806818181819,70.88636363636364,88.49147727272727,67.44318181818181,66.2215909090909,64.67329545454545,75.45454545454545,71.2215909090909,81.15625,61.39204545454545,57.34375,56.59090909090909,67.59943181818181,62.72159090909091
collaborator,89.10526315789474,69.40789473684211,74.58333333333333,68.8157894736842,76.43859649122807,74.01315789473684,90.23245614035088,74.49561403508773,75.74561403508773,72.58771929824562,80.3640350877193,77.75,90.1842105263158,74.73684210526316,72.93859649122807,73.1140350877193,78.99122807017544,76.1842105263158,88.05263157894737,69.73684210526316,65.39473684210526,66.8859649122807,74.95614035087719,70.9780701754386
collector,50.20175438596491,35.08771929824562,44.91228070175438,38.00438596491228,36.92982456140351,32.521929824561404,53.583333333333336,39.56140350877193,46.68859649122807,40.74561403508772,42.41228070175438,37.478070175438596,58.69736842105263,45.70175438596491,49.91228070175438,45.94298245614035,48.88157894736842,44.01315789473684,65.02631578947368,50.67982456140351,53.61842105263158,50.021929824561404,54.175438596491226,49.078947368421055
comedian,37.1578947368421,23.31140350877193,31.644736842105264,28.88157894736842,47.89473684210526,41.68859649122807,44.51315789473684,32.89473684210526,39.42982456140351,38.771929824561404,56.469298245614034,49.93421052631579,59.85087719298246,46.425438596491226,50.328947368421055,49.25438596491228,65.74561403508773,59.978070175438596,74.91228070175438,56.271929824561404,56.666666666666664,57.5,67.54385964912281,63.28947368421053
competitor,57.728070175438596,44.25438596491228,54.23245614035088,43.81578947368421,43.55263157894737,42.10526315789474,65.78508771929825,53.24561403508772,58.50877192982456,50.6578947368421,53.925438596491226,51.38157894736842,75.88157894736842,61.425438596491226,61.666666666666664,57.10526315789474,63.1578947368421,59.21052631578947,81.0701754385965,65.17543859649123,62.14912280701754,61.38157894736842,68.20175438596492,64.12280701754386
composer,41.8421052631579,37.25877192982456,47.675438596491226,44.18859649122807,44.73684210526316,40.04385964912281,45.20175438596491,41.31578947368421,49.71491228070175,47.87280701754386,47.828947368421055,43.1359649122807,52.19736842105263,49.71491228070175,54.05701754385965,52.12719298245614,57.76315789473684,52.578947368421055,60.10526315789474,57.06140350877193,55.85526315789474,56.666666666666664,62.23684210526316,58.19298245614035
conservator,48.13157894736842,47.00877192982456,48.65350877192982,44.88157894736842,44.68421052631579,40.3640350877193,49.728070175438596,49.780701754385966,48.39912280701754,47.23684210526316,48.771929824561404,43.574561403508774,48.81140350877193,49.03508771929825,44.21052631578947,44.89035087719298,49.01315789473684,43.26754385964912,46.30263157894737,43.24561403508772,35.81140350877193,38.55263157894737,45.526315789473685,39.276315789473685
consultant,89.16666666666667,73.7719298245614,76.00877192982456,72.4342105263158,79.80263157894737,77.46929824561404,87.65789473684211,72.82894736842105,72.93859649122807,70.89035087719299,80.46052631578948,77.25877192982456,84.85087719298245,68.79385964912281,64.78070175438596,65.17543859649123,76.68859649122807,73.39912280701755,79.05701754385964,57.69736842105263,53.55263157894737,54.45175438596491,68.22368421052632,63.48684210526316
contrarian,47.23684210526316,39.473684210526315,54.978070175438596,40.81140350877193,38.59649122807018,32.93859649122807,52.09649122807018,46.228070175438596,57.521929824561404,46.228070175438596,46.25,39.824561403508774,61.23245614035088,53.99122807017544,60.04385964912281,52.74122807017544,53.79385964912281,48.223684210526315,69.8859649122807,59.166666666666664,58.969298245614034,55.67982456140351,61.00877192982456,54.73684210526316
coordinator,82.60526315789474,69.12280701754386,71.42543859649123,67.21491228070175,73.5219298245614,71.35087719298245,82.64473684210526,69.91228070175438,69.10087719298245,67.39035087719299,75.92105263157895,73.1140350877193,81.91266375545851,64.64192139737992,61.78165938864629,61.38864628820961,71.95633187772926,68.41048034934498,75.39301310043668,55.327510917030565,50.30567685589519,52.64192139737991,63.23144104803494,58.995633187772924
coral_reef,60.530701754385966,34.25438596491228,44.01315789473684,39.12280701754386,42.78508771929825,34.978070175438596,68.85526315789474,43.61842105263158,49.64912280701754,46.79824561403509,51.82017543859649,43.828947368421055,79.54385964912281,57.23684210526316,58.81578947368421,58.24561403508772,63.48684210526316,56.723684210526315,91.00438596491227,74.82456140350877,71.46929824561404,73.5,77.7719298245614,74.22368421052632
cosmopolitan,79.32894736842105,66.2280701754386,72.87280701754386,67.82894736842105,75.81140350877193,72.3859649122807,82.08771929824562,70.32894736842105,72.54385964912281,70.21929824561404,78.85964912280701,74.90350877192982,82.46929824561404,70.70175438596492,69.69298245614036,69.64912280701755,77.76315789473684,73.68859649122807,80.79824561403508,65.37280701754386,62.478070175438596,62.98245614035088,72.91666666666667,68.1798245614035
counselor,78.5,63.04824561403509,68.57456140350877,65.08771929824562,71.97368421052632,68.85964912280701,80.86842105263158,67.21491228070175,68.6842105263158,67.01754385964912,73.79385964912281,70.89912280701755,80.46052631578948,68.37719298245614,66.73245614035088,66.84210526315789,74.91228070175438,71.38157894736842,80.60087719298245,68.1359649122807,63.1359649122807,64.86842105263158,72.84210526315789,68.78508771929825
criminal,26.70614035087719,14.18859649122807,16.79824561403509,13.903508771929825,17.960526315789473,12.324561403508772,33.95614035087719,21.11842105263158,22.894736842105264,19.473684210526315,23.50877192982456,17.785087719298247,54.95614035087719,36.62280701754386,38.07017543859649,33.70614035087719,41.53508771929825,34.3640350877193,75.4780701754386,51.53508771929825,51.8640350877193,48.75,54.166666666666664,49.166666666666664
critic,69.73799126637554,50.17467248908297,57.86026200873363,50.34934497816594,59.43231441048035,53.493449781659386,71.23580786026201,54.75982532751092,58.73362445414847,52.40174672489083,63.056768558951966,56.61572052401747,73.3859649122807,55.96491228070175,56.20614035087719,52.19298245614035,65.59210526315789,58.48684210526316,74.88646288209607,57.248908296943235,52.64192139737991,52.40174672489083,65.37117903930131,59.62882096069869
crystalline,69.9780701754386,48.771929824561404,62.916666666666664,53.61842105263158,59.62719298245614,54.166666666666664,75.80263157894737,56.425438596491226,68.48684210526316,61.074561403508774,67.29385964912281,62.60087719298246,83.40350877192982,65.6140350877193,72.4342105263158,67.19298245614036,72.71052631578948,68.87280701754386,90.64473684210526,76.8859649122807,78.67543859649123,75.87719298245614,78.55263157894737,76.66228070175438
curator,58.69736842105263,58.728070175438596,61.8421052631579,57.87280701754386,60.89912280701754,57.324561403508774,60.99122807017544,60.04385964912281,59.89035087719298,57.324561403508774,63.68421052631579,58.969298245614034,62.43421052631579,59.23245614035088,56.64473684210526,55.26315789473684,62.171052631578945,57.36842105263158,62.833333333333336,57.03947368421053,51.33771929824562,52.56578947368421,61.26315789473684,55.76754385964912
cyborg,50.67982456140351,26.42543859649123,37.14912280701754,31.38157894736842,43.59649122807018,33.07017543859649,57.75877192982456,34.166666666666664,42.85087719298246,36.16228070175438,50.70175438596491,40.46052631578947,72.8157894736842,45.78947368421053,50.328947368421055,46.33771929824562,60.5921052631579,51.33771929824562,87.51315789473684,62.083333333333336,61.60087719298246,60.5921052631579,69.12280701754386,62.87280701754386
cynic,38.21052631578947,15.131578947368421,30.94298245614035,24.013157894736842,20.109649122807017,13.24561403508772,42.65350877192982,17.982456140350877,32.521929824561404,27.039473684210527,25.13157894736842,17.30263157894737,52.45614035087719,26.31578947368421,39.64912280701754,33.35526315789474,33.24561403508772,25.37280701754386,67.48684210526316,36.8421052631579,46.60087719298246,41.8640350877193,43.04824561403509,36.16228070175438
daredevil,44.53508771929825,20.43859649122807,29.45175438596491,19.539473684210527,24.144736842105264,16.38157894736842,58.34649122807018,28.662280701754387,35.78947368421053,26.644736842105264,33.66228070175438,25.24122807017544,75.46929824561404,45.48245614035088,48.59649122807018,40.416666666666664,48.1578947368421,40.70175438596491,82.80701754385964,54.91228070175438,54.93421052631579,48.37719298245614,56.75438596491228,49.73684210526316
debugger,64.36842105263158,54.75877192982456,60.57017543859649,54.728070175438596,58.10526315789474,54.95175438596491,66.64473684210526,58.728070175438596,62.828947368421055,58.46491228070175,63.521929824561404,59.83771929824562,71.69736842105263,62.01754385964912,63.00438596491228,60.19736842105263,66.44736842105263,63.530701754385966,73.36842105263158,60.26315789473684,58.46491228070175,57.69736842105263,64.89035087719299,61.28508771929825
demon,29.32894736842105,8.728070175438596,18.859649122807017,14.605263157894736,17.06140350877193,8.508771929824562,31.719298245614034,11.31578947368421,21.62280701754386,16.864035087719298,21.973684210526315,11.008771929824562,43.1140350877193,18.07017543859649,25.219298245614034,21.469298245614034,26.42543859649123,16.030701754385966,69.76754385964912,32.36842105263158,38.223684210526315,34.05701754385965,40.6578947368421,30.13157894736842
designer,64.21929824561404,63.771929824561404,66.62280701754386,62.65350877192982,69.47368421052632,66.42543859649123,66.80701754385964,65.59210526315789,67.01754385964912,64.44298245614036,71.97368421052632,68.3201754385965,70.27631578947368,66.2280701754386,63.46491228070175,62.45614035087719,70.81140350877193,66.46929824561404,74.68859649122807,64.34210526315789,59.75877192982456,59.95614035087719,70.15350877192982,65.78947368421052
destroyer,33.89473684210526,16.776315789473685,28.267543859649123,23.00438596491228,22.54385964912281,16.20614035087719,38.719298245614034,21.469298245614034,31.31578947368421,27.083333333333332,28.07017543859649,21.50438596491228,54.96052631578947,33.83771929824562,40.19736842105263,37.74122807017544,41.55701754385965,34.21052631578947,70.71929824561404,46.92982456140351,49.56140350877193,47.280701754385966,53.530701754385966,46.96491228070175
detective,51.62719298245614,37.58771929824562,44.12280701754386,36.05263157894737,46.92982456140351,39.671052631578945,56.30263157894737,43.55263157894737,47.675438596491226,40.526315789473685,52.87280701754386,44.84649122807018,64.37719298245614,49.078947368421055,48.85964912280702,46.33771929824562,58.59649122807018,51.05263157894737,74.64912280701755,55.39473684210526,52.41228070175438,51.074561403508774,64.51754385964912,57.41228070175438
devils_advocate,54.228070175438596,26.864035087719298,40.6359649122807,31.030701754385966,35.78947368421053,27.039473684210527,60.54385964912281,30.92105263157895,42.34649122807018,33.24561403508772,39.978070175438596,31.228070175438596,70.51315789473684,40.175438596491226,48.48684210526316,40.57017543859649,50.6578947368421,41.55701754385965,80.74122807017544,50.76754385964912,53.64035087719298,48.39912280701754,57.54385964912281,50.08771929824562
dilettante,56.38157894736842,36.60087719298246,39.60526315789474,38.88157894736842,40.24122807017544,35.921052631578945,67.02631578947368,46.35964912280702,49.3640350877193,49.276315789473685,50.328947368421055,46.49122807017544,80.48245614035088,59.42982456140351,58.31140350877193,59.93421052631579,62.01754385964912,59.14473684210526,86.3157894736842,63.925438596491226,60.85526315789474,63.55263157894737,67.12719298245614,63.83771929824562
dispatcher,61.71052631578947,52.21491228070175,57.5,49.75877192982456,56.021929824561404,51.719298245614034,63.84649122807018,54.32017543859649,54.14473684210526,50.48245614035088,58.83771929824562,54.51754385964912,65.86842105263158,49.824561403508774,47.30263157894737,45.98684210526316,56.79824561403509,51.49122807017544,63.01754385964912,43.50877192982456,39.56140350877193,41.40350877192982,53.44298245614035,47.675438596491226
divorcee,46.5921052631579,40.921052631578945,52.12719298245614,45.04385964912281,43.94736842105263,41.14035087719298,51.666666666666664,49.32017543859649,57.324561403508774,52.083333333333336,53.90350877192982,51.14035087719298,62.6359649122807,57.80701754385965,60.0,58.24561403508772,62.69736842105263,59.026315789473685,68.08333333333333,61.425438596491226,59.78947368421053,59.824561403508774,66.35964912280701,62.65350877192982
doctor,59.71615720524017,50.93886462882096,57.35807860262009,45.21834061135371,54.956331877729255,49.23580786026201,60.61572052401747,54.62882096069869,56.069868995633186,47.096069868995635,58.01310043668122,52.4235807860262,60.24561403508772,55.98684210526316,53.223684210526315,47.19298245614035,58.223684210526315,52.01754385964912,59.38427947598253,56.17903930131004,49.45414847161572,46.39737991266376,57.838427947598255,50.698689956331876
dreamer,52.85964912280702,35.30701754385965,52.41228070175438,48.68421052631579,44.03508771929825,39.01315789473684,61.80701754385965,44.29824561403509,56.18421052631579,55.76754385964912,53.223684210526315,48.00438596491228,77.3859649122807,59.276315789473685,64.75877192982456,66.29385964912281,66.0,61.98684210526316,88.94736842105263,76.55701754385964,75.48245614035088,77.41228070175438,78.4342105263158,76.15350877192982
echo,67.4780701754386,48.68421052631579,63.76315789473684,54.13157894736842,57.521929824561404,53.45175438596491,71.85526315789474,55.87719298245614,67.39035087719299,59.71491228070175,63.70614035087719,59.91228070175438,82.53508771929825,64.29824561403508,69.64912280701755,66.40350877192982,69.64912280701755,66.38157894736842,89.79385964912281,72.03947368421052,72.60964912280701,71.53508771929825,74.29824561403508,72.25
economist,58.96491228070175,55.0,57.25877192982456,53.68421052631579,54.3859649122807,49.50877192982456,59.76315789473684,55.6359649122807,55.723684210526315,53.20175438596491,55.42982456140351,51.12719298245614,58.46491228070175,52.78508771929825,50.921052631578945,50.19736842105263,53.925438596491226,49.21052631578947,57.92982456140351,49.51754385964912,46.074561403508774,47.719298245614034,53.728070175438596,48.223684210526315
ecosystem,50.324561403508774,35.175438596491226,45.021929824561404,38.66228070175438,36.44736842105263,29.517543859649123,53.75438596491228,42.14912280701754,47.43421052631579,41.35964912280702,42.171052631578945,35.10964912280702,60.33771929824562,49.4078947368421,50.54824561403509,48.00438596491228,50.0,43.421052631578945,73.77631578947368,59.078947368421055,56.666666666666664,55.526315789473685,58.99122807017544,52.55701754385965
editor,67.1359649122807,62.06140350877193,67.14912280701755,60.85526315789474,66.15350877192982,63.06140350877193,68.39035087719299,65.72368421052632,67.21491228070175,63.64035087719298,71.75438596491227,68.15789473684211,67.97368421052632,66.05263157894737,64.47368421052632,62.60964912280702,71.8201754385965,67.89473684210526,67.00877192982456,60.48245614035088,57.06140350877193,56.973684210526315,68.20175438596492,63.75
egregore,32.07017543859649,14.232456140350877,21.42543859649123,19.473684210526315,26.469298245614034,14.057017543859649,38.026315789473685,19.144736842105264,24.29824561403509,23.04824561403509,29.93421052631579,18.596491228070175,54.276315789473685,30.92105263157895,33.20175438596491,33.026315789473685,42.23684210526316,29.890350877192983,79.85087719298245,52.30263157894737,51.6140350877193,50.85526315789474,59.39912280701754,51.35964912280702
elder,56.3421052631579,42.41228070175438,47.171052631578945,41.05263157894737,52.36842105263158,45.56140350877193,60.33771929824562,46.95175438596491,51.73245614035088,44.93421052631579,58.17982456140351,50.86842105263158,66.12280701754386,53.333333333333336,54.25438596491228,51.71052631578947,64.3201754385965,57.87719298245614,73.37719298245614,60.28508771929825,59.01315789473684,58.50877192982456,69.58333333333333,64.33771929824562
eldritch,25.736842105263158,7.807017543859649,12.258771929824562,13.859649122807017,17.105263157894736,6.521929824561403,31.907894736842106,11.359649122807017,15.241228070175438,16.864035087719298,21.44736842105263,8.881578947368421,51.60964912280702,21.513157894736842,23.837719298245613,25.285087719298247,30.723684210526315,18.026315789473685,81.14473684210526,42.98245614035088,44.51754385964912,43.90350877192982,48.223684210526315,39.18859649122807
emissary,74.21052631578948,63.574561403508774,67.25877192982456,61.578947368421055,69.27631578947368,65.67105263157895,75.28070175438596,65.21929824561404,65.08771929824562,61.75438596491228,71.20614035087719,66.8859649122807,78.54824561403508,66.64473684210526,63.28947368421053,62.719298245614034,73.1359649122807,68.55263157894737,79.37280701754386,62.916666666666664,56.82017543859649,58.81578947368421,70.17543859649123,65.30701754385964
empath,66.51965065502183,42.379912663755455,58.66812227074236,51.92139737991266,52.40174672489083,47.86026200873363,70.4934497816594,49.148471615720524,59.0174672489083,55.65502183406114,57.64192139737991,53.11353711790393,76.75109170305677,58.01310043668122,61.7467248908297,60.698689956331876,64.17030567685589,59.903930131004365,79.89082969432314,65.4585152838428,63.777292576419214,64.95633187772926,67.9475982532751,63.75545851528384
engineer,76.46052631578948,67.30263157894737,71.97368421052632,67.39035087719299,72.8859649122807,69.75877192982456,78.49122807017544,69.89035087719299,72.19298245614036,68.92543859649123,76.6140350877193,72.91666666666667,81.1842105263158,70.83333333333333,72.53508771929825,70.55701754385964,78.09210526315789,75.02631578947368,81.80263157894737,65.81140350877193,65.32894736842105,64.14473684210526,74.3201754385965,70.95614035087719
entrepreneur,75.87719298245614,61.8421052631579,67.78508771929825,61.64473684210526,67.79824561403508,64.82456140350877,79.89473684210526,66.49122807017544,69.9342105263158,65.6798245614035,73.61842105263158,70.47368421052632,82.96929824561404,70.43859649122807,70.26315789473684,68.39912280701755,76.60087719298245,73.63157894736842,83.4298245614035,68.50877192982456,66.46929824561404,65.65789473684211,75.19736842105263,71.64473684210526
evaluator,88.65350877192982,65.96491228070175,70.0,64.56140350877193,73.44298245614036,70.43859649122807,86.64912280701755,62.01754385964912,64.03508771929825,60.30701754385965,71.2719298245614,66.50438596491227,85.08771929824562,57.478070175438596,56.71052631578947,54.60526315789474,66.9298245614035,61.62280701754386,79.74561403508773,51.20614035087719,46.53508771929825,47.96052631578947,62.63157894736842,56.92982456140351
evangelist,67.25877192982456,24.407894736842106,41.666666666666664,31.55701754385965,30.526315789473685,20.592105263157894,70.5219298245614,28.00438596491228,41.469298245614034,33.68421052631579,31.25,22.17105263157895,74.33333333333333,31.75438596491228,42.25877192982456,35.98684210526316,34.53947368421053,24.736842105263158,78.54824561403508,34.75877192982456,42.21491228070175,37.45614035087719,39.18859649122807,28.267543859649123
examiner,83.49561403508773,54.583333333333336,61.20614035087719,52.89473684210526,60.04385964912281,55.71491228070175,82.21052631578948,53.64035087719298,59.45175438596491,53.24561403508772,61.64473684210526,56.85964912280702,79.03070175438596,50.85526315789474,52.828947368421055,48.1578947368421,59.86842105263158,53.925438596491226,73.63157894736842,42.719298245614034,42.41228070175438,40.57017543859649,52.39035087719298,46.228070175438596
exile,37.08771929824562,22.982456140350877,36.40350877192982,29.780701754385966,27.06140350877193,22.149122807017545,39.8859649122807,26.666666666666668,38.66228070175438,32.74122807017544,32.93859649122807,27.45614035087719,50.31140350877193,34.18859649122807,41.973684210526315,38.39912280701754,39.671052631578945,33.81578947368421,61.530701754385966,43.85964912280702,48.50877192982456,45.87719298245614,48.94736842105263,43.26754385964912
expatriate,60.5,58.333333333333336,65.89912280701755,59.80263157894737,65.58333333333333,61.35964912280702,67.87719298245614,66.49122807017544,68.35526315789474,65.6798245614035,73.85964912280701,69.75877192982456,75.23684210526316,69.12280701754386,67.60964912280701,68.33333333333333,76.17543859649123,72.36842105263158,79.0219298245614,68.24561403508773,62.93859649122807,65.39473684210526,74.80263157894737,70.59210526315789
facilitator,87.59649122807018,72.98245614035088,76.20614035087719,71.2280701754386,76.35964912280701,74.9780701754386,87.00877192982456,72.85087719298245,71.95175438596492,70.48245614035088,76.83333333333333,74.5701754385965,83.80263157894737,67.23684210526316,62.324561403508774,62.98245614035088,72.32456140350877,68.37719298245614,77.87280701754386,59.86842105263158,52.521929824561404,55.37280701754386,65.50438596491227,61.50438596491228
familiar,66.80701754385964,46.51315789473684,54.3859649122807,45.6359649122807,54.84649122807018,49.95614035087719,73.30263157894737,53.24561403508772,60.74561403508772,52.8859649122807,61.39035087719298,57.41228070175438,83.0219298245614,61.55701754385965,64.40789473684211,59.473684210526315,66.38157894736842,62.56140350877193,88.50877192982456,66.25,65.6140350877193,62.083333333333336,67.63157894736842,64.04824561403508
fixer,56.64473684210526,51.29385964912281,55.43859649122807,48.925438596491226,56.95175438596491,50.15350877192982,70.34649122807018,60.30701754385965,60.6578947368421,58.39912280701754,66.62280701754386,61.38157894736842,82.24122807017544,67.63157894736842,64.21052631578948,65.5701754385965,73.54385964912281,69.24122807017544,86.2280701754386,66.07456140350877,63.50877192982456,64.12280701754386,69.58333333333333,65.92105263157895
flaneur,51.16228070175438,31.030701754385966,38.68421052631579,33.66228070175438,41.8421052631579,31.666666666666668,59.30263157894737,39.671052631578945,44.05701754385965,40.0,49.89035087719298,41.16228070175438,71.39473684210526,48.90350877192982,49.45175438596491,47.78508771929825,57.87280701754386,49.69298245614035,81.75877192982456,60.6359649122807,57.63157894736842,59.671052631578945,67.39035087719299,62.21052631578947
fool,41.64035087719298,17.06140350877193,21.42543859649123,22.017543859649123,33.66228070175438,24.013157894736842,52.425438596491226,24.69298245614035,26.710526315789473,27.69736842105263,42.01754385964912,31.644736842105264,73.84649122807018,33.85964912280702,34.69298245614035,36.228070175438596,52.19298245614035,42.18421052631579,87.03508771929825,45.219298245614034,43.85964912280702,46.8640350877193,59.62719298245614,51.28508771929825
forecaster,75.58333333333333,55.15350877192982,61.99561403508772,55.723684210526315,64.69298245614036,59.10087719298246,75.9298245614035,60.08771929824562,62.58771929824562,58.59649122807018,68.61842105263158,62.5,76.89035087719299,60.78947368421053,59.53947368421053,58.574561403508774,69.29824561403508,63.49122807017544,77.76754385964912,61.14035087719298,56.71052631578947,58.04824561403509,69.07894736842105,63.28947368421053
futurist,73.65350877192982,65.96491228070175,70.6359649122807,66.9298245614035,72.10526315789474,67.95175438596492,75.3640350877193,67.96052631578948,69.4298245614035,66.97368421052632,72.71929824561404,68.94736842105263,77.46491228070175,67.25877192982456,66.71052631578948,65.83333333333333,72.71929824561404,69.1140350877193,79.06140350877193,63.88157894736842,59.75877192982456,60.723684210526315,67.76315789473684,62.82017543859649
gamer,33.780701754385966,31.18421052631579,36.29385964912281,31.710526315789473,40.328947368421055,34.671052631578945,34.324561403508774,35.328947368421055,38.70614035087719,35.723684210526315,43.68421052631579,38.223684210526315,39.28508771929825,44.824561403508774,44.49561403508772,42.96052631578947,52.828947368421055,47.34649122807018,45.87719298245614,51.73245614035088,49.276315789473685,49.21052631578947,58.81578947368421,53.1578947368421
generalist,92.84210526315789,69.80263157894737,76.33771929824562,71.29385964912281,80.15350877192982,77.04824561403508,92.93859649122807,73.04824561403508,75.6798245614035,72.23684210526316,82.63157894736842,79.15789473684211,93.01754385964912,72.85087719298245,74.62719298245614,72.58771929824562,83.59649122807018,79.76315789473684,92.03508771929825,72.10526315789474,71.38157894736842,70.5701754385965,82.20614035087719,77.84210526315789
genie,42.64473684210526,18.837719298245613,26.75438596491228,22.763157894736842,42.69736842105263,29.56140350877193,45.425438596491226,21.096491228070175,28.157894736842106,24.714912280701753,43.68421052631579,31.57894736842105,51.55263157894737,25.986842105263158,32.324561403508774,29.93421052631579,49.671052631578945,36.05263157894737,62.78947368421053,33.68421052631579,37.916666666666664,36.33771929824562,55.6578947368421,44.45175438596491
geographer,54.526315789473685,59.824561403508774,61.35964912280702,58.75,58.771929824561404,52.76315789473684,55.43859649122807,61.05263157894737,58.35526315789474,58.0921052631579,60.96491228070175,53.94736842105263,58.14473684210526,61.62280701754386,55.723684210526315,58.31140350877193,62.85087719298246,55.671052631578945,62.29824561403509,61.79824561403509,53.39912280701754,58.026315789473685,64.9342105263158,57.87280701754386
ghost,31.81578947368421,17.80701754385965,29.276315789473685,24.42982456140351,27.763157894736842,18.79385964912281,37.8640350877193,23.00438596491228,31.885964912280702,28.486842105263158,34.12280701754386,23.92543859649123,51.12719298245614,32.96052631578947,38.90350877192982,36.38157894736842,42.521929824561404,33.35526315789474,75.6842105263158,51.95175438596491,54.42982456140351,53.771929824561404,58.916666666666664,52.23684210526316
golem,35.08771929824562,16.79824561403509,25.54824561403509,19.583333333333332,23.81578947368421,16.68859649122807,37.36842105263158,19.035087719298247,27.25877192982456,21.20614035087719,26.535087719298247,19.56140350877193,43.69298245614035,23.464912280701753,32.58771929824562,24.583333333333332,31.776315789473685,23.903508771929825,58.00877192982456,33.66228070175438,41.8859649122807,35.328947368421055,42.30263157894737,35.13157894736842
gossip,39.219298245614034,33.1359649122807,37.45614035087719,33.1359649122807,43.925438596491226,39.473684210526315,43.64035087719298,40.04385964912281,44.42982456140351,39.3421052631579,52.675438596491226,47.43421052631579,57.21052631578947,53.07017543859649,54.45175438596491,52.58771929824562,64.29824561403508,59.03508771929825,70.61842105263158,61.00877192982456,60.328947368421055,59.978070175438596,70.43859649122807,66.14035087719299
grader,87.76315789473684,48.64035087719298,56.64473684210526,48.04824561403509,52.39035087719298,48.728070175438596,87.29824561403508,49.23245614035088,53.55263157894737,46.75438596491228,52.36842105263158,48.20175438596491,83.42543859649123,46.40350877192982,47.65350877192982,43.20175438596491,51.030701754385966,46.40350877192982,79.09649122807018,42.083333333333336,39.84649122807018,38.68421052631579,49.05701754385965,43.728070175438596
graduate,77.99561403508773,62.30263157894737,67.98245614035088,62.5,70.10964912280701,68.00438596491227,82.36842105263158,67.45614035087719,68.94736842105263,66.60087719298245,75.39473684210526,73.08333333333333,86.14035087719299,70.81140350877193,67.67543859649123,67.71929824561404,77.36842105263158,73.84210526315789,86.4298245614035,68.8157894736842,62.34649122807018,66.11842105263158,74.91228070175438,71.35964912280701
grandparent,53.71052631578947,43.1140350877193,48.26754385964912,41.33771929824562,56.25,49.50877192982456,58.91228070175438,49.91228070175438,53.421052631578945,47.10526315789474,62.324561403508774,55.45175438596491,67.60964912280701,57.76315789473684,58.79385964912281,55.416666666666664,69.16666666666667,63.0921052631579,74.84210526315789,62.74122807017544,60.96491228070175,60.021929824561404,72.25877192982456,66.84210526315789
guardian,73.1798245614035,45.70175438596491,58.64035087719298,46.030701754385966,51.60087719298246,46.35964912280702,74.5657894736842,49.71491228070175,59.3421052631579,49.21052631578947,55.780701754385966,50.973684210526315,78.98684210526316,54.078947368421055,60.30701754385965,52.35964912280702,61.25,55.583333333333336,81.41666666666667,58.333333333333336,59.84649122807018,56.49122807017544,65.17543859649123,60.37280701754386
guide,93.19736842105263,75.89912280701755,78.53070175438596,75.52631578947368,83.63157894736842,80.52631578947368,93.65350877192982,78.02631578947368,76.46929824561404,76.21491228070175,85.45175438596492,81.53947368421052,91.16666666666667,73.8157894736842,68.1140350877193,70.45175438596492,81.35964912280701,76.94298245614036,87.41666666666667,67.10526315789474,58.333333333333336,63.55263157894737,75.30701754385964,69.80263157894737
guru,60.91228070175438,40.5921052631579,49.3859649122807,42.916666666666664,51.40350877192982,40.6359649122807,63.59649122807018,43.83771929824562,48.421052631578945,44.078947368421055,54.80263157894737,45.01315789473684,67.71052631578948,48.1359649122807,47.34649122807018,46.973684210526315,58.34649122807018,48.57017543859649,69.84210526315789,47.521929824561404,44.03508771929825,46.33771929824562,56.73245614035088,48.574561403508774
hacker,40.71052631578947,27.43421052631579,34.824561403508774,27.478070175438596,36.030701754385966,28.223684210526315,47.94298245614035,36.68859649122807,41.271929824561404,36.14035087719298,46.64473684210526,37.87280701754386,61.21052631578947,47.12719298245614,49.583333333333336,46.666666666666664,56.29385964912281,49.473684210526315,76.54824561403508,58.24561403508772,58.75,56.82017543859649,65.72368421052632,59.76315789473684
healer,66.0657894736842,48.70614035087719,58.37719298245614,53.421052631578945,55.57017543859649,51.71052631578947,70.20614035087719,56.271929824561404,61.31578947368421,58.28947368421053,63.99122807017544,58.80701754385965,75.33771929824562,64.21052631578948,62.675438596491226,63.925438596491226,70.54824561403508,66.17543859649123,79.00877192982456,67.82894736842105,62.93859649122807,66.09649122807018,72.32456140350877,67.80701754385964
hedonist,33.5589519650655,20.305676855895197,31.83406113537118,28.51528384279476,21.65938864628821,16.637554585152838,40.301310043668124,29.82532751091703,38.951965065502186,38.51528384279476,30.72052401746725,25.676855895196507,49.506550218340614,41.39737991266376,46.76855895196506,46.222707423580786,42.86026200873363,37.00873362445415,57.64192139737991,48.34061135371179,52.07423580786026,50.28384279475983,48.8646288209607,43.777292576419214
hermit,37.42982456140351,19.407894736842106,31.79824561403509,22.74122807017544,27.894736842105264,18.04824561403509,41.26754385964912,24.473684210526315,33.90350877192982,26.864035087719298,34.3859649122807,24.026315789473685,48.35964912280702,31.29385964912281,36.99561403508772,32.41228070175438,41.68859649122807,31.57017543859649,58.30701754385965,39.3859649122807,41.29385964912281,40.04385964912281,49.824561403508774,40.90350877192982
historian,50.29824561403509,54.780701754385966,56.79824561403509,53.0921052631579,55.08771929824562,50.05701754385965,52.276315789473685,57.19298245614035,56.469298245614034,54.3421052631579,59.4078947368421,53.90350877192982,53.3640350877193,59.276315789473685,55.19736842105263,54.45175438596491,59.3421052631579,53.925438596491226,56.328947368421055,57.74122807017544,51.95175438596491,53.31140350877193,61.8421052631579,55.91228070175438
hive,40.24122807017544,29.12280701754386,39.71491228070175,27.82894736842105,30.43859649122807,22.82894736842105,44.74122807017544,34.25438596491228,40.37280701754386,31.05263157894737,35.021929824561404,28.04824561403509,55.333333333333336,40.87719298245614,43.1140350877193,35.85526315789474,40.6359649122807,33.85087719298246,72.0701754385965,52.78508771929825,52.14912280701754,45.98684210526316,50.6359649122807,44.526315789473685
hoarder,34.64035087719298,22.346491228070175,32.41228070175438,29.49561403508772,20.153508771929825,17.214912280701753,40.43859649122807,30.50438596491228,38.39912280701754,34.91228070175438,27.916666666666668,25.0,54.35526315789474,40.6578947368421,46.55701754385965,45.08771929824562,39.583333333333336,36.43859649122807,72.26754385964912,51.49122807017544,52.80701754385965,52.93859649122807,51.05263157894737,47.478070175438596
homunculus,46.473684210526315,32.80701754385965,48.48684210526316,38.530701754385966,41.92982456140351,34.1359649122807,55.75438596491228,42.280701754385966,51.55701754385965,44.824561403508774,50.46052631578947,42.30263157894737,73.78947368421052,56.95175438596491,58.421052631578945,56.776315789473685,65.19736842105263,57.8859649122807,88.62280701754386,74.18859649122807,72.09649122807018,72.5,78.25438596491227,74.03947368421052
hybrid,84.12719298245614,62.12719298245614,69.78070175438596,63.07017543859649,72.63157894736842,67.5,88.07456140350877,68.24561403508773,70.92105263157895,67.2719298245614,76.95175438596492,72.8157894736842,90.73245614035088,71.11842105263158,67.58771929824562,68.48684210526316,78.46491228070175,74.34649122807018,91.0701754385965,71.20614035087719,63.55263157894737,68.1798245614035,76.38157894736842,71.84210526315789
idealist,69.58333333333333,52.675438596491226,65.10964912280701,58.925438596491226,54.95614035087719,52.93859649122807,70.85087719298245,56.973684210526315,65.0,62.083333333333336,59.95614035087719,57.578947368421055,74.56140350877193,61.75438596491228,63.64035087719298,63.28947368421053,63.69298245614035,61.21491228070175,74.48245614035088,61.074561403508774,59.91228070175438,60.723684210526315,63.41228070175438,59.1359649122807
immigrant,49.44736842105263,43.28947368421053,49.780701754385966,43.88157894736842,47.41228070175438,43.81578947368421,52.09649122807018,46.38157894736842,52.280701754385966,48.1359649122807,51.09649122807018,47.41228070175438,58.56140350877193,54.29824561403509,57.03947368421053,53.94736842105263,59.1359649122807,55.54824561403509,65.10087719298245,56.9078947368421,58.50877192982456,56.58771929824562,63.74122807017544,59.5921052631579
improviser,64.64035087719299,46.425438596491226,53.1359649122807,48.48684210526316,53.83771929824562,49.32017543859649,74.98245614035088,56.44736842105263,59.60526315789474,57.25877192982456,64.9342105263158,60.6140350877193,85.88157894736842,65.43859649122807,66.53508771929825,66.11842105263158,74.29824561403508,70.24122807017544,90.95175438596492,72.71929824561404,69.9342105263158,72.12719298245614,77.98245614035088,74.91228070175438
infant,3.7280701754385963,1.381578947368421,1.2105263157894737,1.6885964912280702,2.81140350877193,1.030701754385965,7.2894736842105265,2.675438596491228,2.1491228070175437,3.508771929824561,5.767543859649122,2.236842105263158,14.359649122807017,5.548245614035087,4.605263157894737,6.535087719298246,9.780701754385966,4.758771929824562,22.69736842105263,9.078947368421053,7.0,9.359649122807017,12.846491228070175,6.548245614035087
influencer,66.92543859649123,59.14473684210526,64.40789473684211,58.530701754385966,67.60964912280701,64.91228070175438,74.85087719298245,67.98245614035088,69.80263157894737,66.90789473684211,75.13157894736842,72.28070175438596,81.84649122807018,74.03508771929825,71.71052631578948,71.51315789473684,79.56140350877193,76.3859649122807,84.10087719298245,74.3859649122807,69.84649122807018,71.8201754385965,79.23245614035088,75.67105263157895
instructor,92.82894736842105,80.78070175438596,80.62719298245614,79.62719298245614,86.40789473684211,83.69736842105263,92.8201754385965,81.37280701754386,77.29385964912281,78.60087719298245,86.14035087719299,82.49122807017544,89.9298245614035,76.77631578947368,69.3859649122807,73.59649122807018,82.74122807017544,78.91666666666667,84.41228070175438,67.63157894736842,55.89912280701754,63.1359649122807,74.25438596491227,69.75877192982456
interpreter,65.37719298245614,63.28947368421053,67.32456140350877,62.280701754385966,68.26754385964912,64.90350877192982,67.48245614035088,64.75877192982456,66.62280701754386,63.31140350877193,70.13157894736842,66.49122807017544,69.7280701754386,67.60964912280701,64.4298245614035,64.91228070175438,71.20614035087719,67.85087719298245,69.71052631578948,63.04824561403509,57.521929824561404,59.62719298245614,69.80263157894737,64.8157894736842
interviewer,79.76315789473684,64.9780701754386,71.9298245614035,64.73684210526316,74.50877192982456,71.10964912280701,80.4342105263158,67.36842105263158,71.29385964912281,66.60087719298245,75.72368421052632,72.20614035087719,80.95175438596492,68.6842105263158,69.18859649122807,66.8640350877193,75.9780701754386,72.14035087719299,77.91228070175438,60.48245614035088,59.53947368421053,58.969298245614034,68.48684210526316,63.98245614035088
jester,38.0,17.105263157894736,22.017543859649123,21.162280701754387,38.66228070175438,28.68421052631579,45.78508771929825,22.30263157894737,26.600877192982455,26.271929824561404,46.14035087719298,35.19736842105263,59.71052631578947,32.14912280701754,34.03508771929825,34.3421052631579,50.78947368421053,41.8859649122807,72.97368421052632,41.578947368421055,41.49122807017544,42.78508771929825,56.79824561403509,48.35526315789474
journalist,74.85399449035813,61.41873278236915,68.01652892561984,61.6198347107438,67.7961432506887,64.50413223140495,79.5068870523416,68.49862258953168,69.0771349862259,65.9090909090909,73.47107438016529,69.57575757575758,82.94765840220386,68.91184573002755,65.44077134986226,64.90358126721763,74.366391184573,69.81542699724518,84.5524861878453,65.62154696132596,58.591160220994475,60.80110497237569,71.11878453038673,66.04972375690608
judge,62.30701754385965,45.39473684210526,53.61842105263158,42.23684210526316,49.60526315789474,44.10526315789474,63.478070175438596,46.99561403508772,50.94298245614035,42.58771929824562,51.271929824561404,44.978070175438596,62.12280701754386,48.31140350877193,47.54385964912281,42.23684210526316,53.04824561403509,46.8859649122807,60.89912280701754,45.89912280701754,43.07017543859649,39.671052631578945,51.75438596491228,45.30701754385965
lawyer,60.99126637554585,39.54148471615721,49.10480349344978,36.069868995633186,47.70742358078603,41.7467248908297,61.53711790393013,45.0,48.930131004366814,38.68995633187773,51.048034934497814,44.27947598253275,62.056768558951966,47.96943231441048,47.751091703056765,40.76419213973799,55.17467248908297,47.532751091703055,63.25764192139738,51.65938864628821,47.314410480349345,42.79475982532751,58.10043668122271,50.4061135371179
leviathan,35.68421052631579,19.25438596491228,31.99561403508772,22.785087719298247,26.05263157894737,18.68421052631579,39.916666666666664,23.00438596491228,36.16228070175438,26.92982456140351,29.166666666666668,22.19298245614035,51.49122807017544,32.171052631578945,42.93859649122807,32.828947368421055,38.83771929824562,30.789473684210527,75.50438596491227,49.12280701754386,56.64473684210526,48.17982456140351,54.3640350877193,48.03947368421053
librarian,71.85964912280701,55.39473684210526,60.30701754385965,54.84649122807018,63.925438596491226,59.03508771929825,71.89035087719299,58.85964912280702,61.95175438596491,57.69736842105263,66.77631578947368,61.71052631578947,70.90789473684211,58.70614035087719,58.64035087719298,57.43421052631579,67.12719298245614,61.38157894736842,67.48245614035088,50.43859649122807,48.99122807017544,48.28947368421053,60.04385964912281,54.14473684210526
linguist,47.14473684210526,52.083333333333336,56.16228070175438,51.00877192982456,51.19736842105263,46.18421052631579,47.56140350877193,54.51754385964912,54.49561403508772,53.026315789473685,51.776315789473685,46.79824561403509,49.771929824561404,56.14035087719298,53.1359649122807,53.00438596491228,53.61842105263158,48.26754385964912,54.78508771929825,56.51315789473684,51.40350877192982,52.39035087719298,56.18421052631579,50.04385964912281
loner,41.14912280701754,22.982456140350877,34.84649122807018,21.49122807017544,28.92543859649123,23.04824561403509,45.521929824561404,27.45614035087719,40.15350877192982,24.75877192982456,34.3640350877193,28.135964912280702,50.925438596491226,33.75,44.473684210526315,30.74561403508772,43.64035087719298,37.04824561403509,62.219298245614034,42.58771929824562,50.0,38.28947368421053,52.324561403508774,46.175438596491226
luddite,32.15350877192982,20.54824561403509,25.13157894736842,23.530701754385966,17.280701754385966,11.666666666666666,36.32017543859649,27.017543859649123,30.13157894736842,29.210526315789473,24.100877192982455,17.25877192982456,41.61842105263158,37.01754385964912,37.76315789473684,38.44298245614035,33.59649122807018,26.75438596491228,50.17982456140351,46.60087719298246,45.48245614035088,47.280701754385966,46.62280701754386,39.078947368421055
marketer,64.55701754385964,63.35526315789474,65.46052631578948,61.1140350877193,66.3640350877193,62.98684210526316,65.07456140350877,62.85087719298246,63.94736842105263,59.93421052631579,66.39473684210526,62.828947368421055,66.05263157894737,64.25438596491227,62.36842105263158,60.54824561403509,67.82894736842105,64.53947368421052,66.76315789473684,57.45614035087719,53.574561403508774,52.76315789473684,62.56578947368421,58.31140350877193
martyr,35.25877192982456,23.355263157894736,42.80701754385965,30.06578947368421,23.771929824561404,20.592105263157894,40.76754385964912,28.31140350877193,42.03947368421053,33.44298245614035,31.030701754385966,26.276315789473685,49.86842105263158,35.10964912280702,42.478070175438596,37.78508771929825,37.98245614035088,33.75,63.08771929824562,45.6578947368421,46.53508771929825,43.85964912280702,49.166666666666664,43.728070175438596
mathematician,61.51754385964912,54.3421052631579,59.01315789473684,53.64035087719298,56.87719298245614,52.35526315789474,64.76754385964912,58.35526315789474,61.92982456140351,57.89473684210526,61.328947368421055,56.6578947368421,67.76315789473684,61.68859649122807,63.50877192982456,60.54824561403509,66.14035087719299,61.35964912280702,71.00438596491227,60.89912280701754,60.48245614035088,58.728070175438596,68.57456140350877,63.24561403508772
maverick,57.50877192982456,29.32017543859649,39.276315789473685,31.79824561403509,42.324561403508774,33.64035087719298,71.73245614035088,41.18421052631579,48.79385964912281,41.55701754385965,55.08771929824562,46.92982456140351,85.37719298245614,56.40350877192982,58.223684210526315,55.6359649122807,66.3157894736842,59.84649122807018,89.8640350877193,66.71052631578948,65.10964912280701,64.56140350877193,71.77631578947368,67.25438596491227
mechanic,38.921052631578945,42.478070175438596,41.44736842105263,38.223684210526315,44.824561403508774,39.21052631578947,46.75438596491228,51.973684210526315,48.68421052631579,47.06140350877193,55.723684210526315,49.64912280701754,60.23684210526316,62.12719298245614,57.80701754385965,58.30263157894737,65.89912280701755,60.73245614035088,66.92105263157895,63.925438596491226,58.39912280701754,60.32017543859649,66.63157894736842,61.5921052631579
mediator,82.31140350877193,66.73245614035088,73.22368421052632,67.4780701754386,73.37719298245614,70.74561403508773,83.23245614035088,69.4298245614035,73.1359649122807,68.85964912280701,75.47368421052632,72.32456140350877,83.40789473684211,67.25877192982456,67.08333333333333,64.53947368421052,73.59649122807018,69.79824561403508,81.67105263157895,63.780701754385966,60.30701754385965,60.37280701754386,70.04385964912281,65.72368421052632
mentor,89.60087719298245,69.40789473684211,75.81140350877193,70.6140350877193,78.92543859649123,74.96929824561404,89.38157894736842,73.1359649122807,73.8157894736842,71.64473684210526,80.4298245614035,77.00438596491227,88.71929824561404,74.05701754385964,69.29824561403508,72.30263157894737,80.59210526315789,76.44298245614036,85.1359649122807,68.85964912280701,61.469298245614034,65.17543859649123,75.28508771929825,70.15789473684211
merchant,50.723684210526315,40.15350877192982,43.79385964912281,36.11842105263158,43.0921052631579,38.07017543859649,56.63157894736842,45.6578947368421,46.55701754385965,40.5921052631579,47.63157894736842,42.56578947368421,66.5701754385965,55.19736842105263,54.14473684210526,49.583333333333336,58.35526315789474,53.25877192982456,77.40789473684211,62.87280701754386,60.5921052631579,60.30701754385965,68.09210526315789,63.6140350877193
minimalist,33.46052631578947,19.276315789473685,23.24561403508772,23.903508771929825,21.973684210526315,17.609649122807017,34.9078947368421,19.166666666666668,22.916666666666668,23.57456140350877,22.80701754385965,18.771929824561404,40.01315789473684,24.25438596491228,27.43421052631579,29.07894736842105,29.32017543859649,24.583333333333332,41.969298245614034,25.57017543859649,26.907894736842106,28.50877192982456,30.087719298245613,25.81140350877193
moderator,80.48333333333333,65.61111111111111,68.25,61.791666666666664,71.77777777777777,68.29166666666667,76.375,59.90277777777778,59.666666666666664,54.861111111111114,67.72222222222223,62.833333333333336,69.77777777777777,50.55555555555556,46.583333333333336,45.041666666666664,60.5,55.208333333333336,57.5,40.90277777777778,35.5,36.708333333333336,51.52777777777778,45.34722222222222
musician,39.01315789473684,42.96052631578947,49.276315789473685,44.25438596491228,48.1578947368421,43.66228070175438,43.421052631578945,50.0,53.79385964912281,51.31578947368421,54.93421052631579,51.030701754385966,51.833333333333336,58.88157894736842,58.1359649122807,58.771929824561404,63.31140350877193,59.01315789473684,59.42982456140351,65.24122807017544,59.671052631578945,62.925438596491226,68.04824561403508,64.17105263157895
mycorrhizal,58.81578947368421,32.45614035087719,41.14035087719298,34.64912280701754,39.73684210526316,30.021929824561404,65.75877192982456,41.074561403508774,44.3859649122807,40.416666666666664,47.34649122807018,37.56578947368421,79.0701754385965,55.219298245614034,53.478070175438596,53.35526315789474,58.68421052631579,52.03947368421053,89.44298245614036,71.55701754385964,67.76315789473684,67.5,71.99561403508773,68.23684210526316
mystic,39.328947368421055,21.49122807017544,27.850877192982455,27.56578947368421,34.91228070175438,21.271929824561404,43.64473684210526,25.592105263157894,30.13157894736842,31.513157894736842,38.31140350877193,26.44736842105263,55.84649122807018,34.583333333333336,36.55701754385965,39.42982456140351,45.57017543859649,34.29824561403509,74.91666666666667,50.5921052631579,50.09649122807018,52.87280701754386,57.11842105263158,49.50877192982456
narcissist,31.359649122807017,12.280701754385966,27.346491228070175,12.785087719298245,11.666666666666666,9.320175438596491,36.11842105263158,16.140350877192983,29.736842105263158,15.74561403508772,13.925438596491228,11.447368421052632,46.26754385964912,23.464912280701753,37.43421052631579,21.62280701754386,22.083333333333332,18.24561403508772,59.969298245614034,34.84649122807018,45.35087719298246,30.94298245614035,32.06140350877193,28.20175438596491
narrator,84.15350877192982,61.09649122807018,65.32894736842105,59.780701754385966,74.16666666666667,68.1798245614035,84.77631578947368,61.40350877192982,65.26315789473684,59.23245614035088,74.23245614035088,68.26754385964912,85.1798245614035,60.87719298245614,62.25877192982456,57.87280701754386,74.29824561403508,68.24561403508773,83.99561403508773,59.10087719298246,57.675438596491226,55.51754385964912,71.97368421052632,65.74561403508773
naturalist,41.19298245614035,44.671052631578945,50.46052631578947,47.45614035087719,44.03508771929825,37.78508771929825,42.73245614035088,46.973684210526315,48.68421052631579,48.66228070175438,46.26315789473684,39.328947368421055,46.14473684210526,50.6140350877193,47.89473684210526,49.80263157894737,49.84649122807018,42.36842105263158,48.078947368421055,51.14035087719298,44.95614035087719,48.81578947368421,49.3640350877193,42.23684210526316
navigator,72.6842105263158,59.3859649122807,64.64912280701755,57.93859649122807,65.76754385964912,61.35087719298246,75.89912280701755,62.56578947368421,64.9780701754386,59.73684210526316,68.66228070175438,64.25877192982456,78.87280701754386,64.21052631578948,63.26754385964912,61.219298245614034,71.57894736842105,66.91666666666667,81.29385964912281,64.3640350877193,60.416666666666664,62.45614035087719,72.25877192982456,67.54385964912281
negotiator,81.98245614035088,68.92543859649123,72.5,65.76754385964912,74.64912280701755,71.35087719298245,81.09210526315789,69.4298245614035,70.6140350877193,66.2280701754386,76.90789473684211,72.5657894736842,80.96052631578948,68.7280701754386,66.2280701754386,63.88157894736842,74.12280701754386,70.19736842105263,79.01315789473684,63.0921052631579,58.39912280701754,59.18859649122807,70.72368421052632,66.26315789473684
networker,71.90789473684211,60.78947368421053,67.21491228070175,59.73684210526316,66.77631578947368,64.23245614035088,76.17105263157895,66.09649122807018,68.59649122807018,64.45175438596492,70.89912280701755,67.67543859649123,81.41666666666667,71.49122807017544,68.8157894736842,69.82456140350877,75.59210526315789,72.0219298245614,79.9780701754386,67.5,64.29824561403508,64.64912280701755,71.11842105263158,66.79824561403508
newlywed,42.06578947368421,44.3640350877193,53.1578947368421,43.75,50.43859649122807,46.82017543859649,47.57017543859649,50.5921052631579,55.46052631578947,48.99122807017544,56.271929824561404,52.478070175438596,53.28947368421053,56.92982456140351,59.4078947368421,53.56578947368421,62.61842105263158,58.30263157894737,57.54824561403509,60.219298245614034,57.280701754385966,55.219298245614034,64.9342105263158,60.06578947368421
nomad,46.96052631578947,32.23684210526316,40.6578947368421,35.10964912280702,40.43859649122807,32.78508771929825,52.026315789473685,38.24561403508772,43.20175438596491,38.88157894736842,46.8859649122807,38.75,60.10087719298246,44.780701754385966,47.521929824561404,44.4078947368421,55.175438596491226,47.06140350877193,69.47368421052632,51.60087719298246,51.31578947368421,50.921052631578945,61.9078947368421,54.969298245614034
novelist,50.78947368421053,47.23684210526316,55.526315789473685,49.53947368421053,54.89473684210526,49.09649122807018,57.83771929824562,53.574561403508774,58.90350877192982,55.219298245614034,61.00877192982456,55.48684210526316,65.33771929824562,60.87719298245614,60.30701754385965,59.60526315789474,67.45614035087719,61.921052631578945,73.0,64.62719298245614,60.39473684210526,62.89473684210526,70.26315789473684,64.53947368421052
nutritionist,42.18859649122807,52.23684210526316,62.93859649122807,52.19298245614035,52.25877192982456,49.89473684210526,42.48684210526316,52.56578947368421,61.578947368421055,53.64035087719298,52.69736842105263,50.70175438596491,41.87280701754386,51.73245614035088,58.66228070175438,50.28508771929825,51.64473684210526,48.34649122807018,39.06140350877193,45.43859649122807,51.16228070175438,43.28947368421053,45.96491228070175,42.828947368421055
observer,80.60964912280701,51.51315789473684,60.15350877192982,51.71052631578947,60.723684210526315,54.583333333333336,84.01754385964912,58.79385964912281,61.14035087719298,58.39912280701754,69.27631578947368,63.04824561403509,88.47368421052632,61.75438596491228,58.771929824561404,59.671052631578945,72.28070175438596,66.9780701754386,90.03508771929825,64.03508771929825,57.54385964912281,62.58771929824562,73.04824561403508,68.59649122807018
optimist,77.54585152838428,46.1353711790393,64.5414847161572,56.572052401746724,57.94759825327511,52.07423580786026,79.21834061135371,51.572052401746724,64.82532751091703,59.71615720524017,63.51528384279476,56.83406113537118,83.14410480349345,56.65938864628821,62.7292576419214,60.72052401746725,65.9825327510917,60.43668122270742,82.87336244541484,56.48471615720524,58.66812227074236,59.43231441048035,65.87336244541484,59.890829694323145
oracle,45.828947368421055,22.763157894736842,31.535087719298247,26.842105263157894,36.14035087719298,22.083333333333332,49.33771929824562,27.63157894736842,34.978070175438596,31.55701754385965,41.33771929824562,27.06140350877193,59.85087719298246,35.76754385964912,39.276315789473685,37.85087719298246,48.20175438596491,36.15350877192982,76.04385964912281,48.1359649122807,47.54385964912281,47.89473684210526,57.39035087719298,47.48245614035088
organizer,78.90789473684211,65.96491228070175,69.89035087719299,62.79385964912281,69.48684210526316,66.3859649122807,79.4298245614035,64.25438596491227,64.69298245614036,61.44736842105263,69.21052631578948,65.17543859649123,80.24122807017544,64.18859649122807,60.35087719298246,58.55263157894737,69.60526315789474,65.15789473684211,74.78508771929825,54.32017543859649,48.55263157894737,51.18421052631579,61.425438596491226,55.96491228070175
orphan,45.175438596491226,33.48684210526316,43.00438596491228,35.328947368421055,37.45614035087719,33.75,53.50877192982456,40.67982456140351,48.421052631578945,41.68859649122807,46.95175438596491,43.07017543859649,62.333333333333336,51.11842105263158,55.833333333333336,51.99561403508772,58.574561403508774,54.36842105263158,72.49561403508773,58.35526315789474,58.333333333333336,58.46491228070175,65.08771929824562,61.271929824561404
pacifist,69.29824561403508,49.276315789473685,61.73245614035088,55.96491228070175,54.55263157894737,50.06578947368421,70.84210526315789,52.5,61.55701754385965,57.916666666666664,59.60964912280702,54.473684210526315,71.0,55.87719298245614,59.824561403508774,59.60526315789474,61.60087719298246,56.8421052631579,72.85526315789474,57.34649122807018,57.45614035087719,58.925438596491226,62.280701754385966,58.06140350877193
paramedic,48.89035087719298,44.73684210526316,48.61842105263158,42.80701754385965,46.29385964912281,42.03947368421053,55.30701754385965,51.11842105263158,51.82017543859649,48.1359649122807,52.43421052631579,47.89473684210526,60.473684210526315,57.56578947368421,53.79385964912281,53.68421052631579,59.18859649122807,54.3421052631579,66.00438596491227,56.51315789473684,50.54824561403509,51.95175438596491,58.28947368421053,54.01315789473684
parasite,23.013157894736842,18.07017543859649,28.31140350877193,20.789473684210527,16.271929824561404,12.280701754385966,27.37719298245614,22.149122807017545,31.38157894736842,22.850877192982455,19.649122807017545,15.942982456140351,40.18421052631579,35.37280701754386,40.219298245614034,34.21052631578947,33.1140350877193,27.63157894736842,61.44298245614035,51.18421052631579,53.026315789473685,47.280701754385966,48.35526315789474,43.86842105263158
parent,55.3859649122807,41.05263157894737,46.55701754385965,37.03947368421053,46.29385964912281,40.6359649122807,63.08771929824562,48.04824561403509,52.43421052631579,44.80263157894737,55.10964912280702,49.978070175438596,68.6798245614035,55.6140350877193,55.526315789473685,50.10964912280702,61.05263157894737,55.219298245614034,68.99561403508773,58.530701754385966,55.6578947368421,51.29385964912281,62.45614035087719,56.29385964912281
patient,63.79824561403509,44.32017543859649,55.70175438596491,46.030701754385966,52.675438596491226,48.40350877192982,67.54385964912281,48.94736842105263,57.10526315789474,50.04385964912281,58.73245614035088,53.86842105263158,71.92105263157895,54.276315789473685,57.521929824561404,54.25438596491228,63.81578947368421,58.728070175438596,75.20614035087719,54.32017543859649,53.75,53.68421052631579,65.41666666666667,59.39912280701754
peacekeeper,84.78508771929825,56.11842105263158,64.29824561403508,56.00877192982456,64.58333333333333,59.36842105263158,85.03508771929825,59.42982456140351,63.20175438596491,58.44298245614035,68.33333333333333,63.083333333333336,84.53070175438596,60.48245614035088,60.74561403508772,58.574561403508774,68.64035087719299,63.55263157894737,84.30701754385964,62.478070175438596,58.50877192982456,60.04385964912281,69.03508771929825,64.69298245614036
perfectionist,75.19298245614036,49.62719298245614,60.175438596491226,52.60964912280702,51.9078947368421,49.078947368421055,78.60526315789474,55.28508771929825,62.41228070175438,56.40350877192982,58.771929824561404,55.06578947368421,80.1359649122807,58.17982456140351,61.8859649122807,57.36842105263158,62.324561403508774,58.37719298245614,81.65350877192982,59.583333333333336,59.56140350877193,58.17982456140351,64.58333333333333,59.84649122807018
pharmacist,58.29824561403509,58.37719298245614,61.29385964912281,56.030701754385966,57.89473684210526,55.12280701754386,57.68421052631579,58.333333333333336,58.00438596491228,55.04385964912281,59.86842105263158,56.35087719298246,56.63157894736842,57.083333333333336,52.60964912280702,51.82017543859649,59.48684210526316,54.526315789473685,52.16228070175438,48.24561403508772,42.19298245614035,43.50877192982456,53.66228070175438,47.85087719298246
philosopher,64.21834061135371,49.45414847161572,57.48908296943232,52.13973799126637,57.35807860262009,49.92576419213974,67.1004366812227,52.48908296943232,58.14410480349345,53.66812227074236,61.0174672489083,52.751091703056765,68.38427947598254,53.624454148471614,57.33624454148472,54.06113537117904,62.22707423580786,54.71615720524017,69.04366812227074,54.75982532751092,55.21834061135371,53.97379912663755,64.06113537117903,55.624454148471614
photographer,37.95614035087719,46.82017543859649,53.26754385964912,48.66228070175438,52.280701754385966,47.93859649122807,43.68859649122807,54.23245614035088,55.85526315789474,54.166666666666664,60.15350877192982,55.70175438596491,46.25,57.65350877192982,53.68421052631579,55.6140350877193,63.26754385964912,58.31140350877193,49.0921052631579,56.030701754385966,50.04385964912281,53.50877192982456,62.60964912280702,57.10526315789474
physicist,58.09649122807018,60.175438596491226,64.58333333333333,58.59649122807018,60.98684210526316,56.28508771929825,60.07017543859649,62.65350877192982,64.21052631578948,59.078947368421055,63.574561403508774,58.64035087719298,63.21491228070175,64.10087719298245,63.39912280701754,61.030701754385966,66.05263157894737,60.76754385964912,66.84210526315789,62.80701754385965,59.42982456140351,59.69298245614035,67.03947368421052,61.030701754385966
pilgrim,34.36842105263158,24.605263157894736,32.43421052631579,28.464912280701753,29.978070175438596,22.36842105263158,37.3421052631579,26.885964912280702,33.026315789473685,30.087719298245613,33.83771929824562,24.93421052631579,42.00438596491228,30.460526315789473,33.99122807017544,33.99122807017544,38.333333333333336,29.29824561403509,48.37280701754386,36.31578947368421,35.6359649122807,37.34649122807018,43.55263157894737,35.4078947368421
pilot,50.26315789473684,38.223684210526315,43.99122807017544,36.40350877192982,46.20614035087719,38.59649122807018,54.07017543859649,41.49122807017544,46.074561403508774,39.03508771929825,50.723684210526315,43.07017543859649,59.46491228070175,48.24561403508772,50.021929824561404,45.15350877192982,57.36842105263158,49.29824561403509,64.80701754385964,51.578947368421055,51.14035087719298,47.916666666666664,61.11842105263158,54.078947368421055
pirate,18.19298245614035,7.521929824561403,5.635964912280702,8.68421052631579,31.11842105263158,15.394736842105264,24.837719298245613,11.359649122807017,7.0701754385964914,11.469298245614034,38.223684210526315,21.54824561403509,36.43859649122807,17.653508771929825,10.986842105263158,17.478070175438596,42.74122807017544,26.030701754385966,55.44736842105263,27.5,18.50877192982456,24.364035087719298,46.18421052631579,32.12719298245614
planner,84.12719298245614,70.32894736842105,73.88157894736842,68.85964912280701,75.19736842105263,73.00438596491227,82.93859649122807,71.66666666666667,72.12719298245614,69.27631578947368,76.21929824561404,73.25438596491227,82.71052631578948,71.57894736842105,68.90350877192982,68.04824561403508,76.51315789473684,73.61842105263158,78.4780701754386,66.09649122807018,61.8859649122807,61.469298245614034,71.00877192982456,67.65350877192982
playwright,51.37280701754386,48.1359649122807,54.10087719298246,49.89035087719298,54.4078947368421,48.75,57.328947368421055,55.81140350877193,58.530701754385966,55.6140350877193,62.19298245614035,56.60087719298246,71.29824561403508,66.25,63.80701754385965,64.10087719298245,71.09649122807018,66.45614035087719,84.03508771929825,73.26754385964912,68.57456140350877,69.84649122807018,73.50877192982456,70.25877192982456
podcaster,70.58771929824562,62.74122807017544,69.9342105263158,64.23245614035088,73.1140350877193,70.19736842105263,74.54824561403508,67.98245614035088,70.85526315789474,67.4780701754386,76.96491228070175,73.3859649122807,80.50877192982456,73.99122807017544,73.35526315789474,73.28947368421052,80.05701754385964,77.0,83.3201754385965,74.58333333333333,70.65789473684211,73.03947368421052,79.75877192982456,75.8201754385965
poet,38.55263157894737,23.88157894736842,35.13157894736842,33.88157894736842,39.71491228070175,30.57017543859649,43.6359649122807,28.92543859649123,37.324561403508774,37.478070175438596,44.03508771929825,35.48245614035088,51.94298245614035,37.171052631578945,41.18421052631579,42.80701754385965,53.1359649122807,44.223684210526315,65.02631578947368,47.43421052631579,46.82017543859649,50.08771929824562,59.18859649122807,51.39473684210526
polymath,86.73684210526316,76.20614035087719,77.12719298245614,75.08771929824562,81.96929824561404,78.91228070175438,87.22368421052632,77.67543859649123,76.3157894736842,76.14035087719299,83.57456140350877,80.29385964912281,85.59649122807018,75.0219298245614,71.33771929824562,73.31140350877193,81.20614035087719,77.25,85.41666666666667,71.51315789473684,65.28508771929825,67.98245614035088,78.10526315789474,73.30263157894737
pragmatist,80.46288209606988,55.6768558951965,63.624454148471614,57.79475982532751,59.43231441048035,56.048034934497814,84.03056768558952,61.83406113537118,66.09170305676857,62.92576419213974,68.4061135371179,64.63318777292577,86.29257641921397,63.8646288209607,65.37117903930131,63.23144104803494,73.44978165938865,68.73362445414847,86.62008733624454,63.66812227074236,63.23144104803494,64.12663755458516,73.62445414847161,69.49781659388647
predator,16.767543859649123,11.25,18.81578947368421,13.728070175438596,15.131578947368421,9.596491228070175,22.55701754385965,16.644736842105264,24.035087719298247,18.07017543859649,22.478070175438596,14.736842105263158,37.28947368421053,27.280701754385966,32.69736842105263,26.776315789473685,33.1140350877193,25.50438596491228,64.19736842105263,48.61842105263158,51.99561403508772,45.10964912280702,50.10964912280702,44.14473684210526
presenter,82.69298245614036,69.73684210526316,75.54824561403508,69.71491228070175,79.51754385964912,75.9342105263158,86.05701754385964,75.59210526315789,76.1842105263158,74.72368421052632,82.49122807017544,79.41666666666667,88.02631578947368,77.45614035087719,74.78070175438596,76.09649122807018,82.84210526315789,79.12719298245614,86.67543859649123,75.54824561403508,69.3201754385965,72.06140350877193,78.50877192982456,74.34210526315789
prey,33.89912280701754,18.969298245614034,31.162280701754387,23.399122807017545,18.728070175438596,15.789473684210526,43.95175438596491,28.04824561403509,38.68421052631579,32.10526315789474,28.50877192982456,24.81578947368421,65.06140350877193,47.280701754385966,52.01754385964912,47.34649122807018,45.85526315789474,43.24561403508772,81.65789473684211,61.25,63.0921052631579,57.03947368421053,57.06140350877193,54.29385964912281
prisoner,33.25,17.32456140350877,22.214912280701753,18.157894736842106,24.100877192982455,17.105263157894736,38.66228070175438,24.62719298245614,28.267543859649123,24.890350877192983,32.10526315789474,23.859649122807017,49.5921052631579,33.48684210526316,36.33771929824562,33.39912280701754,41.95175438596491,33.48684210526316,63.1140350877193,42.58771929824562,44.01315789473684,42.54385964912281,51.49122807017544,43.31140350877193
procrastinator,36.69298245614035,18.355263157894736,26.07456140350877,23.99122807017544,17.87280701754386,15.701754385964913,43.26754385964912,24.29824561403509,34.05701754385965,29.95614035087719,24.539473684210527,22.82894736842105,58.64473684210526,32.521929824561404,40.70175438596491,36.469298245614034,33.85964912280702,31.030701754385966,70.90350877192982,42.828947368421055,48.99122807017544,44.86842105263158,43.04824561403509,40.219298245614034
prodigy,73.06140350877193,59.276315789473685,65.32894736842105,58.07017543859649,64.80263157894737,61.29385964912281,78.76754385964912,64.3859649122807,66.33771929824562,61.9078947368421,70.21929824561404,66.81140350877193,84.21052631578948,66.55701754385964,64.29824561403508,63.925438596491226,73.22368421052632,69.23245614035088,82.98245614035088,61.29385964912281,57.45614035087719,57.60964912280702,67.19298245614036,62.78508771929825
producer,73.34210526315789,65.21929824561404,68.7719298245614,62.916666666666664,71.62280701754386,67.8201754385965,74.99122807017544,67.74122807017544,67.89473684210526,63.50877192982456,73.28070175438596,69.75877192982456,76.96929824561404,68.44298245614036,63.925438596491226,63.70614035087719,74.95614035087719,70.91228070175438,76.45614035087719,62.828947368421055,55.921052631578945,57.63157894736842,70.43859649122807,65.19736842105263
programmer,64.55263157894737,68.04824561403508,71.71052631578948,67.60964912280701,73.0701754385965,70.39473684210526,66.89473684210526,69.27631578947368,71.00877192982456,67.93859649122807,73.83771929824562,71.29385964912281,69.68859649122807,65.10964912280701,66.44736842105263,64.62719298245614,73.09210526315789,69.56140350877193,66.89473684210526,56.228070175438596,55.67982456140351,54.978070175438596,65.92105263157895,61.40350877192982
proofreader,48.59649122807018,54.780701754385966,59.276315789473685,51.75438596491228,57.25,53.84649122807018,48.44298245614035,53.39912280701754,55.43859649122807,50.10964912280702,57.5,53.24561403508772,48.81578947368421,51.425438596491226,49.671052631578945,46.71052631578947,57.03947368421053,52.03947368421053,49.271929824561404,44.3640350877193,39.62719298245614,40.50438596491228,52.171052631578945,46.64473684210526
prophet,44.33771929824562,28.837719298245613,39.21052631578947,32.23684210526316,36.99561403508772,27.25877192982456,52.60526315789474,35.08771929824562,43.421052631578945,37.80701754385965,44.10087719298246,34.4078947368421,71.34210526315789,51.8640350877193,53.28947368421053,50.96491228070175,59.05701754385965,51.42982456140351,84.26754385964912,68.04824561403508,65.92105263157895,65.24122807017544,70.10964912280701,66.00877192982456
provincial,45.43859649122807,33.85964912280702,32.54385964912281,31.907894736842106,44.69298245614035,36.074561403508774,53.41228070175438,42.23684210526316,39.51754385964912,39.93421052631579,54.73684210526316,46.51315789473684,67.02631578947368,53.50877192982456,49.75877192982456,50.70175438596491,64.40789473684211,56.73245614035088,79.50877192982456,63.88157894736842,59.583333333333336,61.44736842105263,72.91666666666667,67.09649122807018
provocateur,36.57017543859649,17.43421052631579,32.39035087719298,22.5,24.69298245614035,17.982456140350877,42.41228070175438,25.32894736842105,38.1359649122807,29.42982456140351,34.3421052631579,26.75438596491228,62.61842105263158,37.21491228070175,46.9078947368421,38.39912280701754,44.25438596491228,36.76754385964912,78.80263157894737,51.9078947368421,56.030701754385966,49.95614035087719,55.6578947368421,49.46491228070175
psychologist,70.08333333333333,62.45614035087719,70.3201754385965,65.05263157894737,68.26754385964912,65.92105263157895,69.76754385964912,65.37280701754386,68.15789473684211,64.91228070175438,69.85964912280701,67.01754385964912,69.31140350877193,67.67543859649123,67.4342105263158,66.38157894736842,70.72368421052632,68.29824561403508,68.96491228070175,66.75438596491227,63.07017543859649,64.9780701754386,70.52631578947368,67.28070175438596
publisher,60.24561403508772,62.36842105263158,65.98684210526316,60.13157894736842,68.44298245614036,64.3640350877193,62.49122807017544,65.6140350877193,65.26315789473684,62.43421052631579,70.70175438596492,66.83771929824562,65.46929824561404,66.60087719298245,62.96052631578947,61.776315789473685,70.94298245614036,66.6798245614035,68.25,65.85526315789474,59.86842105263158,61.030701754385966,69.51754385964912,65.52631578947368
purist,68.42543859649123,38.88157894736842,52.36842105263158,42.87280701754386,41.09649122807018,35.15350877192982,70.37719298245614,42.60964912280702,51.35964912280702,43.1359649122807,45.89912280701754,39.42982456140351,72.68859649122807,46.75438596491228,49.84649122807018,45.28508771929825,49.14473684210526,42.5,77.5219298245614,49.18859649122807,47.19298245614035,46.11842105263158,54.05701754385965,47.41228070175438
realist,84.3157894736842,58.530701754385966,66.11842105263158,61.71052631578947,66.33771929824562,62.5,86.34210526315789,62.58771929824562,67.08333333333333,64.60526315789474,71.90789473684211,68.66228070175438,87.65350877192982,61.25,63.39912280701754,63.24561403508772,73.8157894736842,70.05701754385964,86.35964912280701,60.6140350877193,58.925438596491226,60.76754385964912,72.08333333333333,68.88157894736842
rebel,35.69298245614035,18.092105263157894,32.10526315789474,22.236842105263158,23.157894736842106,16.95175438596491,40.25877192982456,23.88157894736842,35.021929824561404,27.478070175438596,30.285087719298247,23.157894736842106,51.31140350877193,33.728070175438596,42.719298245614034,34.978070175438596,41.00877192982456,34.026315789473685,63.12280701754386,42.54385964912281,48.50877192982456,42.521929824561404,48.90350877192982,41.82017543859649
recruiter,61.75877192982456,60.96491228070175,66.66666666666667,59.10087719298246,66.38157894736842,64.14473684210526,63.1359649122807,63.46491228070175,68.20175438596492,61.60087719298246,67.21491228070175,64.67105263157895,66.39035087719299,66.00877192982456,64.3640350877193,62.478070175438596,69.45175438596492,66.2719298245614,64.76754385964912,62.74122807017544,59.671052631578945,59.21052631578947,66.95175438596492,62.9078947368421
refugee,35.21491228070175,32.324561403508774,39.62719298245614,34.45175438596491,36.18421052631579,32.578947368421055,40.824561403508774,38.59649122807018,43.81578947368421,39.978070175438596,43.1140350877193,38.3421052631579,47.10964912280702,45.35087719298246,47.69736842105263,45.81140350877193,50.49561403508772,45.78947368421053,57.15350877192982,51.9078947368421,51.11842105263158,51.16228070175438,58.17982456140351,53.39912280701754
reporter,68.4780701754386,46.8640350877193,54.95614035087719,49.93421052631579,61.53508771929825,56.94298245614035,75.23245614035088,59.71491228070175,61.05263157894737,59.12280701754386,70.80263157894737,65.79824561403508,81.96052631578948,70.17543859649123,66.8640350877193,67.20614035087719,76.78508771929825,72.27631578947368,81.13157894736842,69.3859649122807,63.48684210526316,65.08771929824562,73.02631578947368,68.69736842105263
researcher,87.1140350877193,71.75438596491227,76.03070175438596,71.2719298245614,78.42105263157895,75.72368421052632,87.4780701754386,72.85087719298245,74.89035087719299,72.36842105263158,79.57456140350877,77.03070175438596,87.06140350877193,71.53508771929825,71.75438596491227,70.32894736842105,79.69298245614036,76.29385964912281,83.8640350877193,65.6798245614035,63.421052631578945,62.93859649122807,74.45175438596492,69.82456140350877
retiree,49.51754385964912,39.23245614035088,43.94736842105263,38.83771929824562,46.38157894736842,41.62280701754386,54.23684210526316,47.43421052631579,51.09649122807018,45.98684210526316,55.39473684210526,50.723684210526315,60.12719298245614,52.76315789473684,53.61842105263158,52.23684210526316,62.39035087719298,57.56578947368421,66.71052631578948,59.93421052631579,58.64035087719298,58.55263157894737,69.16666666666667,64.4298245614035
revenant,11.368421052631579,3.9035087719298245,14.802631578947368,8.37719298245614,5.087719298245614,3.026315789473684,13.596491228070175,6.206140350877193,16.44736842105263,10.81140350877193,7.587719298245614,4.978070175438597,17.763157894736842,8.706140350877194,18.70614035087719,13.793859649122806,10.87719298245614,7.12719298245614,37.60087719298246,18.771929824561404,29.714912280701753,23.135964912280702,19.714912280701753,15.855263157894736
reviewer,88.53508771929825,74.80263157894737,76.07456140350877,72.22368421052632,81.10964912280701,77.53947368421052,87.24122807017544,73.88157894736842,73.31140350877193,70.46052631578948,81.39473684210526,77.20175438596492,84.6842105263158,70.04385964912281,66.73245614035088,65.92105263157895,77.01754385964912,73.33333333333333,79.75,63.925438596491226,57.521929824561404,58.925438596491226,72.06140350877193,67.48245614035088
revolutionary,43.23684210526316,28.530701754385966,44.3859649122807,32.083333333333336,27.56578947368421,23.640350877192983,49.48684210526316,36.228070175438596,45.98684210526316,37.675438596491226,35.94298245614035,31.92982456140351,58.87280701754386,43.99122807017544,48.1140350877193,43.1578947368421,44.69298245614035,40.12280701754386,69.69298245614036,53.44298245614035,54.01315789473684,51.8640350877193,54.771929824561404,49.94298245614035
robot,87.12719298245614,62.25877192982456,69.25438596491227,62.324561403508774,70.0,64.5657894736842,87.04385964912281,64.25438596491227,65.6359649122807,62.171052631578945,71.00877192982456,65.21052631578948,85.84210526315789,62.171052631578945,60.08771929824562,59.219298245614034,67.95175438596492,61.49122807017544,77.34210526315789,52.03947368421053,48.99122807017544,50.26315789473684,57.65350877192982,51.06578947368421
rogue,30.350877192982455,19.93421052631579,23.114035087719298,17.916666666666668,26.00877192982456,19.144736842105264,40.81578947368421,29.342105263157894,31.44736842105263,25.592105263157894,37.06140350877193,29.144736842105264,64.82894736842105,48.223684210526315,48.31140350877193,43.50877192982456,55.96491228070175,48.76315789473684,82.81140350877193,62.89473684210526,63.0921052631579,59.86842105263158,68.50877192982456,64.00438596491227
romantic,39.05240174672489,23.209606986899562,47.70742358078603,40.786026200873366,33.53711790393013,28.29694323144105,41.171052631578945,25.81140350877193,46.578947368421055,42.478070175438596,37.34649122807018,31.030701754385966,45.166666666666664,30.592105263157894,45.921052631578945,43.99122807017544,41.00877192982456,34.60526315789474,49.15350877192982,35.0,44.780701754385966,44.71491228070175,44.12280701754386,37.66228070175438
saboteur,24.80263157894737,18.223684210526315,31.096491228070175,19.978070175438596,16.95175438596491,13.574561403508772,30.464912280701753,23.88157894736842,34.32017543859649,23.42105263157895,23.50877192982456,18.88157894736842,41.03947368421053,31.25,38.94736842105263,30.394736842105264,33.35526315789474,28.157894736842106,60.39035087719298,42.23684210526316,48.61842105263158,41.33771929824562,46.51315789473684,41.05263157894737
sage,79.67105263157895,47.675438596491226,55.6359649122807,50.175438596491226,61.776315789473685,52.76315789473684,79.75,49.42982456140351,55.13157894736842,49.71491228070175,63.75,54.583333333333336,77.04824561403508,50.15350877192982,51.469298245614034,49.51754385964912,64.21052631578948,55.26315789473684,76.1842105263158,48.64035087719298,46.11842105263158,46.05263157894737,61.666666666666664,53.280701754385966
scheduler,54.771929824561404,61.578947368421055,64.05701754385964,58.90350877192982,64.24561403508773,61.21052631578947,56.43859649122807,62.80701754385965,61.55701754385965,59.14473684210526,66.46052631578948,62.69736842105263,56.70614035087719,59.32017543859649,55.28508771929825,55.723684210526315,63.64035087719298,59.276315789473685,53.01754385964912,49.3859649122807,43.55263157894737,45.6140350877193,57.5,52.5
scholar,89.05701754385964,70.43859649122807,75.17543859649123,70.43859649122807,77.5657894736842,74.39473684210526,88.03947368421052,74.07894736842105,75.0657894736842,72.96052631578948,81.09649122807018,77.60087719298245,87.64912280701755,71.49122807017544,70.10964912280701,69.49561403508773,79.55263157894737,75.08771929824562,86.00877192982456,69.47368421052632,65.74561403508773,67.39035087719299,79.27631578947368,74.84649122807018
scientist,81.44978165938865,68.4934497816594,72.20524017467248,68.16593886462883,74.19213973799127,71.51965065502183,80.60698689956332,69.38864628820961,71.39737991266375,67.31441048034935,75.34934497816595,71.83406113537117,79.9780701754386,67.25877192982456,67.45614035087719,64.84649122807018,74.47368421052632,70.41666666666667,77.5589519650655,60.633187772925766,57.94759825327511,57.79475982532751,69.45414847161572,64.25764192139738
scout,48.84649122807018,41.8859649122807,48.20175438596491,40.54824561403509,48.50877192982456,41.666666666666664,57.578947368421055,49.86842105263158,52.06140350877193,47.12719298245614,56.44736842105263,49.29824561403509,73.13157894736842,58.85964912280702,57.916666666666664,55.39473684210526,65.76754385964912,60.24561403508772,81.40789473684211,65.96491228070175,62.1359649122807,62.31578947368421,69.82456140350877,64.64912280701755
screener,74.80701754385964,53.1359649122807,59.10087719298246,50.81140350877193,59.86842105263158,55.526315789473685,74.84649122807018,54.42982456140351,56.71052631578947,50.78947368421053,60.74561403508772,56.40350877192982,75.3157894736842,52.96052631578947,52.36842105263158,48.969298245614034,61.33771929824562,55.6140350877193,75.74561403508773,50.28508771929825,45.6578947368421,46.16228070175438,59.18859649122807,53.223684210526315
secretary,61.671052631578945,61.53508771929825,65.08771929824562,58.1140350877193,68.4780701754386,64.84649122807018,62.60964912280702,59.29824561403509,59.01315789473684,55.24122807017544,67.87280701754386,63.56578947368421,59.6578947368421,51.8421052631579,48.574561403508774,46.8859649122807,63.28947368421053,57.280701754385966,51.69298245614035,40.70175438596491,36.53508771929825,36.05263157894737,51.074561403508774,45.06578947368421
shaman,32.12280701754386,23.464912280701753,26.68859649122807,26.18421052631579,32.80701754385965,20.24122807017544,38.85964912280702,29.86842105263158,30.67982456140351,31.337719298245613,39.3859649122807,27.07456140350877,53.578947368421055,40.98684210526316,38.00438596491228,40.6140350877193,49.4078947368421,37.9078947368421,74.09649122807018,60.24122807017544,55.57017543859649,57.85087719298246,64.21052631578948,56.96052631578947
shapeshifter,44.98684210526316,41.38157894736842,49.49561403508772,42.98245614035088,47.76315789473684,40.10964912280702,52.46052631578947,46.14035087719298,53.50877192982456,47.60964912280702,53.24561403508772,46.6578947368421,66.96491228070175,57.76315789473684,59.671052631578945,58.24561403508772,64.21052631578948,58.73245614035088,83.74122807017544,71.05263157894737,69.47368421052632,69.53947368421052,73.96929824561404,70.5657894736842
simulacrum,67.8640350877193,52.10526315789474,66.68859649122807,57.44736842105263,62.69736842105263,56.76315789473684,76.82894736842105,58.99122807017544,68.85964912280701,60.921052631578945,67.55701754385964,62.19298245614035,86.95614035087719,69.23245614035088,72.28070175438596,68.59649122807018,75.17543859649123,70.88157894736842,93.4298245614035,78.7280701754386,77.71052631578948,76.33771929824562,80.57894736842105,78.0701754385965
skeptic,58.328947368421055,38.75,55.219298245614034,43.1140350877193,43.20175438596491,38.99122807017544,62.074561403508774,43.925438596491226,55.81140350877193,46.99561403508772,47.39035087719298,43.26754385964912,65.91228070175438,47.56578947368421,56.29385964912281,49.25438596491228,53.46491228070175,48.64035087719298,70.79385964912281,50.96491228070175,55.76754385964912,51.62280701754386,59.1359649122807,54.526315789473685
smuggler,28.785087719298247,22.36842105263158,24.86842105263158,20.614035087719298,29.29824561403509,21.25,39.219298245614034,31.666666666666668,33.04824561403509,29.05701754385965,39.4078947368421,31.973684210526315,64.5,50.13157894736842,50.6578947368421,48.1578947368421,59.10087719298246,52.82017543859649,80.9298245614035,62.69736842105263,62.828947368421055,61.00877192982456,68.20175438596492,64.47368421052632
sociologist,73.14912280701755,65.59210526315789,70.04385964912281,64.83333333333333,69.04824561403508,64.70175438596492,75.33333333333333,67.93859649122807,67.96052631578948,66.00877192982456,71.07456140350877,67.09649122807018,75.05701754385964,67.67543859649123,64.78070175438596,65.04385964912281,71.64473684210526,67.19298245614036,76.64035087719299,64.21052631578948,58.28947368421053,59.978070175438596,68.35526315789474,62.719298245614034
soldier,44.530701754385966,28.859649122807017,32.916666666666664,24.583333333333332,41.18421052631579,31.79824561403509,54.83771929824562,37.74122807017544,38.17982456140351,31.55701754385965,49.45175438596491,40.416666666666664,69.87719298245614,51.95175438596491,48.90350877192982,44.75877192982456,61.68859649122807,53.969298245614034,77.94736842105263,56.29385964912281,51.9078947368421,49.89035087719298,64.01315789473684,57.35964912280702
sommelier,22.982456140350877,44.95614035087719,47.56578947368421,44.276315789473685,46.6359649122807,41.06140350877193,24.32894736842105,46.55701754385965,46.11842105263158,44.25438596491228,47.89473684210526,42.666666666666664,27.521929824561404,49.89035087719298,45.37280701754386,46.73245614035088,52.25,46.12719298245614,29.657894736842106,50.74561403508772,43.333333333333336,46.60087719298246,51.030701754385966,44.96052631578947
specialist,88.61842105263158,71.57894736842105,74.53947368421052,70.0,78.20175438596492,75.01754385964912,87.91666666666667,71.95175438596492,72.96052631578948,69.23245614035088,79.19298245614036,75.89473684210526,85.3157894736842,67.5219298245614,66.62280701754386,64.62719298245614,77.03947368421052,72.4342105263158,79.65789473684211,59.276315789473685,56.09649122807018,56.55701754385965,69.89035087719299,64.84649122807018
spirit,43.54824561403509,22.54385964912281,31.55701754385965,26.20614035087719,36.074561403508774,24.539473684210527,51.31578947368421,29.517543859649123,36.20614035087719,31.11842105263158,42.03947368421053,30.657894736842106,63.81140350877193,40.921052631578945,43.969298245614034,42.03947368421053,51.75438596491228,42.00877192982456,84.26754385964912,60.5921052631579,60.276315789473685,58.969298245614034,66.2719298245614,60.219298245614034
spy,32.83771929824562,25.153508771929825,33.574561403508774,24.276315789473685,30.06578947368421,23.223684210526315,37.33771929824562,30.482456140350877,37.34649122807018,28.486842105263158,36.578947368421055,28.50877192982456,50.10964912280702,42.43421052631579,45.89912280701754,39.32017543859649,49.4078947368421,41.31578947368421,69.5657894736842,54.473684210526315,54.978070175438596,51.469298245614034,60.921052631578945,54.44298245614035
statistician,60.70614035087719,57.21491228070175,61.68859649122807,55.74561403508772,58.574561403508774,55.3421052631579,61.43859649122807,56.73245614035088,59.671052631578945,56.20614035087719,59.71491228070175,55.43859649122807,62.14473684210526,55.021929824561404,55.175438596491226,53.75,59.671052631578945,55.95614035087719,63.083333333333336,51.578947368421055,49.51754385964912,50.54824561403509,59.69298245614035,55.0
stoic,48.583333333333336,21.513157894736842,49.62719298245614,37.69736842105263,37.98245614035088,27.403508771929825,53.26754385964912,25.13157894736842,51.79824561403509,40.87719298245614,42.324561403508774,31.973684210526315,60.675438596491226,32.675438596491226,53.85964912280702,46.16228070175438,49.3421052631579,40.10087719298246,66.3201754385965,37.280701754385966,51.49122807017544,47.675438596491226,54.42982456140351,45.57017543859649
strategist,82.68859649122807,69.53947368421052,72.69736842105263,67.21491228070175,73.60087719298245,70.52631578947368,82.62280701754386,69.80263157894737,69.9780701754386,66.90789473684211,74.80263157894737,70.78070175438596,81.85087719298245,67.65350877192982,66.00877192982456,64.40789473684211,73.1359649122807,69.75,77.64473684210526,58.83771929824562,54.60526315789474,54.93421052631579,66.38157894736842,61.469298245614034
student,74.84210526315789,58.88157894736842,64.16666666666667,57.78508771929825,66.84210526315789,64.05701754385964,77.64473684210526,63.333333333333336,65.70175438596492,62.89473684210526,71.57894736842105,68.79385964912281,81.15789473684211,67.06140350877193,66.9298245614035,65.6798245614035,75.4298245614035,71.81140350877193,83.4298245614035,67.5219298245614,64.45175438596492,66.14035087719299,74.89035087719299,70.96491228070175
summarizer,80.69298245614036,68.42105263157895,71.33771929824562,67.17105263157895,76.38157894736842,73.88157894736842,80.07456140350877,69.67105263157895,70.96491228070175,68.46491228070175,78.88157894736842,75.83333333333333,74.5,64.86842105263158,64.3640350877193,63.75,76.44736842105263,73.33333333333333,69.29824561403508,58.75,55.921052631578945,58.35526315789474,71.09649122807018,67.80701754385964
supervisor,82.71052631578948,69.18859649122807,70.48245614035088,63.90350877192982,72.91666666666667,69.35526315789474,79.49122807017544,65.72368421052632,63.26754385964912,59.166666666666664,70.85526315789474,66.89912280701755,73.58771929824562,59.01315789473684,51.973684210526315,51.271929824561404,64.71491228070175,59.45175438596491,59.30701754385965,47.63157894736842,40.0,39.84649122807018,52.34649122807018,46.79824561403509
surfer,33.95175438596491,16.95175438596491,17.80701754385965,20.285087719298247,38.75,27.67543859649123,38.39473684210526,22.960526315789473,21.885964912280702,25.394736842105264,47.083333333333336,33.88157894736842,49.99122807017544,30.964912280701753,28.68421052631579,32.521929824561404,51.9078947368421,41.35964912280702,56.85526315789474,36.75438596491228,33.37719298245614,37.10526315789474,51.31578947368421,42.60964912280702
survivor,43.60087719298246,35.39473684210526,48.24561403508772,38.70614035087719,38.55263157894737,34.05701754385965,47.28508771929825,39.14473684210526,49.64912280701754,41.35964912280702,42.43421052631579,37.98245614035088,55.38157894736842,46.973684210526315,53.771929824561404,48.17982456140351,52.521929824561404,48.1359649122807,66.72368421052632,53.574561403508774,56.64473684210526,53.026315789473685,59.73684210526316,54.91228070175438
swarm,65.96052631578948,49.42982456140351,56.79824561403509,47.58771929824562,54.64912280701754,48.34649122807018,74.42105263157895,58.70614035087719,60.87719298245614,55.6359649122807,65.43859649122807,58.68421052631579,84.03947368421052,69.25438596491227,65.76754385964912,64.14473684210526,71.33771929824562,66.29824561403508,88.57894736842105,75.24122807017544,69.95614035087719,69.53947368421052,76.84210526315789,72.6798245614035
symbiont,51.42982456140351,43.46491228070175,55.46052631578947,45.46052631578947,48.24561403508772,42.78508771929825,62.24561403508772,52.916666666666664,60.021929824561404,52.43421052631579,58.1359649122807,52.219298245614034,78.99122807017544,65.89912280701755,65.6798245614035,62.43421052631579,70.81140350877193,65.28947368421052,91.6842105263158,78.48684210526316,74.8157894736842,74.34210526315789,79.64912280701755,76.83333333333333
synthesizer,71.66228070175438,53.44298245614035,61.40350877192982,56.00877192982456,59.29824561403509,53.43421052631579,75.68859649122807,58.70614035087719,63.64035087719298,60.13157894736842,64.3640350877193,58.44736842105263,80.83771929824562,64.91228070175438,64.75877192982456,64.69298245614036,72.5657894736842,66.11842105263158,85.93859649122807,68.0701754385965,66.16228070175438,66.73245614035088,73.57456140350877,68.46052631578948
teacher,90.58333333333333,59.10087719298246,66.11842105263158,57.58771929824562,71.68859649122807,67.32456140350877,89.82894736842105,65.17543859649123,67.17105263157895,62.06140350877193,75.65789473684211,70.86842105263158,85.4298245614035,65.6140350877193,64.07894736842105,61.666666666666664,75.17543859649123,70.19736842105263,78.35964912280701,58.66228070175438,54.62719298245614,53.574561403508774,67.5219298245614,62.12719298245614
technologist,75.58771929824562,68.90350877192982,73.33333333333333,68.42105263157895,74.05701754385964,70.96929824561404,77.67543859649123,71.73245614035088,74.64912280701755,70.83333333333333,76.77631578947368,73.57456140350877,79.35964912280701,71.11842105263158,72.78508771929825,70.10964912280701,78.08333333333333,74.41666666666667,80.53947368421052,69.01315789473684,68.61842105263158,67.19298245614036,75.52631578947368,71.35087719298245
teenager,34.46052631578947,26.162280701754387,26.95175438596491,25.767543859649123,36.469298245614034,31.44736842105263,41.89912280701754,34.824561403508774,37.19298245614035,34.53947368421053,47.06140350877193,42.39035087719298,57.6140350877193,48.94736842105263,51.09649122807018,48.771929824561404,60.28508771929825,55.526315789473685,69.71491228070175,58.333333333333336,60.175438596491226,58.28947368421053,68.53070175438596,64.29824561403508
theorist,85.7280701754386,69.3640350877193,72.82894736842105,68.04824561403508,75.86842105263158,71.87719298245614,86.33333333333333,71.79824561403508,72.76315789473684,69.3201754385965,77.79824561403508,74.26754385964912,86.37719298245614,71.2280701754386,72.85087719298245,69.84649122807018,79.23245614035088,74.85964912280701,85.6359649122807,69.95614035087719,69.45175438596492,67.99561403508773,77.78508771929825,73.27631578947368
therapist,69.12719298245614,63.728070175438596,69.56140350877193,64.56140350877193,69.07894736842105,67.03070175438596,69.9780701754386,68.79385964912281,70.0219298245614,67.21491228070175,73.1798245614035,70.73684210526316,71.57894736842105,70.17543859649123,66.14035087719299,67.08333333333333,74.4298245614035,70.58333333333333,72.15350877192982,68.1359649122807,61.51315789473684,63.85964912280702,71.3157894736842,68.33333333333333
toddler,3.6184210526315788,3.1359649122807016,1.9078947368421053,3.8157894736842106,5.767543859649122,2.741228070175439,8.074561403508772,5.4605263157894735,3.6140350877192984,7.149122807017544,9.517543859649123,5.285087719298246,13.105263157894736,9.692982456140351,5.8464912280701755,11.381578947368421,13.969298245614034,8.412280701754385,18.56140350877193,14.364035087719298,8.140350877192983,15.0,16.842105263157894,10.657894736842104
traditionalist,51.43859649122807,35.833333333333336,44.32017543859649,36.64473684210526,36.71052631578947,28.92543859649123,55.69298245614035,39.75877192982456,44.671052631578945,40.416666666666664,41.82017543859649,33.530701754385966,61.85087719298246,43.48684210526316,44.473684210526315,42.93859649122807,46.95175438596491,38.39912280701754,69.73684210526316,50.6359649122807,46.8421052631579,47.74122807017544,54.89035087719298,47.171052631578945
trainer,86.91228070175438,53.969298245614034,63.1359649122807,56.79824561403509,66.3157894736842,63.26754385964912,87.90350877192982,60.67982456140351,65.37280701754386,61.64473684210526,72.71929824561404,69.40789473684211,87.3201754385965,66.07456140350877,65.85526315789474,64.96929824561404,75.24122807017544,71.5657894736842,85.0219298245614,70.89912280701755,65.28508771929825,67.74122807017544,76.8640350877193,73.31140350877193
translator,47.24122807017544,65.13157894736842,67.34649122807018,65.0219298245614,71.66666666666667,68.57456140350877,47.05263157894737,68.20175438596492,67.60964912280701,66.8640350877193,74.22368421052632,71.10964912280701,49.68421052631579,66.53508771929825,61.8421052631579,63.61842105263158,72.46929824561404,68.58333333333333,53.324561403508774,59.4078947368421,54.583333333333336,58.07017543859649,66.53508771929825,62.44736842105263
tree,44.33771929824562,22.083333333333332,27.653508771929825,23.157894736842106,29.583333333333332,20.460526315789473,53.03947368421053,28.662280701754387,32.45614035087719,29.013157894736842,36.49122807017544,27.82894736842105,70.24561403508773,41.73245614035088,42.69736842105263,39.86842105263158,48.99122807017544,39.921052631578945,85.48245614035088,57.89473684210526,56.68859649122807,55.5921052631579,62.58771929824562,56.74561403508772
trickster,33.10087719298246,17.083333333333332,25.855263157894736,20.833333333333332,31.776315789473685,22.25877192982456,45.280701754385966,26.79824561403509,33.1140350877193,28.24561403508772,41.228070175438596,31.469298245614034,68.9342105263158,42.23684210526316,47.19298245614035,41.51315789473684,53.07017543859649,45.328947368421055,85.39473684210526,61.25,62.01754385964912,59.51754385964912,66.8859649122807,62.30701754385965
tulpa,44.73684210526316,45.54824561403509,55.50438596491228,46.44736842105263,54.56140350877193,49.978070175438596,48.93859649122807,51.53508771929825,59.53947368421053,52.87280701754386,60.50438596491228,55.19736842105263,57.3859649122807,57.56578947368421,63.35526315789474,58.20175438596491,65.39473684210526,60.76754385964912,69.0701754385965,62.93859649122807,64.89035087719299,62.78508771929825,70.5701754385965,66.00877192982456
tutor,91.91228070175438,70.72368421052632,74.75877192982456,71.60087719298245,77.03947368421052,75.76754385964912,90.24561403508773,74.34210526315789,75.30701754385964,73.06140350877193,80.21929824561404,77.74122807017544,89.75,74.10087719298245,70.65789473684211,71.97368421052632,80.08771929824562,76.97368421052632,84.79824561403508,68.09210526315789,62.54385964912281,65.6798245614035,74.60526315789474,70.87719298245614
validator,80.29824561403508,56.35964912280702,62.478070175438596,54.89035087719298,61.00877192982456,57.074561403508774,78.51754385964912,57.45614035087719,59.71491228070175,55.24122807017544,62.675438596491226,58.93859649122807,76.42543859649123,55.6578947368421,55.67982456140351,52.87280701754386,63.50877192982456,58.45614035087719,71.79824561403508,49.25438596491228,44.62719298245614,46.425438596491226,58.17982456140351,52.478070175438596
vampire,16.096491228070175,10.592105263157896,16.973684210526315,15.548245614035087,21.95175438596491,11.293859649122806,18.846491228070175,12.236842105263158,17.609649122807017,16.228070175438596,24.013157894736842,13.114035087719298,20.649122807017545,14.539473684210526,17.82894736842105,18.31140350877193,28.24561403508772,15.81140350877193,23.74561403508772,16.666666666666668,19.62719298245614,19.890350877192983,30.767543859649123,18.267543859649123
vegan,34.526315789473685,49.32017543859649,58.61842105263158,52.93859649122807,41.16228070175438,37.30263157894737,38.021929824561404,56.18421052631579,59.824561403508774,57.85087719298246,47.78508771929825,43.39035087719298,39.24561403508772,56.49122807017544,56.20614035087719,55.10964912280702,47.65350877192982,43.421052631578945,39.328947368421055,53.07017543859649,50.175438596491226,50.26315789473684,44.05701754385965,39.69298245614035
veteran,55.01315789473684,39.93421052631579,47.36842105263158,39.10087719298246,45.98684210526316,40.74561403508772,61.478070175438596,49.60526315789474,53.61842105263158,47.45614035087719,56.73245614035088,51.29385964912281,69.53947368421052,57.478070175438596,59.14473684210526,55.328947368421055,64.78070175438596,60.50438596491228,78.10526315789474,63.04824561403509,61.8421052631579,60.53947368421053,70.37280701754386,66.1842105263158
veterinarian,39.6359649122807,44.14473684210526,52.39035087719298,45.06578947368421,41.53508771929825,39.71491228070175,39.90350877192982,46.20614035087719,50.6578947368421,45.35087719298246,42.675438596491226,40.328947368421055,41.59649122807018,48.026315789473685,47.478070175438596,44.73684210526316,43.85964912280702,40.46052631578947,45.083333333333336,50.6578947368421,44.86842105263158,44.10087719298246,46.75438596491228,42.324561403508774
vigilante,29.19736842105263,23.157894736842106,35.87719298245614,24.82456140350877,22.083333333333332,18.88157894736842,32.99122807017544,30.087719298245613,39.62719298245614,30.43859649122807,29.29824561403509,25.92105263157895,42.421052631578945,40.921052631578945,47.43421052631579,40.10964912280702,41.666666666666664,37.62280701754386,53.20175438596491,50.04385964912281,51.51315789473684,47.5,50.85526315789474,46.666666666666664
virtuoso,52.60964912280702,45.219298245614034,57.41228070175438,49.473684210526315,51.44736842105263,47.030701754385966,57.21052631578947,49.583333333333336,57.23684210526316,51.64473684210526,57.60964912280702,52.82017543859649,61.833333333333336,55.0,57.58771929824562,55.24122807017544,62.675438596491226,57.43421052631579,69.9298245614035,56.55701754385965,54.10087719298246,54.583333333333336,63.1140350877193,58.06140350877193
virus,8.868421052631579,10.307017543859649,20.30701754385965,12.368421052631579,9.035087719298245,5.758771929824562,11.978070175438596,13.662280701754385,21.469298245614034,14.583333333333334,12.017543859649123,7.828947368421052,20.789473684210527,22.719298245614034,28.267543859649123,21.75438596491228,20.789473684210527,15.307017543859649,43.776315789473685,40.15350877192982,42.74122807017544,35.24122807017544,35.89912280701754,30.837719298245613
visionary,74.80701754385964,62.60964912280702,68.57456140350877,62.530701754385966,68.55701754385964,63.42982456140351,77.01315789473684,65.0219298245614,67.34649122807018,65.10964912280701,71.38157894736842,66.92105263157895,80.49561403508773,67.58771929824562,65.28508771929825,65.26315789473684,73.15789473684211,68.12719298245614,81.69298245614036,67.87280701754386,61.95175438596491,63.44298245614035,72.17105263157895,67.18859649122807
void,32.69298245614035,15.153508771929825,23.969298245614034,20.482456140350877,23.88157894736842,12.280701754385966,36.78947368421053,18.092105263157894,26.31578947368421,23.24561403508772,27.19298245614035,15.131578947368421,49.36842105263158,27.017543859649123,32.41228070175438,30.263157894736842,36.68859649122807,23.50877192982456,74.24122807017544,45.70175438596491,47.675438596491226,46.95175438596491,51.40350877192982,41.86842105263158
wanderer,44.026315789473685,35.723684210526315,47.324561403508774,39.49561403508772,43.44298245614035,38.31140350877193,49.030701754385966,42.280701754385966,51.55701754385965,45.57017543859649,50.78947368421053,44.73684210526316,55.10087719298246,47.01754385964912,53.79385964912281,48.99122807017544,56.71052631578947,50.18859649122807,65.76315789473684,54.01315789473684,56.271929824561404,54.4078947368421,63.55263157894737,57.78508771929825
warrior,36.21491228070175,17.280701754385966,27.87280701754386,21.00877192982456,25.57017543859649,18.333333333333332,40.333333333333336,21.864035087719298,29.539473684210527,23.94736842105263,30.06578947368421,22.25877192982456,47.45614035087719,28.31140350877193,34.03508771929825,28.92543859649123,38.0921052631579,29.62719298245614,61.30701754385965,39.21052631578947,41.18421052631579,37.89473684210526,49.078947368421055,41.578947368421055
whale,34.416666666666664,23.68421052631579,30.986842105263158,25.0,36.25,24.80263157894737,40.70614035087719,29.385964912280702,35.6140350877193,29.32017543859649,40.81140350877193,29.210526315789473,58.60964912280702,44.32017543859649,44.86842105263158,43.17982456140351,53.88157894736842,44.3421052631579,80.50438596491227,61.60087719298246,59.60526315789474,57.98245614035088,65.6359649122807,58.83771929824562
widow,37.10964912280702,32.21491228070175,45.39473684210526,37.916666666666664,37.25877192982456,33.43421052631579,43.078947368421055,40.67982456140351,50.526315789473685,44.56140350877193,46.55701754385965,42.12719298245614,55.23684210526316,51.00877192982456,56.35964912280702,54.29824561403509,57.85087719298246,53.276315789473685,65.24561403508773,60.0,59.276315789473685,60.15350877192982,65.48245614035088,61.23245614035088
wind,43.21834061135371,19.08296943231441,28.799126637554586,24.978165938864628,33.624454148471614,21.65938864628821,53.71615720524017,26.768558951965066,32.86026200873363,32.18340611353712,39.54148471615721,27.94759825327511,69.42794759825327,37.92576419213974,41.81222707423581,41.81222707423581,51.419213973799124,40.633187772925766,87.34497816593887,59.301310043668124,59.1703056768559,59.737991266375545,65.52401746724891,59.40174672489083
witch,28.859649122807017,15.921052631578947,20.460526315789473,19.539473684210527,27.785087719298247,16.337719298245613,32.574561403508774,19.18859649122807,21.44736842105263,21.359649122807017,31.42543859649123,20.153508771929825,43.08771929824562,26.732456140350877,26.44736842105263,28.20175438596491,39.42982456140351,27.17105263157895,61.65350877192982,39.780701754385966,36.425438596491226,38.99122807017544,50.04385964912281,39.91228070175438
witness,51.166666666666664,45.35087719298246,57.41228070175438,47.12719298245614,52.01754385964912,47.93859649122807,57.324561403508774,50.98684210526316,59.89035087719298,51.20614035087719,58.83771929824562,54.14912280701754,67.11842105263158,56.40350877192982,59.64912280701754,55.78947368421053,64.53947368421052,59.671052631578945,78.00438596491227,61.973684210526315,60.89912280701754,59.53947368421053,68.7719298245614,64.00438596491227
workaholic,52.23684210526316,45.08771929824562,58.94736842105263,47.40350877192982,47.20175438596491,44.91228070175438,57.89912280701754,50.219298245614034,60.74561403508772,50.94298245614035,53.0921052631579,50.723684210526315,66.82456140350877,56.31578947368421,63.61842105263158,55.70175438596491,60.71491228070175,57.28947368421053,74.61842105263158,60.81140350877193,62.56578947368421,59.3640350877193,66.84210526315789,63.530701754385966
wraith,25.605263157894736,11.18421052631579,21.62280701754386,17.346491228070175,22.280701754385966,12.302631578947368,30.864035087719298,14.25438596491228,23.640350877192983,19.846491228070175,25.614035087719298,15.679824561403509,39.30263157894737,20.37280701754386,27.67543859649123,25.43859649122807,32.93859649122807,21.666666666666668,61.03508771929825,32.828947368421055,37.60964912280702,34.91228070175438,43.55263157894737,33.728070175438596
writer,62.80263157894737,44.473684210526315,57.34649122807018,49.84649122807018,54.42982456140351,48.85964912280702,67.18859649122807,48.46491228070175,58.17982456140351,53.55263157894737,58.99122807017544,53.80701754385965,72.99122807017544,55.46052631578947,60.50438596491228,58.44298245614035,64.3640350877193,59.90350877192982,80.99122807017544,63.83771929824562,63.969298245614034,64.07894736842105,71.71052631578948,66.98684210526316
zealot,40.01754385964912,18.31140350877193,36.05263157894737,27.19298245614035,20.285087719298247,16.18421052631579,45.583333333333336,25.153508771929825,38.64035087719298,31.68859649122807,27.82894736842105,22.894736842105264,56.925438596491226,33.90350877192982,43.46491228070175,38.026315789473685,36.14035087719298,31.00877192982456,68.8157894736842,46.20614035087719,50.35087719298246,46.425438596491226,48.333333333333336,42.45614035087719
zeitgeist,75.60526315789474,64.60526315789474,67.76315789473684,63.90350877192982,74.62719298245614,68.80701754385964,78.0701754385965,66.95175438596492,67.03947368421052,64.78070175438596,76.46929824561404,70.48684210526316,84.26754385964912,69.80263157894737,65.46052631578948,66.66666666666667,77.82894736842105,72.40350877192982,85.00877192982456,67.12719298245614,60.39473684210526,62.5,73.66228070175438,68.79385964912281
