role,alpha,subdim,steered_mean,aa_mean,advantage
aberration,1.0,emotional_register,10.197368421052632,9.276315789473685,0.9210526315789469
aberration,1.0,vocab_choice,21.973684210526315,23.92543859649123,-1.9517543859649145
aberration,1.0,social_dynamic,20.24122807017544,21.11842105263158,-0.8771929824561404
aberration,1.0,motivation,18.464912280701753,17.412280701754387,1.0526315789473664
aberration,1.0,worldview_alignment,9.517543859649123,9.210526315789474,0.30701754385964897
aberration,1.5,emotional_register,13.947368421052632,9.166666666666666,4.780701754385966
aberration,1.5,vocab_choice,23.68421052631579,23.289473684210527,0.3947368421052637
aberration,1.5,social_dynamic,22.25877192982456,20.855263157894736,1.4035087719298254
aberration,1.5,motivation,21.68859649122807,18.88157894736842,2.807017543859647
aberration,1.5,worldview_alignment,12.850877192982455,10.043859649122806,2.807017543859649
aberration,2.0,emotional_register,20.087719298245613,6.447368421052632,13.640350877192981
aberration,2.0,vocab_choice,28.223684210526315,17.19298245614035,11.030701754385966
aberration,2.0,social_dynamic,27.67543859649123,17.36842105263158,10.30701754385965
aberration,2.0,motivation,29.210526315789473,18.486842105263158,10.723684210526315
aberration,2.0,worldview_alignment,19.473684210526315,9.166666666666666,10.307017543859649
aberration,2.5,emotional_register,34.75877192982456,3.3552631578947367,31.403508771929825
aberration,2.5,vocab_choice,40.37280701754386,10.06578947368421,30.30701754385965
aberration,2.5,social_dynamic,39.95614035087719,8.903508771929825,31.052631578947366
aberration,2.5,motivation,42.63157894736842,12.083333333333334,30.548245614035082
aberration,2.5,worldview_alignment,34.64912280701754,5.228070175438597,29.421052631578945
absurdist,1.0,emotional_register,9.517543859649123,9.868421052631579,-0.35087719298245545
absurdist,1.0,vocab_choice,16.95175438596491,19.18859649122807,-2.2368421052631575
absurdist,1.0,social_dynamic,19.890350877192983,22.87280701754386,-2.9824561403508767
absurdist,1.0,motivation,17.850877192982455,17.478070175438596,0.3728070175438596
absurdist,1.0,worldview_alignment,7.6535087719298245,7.3464912280701755,0.30701754385964897
absurdist,1.5,emotional_register,11.732456140350877,12.543859649122806,-0.8114035087719298
absurdist,1.5,vocab_choice,19.539473684210527,21.162280701754387,-1.6228070175438596
absurdist,1.5,social_dynamic,21.666666666666668,25.0,-3.333333333333332
absurdist,1.5,motivation,19.846491228070175,22.19298245614035,-2.3464912280701746
absurdist,1.5,worldview_alignment,9.429824561403509,10.043859649122806,-0.6140350877192979
absurdist,2.0,emotional_register,16.57894736842105,15.109649122807017,1.4692982456140342
absurdist,2.0,vocab_choice,24.605263157894736,22.69736842105263,1.9078947368421062
absurdist,2.0,social_dynamic,28.530701754385966,26.62280701754386,1.9078947368421062
absurdist,2.0,motivation,25.19736842105263,27.45614035087719,-2.2587719298245617
absurdist,2.0,worldview_alignment,13.530701754385966,13.442982456140351,0.08771929824561475
absurdist,2.5,emotional_register,25.087719298245613,10.81140350877193,14.276315789473683
absurdist,2.5,vocab_choice,32.93859649122807,10.855263157894736,22.083333333333332
absurdist,2.5,social_dynamic,36.030701754385966,13.771929824561404,22.25877192982456
absurdist,2.5,motivation,33.728070175438596,19.166666666666668,14.561403508771928
absurdist,2.5,worldview_alignment,21.95175438596491,11.118421052631579,10.833333333333332
accountant,1.0,emotional_register,52.80701754385965,54.078947368421055,-1.2719298245614041
accountant,1.0,vocab_choice,58.64035087719298,61.40350877192982,-2.7631578947368425
accountant,1.0,social_dynamic,50.94298245614035,52.56578947368421,-1.6228070175438631
accountant,1.0,motivation,54.23245614035088,54.95614035087719,-0.723684210526315
accountant,1.0,worldview_alignment,49.93421052631579,51.271929824561404,-1.3377192982456165
accountant,1.5,emotional_register,54.3421052631579,59.4078947368421,-5.065789473684205
accountant,1.5,vocab_choice,58.026315789473685,62.675438596491226,-4.649122807017541
accountant,1.5,social_dynamic,51.416666666666664,57.21491228070175,-5.798245614035089
accountant,1.5,motivation,56.64473684210526,61.271929824561404,-4.627192982456144
accountant,1.5,worldview_alignment,51.99561403508772,57.25877192982456,-5.2631578947368425
accountant,2.0,emotional_register,54.21052631578947,38.574561403508774,15.635964912280699
accountant,2.0,vocab_choice,55.10087719298246,42.14912280701754,12.951754385964918
accountant,2.0,social_dynamic,51.31578947368421,38.55263157894737,12.763157894736842
accountant,2.0,motivation,58.728070175438596,47.56578947368421,11.162280701754383
accountant,2.0,worldview_alignment,53.41228070175438,43.46491228070175,9.94736842105263
accountant,2.5,emotional_register,49.14473684210526,14.56140350877193,34.58333333333333
accountant,2.5,vocab_choice,46.73245614035088,13.969298245614034,32.76315789473684
accountant,2.5,social_dynamic,46.51315789473684,14.320175438596491,32.19298245614035
accountant,2.5,motivation,56.666666666666664,21.864035087719298,34.80263157894737
accountant,2.5,worldview_alignment,50.94298245614035,17.5,33.44298245614035
activist,1.0,emotional_register,45.87336244541485,43.23144104803494,2.6419213973799103
activist,1.0,vocab_choice,57.77292576419214,59.10480349344978,-1.3318777292576414
activist,1.0,social_dynamic,49.148471615720524,48.38427947598253,0.7641921397379932
activist,1.0,motivation,47.55458515283843,47.94759825327511,-0.3930131004366828
activist,1.0,worldview_alignment,45.21834061135371,46.200873362445414,-0.9825327510917035
activist,1.5,emotional_register,51.572052401746724,46.943231441048034,4.62882096069869
activist,1.5,vocab_choice,59.585152838427945,59.19213973799127,0.3930131004366757
activist,1.5,social_dynamic,54.06113537117904,51.76855895196506,2.2925764192139795
activist,1.5,motivation,52.89519650655022,53.47161572052402,-0.5764192139738
activist,1.5,worldview_alignment,50.480349344978166,51.419213973799124,-0.9388646288209586
activist,2.0,emotional_register,57.40174672489083,36.5938864628821,20.80786026200873
activist,2.0,vocab_choice,60.327510917030565,45.58951965065502,14.737991266375545
activist,2.0,social_dynamic,56.200873362445414,40.327510917030565,15.873362445414848
activist,2.0,motivation,60.109170305676855,49.78165938864629,10.327510917030565
activist,2.0,worldview_alignment,56.68122270742358,47.11790393013101,9.563318777292572
activist,2.5,emotional_register,62.25877192982456,15.986842105263158,46.271929824561404
activist,2.5,vocab_choice,59.583333333333336,19.32017543859649,40.26315789473685
activist,2.5,social_dynamic,59.53947368421053,16.710526315789473,42.828947368421055
activist,2.5,motivation,63.79385964912281,26.359649122807017,37.434210526315795
activist,2.5,worldview_alignment,59.86842105263158,23.81578947368421,36.05263157894737
actor,1.0,emotional_register,43.771929824561404,37.083333333333336,6.688596491228068
actor,1.0,vocab_choice,49.18859649122807,48.44298245614035,0.7456140350877192
actor,1.0,social_dynamic,44.91228070175438,41.00877192982456,3.903508771929822
actor,1.0,motivation,54.49561403508772,48.88157894736842,5.6140350877193015
actor,1.0,worldview_alignment,49.62719298245614,44.03508771929825,5.59210526315789
actor,1.5,emotional_register,53.07017543859649,38.24561403508772,14.824561403508774
actor,1.5,vocab_choice,55.48245614035088,47.675438596491226,7.807017543859651
actor,1.5,social_dynamic,52.74122807017544,42.41228070175438,10.328947368421055
actor,1.5,motivation,62.23684210526316,53.20175438596491,9.035087719298247
actor,1.5,worldview_alignment,56.75438596491228,48.026315789473685,8.728070175438596
actor,2.0,emotional_register,60.19736842105263,24.846491228070175,35.35087719298245
actor,2.0,vocab_choice,59.3421052631579,31.82017543859649,27.521929824561408
actor,2.0,social_dynamic,59.3421052631579,28.092105263157894,31.250000000000004
actor,2.0,motivation,68.88157894736842,43.35526315789474,25.526315789473685
actor,2.0,worldview_alignment,64.29824561403508,38.37719298245614,25.921052631578945
actor,2.5,emotional_register,68.83771929824562,13.399122807017545,55.43859649122807
actor,2.5,vocab_choice,63.59649122807018,15.50438596491228,48.0921052631579
actor,2.5,social_dynamic,66.8201754385965,15.570175438596491,51.25
actor,2.5,motivation,74.71491228070175,29.714912280701753,45.0
actor,2.5,worldview_alignment,70.10964912280701,23.728070175438596,46.38157894736842
addict,1.0,emotional_register,25.04366812227074,22.00873362445415,3.034934497816593
addict,1.0,vocab_choice,32.838427947598255,30.87336244541485,1.965065502183407
addict,1.0,social_dynamic,28.34061135371179,25.633187772925766,2.707423580786024
addict,1.0,motivation,26.069868995633186,23.406113537117903,2.6637554585152827
addict,1.0,worldview_alignment,22.729257641921397,20.17467248908297,2.5545851528384276
addict,1.5,emotional_register,34.737991266375545,26.375545851528383,8.362445414847162
addict,1.5,vocab_choice,41.89956331877729,34.82532751091703,7.074235807860262
addict,1.5,social_dynamic,37.81659388646288,30.152838427947597,7.663755458515286
addict,1.5,motivation,35.58951965065502,28.427947598253276,7.161572052401745
addict,1.5,worldview_alignment,31.921397379912662,24.716157205240176,7.205240174672486
addict,2.0,emotional_register,46.17903930131004,22.270742358078603,23.908296943231438
addict,2.0,vocab_choice,51.572052401746724,27.336244541484717,24.235807860262007
addict,2.0,social_dynamic,47.86026200873363,25.851528384279476,22.008733624454152
addict,2.0,motivation,47.7292576419214,29.23580786026201,18.49344978165939
addict,2.0,worldview_alignment,44.00873362445415,25.21834061135371,18.79039301310044
addict,2.5,emotional_register,55.81140350877193,14.342105263157896,41.469298245614034
addict,2.5,vocab_choice,57.65350877192982,14.956140350877194,42.69736842105263
addict,2.5,social_dynamic,56.00877192982456,15.197368421052632,40.81140350877193
addict,2.5,motivation,56.92982456140351,22.763157894736842,34.166666666666664
addict,2.5,worldview_alignment,53.478070175438596,17.93859649122807,35.53947368421053
adolescent,1.0,emotional_register,31.48471615720524,34.86899563318777,-3.384279475982531
adolescent,1.0,vocab_choice,30.76419213973799,33.53711790393013,-2.7729257641921414
adolescent,1.0,social_dynamic,31.353711790393014,33.580786026200876,-2.227074235807862
adolescent,1.0,motivation,40.698689956331876,45.9825327510917,-5.283842794759828
adolescent,1.0,worldview_alignment,36.375545851528386,41.943231441048034,-5.567685589519648
adolescent,1.5,emotional_register,43.493449781659386,43.90829694323144,-0.41484716157205526
adolescent,1.5,vocab_choice,44.47598253275109,44.301310043668124,0.1746724890829654
adolescent,1.5,social_dynamic,42.81659388646288,40.74235807860262,2.074235807860262
adolescent,1.5,motivation,53.23144104803494,56.222707423580786,-2.991266375545848
adolescent,1.5,worldview_alignment,48.777292576419214,52.00873362445415,-3.231441048034938
adolescent,2.0,emotional_register,54.80349344978166,39.60698689956332,15.196506550218345
adolescent,2.0,vocab_choice,54.890829694323145,35.6768558951965,19.21397379912664
adolescent,2.0,social_dynamic,55.0,38.646288209606986,16.353711790393014
adolescent,2.0,motivation,64.58515283842794,59.03930131004367,5.545851528384276
adolescent,2.0,worldview_alignment,60.45851528384279,54.41048034934498,6.048034934497814
adolescent,2.5,emotional_register,67.76315789473684,29.890350877192983,37.87280701754385
adolescent,2.5,vocab_choice,65.98684210526316,23.771929824561404,42.21491228070176
adolescent,2.5,social_dynamic,67.65350877192982,28.530701754385966,39.122807017543856
adolescent,2.5,motivation,75.6359649122807,48.61842105263158,27.017543859649116
adolescent,2.5,worldview_alignment,71.44736842105263,42.25877192982456,29.18859649122807
advocate,1.0,emotional_register,56.31578947368421,45.30701754385965,11.008771929824562
advocate,1.0,vocab_choice,64.73684210526316,61.9078947368421,2.828947368421062
advocate,1.0,social_dynamic,57.87280701754386,49.75877192982456,8.114035087719301
advocate,1.0,motivation,61.030701754385966,51.60087719298246,9.429824561403507
advocate,1.0,worldview_alignment,58.0921052631579,49.49561403508772,8.596491228070178
advocate,1.5,emotional_register,62.10526315789474,47.521929824561404,14.583333333333336
advocate,1.5,vocab_choice,64.4298245614035,61.666666666666664,2.7631578947368425
advocate,1.5,social_dynamic,60.6359649122807,51.75438596491228,8.881578947368418
advocate,1.5,motivation,66.79824561403508,56.14035087719298,10.657894736842103
advocate,1.5,worldview_alignment,63.24561403508772,53.00438596491228,10.241228070175438
advocate,2.0,emotional_register,68.1798245614035,34.166666666666664,34.01315789473684
advocate,2.0,vocab_choice,64.25438596491227,43.70614035087719,20.548245614035082
advocate,2.0,social_dynamic,64.95614035087719,37.675438596491226,27.280701754385966
advocate,2.0,motivation,70.54824561403508,46.35964912280702,24.18859649122806
advocate,2.0,worldview_alignment,66.71052631578948,41.99561403508772,24.71491228070176
advocate,2.5,emotional_register,66.75438596491227,13.552631578947368,53.201754385964904
advocate,2.5,vocab_choice,59.80263157894737,15.570175438596491,44.23245614035088
advocate,2.5,social_dynamic,60.78947368421053,14.166666666666666,46.62280701754386
advocate,2.5,motivation,67.08333333333333,19.517543859649123,47.565789473684205
advocate,2.5,worldview_alignment,61.776315789473685,15.855263157894736,45.921052631578945
alien,1.0,emotional_register,22.87280701754386,19.62719298245614,3.245614035087719
alien,1.0,vocab_choice,32.324561403508774,30.021929824561404,2.30263157894737
alien,1.0,social_dynamic,30.57017543859649,29.05701754385965,1.513157894736839
alien,1.0,motivation,36.44736842105263,34.03508771929825,2.4122807017543835
alien,1.0,worldview_alignment,23.43421052631579,20.285087719298247,3.1491228070175445
alien,1.5,emotional_register,28.20175438596491,21.600877192982455,6.6008771929824555
alien,1.5,vocab_choice,35.98684210526316,30.833333333333332,5.153508771929825
alien,1.5,social_dynamic,34.49561403508772,31.228070175438596,3.2675438596491233
alien,1.5,motivation,40.723684210526315,37.719298245614034,3.004385964912281
alien,1.5,worldview_alignment,27.93859649122807,23.92543859649123,4.013157894736839
alien,2.0,emotional_register,34.780701754385966,14.320175438596491,20.460526315789473
alien,2.0,vocab_choice,39.95614035087719,22.850877192982455,17.105263157894736
alien,2.0,social_dynamic,40.06578947368421,24.013157894736842,16.05263157894737
alien,2.0,motivation,47.74122807017544,34.95614035087719,12.785087719298247
alien,2.0,worldview_alignment,35.46052631578947,20.04385964912281,15.416666666666664
alien,2.5,emotional_register,51.35964912280702,6.798245614035087,44.56140350877193
alien,2.5,vocab_choice,52.89473684210526,10.219298245614034,42.675438596491226
alien,2.5,social_dynamic,52.76315789473684,11.732456140350877,41.030701754385966
alien,2.5,motivation,61.60087719298246,24.42982456140351,37.171052631578945
alien,2.5,worldview_alignment,52.675438596491226,11.776315789473685,40.89912280701754
altruist,1.0,emotional_register,48.97379912663755,41.11353711790393,7.860262008733621
altruist,1.0,vocab_choice,62.81659388646288,54.56331877729258,8.253275109170303
altruist,1.0,social_dynamic,54.366812227074234,45.698689956331876,8.668122270742359
altruist,1.0,motivation,50.87336244541485,47.48908296943232,3.384279475982531
altruist,1.0,worldview_alignment,49.03930131004367,45.72052401746725,3.3187772925764207
altruist,1.5,emotional_register,53.47161572052402,49.366812227074234,4.104803493449786
altruist,1.5,vocab_choice,62.66375545851528,65.3056768558952,-2.6419213973799174
altruist,1.5,social_dynamic,56.943231441048034,57.096069868995635,-0.15283842794760005
altruist,1.5,motivation,54.51091703056768,55.87336244541485,-1.3624454148471656
altruist,1.5,worldview_alignment,52.685589519650655,54.06113537117904,-1.3755458515283863
altruist,2.0,emotional_register,58.34061135371179,40.93886462882096,17.401746724890835
altruist,2.0,vocab_choice,61.24454148471616,49.97816593886463,11.266375545851531
altruist,2.0,social_dynamic,58.07860262008734,46.375545851528386,11.703056768558952
altruist,2.0,motivation,59.23580786026201,52.35807860262009,6.877729257641917
altruist,2.0,worldview_alignment,56.353711790393014,49.366812227074234,6.986899563318779
altruist,2.5,emotional_register,62.478070175438596,19.56140350877193,42.916666666666664
altruist,2.5,vocab_choice,59.078947368421055,22.56578947368421,36.51315789473685
altruist,2.5,social_dynamic,59.3421052631579,21.00877192982456,38.333333333333336
altruist,2.5,motivation,63.55263157894737,32.171052631578945,31.381578947368425
altruist,2.5,worldview_alignment,60.30701754385965,28.04824561403509,32.25877192982456
amateur,1.0,emotional_register,42.80701754385965,40.175438596491226,2.631578947368425
amateur,1.0,vocab_choice,41.16228070175438,38.70614035087719,2.4561403508771917
amateur,1.0,social_dynamic,40.921052631578945,38.07017543859649,2.850877192982452
amateur,1.0,motivation,47.12719298245614,44.45175438596491,2.675438596491226
amateur,1.0,worldview_alignment,44.3640350877193,42.36842105263158,1.9956140350877192
amateur,1.5,emotional_register,50.74561403508772,44.671052631578945,6.074561403508774
amateur,1.5,vocab_choice,49.01315789473684,45.78947368421053,3.223684210526315
amateur,1.5,social_dynamic,48.421052631578945,43.50877192982456,4.9122807017543835
amateur,1.5,motivation,55.94298245614035,50.81140350877193,5.131578947368418
amateur,1.5,worldview_alignment,52.30263157894737,48.771929824561404,3.530701754385966
amateur,2.0,emotional_register,59.91228070175438,35.81140350877193,24.100877192982452
amateur,2.0,vocab_choice,56.82017543859649,37.80701754385965,19.013157894736842
amateur,2.0,social_dynamic,57.56578947368421,35.85526315789474,21.710526315789473
amateur,2.0,motivation,65.41666666666667,48.37719298245614,17.039473684210535
amateur,2.0,worldview_alignment,61.8859649122807,45.219298245614034,16.666666666666664
amateur,2.5,emotional_register,66.40350877192982,21.99561403508772,44.4078947368421
amateur,2.5,vocab_choice,62.675438596491226,19.86842105263158,42.807017543859644
amateur,2.5,social_dynamic,64.71491228070175,22.894736842105264,41.82017543859649
amateur,2.5,motivation,72.34649122807018,35.833333333333336,36.51315789473684
amateur,2.5,worldview_alignment,67.97368421052632,31.228070175438596,36.74561403508772
ambassador,1.0,emotional_register,60.94298245614035,62.01754385964912,-1.074561403508774
ambassador,1.0,vocab_choice,62.76315789473684,66.9298245614035,-4.166666666666664
ambassador,1.0,social_dynamic,56.89912280701754,59.3421052631579,-2.4429824561403564
ambassador,1.0,motivation,64.56140350877193,65.89912280701755,-1.3377192982456165
ambassador,1.0,worldview_alignment,60.16228070175438,62.19298245614035,-2.030701754385966
ambassador,1.5,emotional_register,61.25,63.90350877192982,-2.653508771929822
ambassador,1.5,vocab_choice,59.95614035087719,65.04385964912281,-5.0877192982456165
ambassador,1.5,social_dynamic,56.973684210526315,61.35964912280702,-4.385964912280706
ambassador,1.5,motivation,65.30701754385964,69.3859649122807,-4.078947368421055
ambassador,1.5,worldview_alignment,60.78947368421053,65.3157894736842,-4.526315789473678
ambassador,2.0,emotional_register,56.9078947368421,44.75877192982456,12.149122807017541
ambassador,2.0,vocab_choice,53.1578947368421,44.21052631578947,8.94736842105263
ambassador,2.0,social_dynamic,52.280701754385966,42.521929824561404,9.758771929824562
ambassador,2.0,motivation,61.82017543859649,58.28947368421053,3.530701754385966
ambassador,2.0,worldview_alignment,57.19298245614035,51.8421052631579,5.350877192982452
ambassador,2.5,emotional_register,50.6359649122807,14.320175438596491,36.315789473684205
ambassador,2.5,vocab_choice,43.1578947368421,11.62280701754386,31.535087719298243
ambassador,2.5,social_dynamic,44.45175438596491,12.719298245614034,31.732456140350877
ambassador,2.5,motivation,56.776315789473685,21.513157894736842,35.26315789473684
ambassador,2.5,worldview_alignment,51.228070175438596,17.32456140350877,33.90350877192982
amnesiac,1.0,emotional_register,31.535087719298247,28.355263157894736,3.1798245614035103
amnesiac,1.0,vocab_choice,41.62280701754386,41.11842105263158,0.5043859649122808
amnesiac,1.0,social_dynamic,35.94298245614035,34.824561403508774,1.1184210526315752
amnesiac,1.0,motivation,33.04824561403509,31.11842105263158,1.9298245614035103
amnesiac,1.0,worldview_alignment,29.49561403508772,28.026315789473685,1.4692982456140342
amnesiac,1.5,emotional_register,37.06140350877193,32.96052631578947,4.100877192982459
amnesiac,1.5,vocab_choice,45.526315789473685,43.35526315789474,2.171052631578945
amnesiac,1.5,social_dynamic,40.85526315789474,37.12719298245614,3.728070175438603
amnesiac,1.5,motivation,40.526315789473685,36.14035087719298,4.385964912280706
amnesiac,1.5,worldview_alignment,36.030701754385966,32.41228070175438,3.6184210526315823
amnesiac,2.0,emotional_register,48.46491228070175,27.346491228070175,21.11842105263158
amnesiac,2.0,vocab_choice,54.4078947368421,35.5921052631579,18.815789473684205
amnesiac,2.0,social_dynamic,51.64473684210526,32.06140350877193,19.58333333333333
amnesiac,2.0,motivation,53.44298245614035,36.49122807017544,16.95175438596491
amnesiac,2.0,worldview_alignment,48.99122807017544,31.359649122807017,17.63157894736842
amnesiac,2.5,emotional_register,59.078947368421055,15.767543859649123,43.31140350877193
amnesiac,2.5,vocab_choice,61.18421052631579,16.68859649122807,44.49561403508772
amnesiac,2.5,social_dynamic,61.79824561403509,17.54385964912281,44.25438596491228
amnesiac,2.5,motivation,64.58333333333333,25.109649122807017,39.473684210526315
amnesiac,2.5,worldview_alignment,59.99122807017544,19.605263157894736,40.3859649122807
analyst,1.0,emotional_register,67.78508771929825,68.31140350877193,-0.526315789473685
analyst,1.0,vocab_choice,71.53508771929825,72.87280701754386,-1.3377192982456165
analyst,1.0,social_dynamic,67.23684210526316,67.69736842105263,-0.46052631578946546
analyst,1.0,motivation,75.0219298245614,73.87280701754386,1.1491228070175339
analyst,1.0,worldview_alignment,72.76315789473684,70.95614035087719,1.8070175438596436
analyst,1.5,emotional_register,67.36842105263158,66.60087719298245,0.7675438596491233
analyst,1.5,vocab_choice,69.23245614035088,70.04385964912281,-0.8114035087719316
analyst,1.5,social_dynamic,65.9780701754386,66.2719298245614,-0.29385964912279405
analyst,1.5,motivation,75.91228070175438,73.48684210526316,2.425438596491219
analyst,1.5,worldview_alignment,72.70614035087719,70.32456140350877,2.381578947368425
analyst,2.0,emotional_register,64.03508771929825,43.48684210526316,20.54824561403509
analyst,2.0,vocab_choice,64.33333333333333,44.32017543859649,20.013157894736835
analyst,2.0,social_dynamic,63.333333333333336,44.18859649122807,19.144736842105267
analyst,2.0,motivation,74.95614035087719,58.17982456140351,16.776315789473685
analyst,2.0,worldview_alignment,70.44298245614036,53.969298245614034,16.473684210526322
analyst,2.5,emotional_register,59.078947368421055,16.44736842105263,42.631578947368425
analyst,2.5,vocab_choice,56.53508771929825,15.43859649122807,41.09649122807018
analyst,2.5,social_dynamic,56.60087719298246,17.19298245614035,39.40789473684211
analyst,2.5,motivation,71.29385964912281,25.263157894736842,46.030701754385966
analyst,2.5,worldview_alignment,66.2719298245614,20.350877192982455,45.921052631578945
anarchist,1.0,emotional_register,18.88157894736842,13.662280701754385,5.219298245614036
anarchist,1.0,vocab_choice,30.92105263157895,27.74122807017544,3.1798245614035103
anarchist,1.0,social_dynamic,23.31140350877193,19.232456140350877,4.078947368421055
anarchist,1.0,motivation,18.903508771929825,14.868421052631579,4.035087719298247
anarchist,1.0,worldview_alignment,13.640350877192983,10.548245614035087,3.0921052631578956
anarchist,1.5,emotional_register,26.403508771929825,15.043859649122806,11.359649122807019
anarchist,1.5,vocab_choice,36.074561403508774,30.24122807017544,5.833333333333336
anarchist,1.5,social_dynamic,30.021929824561404,22.54385964912281,7.478070175438596
anarchist,1.5,motivation,26.359649122807017,17.653508771929825,8.706140350877192
anarchist,1.5,worldview_alignment,20.43859649122807,12.697368421052632,7.741228070175437
anarchist,2.0,emotional_register,37.12719298245614,12.083333333333334,25.0438596491228
anarchist,2.0,vocab_choice,44.71491228070175,26.95175438596491,17.763157894736842
anarchist,2.0,social_dynamic,38.85964912280702,18.903508771929825,19.956140350877195
anarchist,2.0,motivation,37.19298245614035,17.894736842105264,19.298245614035086
anarchist,2.0,worldview_alignment,30.210526315789473,12.368421052631579,17.842105263157894
anarchist,2.5,emotional_register,48.79385964912281,7.565789473684211,41.228070175438596
anarchist,2.5,vocab_choice,51.271929824561404,16.776315789473685,34.49561403508772
anarchist,2.5,social_dynamic,47.10526315789474,11.25,35.85526315789474
anarchist,2.5,motivation,49.29824561403509,15.701754385964913,33.59649122807018
anarchist,2.5,worldview_alignment,43.43421052631579,11.469298245614034,31.964912280701753
ancient,1.0,emotional_register,23.640350877192983,21.885964912280702,1.7543859649122808
ancient,1.0,vocab_choice,30.87719298245614,31.00877192982456,-0.13157894736842124
ancient,1.0,social_dynamic,27.609649122807017,27.982456140350877,-0.3728070175438596
ancient,1.0,motivation,38.421052631578945,37.10526315789474,1.3157894736842053
ancient,1.0,worldview_alignment,26.535087719298247,26.20614035087719,0.3289473684210549
ancient,1.5,emotional_register,24.62719298245614,26.271929824561404,-1.6447368421052637
ancient,1.5,vocab_choice,30.19736842105263,34.780701754385966,-4.583333333333336
ancient,1.5,social_dynamic,28.837719298245613,31.62280701754386,-2.7850877192982466
ancient,1.5,motivation,39.23245614035088,43.75,-4.517543859649123
ancient,1.5,worldview_alignment,27.80701754385965,32.10526315789474,-4.298245614035089
ancient,2.0,emotional_register,28.92543859649123,19.780701754385966,9.144736842105264
ancient,2.0,vocab_choice,30.94298245614035,25.635964912280702,5.307017543859647
ancient,2.0,social_dynamic,32.280701754385966,25.94298245614035,6.3377192982456165
ancient,2.0,motivation,43.0921052631579,40.5921052631579,2.5
ancient,2.0,worldview_alignment,32.18421052631579,28.44298245614035,3.7412280701754383
ancient,2.5,emotional_register,33.37719298245614,6.535087719298246,26.84210526315789
ancient,2.5,vocab_choice,32.828947368421055,7.754385964912281,25.074561403508774
ancient,2.5,social_dynamic,35.35087719298246,8.026315789473685,27.324561403508774
ancient,2.5,motivation,49.69298245614035,17.36842105263158,32.32456140350877
ancient,2.5,worldview_alignment,37.89473684210526,9.605263157894736,28.289473684210524
angel,1.0,emotional_register,34.21052631578947,30.394736842105264,3.815789473684209
angel,1.0,vocab_choice,43.75,42.916666666666664,0.8333333333333357
angel,1.0,social_dynamic,37.78508771929825,35.35087719298246,2.4342105263157876
angel,1.0,motivation,46.73245614035088,42.78508771929825,3.94736842105263
angel,1.0,worldview_alignment,35.54824561403509,31.842105263157894,3.7061403508771953
angel,1.5,emotional_register,45.08771929824562,34.95614035087719,10.131578947368425
angel,1.5,vocab_choice,49.671052631578945,45.08771929824562,4.583333333333329
angel,1.5,social_dynamic,46.99561403508772,40.94298245614035,6.05263157894737
angel,1.5,motivation,54.89035087719298,50.328947368421055,4.5614035087719245
angel,1.5,worldview_alignment,45.62280701754386,39.49561403508772,6.127192982456144
angel,2.0,emotional_register,58.728070175438596,30.50438596491228,28.223684210526315
angel,2.0,vocab_choice,58.1140350877193,35.723684210526315,22.390350877192986
angel,2.0,social_dynamic,58.07017543859649,35.28508771929825,22.785087719298247
angel,2.0,motivation,64.84649122807018,48.79385964912281,16.05263157894737
angel,2.0,worldview_alignment,57.35087719298246,37.43421052631579,19.91666666666667
angel,2.5,emotional_register,71.68859649122807,12.324561403508772,59.364035087719294
angel,2.5,vocab_choice,66.2719298245614,12.324561403508772,53.94736842105262
angel,2.5,social_dynamic,68.42105263157895,13.00438596491228,55.416666666666664
angel,2.5,motivation,71.8859649122807,23.969298245614034,47.916666666666664
angel,2.5,worldview_alignment,66.8201754385965,15.855263157894736,50.96491228070175
anthropologist,1.0,emotional_register,57.478070175438596,53.59649122807018,3.8815789473684177
anthropologist,1.0,vocab_choice,63.1140350877193,62.78508771929825,0.3289473684210549
anthropologist,1.0,social_dynamic,58.70614035087719,55.96491228070175,2.7412280701754383
anthropologist,1.0,motivation,61.20614035087719,58.771929824561404,2.4342105263157876
anthropologist,1.0,worldview_alignment,56.15350877192982,54.21052631578947,1.9429824561403493
anthropologist,1.5,emotional_register,62.14912280701754,54.14473684210526,8.00438596491228
anthropologist,1.5,vocab_choice,64.3640350877193,61.92982456140351,2.4342105263157947
anthropologist,1.5,social_dynamic,61.44736842105263,57.675438596491226,3.771929824561404
anthropologist,1.5,motivation,66.10964912280701,62.98245614035088,3.127192982456137
anthropologist,1.5,worldview_alignment,61.776315789473685,57.69736842105263,4.078947368421055
anthropologist,2.0,emotional_register,64.69298245614036,35.328947368421055,29.3640350877193
anthropologist,2.0,vocab_choice,62.87280701754386,40.76754385964912,22.10526315789474
anthropologist,2.0,social_dynamic,62.65350877192982,38.99122807017544,23.662280701754383
anthropologist,2.0,motivation,68.1798245614035,52.478070175438596,15.701754385964911
anthropologist,2.0,worldview_alignment,63.12719298245614,46.469298245614034,16.657894736842103
anthropologist,2.5,emotional_register,64.56140350877193,13.508771929824562,51.05263157894737
anthropologist,2.5,vocab_choice,59.276315789473685,16.885964912280702,42.390350877192986
anthropologist,2.5,social_dynamic,60.6140350877193,15.74561403508772,44.86842105263158
anthropologist,2.5,motivation,67.32456140350877,25.899122807017545,41.42543859649122
anthropologist,2.5,worldview_alignment,62.1140350877193,21.535087719298247,40.578947368421055
archaeologist,1.0,emotional_register,31.95175438596491,24.144736842105264,7.807017543859647
archaeologist,1.0,vocab_choice,41.18421052631579,38.83771929824562,2.346491228070171
archaeologist,1.0,social_dynamic,34.53947368421053,30.70175438596491,3.8377192982456165
archaeologist,1.0,motivation,34.583333333333336,28.61842105263158,5.964912280701757
archaeologist,1.0,worldview_alignment,29.42982456140351,24.342105263157894,5.0877192982456165
archaeologist,1.5,emotional_register,38.00438596491228,24.45175438596491,13.55263157894737
archaeologist,1.5,vocab_choice,43.79385964912281,38.88157894736842,4.912280701754391
archaeologist,1.5,social_dynamic,39.75877192982456,30.855263157894736,8.903508771929825
archaeologist,1.5,motivation,40.81140350877193,31.68859649122807,9.122807017543863
archaeologist,1.5,worldview_alignment,35.526315789473685,26.864035087719298,8.662280701754387
archaeologist,2.0,emotional_register,45.78947368421053,12.587719298245615,33.20175438596491
archaeologist,2.0,vocab_choice,47.58771929824562,24.342105263157894,23.245614035087723
archaeologist,2.0,social_dynamic,44.4078947368421,18.68421052631579,25.72368421052631
archaeologist,2.0,motivation,47.89473684210526,22.280701754385966,25.614035087719294
archaeologist,2.0,worldview_alignment,42.36842105263158,17.67543859649123,24.692982456140353
archaeologist,2.5,emotional_register,2.969298245614035,7.675438596491228,-4.706140350877193
archaeologist,2.5,vocab_choice,2.6578947368421053,13.37719298245614,-10.719298245614034
archaeologist,2.5,social_dynamic,2.986842105263158,10.942982456140351,-7.9561403508771935
archaeologist,2.5,motivation,3.2280701754385963,15.37280701754386,-12.144736842105264
archaeologist,2.5,worldview_alignment,3.1447368421052633,11.18421052631579,-8.039473684210526
architect,1.0,emotional_register,55.480349344978166,55.28384279475983,0.19650655021833785
architect,1.0,vocab_choice,59.366812227074234,60.72052401746725,-1.3537117903930138
architect,1.0,social_dynamic,54.082969432314414,54.56331877729258,-0.4803493449781655
architect,1.0,motivation,58.82096069868996,59.41048034934498,-0.5895196506550207
architect,1.0,worldview_alignment,54.148471615720524,54.3231441048035,-0.1746724890829725
architect,1.5,emotional_register,57.96943231441048,56.200873362445414,1.768558951965069
architect,1.5,vocab_choice,60.06550218340611,59.78165938864629,0.28384279475982055
architect,1.5,social_dynamic,55.157205240174676,56.1353711790393,-0.9781659388646275
architect,1.5,motivation,60.698689956331876,62.96943231441048,-2.270742358078607
architect,1.5,worldview_alignment,55.89519650655022,58.34061135371179,-2.4454148471615724
architect,2.0,emotional_register,58.951965065502186,36.81222707423581,22.13973799126638
architect,2.0,vocab_choice,57.81659388646288,39.49781659388646,18.31877729257642
architect,2.0,social_dynamic,55.633187772925766,37.44541484716157,18.187772925764193
architect,2.0,motivation,62.44541484716157,50.74235807860262,11.703056768558952
architect,2.0,worldview_alignment,57.532751091703055,44.49781659388646,13.034934497816593
architect,2.5,emotional_register,57.719298245614034,14.166666666666666,43.55263157894737
architect,2.5,vocab_choice,52.719298245614034,13.662280701754385,39.05701754385965
architect,2.5,social_dynamic,52.21491228070175,14.62719298245614,37.58771929824562
architect,2.5,motivation,62.01754385964912,24.62719298245614,37.390350877192986
architect,2.5,worldview_alignment,56.49122807017544,19.42982456140351,37.06140350877193
archivist,1.0,emotional_register,47.78508771929825,40.81140350877193,6.973684210526315
archivist,1.0,vocab_choice,53.969298245614034,50.85526315789474,3.1140350877192944
archivist,1.0,social_dynamic,48.28947368421053,43.99122807017544,4.298245614035089
archivist,1.0,motivation,49.42982456140351,43.026315789473685,6.403508771929822
archivist,1.0,worldview_alignment,46.35964912280702,39.23245614035088,7.127192982456144
archivist,1.5,emotional_register,53.17982456140351,42.85087719298246,10.328947368421048
archivist,1.5,vocab_choice,57.41228070175438,50.328947368421055,7.083333333333329
archivist,1.5,social_dynamic,53.79385964912281,46.14035087719298,7.653508771929829
archivist,1.5,motivation,55.93421052631579,45.70175438596491,10.232456140350877
archivist,1.5,worldview_alignment,52.17982456140351,41.92982456140351,10.25
archivist,2.0,emotional_register,59.21052631578947,26.600877192982455,32.609649122807014
archivist,2.0,vocab_choice,61.49122807017544,34.276315789473685,27.214912280701753
archivist,2.0,social_dynamic,59.10087719298246,32.45614035087719,26.644736842105267
archivist,2.0,motivation,64.91228070175438,36.578947368421055,28.33333333333333
archivist,2.0,worldview_alignment,60.723684210526315,31.99561403508772,28.728070175438596
archivist,2.5,emotional_register,63.55263157894737,10.723684210526315,52.828947368421055
archivist,2.5,vocab_choice,62.41228070175438,13.442982456140351,48.969298245614034
archivist,2.5,social_dynamic,61.469298245614034,13.596491228070175,47.87280701754386
archivist,2.5,motivation,69.9342105263158,17.17105263157895,52.76315789473685
archivist,2.5,worldview_alignment,65.75877192982456,13.399122807017545,52.359649122807014
artisan,1.0,emotional_register,48.73362445414847,47.11790393013101,1.615720524017462
artisan,1.0,vocab_choice,53.36244541484716,53.842794759825324,-0.4803493449781655
artisan,1.0,social_dynamic,47.96943231441048,47.7292576419214,0.24017467248908275
artisan,1.0,motivation,53.23144104803494,53.275109170305676,-0.0436681222707378
artisan,1.0,worldview_alignment,48.31877729257642,48.73362445414847,-0.41484716157204815
artisan,1.5,emotional_register,56.877729257641924,50.109170305676855,6.768558951965069
artisan,1.5,vocab_choice,57.838427947598255,55.72052401746725,2.117903930131007
artisan,1.5,social_dynamic,55.43668122270742,51.4410480349345,3.995633187772924
artisan,1.5,motivation,61.877729257641924,57.7292576419214,4.148471615720524
artisan,1.5,worldview_alignment,57.685589519650655,52.79475982532751,4.890829694323145
artisan,2.0,emotional_register,62.751091703056765,37.59825327510917,25.152838427947593
artisan,2.0,vocab_choice,61.048034934497814,41.419213973799124,19.62882096069869
artisan,2.0,social_dynamic,59.39737991266376,38.82096069868996,20.5764192139738
artisan,2.0,motivation,67.96943231441048,51.09170305676856,16.877729257641924
artisan,2.0,worldview_alignment,63.48471615720524,45.633187772925766,17.851528384279476
artisan,2.5,emotional_register,68.53070175438596,16.513157894736842,52.017543859649116
artisan,2.5,vocab_choice,64.34210526315789,16.42543859649123,47.91666666666666
artisan,2.5,social_dynamic,65.35087719298245,17.412280701754387,47.93859649122807
artisan,2.5,motivation,73.1140350877193,28.17982456140351,44.934210526315795
artisan,2.5,worldview_alignment,69.33771929824562,22.960526315789473,46.377192982456144
ascetic,1.0,emotional_register,17.5,19.846491228070175,-2.3464912280701746
ascetic,1.0,vocab_choice,27.916666666666668,32.21491228070175,-4.2982456140350855
ascetic,1.0,social_dynamic,23.68421052631579,26.644736842105264,-2.9605263157894726
ascetic,1.0,motivation,19.86842105263158,22.083333333333332,-2.2149122807017534
ascetic,1.0,worldview_alignment,13.530701754385966,15.197368421052632,-1.666666666666666
ascetic,1.5,emotional_register,18.99122807017544,23.114035087719298,-4.12280701754386
ascetic,1.5,vocab_choice,27.609649122807017,35.6578947368421,-8.048245614035086
ascetic,1.5,social_dynamic,24.912280701754387,31.31578947368421,-6.403508771929822
ascetic,1.5,motivation,20.899122807017545,27.74122807017544,-6.842105263157894
ascetic,1.5,worldview_alignment,15.06578947368421,19.714912280701753,-4.649122807017543
ascetic,2.0,emotional_register,23.42105263157895,20.32894736842105,3.0921052631578974
ascetic,2.0,vocab_choice,29.035087719298247,29.780701754385966,-0.7456140350877192
ascetic,2.0,social_dynamic,29.29824561403509,27.653508771929825,1.6447368421052637
ascetic,2.0,motivation,27.280701754385966,30.54824561403509,-3.2675438596491233
ascetic,2.0,worldview_alignment,19.69298245614035,21.11842105263158,-1.4254385964912295
ascetic,2.5,emotional_register,28.57456140350877,12.87280701754386,15.701754385964911
ascetic,2.5,vocab_choice,31.337719298245613,15.50438596491228,15.833333333333332
ascetic,2.5,social_dynamic,32.34649122807018,15.942982456140351,16.40350877192983
ascetic,2.5,motivation,34.01315789473684,22.785087719298247,11.228070175438596
ascetic,2.5,worldview_alignment,26.07456140350877,15.232456140350877,10.842105263157894
assistant,1.0,emotional_register,78.48684210526316,76.14035087719299,2.346491228070178
assistant,1.0,vocab_choice,80.37280701754386,79.07894736842105,1.2938596491228083
assistant,1.0,social_dynamic,78.0701754385965,76.42543859649123,1.6447368421052602
assistant,1.0,motivation,86.28508771929825,85.04385964912281,1.2412280701754383
assistant,1.0,worldview_alignment,84.28947368421052,82.95175438596492,1.3377192982456023
assistant,1.5,emotional_register,80.41666666666667,75.5701754385965,4.846491228070178
assistant,1.5,vocab_choice,79.9780701754386,77.63157894736842,2.346491228070178
assistant,1.5,social_dynamic,80.30701754385964,76.29385964912281,4.013157894736835
assistant,1.5,motivation,86.78070175438596,85.0219298245614,1.7587719298245617
assistant,1.5,worldview_alignment,84.76315789473684,82.66666666666667,2.096491228070164
assistant,2.0,emotional_register,77.30263157894737,51.18421052631579,26.118421052631582
assistant,2.0,vocab_choice,74.49561403508773,51.9078947368421,22.587719298245624
assistant,2.0,social_dynamic,75.32894736842105,52.521929824561404,22.80701754385965
assistant,2.0,motivation,84.34210526315789,68.28947368421052,16.05263157894737
assistant,2.0,worldview_alignment,81.0657894736842,64.47368421052632,16.59210526315789
assistant,2.5,emotional_register,69.75877192982456,19.364035087719298,50.39473684210526
assistant,2.5,vocab_choice,63.530701754385966,18.223684210526315,45.30701754385965
assistant,2.5,social_dynamic,66.46929824561404,19.473684210526315,46.995614035087726
assistant,2.5,motivation,77.45614035087719,31.07456140350877,46.381578947368425
assistant,2.5,worldview_alignment,73.28070175438596,25.789473684210527,47.49122807017543
auctioneer,1.0,emotional_register,30.964912280701753,22.93859649122807,8.026315789473685
auctioneer,1.0,vocab_choice,35.26315789473684,30.986842105263158,4.276315789473685
auctioneer,1.0,social_dynamic,28.223684210526315,22.32456140350877,5.8991228070175445
auctioneer,1.0,motivation,42.76315789473684,38.68421052631579,4.078947368421055
auctioneer,1.0,worldview_alignment,36.95175438596491,31.907894736842106,5.043859649122805
auctioneer,1.5,emotional_register,38.48684210526316,26.513157894736842,11.973684210526315
auctioneer,1.5,vocab_choice,41.62280701754386,33.969298245614034,7.653508771929829
auctioneer,1.5,social_dynamic,35.219298245614034,25.92105263157895,9.298245614035086
auctioneer,1.5,motivation,51.00877192982456,42.89473684210526,8.114035087719301
auctioneer,1.5,worldview_alignment,44.71491228070175,37.083333333333336,7.631578947368418
auctioneer,2.0,emotional_register,49.62719298245614,16.42543859649123,33.201754385964904
auctioneer,2.0,vocab_choice,49.078947368421055,24.714912280701753,24.3640350877193
auctioneer,2.0,social_dynamic,44.80263157894737,18.04824561403509,26.75438596491228
auctioneer,2.0,motivation,60.57017543859649,36.75438596491228,23.815789473684212
auctioneer,2.0,worldview_alignment,53.68421052631579,30.614035087719298,23.07017543859649
auctioneer,2.5,emotional_register,59.18859649122807,7.565789473684211,51.622807017543856
auctioneer,2.5,vocab_choice,55.46052631578947,10.921052631578947,44.53947368421053
auctioneer,2.5,social_dynamic,54.23245614035088,7.6535087719298245,46.578947368421055
auctioneer,2.5,motivation,65.87719298245614,22.916666666666668,42.960526315789465
auctioneer,2.5,worldview_alignment,61.05263157894737,16.79824561403509,44.25438596491228
auditor,1.0,emotional_register,54.05701754385965,56.71052631578947,-2.653508771929822
auditor,1.0,vocab_choice,58.04824561403509,61.75438596491228,-3.7061403508771917
auditor,1.0,social_dynamic,51.18421052631579,55.0,-3.8157894736842124
auditor,1.0,motivation,56.20614035087719,59.62719298245614,-3.421052631578945
auditor,1.0,worldview_alignment,51.94298245614035,55.35087719298246,-3.4078947368421098
auditor,1.5,emotional_register,53.969298245614034,58.64035087719298,-4.671052631578945
auditor,1.5,vocab_choice,56.31578947368421,61.8859649122807,-5.570175438596486
auditor,1.5,social_dynamic,50.833333333333336,57.71052631578947,-6.877192982456137
auditor,1.5,motivation,56.8640350877193,63.276315789473685,-6.4122807017543835
auditor,1.5,worldview_alignment,52.85087719298246,58.90350877192982,-6.052631578947363
auditor,2.0,emotional_register,50.39473684210526,37.76315789473684,12.631578947368418
auditor,2.0,vocab_choice,51.09649122807018,40.175438596491226,10.921052631578952
auditor,2.0,social_dynamic,47.675438596491226,37.828947368421055,9.846491228070171
auditor,2.0,motivation,57.14912280701754,50.526315789473685,6.622807017543856
auditor,2.0,worldview_alignment,52.41228070175438,45.50438596491228,6.907894736842103
auditor,2.5,emotional_register,46.82017543859649,11.469298245614034,35.35087719298246
auditor,2.5,vocab_choice,43.35526315789474,12.149122807017545,31.206140350877195
auditor,2.5,social_dynamic,42.98245614035088,12.149122807017545,30.833333333333332
auditor,2.5,motivation,55.833333333333336,17.87280701754386,37.96052631578948
auditor,2.5,worldview_alignment,50.67982456140351,14.342105263157896,36.33771929824561
avatar,1.0,emotional_register,32.93859649122807,28.903508771929825,4.035087719298243
avatar,1.0,vocab_choice,43.68421052631579,42.03947368421053,1.6447368421052602
avatar,1.0,social_dynamic,38.59649122807018,35.526315789473685,3.0701754385964932
avatar,1.0,motivation,45.89912280701754,43.75,2.149122807017541
avatar,1.0,worldview_alignment,34.780701754385966,32.478070175438596,2.30263157894737
avatar,1.5,emotional_register,42.30263157894737,33.61842105263158,8.684210526315788
avatar,1.5,vocab_choice,48.1359649122807,45.54824561403509,2.5877192982456094
avatar,1.5,social_dynamic,46.44736842105263,41.53508771929825,4.9122807017543835
avatar,1.5,motivation,54.3640350877193,51.11842105263158,3.245614035087719
avatar,1.5,worldview_alignment,44.780701754385966,39.21052631578947,5.570175438596493
avatar,2.0,emotional_register,56.16228070175438,25.0,31.162280701754383
avatar,2.0,vocab_choice,56.469298245614034,34.05701754385965,22.412280701754383
avatar,2.0,social_dynamic,57.65350877192982,32.60964912280702,25.0438596491228
avatar,2.0,motivation,65.28508771929825,44.824561403508774,20.460526315789473
avatar,2.0,worldview_alignment,57.69736842105263,33.85964912280702,23.83771929824561
avatar,2.5,emotional_register,72.87280701754386,8.991228070175438,63.881578947368425
avatar,2.5,vocab_choice,69.15789473684211,11.846491228070175,57.31140350877193
avatar,2.5,social_dynamic,70.5701754385965,11.649122807017545,58.921052631578945
avatar,2.5,motivation,75.83333333333333,21.00877192982456,54.82456140350877
avatar,2.5,worldview_alignment,71.94736842105263,13.75,58.19736842105263
bard,1.0,emotional_register,25.789473684210527,29.18859649122807,-3.399122807017541
bard,1.0,vocab_choice,36.73245614035088,39.69298245614035,-2.9605263157894726
bard,1.0,social_dynamic,34.3859649122807,38.421052631578945,-4.035087719298247
bard,1.0,motivation,46.44736842105263,51.973684210526315,-5.526315789473685
bard,1.0,worldview_alignment,37.12719298245614,42.54385964912281,-5.416666666666671
bard,1.5,emotional_register,30.45175438596491,32.76315789473684,-2.3114035087719316
bard,1.5,vocab_choice,38.23684210526316,41.49122807017544,-3.254385964912281
bard,1.5,social_dynamic,37.35964912280702,41.8859649122807,-4.526315789473678
bard,1.5,motivation,50.32017543859649,57.06140350877193,-6.741228070175438
bard,1.5,worldview_alignment,41.26315789473684,48.1359649122807,-6.872807017543856
bard,2.0,emotional_register,36.35964912280702,35.57017543859649,0.7894736842105274
bard,2.0,vocab_choice,40.96491228070175,39.23245614035088,1.7324561403508767
bard,2.0,social_dynamic,41.8640350877193,42.19298245614035,-0.32894736842104777
bard,2.0,motivation,54.91228070175438,59.978070175438596,-5.065789473684212
bard,2.0,worldview_alignment,45.96491228070175,51.60087719298246,-5.635964912280706
bard,2.5,emotional_register,40.98684210526316,11.271929824561404,29.714912280701753
bard,2.5,vocab_choice,40.78947368421053,10.635964912280702,30.153508771929825
bard,2.5,social_dynamic,44.64912280701754,13.421052631578947,31.228070175438596
bard,2.5,motivation,56.33771929824562,24.95614035087719,31.381578947368425
bard,2.5,worldview_alignment,48.80701754385965,17.982456140350877,30.824561403508774
bartender,1.0,emotional_register,41.29385964912281,33.04824561403509,8.24561403508772
bartender,1.0,vocab_choice,43.17982456140351,36.666666666666664,6.5131578947368425
bartender,1.0,social_dynamic,38.969298245614034,30.17543859649123,8.793859649122805
bartender,1.0,motivation,50.89912280701754,45.04385964912281,5.855263157894733
bartender,1.0,worldview_alignment,45.46052631578947,39.29824561403509,6.1622807017543835
bartender,1.5,emotional_register,51.51315789473684,36.776315789473685,14.736842105263158
bartender,1.5,vocab_choice,50.81140350877193,40.85526315789474,9.956140350877192
bartender,1.5,social_dynamic,49.23245614035088,34.80263157894737,14.429824561403507
bartender,1.5,motivation,61.62280701754386,51.40350877192982,10.219298245614041
bartender,1.5,worldview_alignment,56.578947368421055,45.24122807017544,11.337719298245617
bartender,2.0,emotional_register,63.79385964912281,26.55701754385965,37.23684210526316
bartender,2.0,vocab_choice,61.14035087719298,30.592105263157894,30.548245614035086
bartender,2.0,social_dynamic,61.8640350877193,26.07456140350877,35.789473684210535
bartender,2.0,motivation,70.6798245614035,45.921052631578945,24.75877192982456
bartender,2.0,worldview_alignment,65.59210526315789,39.3859649122807,26.20614035087719
bartender,2.5,emotional_register,67.71929824561404,14.385964912280702,53.33333333333334
bartender,2.5,vocab_choice,63.46491228070175,14.18859649122807,49.276315789473685
bartender,2.5,social_dynamic,64.56140350877193,13.24561403508772,51.31578947368421
bartender,2.5,motivation,70.81140350877193,33.55263157894737,37.25877192982456
bartender,2.5,worldview_alignment,66.87719298245614,26.99561403508772,39.88157894736842
biologist,1.0,emotional_register,59.166666666666664,54.29824561403509,4.868421052631575
biologist,1.0,vocab_choice,62.5,62.41228070175438,0.08771929824561653
biologist,1.0,social_dynamic,58.61842105263158,56.030701754385966,2.5877192982456165
biologist,1.0,motivation,60.57017543859649,57.96052631578947,2.6096491228070207
biologist,1.0,worldview_alignment,56.08771929824562,53.66228070175438,2.425438596491233
biologist,1.5,emotional_register,61.49122807017544,54.75877192982456,6.732456140350877
biologist,1.5,vocab_choice,60.416666666666664,60.6140350877193,-0.1973684210526372
biologist,1.5,social_dynamic,59.05701754385965,56.9078947368421,2.149122807017548
biologist,1.5,motivation,62.09649122807018,59.86842105263158,2.228070175438596
biologist,1.5,worldview_alignment,56.64473684210526,55.4078947368421,1.2368421052631575
biologist,2.0,emotional_register,60.85526315789474,30.74561403508772,30.10964912280702
biologist,2.0,vocab_choice,56.973684210526315,38.17982456140351,18.79385964912281
biologist,2.0,social_dynamic,57.45614035087719,35.28508771929825,22.171052631578945
biologist,2.0,motivation,61.51315789473684,44.18859649122807,17.324561403508774
biologist,2.0,worldview_alignment,56.38157894736842,39.276315789473685,17.105263157894733
biologist,2.5,emotional_register,60.28508771929825,11.074561403508772,49.21052631578947
biologist,2.5,vocab_choice,52.521929824561404,12.828947368421053,39.69298245614035
biologist,2.5,social_dynamic,54.86842105263158,13.333333333333334,41.53508771929825
biologist,2.5,motivation,61.64473684210526,18.31140350877193,43.33333333333333
biologist,2.5,worldview_alignment,55.76754385964912,14.473684210526315,41.29385964912281
blogger,1.0,emotional_register,59.05701754385965,58.0921052631579,0.9649122807017534
blogger,1.0,vocab_choice,67.5657894736842,68.39912280701755,-0.8333333333333428
blogger,1.0,social_dynamic,62.03947368421053,61.09649122807018,0.9429824561403493
blogger,1.0,motivation,69.90350877192982,69.75877192982456,0.14473684210526017
blogger,1.0,worldview_alignment,67.37280701754386,67.98245614035088,-0.6096491228070136
blogger,1.5,emotional_register,65.21929824561404,59.3859649122807,5.833333333333343
blogger,1.5,vocab_choice,70.32894736842105,66.49122807017544,3.8377192982456165
blogger,1.5,social_dynamic,66.8859649122807,61.25,5.6359649122806985
blogger,1.5,motivation,75.37280701754386,71.99561403508773,3.377192982456137
blogger,1.5,worldview_alignment,73.02631578947368,69.53947368421052,3.4868421052631646
blogger,2.0,emotional_register,72.08333333333333,47.828947368421055,24.254385964912274
blogger,2.0,vocab_choice,72.93859649122807,49.29824561403509,23.64035087719298
blogger,2.0,social_dynamic,72.74122807017544,47.78508771929825,24.95614035087719
blogger,2.0,motivation,80.21929824561404,64.91228070175438,15.307017543859658
blogger,2.0,worldview_alignment,77.85087719298245,61.14035087719298,16.710526315789473
blogger,2.5,emotional_register,76.57894736842105,18.44298245614035,58.135964912280706
blogger,2.5,vocab_choice,73.35526315789474,14.758771929824562,58.59649122807018
blogger,2.5,social_dynamic,74.82456140350877,18.903508771929825,55.921052631578945
blogger,2.5,motivation,81.75438596491227,35.10964912280702,46.64473684210525
blogger,2.5,worldview_alignment,78.79385964912281,29.342105263157894,49.45175438596492
bohemian,1.0,emotional_register,29.32017543859649,31.95175438596491,-2.6315789473684212
bohemian,1.0,vocab_choice,37.25877192982456,40.30701754385965,-3.048245614035089
bohemian,1.0,social_dynamic,37.324561403508774,40.37280701754386,-3.048245614035089
bohemian,1.0,motivation,40.6359649122807,44.80263157894737,-4.166666666666671
bohemian,1.0,worldview_alignment,31.710526315789473,35.30701754385965,-3.596491228070178
bohemian,1.5,emotional_register,36.38157894736842,37.80701754385965,-1.425438596491233
bohemian,1.5,vocab_choice,42.76315789473684,44.780701754385966,-2.0175438596491233
bohemian,1.5,social_dynamic,43.44298245614035,45.30701754385965,-1.8640350877193015
bohemian,1.5,motivation,49.21052631578947,52.60964912280702,-3.399122807017548
bohemian,1.5,worldview_alignment,39.99122807017544,42.98245614035088,-2.9912280701754383
bohemian,2.0,emotional_register,45.6140350877193,36.578947368421055,9.035087719298247
bohemian,2.0,vocab_choice,48.48684210526316,39.42982456140351,9.05701754385965
bohemian,2.0,social_dynamic,50.0,42.58771929824562,7.4122807017543835
bohemian,2.0,motivation,55.89912280701754,54.01315789473684,1.8859649122806985
bohemian,2.0,worldview_alignment,47.56578947368421,45.328947368421055,2.2368421052631575
bohemian,2.5,emotional_register,54.89035087719298,18.223684210526315,36.666666666666664
bohemian,2.5,vocab_choice,56.05263157894737,15.68859649122807,40.3640350877193
bohemian,2.5,social_dynamic,57.65350877192982,21.11842105263158,36.53508771929825
bohemian,2.5,motivation,64.23245614035088,33.85964912280702,30.372807017543856
bohemian,2.5,worldview_alignment,57.328947368421055,26.021929824561404,31.30701754385965
builder,1.0,emotional_register,49.12280701754386,41.11842105263158,8.00438596491228
builder,1.0,vocab_choice,56.14035087719298,52.45614035087719,3.6842105263157876
builder,1.0,social_dynamic,49.91228070175438,44.49561403508772,5.416666666666664
builder,1.0,motivation,58.24561403508772,51.8859649122807,6.359649122807021
builder,1.0,worldview_alignment,54.166666666666664,48.55263157894737,5.614035087719294
builder,1.5,emotional_register,55.78947368421053,43.1578947368421,12.631578947368425
builder,1.5,vocab_choice,60.5921052631579,55.74561403508772,4.846491228070178
builder,1.5,social_dynamic,54.91228070175438,46.68859649122807,8.223684210526315
builder,1.5,motivation,63.75,57.69736842105263,6.05263157894737
builder,1.5,worldview_alignment,58.90350877192982,53.24561403508772,5.657894736842103
builder,2.0,emotional_register,60.10964912280702,28.223684210526315,31.885964912280706
builder,2.0,vocab_choice,63.026315789473685,39.45175438596491,23.574561403508774
builder,2.0,social_dynamic,59.276315789473685,34.42982456140351,24.846491228070178
builder,2.0,motivation,69.25438596491227,47.54385964912281,21.710526315789465
builder,2.0,worldview_alignment,65.01315789473684,42.85087719298246,22.162280701754376
builder,2.5,emotional_register,64.29824561403508,11.096491228070175,53.201754385964904
builder,2.5,vocab_choice,63.530701754385966,16.31578947368421,47.21491228070175
builder,2.5,social_dynamic,61.973684210526315,13.903508771929825,48.07017543859649
builder,2.5,motivation,72.25877192982456,22.25877192982456,50.0
builder,2.5,worldview_alignment,67.21929824561404,17.82894736842105,49.390350877192986
caregiver,1.0,emotional_register,58.122270742358076,51.65938864628821,6.462882096069869
caregiver,1.0,vocab_choice,64.89082969432314,63.51528384279476,1.3755458515283863
caregiver,1.0,social_dynamic,58.73362445414847,55.76419213973799,2.9694323144104757
caregiver,1.0,motivation,63.419213973799124,59.519650655021834,3.8995633187772896
caregiver,1.0,worldview_alignment,60.65502183406114,57.66375545851528,2.9912663755458553
caregiver,1.5,emotional_register,63.31877729257642,56.02620087336245,7.292576419213972
caregiver,1.5,vocab_choice,63.122270742358076,65.32751091703057,-2.2052401746724897
caregiver,1.5,social_dynamic,60.96069868995633,59.65065502183406,1.310043668122269
caregiver,1.5,motivation,67.89519650655022,66.02620087336244,1.8689956331877795
caregiver,1.5,worldview_alignment,64.49781659388647,62.96943231441048,1.5283842794759863
caregiver,2.0,emotional_register,65.26200873362446,46.52838427947598,18.733624454148476
caregiver,2.0,vocab_choice,60.30567685589519,48.97379912663755,11.331877729257641
caregiver,2.0,social_dynamic,61.419213973799124,47.18340611353712,14.235807860262007
caregiver,2.0,motivation,68.38427947598254,58.799126637554586,9.585152838427952
caregiver,2.0,worldview_alignment,64.19213973799127,55.698689956331876,8.493449781659393
caregiver,2.5,emotional_register,58.1578947368421,20.19736842105263,37.96052631578947
caregiver,2.5,vocab_choice,49.95614035087719,18.092105263157894,31.864035087719298
caregiver,2.5,social_dynamic,51.99561403508772,19.45175438596491,32.54385964912281
caregiver,2.5,motivation,59.23245614035088,30.74561403508772,28.486842105263158
caregiver,2.5,worldview_alignment,53.66228070175438,25.789473684210527,27.872807017543856
cartographer,1.0,emotional_register,49.73684210526316,45.15350877192982,4.583333333333336
cartographer,1.0,vocab_choice,55.19736842105263,53.64035087719298,1.5570175438596507
cartographer,1.0,social_dynamic,49.166666666666664,45.78947368421053,3.377192982456137
cartographer,1.0,motivation,51.030701754385966,45.416666666666664,5.6140350877193015
cartographer,1.0,worldview_alignment,46.578947368421055,41.49122807017544,5.0877192982456165
cartographer,1.5,emotional_register,53.94736842105263,44.671052631578945,9.276315789473685
cartographer,1.5,vocab_choice,56.92982456140351,52.34649122807018,4.583333333333329
cartographer,1.5,social_dynamic,52.916666666666664,46.51315789473684,6.403508771929822
cartographer,1.5,motivation,56.16228070175438,48.79385964912281,7.368421052631575
cartographer,1.5,worldview_alignment,51.92982456140351,44.32017543859649,7.6096491228070136
cartographer,2.0,emotional_register,58.04824561403509,27.390350877192983,30.657894736842106
cartographer,2.0,vocab_choice,58.1140350877193,35.81140350877193,22.30263157894737
cartographer,2.0,social_dynamic,56.82017543859649,31.44736842105263,25.372807017543863
cartographer,2.0,motivation,63.333333333333336,38.70614035087719,24.627192982456144
cartographer,2.0,worldview_alignment,57.93859649122807,34.3421052631579,23.59649122807017
cartographer,2.5,emotional_register,57.54385964912281,10.109649122807017,47.434210526315795
cartographer,2.5,vocab_choice,56.074561403508774,11.732456140350877,44.3421052631579
cartographer,2.5,social_dynamic,54.473684210526315,12.083333333333334,42.39035087719298
cartographer,2.5,motivation,62.36842105263158,16.337719298245613,46.03070175438597
cartographer,2.5,worldview_alignment,56.70175438596491,12.56578947368421,44.1359649122807
caveman,1.0,emotional_register,1.9517543859649122,1.9517543859649122,0.0
caveman,1.0,vocab_choice,1.162280701754386,1.162280701754386,0.0
caveman,1.0,social_dynamic,2.5,3.0921052631578947,-0.5921052631578947
caveman,1.0,motivation,8.793859649122806,11.513157894736842,-2.719298245614036
caveman,1.0,worldview_alignment,2.192982456140351,2.8508771929824563,-0.6578947368421053
caveman,1.5,emotional_register,3.6403508771929824,3.991228070175439,-0.35087719298245634
caveman,1.5,vocab_choice,2.1710526315789473,2.2982456140350878,-0.1271929824561404
caveman,1.5,social_dynamic,4.771929824561403,5.37280701754386,-0.6008771929824563
caveman,1.5,motivation,12.412280701754385,15.986842105263158,-3.5745614035087723
caveman,1.5,worldview_alignment,3.969298245614035,5.9868421052631575,-2.0175438596491224
caveman,2.0,emotional_register,8.157894736842104,5.109649122807017,3.0482456140350873
caveman,2.0,vocab_choice,4.149122807017544,3.026315789473684,1.1228070175438596
caveman,2.0,social_dynamic,8.75,6.557017543859649,2.192982456140351
caveman,2.0,motivation,17.521929824561404,20.482456140350877,-2.9605263157894726
caveman,2.0,worldview_alignment,7.543859649122807,8.530701754385966,-0.9868421052631584
caveman,2.5,emotional_register,16.29385964912281,4.890350877192983,11.403508771929825
caveman,2.5,vocab_choice,9.25438596491228,2.4035087719298245,6.850877192982456
caveman,2.5,social_dynamic,15.526315789473685,5.1535087719298245,10.37280701754386
caveman,2.5,motivation,26.00877192982456,17.236842105263158,8.771929824561404
caveman,2.5,worldview_alignment,15.723684210526315,6.8201754385964914,8.903508771929824
celebrity,1.0,emotional_register,44.53947368421053,39.95614035087719,4.583333333333336
celebrity,1.0,vocab_choice,50.021929824561404,48.421052631578945,1.600877192982459
celebrity,1.0,social_dynamic,44.31140350877193,39.89035087719298,4.421052631578952
celebrity,1.0,motivation,53.56140350877193,49.824561403508774,3.7368421052631575
celebrity,1.0,worldview_alignment,48.85964912280702,45.39473684210526,3.4649122807017605
celebrity,1.5,emotional_register,52.916666666666664,42.03947368421053,10.877192982456137
celebrity,1.5,vocab_choice,56.49122807017544,50.96491228070175,5.526315789473685
celebrity,1.5,social_dynamic,51.31578947368421,41.95175438596491,9.364035087719301
celebrity,1.5,motivation,61.68859649122807,55.723684210526315,5.964912280701753
celebrity,1.5,worldview_alignment,56.776315789473685,50.416666666666664,6.359649122807021
celebrity,2.0,emotional_register,61.11842105263158,29.846491228070175,31.271929824561408
celebrity,2.0,vocab_choice,59.53947368421053,37.89473684210526,21.644736842105267
celebrity,2.0,social_dynamic,58.79385964912281,31.776315789473685,27.017543859649123
celebrity,2.0,motivation,69.10087719298245,48.46491228070175,20.6359649122807
celebrity,2.0,worldview_alignment,64.56140350877193,43.026315789473685,21.535087719298247
celebrity,2.5,emotional_register,60.87336244541485,18.14410480349345,42.7292576419214
celebrity,2.5,vocab_choice,57.22707423580786,20.131004366812228,37.096069868995635
celebrity,2.5,social_dynamic,58.4061135371179,18.624454148471617,39.78165938864629
celebrity,2.5,motivation,67.29257641921397,36.790393013100434,30.502183406113538
celebrity,2.5,worldview_alignment,63.01310043668122,30.676855895196507,32.33624454148472
chameleon,1.0,emotional_register,40.13157894736842,34.3421052631579,5.78947368421052
chameleon,1.0,vocab_choice,48.07017543859649,44.71491228070175,3.35526315789474
chameleon,1.0,social_dynamic,41.49122807017544,36.776315789473685,4.714912280701753
chameleon,1.0,motivation,45.5921052631579,41.68859649122807,3.903508771929829
chameleon,1.0,worldview_alignment,39.671052631578945,35.0,4.671052631578945
chameleon,1.5,emotional_register,47.30263157894737,35.06578947368421,12.236842105263158
chameleon,1.5,vocab_choice,53.75,45.78947368421053,7.960526315789473
chameleon,1.5,social_dynamic,48.1140350877193,39.12280701754386,8.991228070175438
chameleon,1.5,motivation,54.3640350877193,44.12280701754386,10.241228070175438
chameleon,1.5,worldview_alignment,47.85087719298246,37.25877192982456,10.592105263157897
chameleon,2.0,emotional_register,55.30701754385965,26.228070175438596,29.078947368421055
chameleon,2.0,vocab_choice,56.973684210526315,33.66228070175438,23.31140350877193
chameleon,2.0,social_dynamic,54.23245614035088,30.350877192982455,23.88157894736842
chameleon,2.0,motivation,61.228070175438596,38.969298245614034,22.25877192982456
chameleon,2.0,worldview_alignment,55.328947368421055,32.23684210526316,23.092105263157897
chameleon,2.5,emotional_register,63.04824561403509,13.706140350877194,49.3421052631579
chameleon,2.5,vocab_choice,61.62280701754386,16.42543859649123,45.19736842105263
chameleon,2.5,social_dynamic,62.30263157894737,16.469298245614034,45.833333333333336
chameleon,2.5,motivation,69.51754385964912,26.271929824561404,43.24561403508772
chameleon,2.5,worldview_alignment,64.33333333333333,18.92543859649123,45.407894736842096
chef,1.0,emotional_register,43.34061135371179,39.25764192139738,4.082969432314414
chef,1.0,vocab_choice,45.480349344978166,45.9825327510917,-0.502183406113538
chef,1.0,social_dynamic,41.069868995633186,39.148471615720524,1.921397379912662
chef,1.0,motivation,45.08733624454148,43.88646288209607,1.2008733624454138
chef,1.0,worldview_alignment,40.56768558951965,39.82532751091703,0.7423580786026207
chef,1.5,emotional_register,48.646288209606986,42.05240174672489,6.593886462882097
chef,1.5,vocab_choice,47.161572052401745,47.88209606986899,-0.7205240174672483
chef,1.5,social_dynamic,43.75545851528384,41.81222707423581,1.9432314410480345
chef,1.5,motivation,48.8646288209607,49.19213973799127,-0.32751091703057256
chef,1.5,worldview_alignment,43.82096069868996,44.38864628820961,-0.5676855895196482
chef,2.0,emotional_register,52.05240174672489,28.231441048034934,23.820960698689955
chef,2.0,vocab_choice,47.48908296943232,34.41048034934498,13.078602620087338
chef,2.0,social_dynamic,46.02620087336245,29.78165938864629,16.24454148471616
chef,2.0,motivation,52.05240174672489,39.93449781659389,12.117903930131
chef,2.0,worldview_alignment,46.34497816593886,35.50218340611354,10.842794759825324
chef,2.5,emotional_register,50.93886462882096,14.126637554585153,36.81222707423581
chef,2.5,vocab_choice,43.75545851528384,16.419213973799128,27.336244541484714
chef,2.5,social_dynamic,44.23580786026201,15.283842794759826,28.95196506550218
chef,2.5,motivation,50.698689956331876,25.633187772925766,25.06550218340611
chef,2.5,worldview_alignment,44.366812227074234,20.786026200873362,23.580786026200872
chemist,1.0,emotional_register,56.38157894736842,53.81578947368421,2.5657894736842053
chemist,1.0,vocab_choice,60.24122807017544,60.08771929824562,0.15350877192982182
chemist,1.0,social_dynamic,54.49561403508772,53.99122807017544,0.5043859649122808
chemist,1.0,motivation,56.6140350877193,55.24122807017544,1.3728070175438631
chemist,1.0,worldview_alignment,52.82017543859649,51.87719298245614,0.9429824561403564
chemist,1.5,emotional_register,58.333333333333336,54.95614035087719,3.377192982456144
chemist,1.5,vocab_choice,58.61842105263158,60.6140350877193,-1.9956140350877192
chemist,1.5,social_dynamic,54.473684210526315,55.28508771929825,-0.8114035087719316
chemist,1.5,motivation,58.85964912280702,57.98245614035088,0.877192982456144
chemist,1.5,worldview_alignment,54.521929824561404,54.53947368421053,-0.017543859649123306
chemist,2.0,emotional_register,57.85087719298246,33.88157894736842,23.96929824561404
chemist,2.0,vocab_choice,55.219298245614034,37.45614035087719,17.763157894736842
chemist,2.0,social_dynamic,53.04824561403509,35.78947368421053,17.25877192982456
chemist,2.0,motivation,60.30701754385965,44.80263157894737,15.50438596491228
chemist,2.0,worldview_alignment,55.37280701754386,40.921052631578945,14.451754385964918
chemist,2.5,emotional_register,56.26637554585153,14.43231441048035,41.83406113537118
chemist,2.5,vocab_choice,49.75982532751092,15.043668122270743,34.71615720524017
chemist,2.5,social_dynamic,50.786026200873366,15.960698689956331,34.825327510917035
chemist,2.5,motivation,59.49781659388646,23.187772925764193,36.31004366812227
chemist,2.5,worldview_alignment,54.585152838427945,18.995633187772924,35.58951965065502
chimera,1.0,emotional_register,23.57456140350877,20.635964912280702,2.9385964912280684
chimera,1.0,vocab_choice,37.34649122807018,36.14035087719298,1.2061403508771988
chimera,1.0,social_dynamic,31.82017543859649,32.03947368421053,-0.21929824561403777
chimera,1.0,motivation,30.986842105263158,28.969298245614034,2.0175438596491233
chimera,1.0,worldview_alignment,23.00438596491228,21.359649122807017,1.6447368421052637
chimera,1.5,emotional_register,29.49561403508772,22.214912280701753,7.280701754385966
chimera,1.5,vocab_choice,41.776315789473685,37.06140350877193,4.714912280701753
chimera,1.5,social_dynamic,37.65350877192982,33.90350877192982,3.75
chimera,1.5,motivation,38.421052631578945,33.728070175438596,4.692982456140349
chimera,1.5,worldview_alignment,30.04385964912281,24.86842105263158,5.1754385964912295
chimera,2.0,emotional_register,42.45614035087719,15.285087719298245,27.171052631578945
chimera,2.0,vocab_choice,47.80701754385965,27.083333333333332,20.72368421052632
chimera,2.0,social_dynamic,46.29385964912281,26.600877192982455,19.692982456140353
chimera,2.0,motivation,50.10964912280702,31.49122807017544,18.618421052631582
chimera,2.0,worldview_alignment,42.60964912280702,21.964912280701753,20.644736842105267
chimera,2.5,emotional_register,63.026315789473685,9.013157894736842,54.01315789473684
chimera,2.5,vocab_choice,64.03508771929825,13.486842105263158,50.54824561403509
chimera,2.5,social_dynamic,62.89473684210526,15.06578947368421,47.82894736842105
chimera,2.5,motivation,66.79824561403508,20.526315789473685,46.2719298245614
chimera,2.5,worldview_alignment,61.60087719298246,13.302631578947368,48.29824561403509
coach,1.0,emotional_register,60.24122807017544,56.20614035087719,4.035087719298247
coach,1.0,vocab_choice,66.8640350877193,65.32894736842105,1.5350877192982466
coach,1.0,social_dynamic,60.526315789473685,57.56578947368421,2.9605263157894726
coach,1.0,motivation,70.10964912280701,66.9298245614035,3.1798245614035068
coach,1.0,worldview_alignment,66.40350877192982,64.62719298245614,1.776315789473685
coach,1.5,emotional_register,64.4298245614035,58.20175438596491,6.228070175438596
coach,1.5,vocab_choice,68.22368421052632,65.26315789473684,2.9605263157894797
coach,1.5,social_dynamic,63.36842105263158,59.03508771929825,4.333333333333336
coach,1.5,motivation,74.9780701754386,69.3201754385965,5.65789473684211
coach,1.5,worldview_alignment,70.77631578947368,65.43859649122807,5.3377192982456165
coach,2.0,emotional_register,66.46929824561404,37.98245614035088,28.486842105263165
coach,2.0,vocab_choice,65.54824561403508,43.26754385964912,22.28070175438596
coach,2.0,social_dynamic,64.23245614035088,39.60526315789474,24.627192982456137
coach,2.0,motivation,74.82456140350877,54.18859649122807,20.6359649122807
coach,2.0,worldview_alignment,70.72368421052632,49.03508771929825,21.68859649122807
coach,2.5,emotional_register,58.925438596491226,23.464912280701753,35.46052631578947
coach,2.5,vocab_choice,55.5921052631579,26.842105263157894,28.750000000000004
coach,2.5,social_dynamic,54.42982456140351,24.364035087719298,30.06578947368421
coach,2.5,motivation,65.32894736842105,36.51315789473684,28.815789473684212
coach,2.5,worldview_alignment,60.3859649122807,30.899122807017545,29.486842105263154
collaborator,1.0,emotional_register,69.40789473684211,69.86842105263158,-0.46052631578946546
collaborator,1.0,vocab_choice,74.58333333333333,75.6798245614035,-1.0964912280701782
collaborator,1.0,social_dynamic,68.8157894736842,69.67105263157895,-0.8552631578947398
collaborator,1.0,motivation,76.43859649122807,77.67543859649123,-1.2368421052631646
collaborator,1.0,worldview_alignment,74.01315789473684,75.07894736842105,-1.0657894736842195
collaborator,1.5,emotional_register,74.49561403508773,70.17543859649123,4.320175438596493
collaborator,1.5,vocab_choice,75.74561403508773,72.93859649122807,2.807017543859658
collaborator,1.5,social_dynamic,72.58771929824562,70.10964912280701,2.478070175438603
collaborator,1.5,motivation,80.3640350877193,78.31140350877193,2.05263157894737
collaborator,1.5,worldview_alignment,77.75,76.00877192982456,1.7412280701754383
collaborator,2.0,emotional_register,74.73684210526316,55.19736842105263,19.539473684210535
collaborator,2.0,vocab_choice,72.93859649122807,56.030701754385966,16.907894736842103
collaborator,2.0,social_dynamic,73.1140350877193,55.37280701754386,17.74122807017544
collaborator,2.0,motivation,78.99122807017544,67.96052631578948,11.030701754385959
collaborator,2.0,worldview_alignment,76.1842105263158,64.33333333333333,11.850877192982466
collaborator,2.5,emotional_register,69.73684210526316,25.06578947368421,44.67105263157896
collaborator,2.5,vocab_choice,65.39473684210526,23.486842105263158,41.9078947368421
collaborator,2.5,social_dynamic,66.8859649122807,25.263157894736842,41.622807017543856
collaborator,2.5,motivation,74.95614035087719,36.29385964912281,38.66228070175438
collaborator,2.5,worldview_alignment,70.9780701754386,31.469298245614034,39.50877192982457
collector,1.0,emotional_register,35.08771929824562,28.135964912280702,6.9517543859649145
collector,1.0,vocab_choice,44.91228070175438,40.15350877192982,4.758771929824562
collector,1.0,social_dynamic,38.00438596491228,33.20175438596491,4.80263157894737
collector,1.0,motivation,36.92982456140351,31.49122807017544,5.438596491228068
collector,1.0,worldview_alignment,32.521929824561404,27.521929824561404,5.0
collector,1.5,emotional_register,39.56140350877193,29.232456140350877,10.328947368421055
collector,1.5,vocab_choice,46.68859649122807,41.05263157894737,5.6359649122806985
collector,1.5,social_dynamic,40.74561403508772,34.978070175438596,5.767543859649123
collector,1.5,motivation,42.41228070175438,34.01315789473684,8.399122807017541
collector,1.5,worldview_alignment,37.478070175438596,29.25438596491228,8.223684210526315
collector,2.0,emotional_register,45.70175438596491,18.70614035087719,26.99561403508772
collector,2.0,vocab_choice,49.91228070175438,27.36842105263158,22.543859649122805
collector,2.0,social_dynamic,45.94298245614035,24.07894736842105,21.864035087719298
collector,2.0,motivation,48.88157894736842,27.105263157894736,21.77631578947368
collector,2.0,worldview_alignment,44.01315789473684,22.43421052631579,21.57894736842105
collector,2.5,emotional_register,50.67982456140351,9.035087719298245,41.64473684210526
collector,2.5,vocab_choice,53.61842105263158,12.719298245614034,40.89912280701755
collector,2.5,social_dynamic,50.021929824561404,11.62280701754386,38.39912280701755
collector,2.5,motivation,54.175438596491226,14.671052631578947,39.50438596491228
collector,2.5,worldview_alignment,49.078947368421055,10.789473684210526,38.28947368421053
comedian,1.0,emotional_register,23.31140350877193,22.017543859649123,1.2938596491228083
comedian,1.0,vocab_choice,31.644736842105264,30.24122807017544,1.4035087719298254
comedian,1.0,social_dynamic,28.88157894736842,29.45175438596491,-0.5701754385964897
comedian,1.0,motivation,47.89473684210526,48.530701754385966,-0.6359649122807056
comedian,1.0,worldview_alignment,41.68859649122807,41.49122807017544,0.19736842105263008
comedian,1.5,emotional_register,32.89473684210526,30.37280701754386,2.5219298245614006
comedian,1.5,vocab_choice,39.42982456140351,36.8640350877193,2.5657894736842053
comedian,1.5,social_dynamic,38.771929824561404,37.43421052631579,1.3377192982456165
comedian,1.5,motivation,56.469298245614034,57.45614035087719,-0.9868421052631575
comedian,1.5,worldview_alignment,49.93421052631579,49.86842105263158,0.06578947368420529
comedian,2.0,emotional_register,46.425438596491226,22.87280701754386,23.552631578947366
comedian,2.0,vocab_choice,50.328947368421055,26.20614035087719,24.122807017543863
comedian,2.0,social_dynamic,49.25438596491228,28.04824561403509,21.20614035087719
comedian,2.0,motivation,65.74561403508773,51.14035087719298,14.605263157894747
comedian,2.0,worldview_alignment,59.978070175438596,43.421052631578945,16.55701754385965
comedian,2.5,emotional_register,56.271929824561404,7.697368421052632,48.574561403508774
comedian,2.5,vocab_choice,56.666666666666664,6.162280701754386,50.50438596491228
comedian,2.5,social_dynamic,57.5,8.31140350877193,49.18859649122807
comedian,2.5,motivation,67.54385964912281,18.57456140350877,48.96929824561404
comedian,2.5,worldview_alignment,63.28947368421053,11.710526315789474,51.578947368421055
competitor,1.0,emotional_register,44.25438596491228,37.12719298245614,7.127192982456144
competitor,1.0,vocab_choice,54.23245614035088,52.521929824561404,1.7105263157894726
competitor,1.0,social_dynamic,43.81578947368421,38.70614035087719,5.109649122807021
competitor,1.0,motivation,43.55263157894737,35.723684210526315,7.828947368421055
competitor,1.0,worldview_alignment,42.10526315789474,35.35087719298246,6.754385964912281
competitor,1.5,emotional_register,53.24561403508772,38.969298245614034,14.276315789473685
competitor,1.5,vocab_choice,58.50877192982456,53.771929824561404,4.7368421052631575
competitor,1.5,social_dynamic,50.6578947368421,39.978070175438596,10.679824561403507
competitor,1.5,motivation,53.925438596491226,38.17982456140351,15.74561403508772
competitor,1.5,worldview_alignment,51.38157894736842,37.21491228070175,14.166666666666664
competitor,2.0,emotional_register,61.425438596491226,27.653508771929825,33.7719298245614
competitor,2.0,vocab_choice,61.666666666666664,38.223684210526315,23.44298245614035
competitor,2.0,social_dynamic,57.10526315789474,30.219298245614034,26.885964912280706
competitor,2.0,motivation,63.1578947368421,33.925438596491226,29.232456140350877
competitor,2.0,worldview_alignment,59.21052631578947,30.54824561403509,28.662280701754383
competitor,2.5,emotional_register,65.17543859649123,12.192982456140351,52.982456140350884
competitor,2.5,vocab_choice,62.14912280701754,15.482456140350877,46.666666666666664
competitor,2.5,social_dynamic,61.38157894736842,13.947368421052632,47.43421052631579
competitor,2.5,motivation,68.20175438596492,17.587719298245613,50.6140350877193
competitor,2.5,worldview_alignment,64.12280701754386,14.25438596491228,49.86842105263158
composer,1.0,emotional_register,37.25877192982456,31.337719298245613,5.921052631578949
composer,1.0,vocab_choice,47.675438596491226,46.14035087719298,1.5350877192982466
composer,1.0,social_dynamic,44.18859649122807,41.82017543859649,2.368421052631575
composer,1.0,motivation,44.73684210526316,40.96491228070175,3.771929824561404
composer,1.0,worldview_alignment,40.04385964912281,36.425438596491226,3.6184210526315823
composer,1.5,emotional_register,41.31578947368421,33.1578947368421,8.15789473684211
composer,1.5,vocab_choice,49.71491228070175,47.60964912280702,2.1052631578947327
composer,1.5,social_dynamic,47.87280701754386,43.64035087719298,4.232456140350884
composer,1.5,motivation,47.828947368421055,44.42982456140351,3.399122807017548
composer,1.5,worldview_alignment,43.1359649122807,39.56140350877193,3.574561403508767
composer,2.0,emotional_register,49.71491228070175,21.11842105263158,28.596491228070175
composer,2.0,vocab_choice,54.05701754385965,33.333333333333336,20.723684210526315
composer,2.0,social_dynamic,52.12719298245614,30.657894736842106,21.46929824561403
composer,2.0,motivation,57.76315789473684,37.324561403508774,20.43859649122807
composer,2.0,worldview_alignment,52.578947368421055,32.23684210526316,20.342105263157897
composer,2.5,emotional_register,57.06140350877193,8.486842105263158,48.574561403508774
composer,2.5,vocab_choice,55.85526315789474,13.355263157894736,42.5
composer,2.5,social_dynamic,56.666666666666664,14.25438596491228,42.41228070175438
composer,2.5,motivation,62.23684210526316,19.232456140350877,43.00438596491228
composer,2.5,worldview_alignment,58.19298245614035,14.013157894736842,44.17982456140351
conservator,1.0,emotional_register,47.00877192982456,45.583333333333336,1.425438596491226
conservator,1.0,vocab_choice,48.65350877192982,51.30701754385965,-2.653508771929829
conservator,1.0,social_dynamic,44.88157894736842,45.53947368421053,-0.6578947368421098
conservator,1.0,motivation,44.68421052631579,45.166666666666664,-0.4824561403508767
conservator,1.0,worldview_alignment,40.3640350877193,41.08771929824562,-0.723684210526315
conservator,1.5,emotional_register,49.780701754385966,48.70614035087719,1.074561403508774
conservator,1.5,vocab_choice,48.39912280701754,52.5,-4.100877192982459
conservator,1.5,social_dynamic,47.23684210526316,49.91228070175438,-2.675438596491226
conservator,1.5,motivation,48.771929824561404,50.50438596491228,-1.7324561403508767
conservator,1.5,worldview_alignment,43.574561403508774,45.62719298245614,-2.052631578947363
conservator,2.0,emotional_register,49.03508771929825,32.09649122807018,16.93859649122807
conservator,2.0,vocab_choice,44.21052631578947,34.026315789473685,10.184210526315788
conservator,2.0,social_dynamic,44.89035087719298,33.30263157894737,11.58771929824561
conservator,2.0,motivation,49.01315789473684,40.86842105263158,8.14473684210526
conservator,2.0,worldview_alignment,43.26754385964912,35.69298245614035,7.574561403508774
conservator,2.5,emotional_register,43.24561403508772,14.078947368421053,29.166666666666664
conservator,2.5,vocab_choice,35.81140350877193,14.057017543859649,21.75438596491228
conservator,2.5,social_dynamic,38.55263157894737,15.416666666666666,23.135964912280706
conservator,2.5,motivation,45.526315789473685,21.842105263157894,23.68421052631579
conservator,2.5,worldview_alignment,39.276315789473685,17.06140350877193,22.214912280701753
consultant,1.0,emotional_register,73.7719298245614,72.65350877192982,1.1184210526315752
consultant,1.0,vocab_choice,76.00877192982456,76.57894736842105,-0.5701754385964932
consultant,1.0,social_dynamic,72.4342105263158,73.28947368421052,-0.8552631578947256
consultant,1.0,motivation,79.80263157894737,79.60526315789474,0.19736842105263008
consultant,1.0,worldview_alignment,77.46929824561404,77.5219298245614,-0.052631578947355706
consultant,1.5,emotional_register,72.82894736842105,72.5657894736842,0.2631578947368496
consultant,1.5,vocab_choice,72.93859649122807,74.71491228070175,-1.776315789473685
consultant,1.5,social_dynamic,70.89035087719299,72.28070175438596,-1.3903508771929722
consultant,1.5,motivation,80.46052631578948,80.04385964912281,0.4166666666666714
consultant,1.5,worldview_alignment,77.25877192982456,77.54385964912281,-0.2850877192982466
consultant,2.0,emotional_register,68.79385964912281,47.65350877192982,21.140350877192986
consultant,2.0,vocab_choice,64.78070175438596,48.728070175438596,16.052631578947363
consultant,2.0,social_dynamic,65.17543859649123,48.31140350877193,16.8640350877193
consultant,2.0,motivation,76.68859649122807,62.74122807017544,13.94736842105263
consultant,2.0,worldview_alignment,73.39912280701755,58.90350877192982,14.495614035087726
consultant,2.5,emotional_register,57.69736842105263,18.99122807017544,38.70614035087719
consultant,2.5,vocab_choice,53.55263157894737,18.026315789473685,35.526315789473685
consultant,2.5,social_dynamic,54.45175438596491,19.978070175438596,34.473684210526315
consultant,2.5,motivation,68.22368421052632,27.5,40.723684210526315
consultant,2.5,worldview_alignment,63.48684210526316,23.135964912280702,40.35087719298245
contrarian,1.0,emotional_register,39.473684210526315,38.39912280701754,1.074561403508774
contrarian,1.0,vocab_choice,54.978070175438596,55.89912280701754,-0.9210526315789451
contrarian,1.0,social_dynamic,40.81140350877193,40.6359649122807,0.17543859649123306
contrarian,1.0,motivation,38.59649122807018,36.8640350877193,1.7324561403508767
contrarian,1.0,worldview_alignment,32.93859649122807,30.394736842105264,2.5438596491228047
contrarian,1.5,emotional_register,46.228070175438596,38.07017543859649,8.157894736842103
contrarian,1.5,vocab_choice,57.521929824561404,55.723684210526315,1.798245614035089
contrarian,1.5,social_dynamic,46.228070175438596,39.29824561403509,6.929824561403507
contrarian,1.5,motivation,46.25,37.083333333333336,9.166666666666664
contrarian,1.5,worldview_alignment,39.824561403508774,30.57017543859649,9.254385964912284
contrarian,2.0,emotional_register,53.99122807017544,28.969298245614034,25.021929824561404
contrarian,2.0,vocab_choice,60.04385964912281,38.61842105263158,21.425438596491226
contrarian,2.0,social_dynamic,52.74122807017544,30.723684210526315,22.017543859649123
contrarian,2.0,motivation,53.79385964912281,37.14912280701754,16.644736842105267
contrarian,2.0,worldview_alignment,48.223684210526315,29.364035087719298,18.859649122807017
contrarian,2.5,emotional_register,59.166666666666664,17.63157894736842,41.53508771929825
contrarian,2.5,vocab_choice,58.969298245614034,20.416666666666668,38.55263157894737
contrarian,2.5,social_dynamic,55.67982456140351,19.45175438596491,36.228070175438596
contrarian,2.5,motivation,61.00877192982456,28.114035087719298,32.89473684210526
contrarian,2.5,worldview_alignment,54.73684210526316,21.083333333333332,33.65350877192982
coordinator,1.0,emotional_register,69.12280701754386,69.9342105263158,-0.8114035087719316
coordinator,1.0,vocab_choice,71.42543859649123,74.78070175438596,-3.3552631578947256
coordinator,1.0,social_dynamic,67.21491228070175,69.4298245614035,-2.2149122807017534
coordinator,1.0,motivation,73.5219298245614,74.67105263157895,-1.149122807017548
coordinator,1.0,worldview_alignment,71.35087719298245,72.69736842105263,-1.3464912280701782
coordinator,1.5,emotional_register,69.91228070175438,70.94298245614036,-1.030701754385973
coordinator,1.5,vocab_choice,69.10087719298245,73.02631578947368,-3.925438596491233
coordinator,1.5,social_dynamic,67.39035087719299,70.78947368421052,-3.399122807017534
coordinator,1.5,motivation,75.92105263157895,77.89473684210526,-1.973684210526315
coordinator,1.5,worldview_alignment,73.1140350877193,75.17543859649123,-2.0614035087719316
coordinator,2.0,emotional_register,64.64192139737992,51.1353711790393,13.506550218340614
coordinator,2.0,vocab_choice,61.78165938864629,51.81222707423581,9.969432314410483
coordinator,2.0,social_dynamic,61.38864628820961,52.4235807860262,8.965065502183407
coordinator,2.0,motivation,71.95633187772926,64.17030567685589,7.786026200873366
coordinator,2.0,worldview_alignment,68.41048034934498,60.74235807860262,7.668122270742359
coordinator,2.5,emotional_register,55.327510917030565,19.759825327510917,35.56768558951965
coordinator,2.5,vocab_choice,50.30567685589519,19.323144104803493,30.9825327510917
coordinator,2.5,social_dynamic,52.64192139737991,20.502183406113538,32.13973799126637
coordinator,2.5,motivation,63.23144104803494,29.192139737991265,34.03930131004367
coordinator,2.5,worldview_alignment,58.995633187772924,25.04366812227074,33.95196506550218
coral_reef,1.0,emotional_register,34.25438596491228,29.67105263157895,4.583333333333332
coral_reef,1.0,vocab_choice,44.01315789473684,41.71052631578947,2.30263157894737
coral_reef,1.0,social_dynamic,39.12280701754386,37.171052631578945,1.951754385964918
coral_reef,1.0,motivation,42.78508771929825,39.3859649122807,3.399122807017548
coral_reef,1.0,worldview_alignment,34.978070175438596,30.986842105263158,3.9912280701754383
coral_reef,1.5,emotional_register,43.61842105263158,31.513157894736842,12.10526315789474
coral_reef,1.5,vocab_choice,49.64912280701754,42.10526315789474,7.543859649122801
coral_reef,1.5,social_dynamic,46.79824561403509,39.14473684210526,7.653508771929829
coral_reef,1.5,motivation,51.82017543859649,44.3421052631579,7.478070175438596
coral_reef,1.5,worldview_alignment,43.828947368421055,35.57017543859649,8.258771929824562
coral_reef,2.0,emotional_register,57.23684210526316,25.219298245614034,32.01754385964912
coral_reef,2.0,vocab_choice,58.81578947368421,32.828947368421055,25.986842105263158
coral_reef,2.0,social_dynamic,58.24561403508772,31.600877192982455,26.644736842105264
coral_reef,2.0,motivation,63.48684210526316,42.675438596491226,20.81140350877193
coral_reef,2.0,worldview_alignment,56.723684210526315,33.68421052631579,23.039473684210527
coral_reef,2.5,emotional_register,74.82456140350877,11.271929824561404,63.55263157894736
coral_reef,2.5,vocab_choice,71.46929824561404,13.653508771929825,57.81578947368422
coral_reef,2.5,social_dynamic,73.5,15.320175438596491,58.17982456140351
coral_reef,2.5,motivation,77.7719298245614,25.416666666666668,52.355263157894726
coral_reef,2.5,worldview_alignment,74.22368421052632,18.464912280701753,55.75877192982456
cosmopolitan,1.0,emotional_register,66.2280701754386,65.32894736842105,0.8991228070175481
cosmopolitan,1.0,vocab_choice,72.87280701754386,71.95175438596492,0.9210526315789451
cosmopolitan,1.0,social_dynamic,67.82894736842105,66.8640350877193,0.9649122807017534
cosmopolitan,1.0,motivation,75.81140350877193,75.30701754385964,0.5043859649122879
cosmopolitan,1.0,worldview_alignment,72.3859649122807,71.53947368421052,0.8464912280701782
cosmopolitan,1.5,emotional_register,70.32894736842105,65.85526315789474,4.473684210526315
cosmopolitan,1.5,vocab_choice,72.54385964912281,70.85526315789474,1.6885964912280684
cosmopolitan,1.5,social_dynamic,70.21929824561404,67.67543859649123,2.5438596491228083
cosmopolitan,1.5,motivation,78.85964912280701,77.32456140350877,1.5350877192982466
cosmopolitan,1.5,worldview_alignment,74.90350877192982,72.62280701754386,2.2807017543859587
cosmopolitan,2.0,emotional_register,70.70175438596492,51.35964912280702,19.342105263157897
cosmopolitan,2.0,vocab_choice,69.69298245614036,53.61842105263158,16.074561403508774
cosmopolitan,2.0,social_dynamic,69.64912280701755,51.95175438596491,17.697368421052637
cosmopolitan,2.0,motivation,77.76315789473684,68.99122807017544,8.771929824561397
cosmopolitan,2.0,worldview_alignment,73.68859649122807,63.70614035087719,9.982456140350877
cosmopolitan,2.5,emotional_register,65.37280701754386,21.49122807017544,43.881578947368425
cosmopolitan,2.5,vocab_choice,62.478070175438596,21.885964912280702,40.59210526315789
cosmopolitan,2.5,social_dynamic,62.98245614035088,22.763157894736842,40.219298245614034
cosmopolitan,2.5,motivation,72.91666666666667,37.19298245614035,35.72368421052632
cosmopolitan,2.5,worldview_alignment,68.1798245614035,32.10526315789474,36.07456140350877
counselor,1.0,emotional_register,63.04824561403509,65.74561403508773,-2.697368421052637
counselor,1.0,vocab_choice,68.57456140350877,71.90789473684211,-3.333333333333343
counselor,1.0,social_dynamic,65.08771929824562,67.69736842105263,-2.6096491228070136
counselor,1.0,motivation,71.97368421052632,75.35087719298245,-3.377192982456137
counselor,1.0,worldview_alignment,68.85964912280701,72.30263157894737,-3.4429824561403564
counselor,1.5,emotional_register,67.21491228070175,69.56140350877193,-2.346491228070178
counselor,1.5,vocab_choice,68.6842105263158,72.21491228070175,-3.5307017543859587
counselor,1.5,social_dynamic,67.01754385964912,71.95175438596492,-4.934210526315795
counselor,1.5,motivation,73.79385964912281,79.89035087719299,-6.096491228070178
counselor,1.5,worldview_alignment,70.89912280701755,76.54824561403508,-5.649122807017534
counselor,2.0,emotional_register,68.37719298245614,56.666666666666664,11.710526315789473
counselor,2.0,vocab_choice,66.73245614035088,53.66228070175438,13.070175438596493
counselor,2.0,social_dynamic,66.84210526315789,56.95175438596491,9.89035087719298
counselor,2.0,motivation,74.91228070175438,70.13157894736842,4.780701754385959
counselor,2.0,worldview_alignment,71.38157894736842,65.0219298245614,6.359649122807028
counselor,2.5,emotional_register,68.1359649122807,28.17982456140351,39.95614035087719
counselor,2.5,vocab_choice,63.1359649122807,23.50877192982456,39.62719298245614
counselor,2.5,social_dynamic,64.86842105263158,26.99561403508772,37.872807017543856
counselor,2.5,motivation,72.84210526315789,39.86842105263158,32.97368421052631
counselor,2.5,worldview_alignment,68.78508771929825,34.29824561403509,34.48684210526316
criminal,1.0,emotional_register,14.18859649122807,10.285087719298245,3.9035087719298254
criminal,1.0,vocab_choice,16.79824561403509,14.12280701754386,2.6754385964912295
criminal,1.0,social_dynamic,13.903508771929825,10.855263157894736,3.048245614035089
criminal,1.0,motivation,17.960526315789473,12.390350877192983,5.57017543859649
criminal,1.0,worldview_alignment,12.324561403508772,8.385964912280702,3.93859649122807
criminal,1.5,emotional_register,21.11842105263158,11.732456140350877,9.385964912280702
criminal,1.5,vocab_choice,22.894736842105264,15.81140350877193,7.083333333333334
criminal,1.5,social_dynamic,19.473684210526315,12.543859649122806,6.9298245614035086
criminal,1.5,motivation,23.50877192982456,15.614035087719298,7.894736842105264
criminal,1.5,worldview_alignment,17.785087719298247,10.855263157894736,6.92982456140351
criminal,2.0,emotional_register,36.62280701754386,8.31140350877193,28.31140350877193
criminal,2.0,vocab_choice,38.07017543859649,14.12280701754386,23.947368421052634
criminal,2.0,social_dynamic,33.70614035087719,9.912280701754385,23.79385964912281
criminal,2.0,motivation,41.53508771929825,13.442982456140351,28.092105263157897
criminal,2.0,worldview_alignment,34.3640350877193,9.473684210526315,24.890350877192986
criminal,2.5,emotional_register,51.53508771929825,5.065789473684211,46.469298245614034
criminal,2.5,vocab_choice,51.8640350877193,9.25438596491228,42.60964912280702
criminal,2.5,social_dynamic,48.75,6.228070175438597,42.521929824561404
criminal,2.5,motivation,54.166666666666664,10.021929824561404,44.14473684210526
criminal,2.5,worldview_alignment,49.166666666666664,5.833333333333333,43.33333333333333
critic,1.0,emotional_register,50.17467248908297,48.36244541484716,1.812227074235814
critic,1.0,vocab_choice,57.86026200873363,58.31877729257642,-0.45851528384279305
critic,1.0,social_dynamic,50.34934497816594,48.51528384279476,1.8340611353711793
critic,1.0,motivation,59.43231441048035,56.5938864628821,2.8384279475982552
critic,1.0,worldview_alignment,53.493449781659386,50.02183406113537,3.4716157205240137
critic,1.5,emotional_register,54.75982532751092,48.29694323144105,6.462882096069869
critic,1.5,vocab_choice,58.73362445414847,57.44541484716157,1.2882096069868965
critic,1.5,social_dynamic,52.40174672489083,50.327510917030565,2.074235807860262
critic,1.5,motivation,63.056768558951966,58.73362445414847,4.323144104803497
critic,1.5,worldview_alignment,56.61572052401747,52.86026200873363,3.7554585152838413
critic,2.0,emotional_register,55.96491228070175,31.864035087719298,24.100877192982455
critic,2.0,vocab_choice,56.20614035087719,36.49122807017544,19.714912280701753
critic,2.0,social_dynamic,52.19298245614035,34.03508771929825,18.157894736842103
critic,2.0,motivation,65.59210526315789,48.04824561403509,17.5438596491228
critic,2.0,worldview_alignment,58.48684210526316,40.54824561403509,17.93859649122807
critic,2.5,emotional_register,57.248908296943235,12.510917030567686,44.737991266375545
critic,2.5,vocab_choice,52.64192139737991,13.580786026200874,39.061135371179034
critic,2.5,social_dynamic,52.40174672489083,13.51528384279476,38.88646288209607
critic,2.5,motivation,65.37117903930131,22.532751091703055,42.838427947598255
critic,2.5,worldview_alignment,59.62882096069869,16.70305676855895,42.92576419213974
crystalline,1.0,emotional_register,48.771929824561404,43.44298245614035,5.328947368421055
crystalline,1.0,vocab_choice,62.916666666666664,59.3640350877193,3.552631578947363
crystalline,1.0,social_dynamic,53.61842105263158,50.35087719298246,3.2675438596491233
crystalline,1.0,motivation,59.62719298245614,56.14035087719298,3.4868421052631575
crystalline,1.0,worldview_alignment,54.166666666666664,50.04385964912281,4.122807017543856
crystalline,1.5,emotional_register,56.425438596491226,44.29824561403509,12.127192982456137
crystalline,1.5,vocab_choice,68.48684210526316,59.56140350877193,8.925438596491233
crystalline,1.5,social_dynamic,61.074561403508774,50.85526315789474,10.219298245614034
crystalline,1.5,motivation,67.29385964912281,59.03508771929825,8.258771929824562
crystalline,1.5,worldview_alignment,62.60087719298246,52.41228070175438,10.188596491228076
crystalline,2.0,emotional_register,65.6140350877193,29.210526315789473,36.40350877192983
crystalline,2.0,vocab_choice,72.4342105263158,40.30701754385965,32.127192982456144
crystalline,2.0,social_dynamic,67.19298245614036,35.35087719298246,31.842105263157897
crystalline,2.0,motivation,72.71052631578948,48.99122807017544,23.71929824561404
crystalline,2.0,worldview_alignment,68.87280701754386,42.60964912280702,26.263157894736842
crystalline,2.5,emotional_register,76.8859649122807,8.618421052631579,68.26754385964912
crystalline,2.5,vocab_choice,78.67543859649123,14.18859649122807,64.48684210526316
crystalline,2.5,social_dynamic,75.87719298245614,12.368421052631579,63.50877192982456
crystalline,2.5,motivation,78.55263157894737,19.18859649122807,59.3640350877193
crystalline,2.5,worldview_alignment,76.66228070175438,14.802631578947368,61.859649122807014
curator,1.0,emotional_register,58.728070175438596,56.40350877192982,2.324561403508774
curator,1.0,vocab_choice,61.8421052631579,62.06140350877193,-0.21929824561403422
curator,1.0,social_dynamic,57.87280701754386,56.92982456140351,0.9429824561403564
curator,1.0,motivation,60.89912280701754,60.81140350877193,0.08771929824560942
curator,1.0,worldview_alignment,57.324561403508774,57.12719298245614,0.1973684210526372
curator,1.5,emotional_register,60.04385964912281,56.228070175438596,3.8157894736842124
curator,1.5,vocab_choice,59.89035087719298,60.833333333333336,-0.9429824561403564
curator,1.5,social_dynamic,57.324561403508774,57.06140350877193,0.2631578947368425
curator,1.5,motivation,63.68421052631579,62.21491228070175,1.4692982456140342
curator,1.5,worldview_alignment,58.969298245614034,58.17982456140351,0.7894736842105274
curator,2.0,emotional_register,59.23245614035088,36.73245614035088,22.5
curator,2.0,vocab_choice,56.64473684210526,40.833333333333336,15.811403508771924
curator,2.0,social_dynamic,55.26315789473684,38.1578947368421,17.10526315789474
curator,2.0,motivation,62.171052631578945,49.978070175438596,12.19298245614035
curator,2.0,worldview_alignment,57.36842105263158,44.80263157894737,12.565789473684212
curator,2.5,emotional_register,57.03947368421053,15.241228070175438,41.79824561403509
curator,2.5,vocab_choice,51.33771929824562,14.793859649122806,36.54385964912281
curator,2.5,social_dynamic,52.56578947368421,15.776315789473685,36.78947368421053
curator,2.5,motivation,61.26315789473684,24.342105263157894,36.921052631578945
curator,2.5,worldview_alignment,55.76754385964912,19.482456140350877,36.28508771929825
cyborg,1.0,emotional_register,26.42543859649123,19.232456140350877,7.192982456140353
cyborg,1.0,vocab_choice,37.14912280701754,31.57894736842105,5.57017543859649
cyborg,1.0,social_dynamic,31.38157894736842,25.50438596491228,5.87719298245614
cyborg,1.0,motivation,43.59649122807018,37.280701754385966,6.315789473684212
cyborg,1.0,worldview_alignment,33.07017543859649,27.12719298245614,5.942982456140353
cyborg,1.5,emotional_register,34.166666666666664,20.43859649122807,13.728070175438596
cyborg,1.5,vocab_choice,42.85087719298246,32.69736842105263,10.153508771929829
cyborg,1.5,social_dynamic,36.16228070175438,27.960526315789473,8.201754385964911
cyborg,1.5,motivation,50.70175438596491,38.59649122807018,12.105263157894733
cyborg,1.5,worldview_alignment,40.46052631578947,28.61842105263158,11.842105263157894
cyborg,2.0,emotional_register,45.78947368421053,13.070175438596491,32.719298245614034
cyborg,2.0,vocab_choice,50.328947368421055,23.04824561403509,27.280701754385966
cyborg,2.0,social_dynamic,46.33771929824562,20.17543859649123,26.162280701754387
cyborg,2.0,motivation,60.5921052631579,33.24561403508772,27.346491228070178
cyborg,2.0,worldview_alignment,51.33771929824562,23.771929824561404,27.565789473684212
cyborg,2.5,emotional_register,62.083333333333336,6.8201754385964914,55.26315789473684
cyborg,2.5,vocab_choice,61.60087719298246,11.18421052631579,50.41666666666667
cyborg,2.5,social_dynamic,60.5921052631579,10.06578947368421,50.526315789473685
cyborg,2.5,motivation,69.12280701754386,19.342105263157894,49.78070175438597
cyborg,2.5,worldview_alignment,62.87280701754386,11.81140350877193,51.06140350877193
cynic,1.0,emotional_register,15.131578947368421,13.070175438596491,2.06140350877193
cynic,1.0,vocab_choice,30.94298245614035,30.021929824561404,0.9210526315789451
cynic,1.0,social_dynamic,24.013157894736842,22.390350877192983,1.6228070175438596
cynic,1.0,motivation,20.109649122807017,18.55263157894737,1.5570175438596472
cynic,1.0,worldview_alignment,13.24561403508772,11.929824561403509,1.3157894736842106
cynic,1.5,emotional_register,17.982456140350877,14.385964912280702,3.5964912280701746
cynic,1.5,vocab_choice,32.521929824561404,31.42543859649123,1.0964912280701746
cynic,1.5,social_dynamic,27.039473684210527,24.035087719298247,3.004385964912281
cynic,1.5,motivation,25.13157894736842,21.096491228070175,4.035087719298247
cynic,1.5,worldview_alignment,17.30263157894737,13.68421052631579,3.6184210526315805
cynic,2.0,emotional_register,26.31578947368421,12.43421052631579,13.88157894736842
cynic,2.0,vocab_choice,39.64912280701754,24.69298245614035,14.956140350877192
cynic,2.0,social_dynamic,33.35526315789474,20.06578947368421,13.289473684210531
cynic,2.0,motivation,33.24561403508772,23.20175438596491,10.043859649122808
cynic,2.0,worldview_alignment,25.37280701754386,14.18859649122807,11.18421052631579
cynic,2.5,emotional_register,36.8421052631579,7.87280701754386,28.969298245614038
cynic,2.5,vocab_choice,46.60087719298246,13.289473684210526,33.31140350877193
cynic,2.5,social_dynamic,41.8640350877193,11.469298245614034,30.394736842105267
cynic,2.5,motivation,43.04824561403509,17.478070175438596,25.570175438596493
cynic,2.5,worldview_alignment,36.16228070175438,9.539473684210526,26.622807017543856
daredevil,1.0,emotional_register,20.43859649122807,15.74561403508772,4.692982456140349
daredevil,1.0,vocab_choice,29.45175438596491,26.68859649122807,2.7631578947368425
daredevil,1.0,social_dynamic,19.539473684210527,16.907894736842106,2.6315789473684212
daredevil,1.0,motivation,24.144736842105264,19.605263157894736,4.539473684210527
daredevil,1.0,worldview_alignment,16.38157894736842,13.157894736842104,3.223684210526317
daredevil,1.5,emotional_register,28.662280701754387,18.50877192982456,10.153508771929825
daredevil,1.5,vocab_choice,35.78947368421053,29.517543859649123,6.271929824561404
daredevil,1.5,social_dynamic,26.644736842105264,18.640350877192983,8.00438596491228
daredevil,1.5,motivation,33.66228070175438,21.864035087719298,11.798245614035086
daredevil,1.5,worldview_alignment,25.24122807017544,15.021929824561404,10.219298245614034
daredevil,2.0,emotional_register,45.48245614035088,14.210526315789474,31.271929824561404
daredevil,2.0,vocab_choice,48.59649122807018,24.05701754385965,24.539473684210527
daredevil,2.0,social_dynamic,40.416666666666664,15.570175438596491,24.84649122807017
daredevil,2.0,motivation,48.1578947368421,20.13157894736842,28.02631578947368
daredevil,2.0,worldview_alignment,40.70175438596491,13.837719298245615,26.864035087719294
daredevil,2.5,emotional_register,54.91228070175438,9.232456140350877,45.67982456140351
daredevil,2.5,vocab_choice,54.93421052631579,12.850877192982455,42.08333333333333
daredevil,2.5,social_dynamic,48.37719298245614,9.12280701754386,39.254385964912274
daredevil,2.5,motivation,56.75438596491228,13.486842105263158,43.26754385964912
daredevil,2.5,worldview_alignment,49.73684210526316,7.675438596491228,42.06140350877193
debugger,1.0,emotional_register,54.75877192982456,48.026315789473685,6.732456140350877
debugger,1.0,vocab_choice,60.57017543859649,57.65350877192982,2.9166666666666714
debugger,1.0,social_dynamic,54.728070175438596,50.30701754385965,4.421052631578945
debugger,1.0,motivation,58.10526315789474,51.99561403508772,6.109649122807021
debugger,1.0,worldview_alignment,54.95175438596491,49.01315789473684,5.938596491228068
debugger,1.5,emotional_register,58.728070175438596,49.80263157894737,8.925438596491226
debugger,1.5,vocab_choice,62.828947368421055,58.79385964912281,4.035087719298247
debugger,1.5,social_dynamic,58.46491228070175,52.916666666666664,5.548245614035089
debugger,1.5,motivation,63.521929824561404,55.85526315789474,7.666666666666664
debugger,1.5,worldview_alignment,59.83771929824562,51.53508771929825,8.30263157894737
debugger,2.0,emotional_register,62.01754385964912,31.62280701754386,30.394736842105264
debugger,2.0,vocab_choice,63.00438596491228,39.166666666666664,23.837719298245617
debugger,2.0,social_dynamic,60.19736842105263,34.80263157894737,25.39473684210526
debugger,2.0,motivation,66.44736842105263,42.56578947368421,23.881578947368418
debugger,2.0,worldview_alignment,63.530701754385966,38.12280701754386,25.407894736842103
debugger,2.5,emotional_register,60.26315789473684,16.11842105263158,44.14473684210526
debugger,2.5,vocab_choice,58.46491228070175,19.82456140350877,38.640350877192986
debugger,2.5,social_dynamic,57.69736842105263,18.81578947368421,38.881578947368425
debugger,2.5,motivation,64.89035087719299,23.31140350877193,41.578947368421055
debugger,2.5,worldview_alignment,61.28508771929825,19.42982456140351,41.85526315789474
demon,1.0,emotional_register,8.728070175438596,7.93859649122807,0.7894736842105257
demon,1.0,vocab_choice,18.859649122807017,18.333333333333332,0.526315789473685
demon,1.0,social_dynamic,14.605263157894736,14.276315789473685,0.3289473684210513
demon,1.0,motivation,17.06140350877193,16.25,0.8114035087719316
demon,1.0,worldview_alignment,8.508771929824562,7.565789473684211,0.942982456140351
demon,1.5,emotional_register,11.31578947368421,9.210526315789474,2.1052631578947363
demon,1.5,vocab_choice,21.62280701754386,19.342105263157894,2.280701754385966
demon,1.5,social_dynamic,16.864035087719298,15.219298245614034,1.6447368421052637
demon,1.5,motivation,21.973684210526315,19.232456140350877,2.7412280701754383
demon,1.5,worldview_alignment,11.008771929824562,8.859649122807017,2.1491228070175445
demon,2.0,emotional_register,18.07017543859649,9.166666666666666,8.903508771929824
demon,2.0,vocab_choice,25.219298245614034,16.92982456140351,8.289473684210524
demon,2.0,social_dynamic,21.469298245614034,15.701754385964913,5.7675438596491215
demon,2.0,motivation,26.42543859649123,18.969298245614034,7.456140350877195
demon,2.0,worldview_alignment,16.030701754385966,10.0,6.030701754385966
demon,2.5,emotional_register,32.36842105263158,3.4210526315789473,28.947368421052634
demon,2.5,vocab_choice,38.223684210526315,7.828947368421052,30.394736842105264
demon,2.5,social_dynamic,34.05701754385965,6.973684210526316,27.083333333333336
demon,2.5,motivation,40.6578947368421,9.144736842105264,31.51315789473684
demon,2.5,worldview_alignment,30.13157894736842,3.3991228070175437,26.732456140350877
designer,1.0,emotional_register,63.771929824561404,60.526315789473685,3.245614035087719
designer,1.0,vocab_choice,66.62280701754386,66.97368421052632,-0.3508771929824519
designer,1.0,social_dynamic,62.65350877192982,60.94298245614035,1.7105263157894726
designer,1.0,motivation,69.47368421052632,69.10087719298245,0.37280701754386314
designer,1.0,worldview_alignment,66.42543859649123,65.78947368421052,0.6359649122807127
designer,1.5,emotional_register,65.59210526315789,61.074561403508774,4.517543859649116
designer,1.5,vocab_choice,67.01754385964912,66.11842105263158,0.8991228070175481
designer,1.5,social_dynamic,64.44298245614036,62.03947368421053,2.403508771929829
designer,1.5,motivation,71.97368421052632,71.44736842105263,0.526315789473685
designer,1.5,worldview_alignment,68.3201754385965,68.02631578947368,0.29385964912280826
designer,2.0,emotional_register,66.2280701754386,40.37280701754386,25.85526315789474
designer,2.0,vocab_choice,63.46491228070175,43.75,19.714912280701753
designer,2.0,social_dynamic,62.45614035087719,41.79824561403509,20.657894736842103
designer,2.0,motivation,70.81140350877193,56.64473684210526,14.166666666666671
designer,2.0,worldview_alignment,66.46929824561404,52.36842105263158,14.100877192982459
designer,2.5,emotional_register,64.34210526315789,16.359649122807017,47.98245614035088
designer,2.5,vocab_choice,59.75877192982456,16.228070175438596,43.530701754385966
designer,2.5,social_dynamic,59.95614035087719,17.149122807017545,42.807017543859644
designer,2.5,motivation,70.15350877192982,26.95175438596491,43.20175438596491
designer,2.5,worldview_alignment,65.78947368421052,22.644736842105264,43.14473684210526
destroyer,1.0,emotional_register,16.776315789473685,12.521929824561404,4.254385964912281
destroyer,1.0,vocab_choice,28.267543859649123,26.79824561403509,1.4692982456140342
destroyer,1.0,social_dynamic,23.00438596491228,20.74561403508772,2.2587719298245617
destroyer,1.0,motivation,22.54385964912281,18.42105263157895,4.12280701754386
destroyer,1.0,worldview_alignment,16.20614035087719,13.100877192982455,3.1052631578947363
destroyer,1.5,emotional_register,21.469298245614034,13.070175438596491,8.399122807017543
destroyer,1.5,vocab_choice,31.31578947368421,28.399122807017545,2.9166666666666643
destroyer,1.5,social_dynamic,27.083333333333332,21.600877192982455,5.482456140350877
destroyer,1.5,motivation,28.07017543859649,20.17543859649123,7.89473684210526
destroyer,1.5,worldview_alignment,21.50438596491228,14.232456140350877,7.271929824561404
destroyer,2.0,emotional_register,33.83771929824562,9.539473684210526,24.29824561403509
destroyer,2.0,vocab_choice,40.19736842105263,23.837719298245613,16.359649122807017
destroyer,2.0,social_dynamic,37.74122807017544,18.486842105263158,19.25438596491228
destroyer,2.0,motivation,41.55701754385965,16.92982456140351,24.62719298245614
destroyer,2.0,worldview_alignment,34.21052631578947,11.929824561403509,22.280701754385966
destroyer,2.5,emotional_register,46.92982456140351,3.925438596491228,43.00438596491228
destroyer,2.5,vocab_choice,49.56140350877193,11.798245614035087,37.76315789473684
destroyer,2.5,social_dynamic,47.280701754385966,9.364035087719298,37.91666666666667
destroyer,2.5,motivation,53.530701754385966,9.25438596491228,44.276315789473685
destroyer,2.5,worldview_alignment,46.96491228070175,5.307017543859649,41.6578947368421
detective,1.0,emotional_register,37.58771929824562,30.30701754385965,7.280701754385966
detective,1.0,vocab_choice,44.12280701754386,42.10526315789474,2.0175438596491233
detective,1.0,social_dynamic,36.05263157894737,31.710526315789473,4.342105263157897
detective,1.0,motivation,46.92982456140351,39.62719298245614,7.30263157894737
detective,1.0,worldview_alignment,39.671052631578945,32.63157894736842,7.039473684210527
detective,1.5,emotional_register,43.55263157894737,30.394736842105264,13.157894736842106
detective,1.5,vocab_choice,47.675438596491226,43.61842105263158,4.057017543859644
detective,1.5,social_dynamic,40.526315789473685,32.87280701754386,7.653508771929822
detective,1.5,motivation,52.87280701754386,41.8421052631579,11.030701754385966
detective,1.5,worldview_alignment,44.84649122807018,34.780701754385966,10.065789473684212
detective,2.0,emotional_register,49.078947368421055,16.907894736842106,32.171052631578945
detective,2.0,vocab_choice,48.85964912280702,27.56578947368421,21.293859649122812
detective,2.0,social_dynamic,46.33771929824562,21.44736842105263,24.890350877192986
detective,2.0,motivation,58.59649122807018,32.280701754385966,26.315789473684212
detective,2.0,worldview_alignment,51.05263157894737,25.285087719298247,25.767543859649123
detective,2.5,emotional_register,55.39473684210526,9.035087719298245,46.359649122807014
detective,2.5,vocab_choice,52.41228070175438,13.793859649122806,38.618421052631575
detective,2.5,social_dynamic,51.074561403508774,11.271929824561404,39.80263157894737
detective,2.5,motivation,64.51754385964912,19.166666666666668,45.35087719298245
detective,2.5,worldview_alignment,57.41228070175438,13.017543859649123,44.39473684210526
devils_advocate,1.0,emotional_register,26.864035087719298,19.736842105263158,7.12719298245614
devils_advocate,1.0,vocab_choice,40.6359649122807,37.63157894736842,3.004385964912281
devils_advocate,1.0,social_dynamic,31.030701754385966,25.614035087719298,5.416666666666668
devils_advocate,1.0,motivation,35.78947368421053,27.82894736842105,7.960526315789476
devils_advocate,1.0,worldview_alignment,27.039473684210527,19.780701754385966,7.258771929824562
devils_advocate,1.5,emotional_register,30.92105263157895,19.035087719298247,11.885964912280702
devils_advocate,1.5,vocab_choice,42.34649122807018,36.68859649122807,5.65789473684211
devils_advocate,1.5,social_dynamic,33.24561403508772,25.416666666666668,7.828947368421051
devils_advocate,1.5,motivation,39.978070175438596,28.88157894736842,11.096491228070175
devils_advocate,1.5,worldview_alignment,31.228070175438596,20.153508771929825,11.07456140350877
devils_advocate,2.0,emotional_register,40.175438596491226,11.644736842105264,28.530701754385962
devils_advocate,2.0,vocab_choice,48.48684210526316,23.99122807017544,24.49561403508772
devils_advocate,2.0,social_dynamic,40.57017543859649,17.74122807017544,22.828947368421055
devils_advocate,2.0,motivation,50.6578947368421,25.50438596491228,25.153508771929822
devils_advocate,2.0,worldview_alignment,41.55701754385965,16.49122807017544,25.065789473684212
devils_advocate,2.5,emotional_register,50.76754385964912,7.5,43.26754385964912
devils_advocate,2.5,vocab_choice,53.64035087719298,13.618421052631579,40.0219298245614
devils_advocate,2.5,social_dynamic,48.39912280701754,10.614035087719298,37.78508771929825
devils_advocate,2.5,motivation,57.54385964912281,18.662280701754387,38.881578947368425
devils_advocate,2.5,worldview_alignment,50.08771929824562,10.986842105263158,39.10087719298246
dilettante,1.0,emotional_register,36.60087719298246,30.24122807017544,6.359649122807021
dilettante,1.0,vocab_choice,39.60526315789474,36.8859649122807,2.7192982456140413
dilettante,1.0,social_dynamic,38.88157894736842,34.73684210526316,4.14473684210526
dilettante,1.0,motivation,40.24122807017544,34.10087719298246,6.140350877192979
dilettante,1.0,worldview_alignment,35.921052631578945,30.87719298245614,5.043859649122805
dilettante,1.5,emotional_register,46.35964912280702,32.5,13.85964912280702
dilettante,1.5,vocab_choice,49.3640350877193,39.42982456140351,9.934210526315795
dilettante,1.5,social_dynamic,49.276315789473685,38.1359649122807,11.140350877192986
dilettante,1.5,motivation,50.328947368421055,39.05701754385965,11.271929824561404
dilettante,1.5,worldview_alignment,46.49122807017544,35.6140350877193,10.877192982456137
dilettante,2.0,emotional_register,59.42982456140351,22.25877192982456,37.171052631578945
dilettante,2.0,vocab_choice,58.31140350877193,28.114035087719298,30.197368421052634
dilettante,2.0,social_dynamic,59.93421052631579,28.464912280701753,31.469298245614034
dilettante,2.0,motivation,62.01754385964912,35.723684210526315,26.29385964912281
dilettante,2.0,worldview_alignment,59.14473684210526,31.92982456140351,27.21491228070175
dilettante,2.5,emotional_register,63.925438596491226,14.714912280701755,49.21052631578947
dilettante,2.5,vocab_choice,60.85526315789474,16.42543859649123,44.42982456140351
dilettante,2.5,social_dynamic,63.55263157894737,18.114035087719298,45.43859649122807
dilettante,2.5,motivation,67.12719298245614,28.42105263157895,38.70614035087719
dilettante,2.5,worldview_alignment,63.83771929824562,23.223684210526315,40.6140350877193
dispatcher,1.0,emotional_register,52.21491228070175,54.42982456140351,-2.2149122807017534
dispatcher,1.0,vocab_choice,57.5,61.469298245614034,-3.969298245614034
dispatcher,1.0,social_dynamic,49.75877192982456,53.17982456140351,-3.421052631578945
dispatcher,1.0,motivation,56.021929824561404,56.71052631578947,-0.6885964912280684
dispatcher,1.0,worldview_alignment,51.719298245614034,53.1140350877193,-1.3947368421052673
dispatcher,1.5,emotional_register,54.32017543859649,58.1578947368421,-3.8377192982456094
dispatcher,1.5,vocab_choice,54.14473684210526,63.026315789473685,-8.881578947368425
dispatcher,1.5,social_dynamic,50.48245614035088,56.44736842105263,-5.964912280701753
dispatcher,1.5,motivation,58.83771929824562,61.75438596491228,-2.9166666666666643
dispatcher,1.5,worldview_alignment,54.51754385964912,58.026315789473685,-3.5087719298245617
dispatcher,2.0,emotional_register,49.824561403508774,42.083333333333336,7.741228070175438
dispatcher,2.0,vocab_choice,47.30263157894737,44.91228070175438,2.3903508771929864
dispatcher,2.0,social_dynamic,45.98684210526316,41.425438596491226,4.561403508771932
dispatcher,2.0,motivation,56.79824561403509,52.76315789473684,4.035087719298247
dispatcher,2.0,worldview_alignment,51.49122807017544,48.421052631578945,3.0701754385964932
dispatcher,2.5,emotional_register,43.50877192982456,17.390350877192983,26.11842105263158
dispatcher,2.5,vocab_choice,39.56140350877193,18.596491228070175,20.964912280701757
dispatcher,2.5,social_dynamic,41.40350877192982,17.763157894736842,23.64035087719298
dispatcher,2.5,motivation,53.44298245614035,26.62280701754386,26.82017543859649
dispatcher,2.5,worldview_alignment,47.675438596491226,21.62280701754386,26.052631578947366
divorcee,1.0,emotional_register,40.921052631578945,40.43859649122807,0.4824561403508767
divorcee,1.0,vocab_choice,52.12719298245614,51.79824561403509,0.32894736842104777
divorcee,1.0,social_dynamic,45.04385964912281,43.04824561403509,1.9956140350877192
divorcee,1.0,motivation,43.94736842105263,44.18859649122807,-0.24122807017543835
divorcee,1.0,worldview_alignment,41.14035087719298,41.31578947368421,-0.17543859649123306
divorcee,1.5,emotional_register,49.32017543859649,43.48684210526316,5.833333333333336
divorcee,1.5,vocab_choice,57.324561403508774,53.64035087719298,3.6842105263157947
divorcee,1.5,social_dynamic,52.083333333333336,46.51315789473684,5.570175438596493
divorcee,1.5,motivation,53.90350877192982,49.71491228070175,4.188596491228068
divorcee,1.5,worldview_alignment,51.14035087719298,46.73245614035088,4.407894736842103
divorcee,2.0,emotional_register,57.80701754385965,34.64912280701754,23.15789473684211
divorcee,2.0,vocab_choice,60.0,39.95614035087719,20.04385964912281
divorcee,2.0,social_dynamic,58.24561403508772,37.43421052631579,20.81140350877193
divorcee,2.0,motivation,62.69736842105263,46.8421052631579,15.855263157894733
divorcee,2.0,worldview_alignment,59.026315789473685,42.63157894736842,16.394736842105267
divorcee,2.5,emotional_register,61.425438596491226,19.276315789473685,42.14912280701754
divorcee,2.5,vocab_choice,59.78947368421053,18.859649122807017,40.92982456140351
divorcee,2.5,social_dynamic,59.824561403508774,20.482456140350877,39.3421052631579
divorcee,2.5,motivation,66.35964912280701,30.087719298245613,36.2719298245614
divorcee,2.5,worldview_alignment,62.65350877192982,25.70175438596491,36.95175438596491
doctor,1.0,emotional_register,50.93886462882096,47.4235807860262,3.5152838427947586
doctor,1.0,vocab_choice,57.35807860262009,60.109170305676855,-2.7510917030567654
doctor,1.0,social_dynamic,45.21834061135371,42.5764192139738,2.6419213973799103
doctor,1.0,motivation,54.956331877729255,53.60262008733624,1.3537117903930138
doctor,1.0,worldview_alignment,49.23580786026201,48.646288209606986,0.5895196506550207
doctor,1.5,emotional_register,54.62882096069869,49.082969432314414,5.545851528384276
doctor,1.5,vocab_choice,56.069868995633186,59.737991266375545,-3.6681222707423586
doctor,1.5,social_dynamic,47.096069868995635,44.80349344978166,2.2925764192139724
doctor,1.5,motivation,58.01310043668122,57.903930131004365,0.10917030567685515
doctor,1.5,worldview_alignment,52.4235807860262,52.64192139737991,-0.2183406113537103
doctor,2.0,emotional_register,55.98684210526316,31.07456140350877,24.912280701754387
doctor,2.0,vocab_choice,53.223684210526315,39.95614035087719,13.267543859649123
doctor,2.0,social_dynamic,47.19298245614035,30.32894736842105,16.864035087719298
doctor,2.0,motivation,58.223684210526315,45.37280701754386,12.850877192982452
doctor,2.0,worldview_alignment,52.01754385964912,39.89035087719298,12.127192982456144
doctor,2.5,emotional_register,56.17903930131004,16.921397379912662,39.25764192139738
doctor,2.5,vocab_choice,49.45414847161572,20.04366812227074,29.410480349344976
doctor,2.5,social_dynamic,46.39737991266376,14.97816593886463,31.41921397379913
doctor,2.5,motivation,57.838427947598255,26.528384279475983,31.310043668122272
doctor,2.5,worldview_alignment,50.698689956331876,20.895196506550217,29.80349344978166
dreamer,1.0,emotional_register,35.30701754385965,32.23684210526316,3.0701754385964932
dreamer,1.0,vocab_choice,52.41228070175438,48.68421052631579,3.728070175438596
dreamer,1.0,social_dynamic,48.68421052631579,46.40350877192982,2.280701754385966
dreamer,1.0,motivation,44.03508771929825,42.083333333333336,1.951754385964911
dreamer,1.0,worldview_alignment,39.01315789473684,36.776315789473685,2.2368421052631575
dreamer,1.5,emotional_register,44.29824561403509,37.78508771929825,6.5131578947368425
dreamer,1.5,vocab_choice,56.18421052631579,50.833333333333336,5.350877192982452
dreamer,1.5,social_dynamic,55.76754385964912,50.06578947368421,5.701754385964911
dreamer,1.5,motivation,53.223684210526315,49.75877192982456,3.4649122807017534
dreamer,1.5,worldview_alignment,48.00438596491228,44.29824561403509,3.7061403508771917
dreamer,2.0,emotional_register,59.276315789473685,32.78508771929825,26.49122807017544
dreamer,2.0,vocab_choice,64.75877192982456,40.416666666666664,24.342105263157897
dreamer,2.0,social_dynamic,66.29385964912281,42.5,23.79385964912281
dreamer,2.0,motivation,66.0,48.79385964912281,17.20614035087719
dreamer,2.0,worldview_alignment,61.98684210526316,43.1578947368421,18.828947368421055
dreamer,2.5,emotional_register,76.55701754385964,11.68859649122807,64.86842105263158
dreamer,2.5,vocab_choice,75.48245614035088,12.412280701754385,63.07017543859649
dreamer,2.5,social_dynamic,77.41228070175438,15.942982456140351,61.469298245614034
dreamer,2.5,motivation,78.4342105263158,22.43421052631579,56.0
dreamer,2.5,worldview_alignment,76.15350877192982,17.346491228070175,58.807017543859644
echo,1.0,emotional_register,48.68421052631579,46.62280701754386,2.0614035087719245
echo,1.0,vocab_choice,63.76315789473684,62.34649122807018,1.4166666666666643
echo,1.0,social_dynamic,54.13157894736842,52.65350877192982,1.4780701754385959
echo,1.0,motivation,57.521929824561404,56.71052631578947,0.8114035087719316
echo,1.0,worldview_alignment,53.45175438596491,52.96052631578947,0.49122807017543835
echo,1.5,emotional_register,55.87719298245614,48.81578947368421,7.0614035087719245
echo,1.5,vocab_choice,67.39035087719299,61.99561403508772,5.394736842105267
echo,1.5,social_dynamic,59.71491228070175,53.94736842105263,5.767543859649123
echo,1.5,motivation,63.70614035087719,61.16228070175438,2.5438596491228083
echo,1.5,worldview_alignment,59.91228070175438,57.01754385964912,2.89473684210526
echo,2.0,emotional_register,64.29824561403508,41.18421052631579,23.114035087719294
echo,2.0,vocab_choice,69.64912280701755,49.21052631578947,20.438596491228076
echo,2.0,social_dynamic,66.40350877192982,45.43859649122807,20.964912280701753
echo,2.0,motivation,69.64912280701755,56.38157894736842,13.26754385964913
echo,2.0,worldview_alignment,66.38157894736842,51.8421052631579,14.539473684210527
echo,2.5,emotional_register,72.03947368421052,12.412280701754385,59.62719298245614
echo,2.5,vocab_choice,72.60964912280701,13.442982456140351,59.166666666666664
echo,2.5,social_dynamic,71.53508771929825,14.407894736842104,57.127192982456144
echo,2.5,motivation,74.29824561403508,21.68859649122807,52.609649122807014
echo,2.5,worldview_alignment,72.25,17.763157894736842,54.48684210526316
economist,1.0,emotional_register,55.0,57.74122807017544,-2.7412280701754383
economist,1.0,vocab_choice,57.25877192982456,59.824561403508774,-2.5657894736842124
economist,1.0,social_dynamic,53.68421052631579,56.14035087719298,-2.4561403508771917
economist,1.0,motivation,54.3859649122807,56.35964912280702,-1.9736842105263221
economist,1.0,worldview_alignment,49.50877192982456,51.228070175438596,-1.7192982456140342
economist,1.5,emotional_register,55.6359649122807,59.93421052631579,-4.298245614035089
economist,1.5,vocab_choice,55.723684210526315,60.03508771929825,-4.311403508771932
economist,1.5,social_dynamic,53.20175438596491,57.36842105263158,-4.166666666666671
economist,1.5,motivation,55.42982456140351,58.99122807017544,-3.5614035087719316
economist,1.5,worldview_alignment,51.12719298245614,53.78508771929825,-2.6578947368421098
economist,2.0,emotional_register,52.78508771929825,37.60964912280702,15.175438596491226
economist,2.0,vocab_choice,50.921052631578945,37.5,13.421052631578945
economist,2.0,social_dynamic,50.19736842105263,38.1359649122807,12.061403508771932
economist,2.0,motivation,53.925438596491226,46.58771929824562,7.337719298245609
economist,2.0,worldview_alignment,49.21052631578947,40.82017543859649,8.39035087719298
economist,2.5,emotional_register,49.51754385964912,13.640350877192983,35.87719298245614
economist,2.5,vocab_choice,46.074561403508774,12.543859649122806,33.530701754385966
economist,2.5,social_dynamic,47.719298245614034,14.144736842105264,33.57456140350877
economist,2.5,motivation,53.728070175438596,17.719298245614034,36.00877192982456
economist,2.5,worldview_alignment,48.223684210526315,13.969298245614034,34.25438596491228
ecosystem,1.0,emotional_register,35.175438596491226,34.03508771929825,1.1403508771929793
ecosystem,1.0,vocab_choice,45.021929824561404,44.14473684210526,0.877192982456144
ecosystem,1.0,social_dynamic,38.66228070175438,38.85964912280702,-0.1973684210526372
ecosystem,1.0,motivation,36.44736842105263,36.38157894736842,0.0657894736842124
ecosystem,1.0,worldview_alignment,29.517543859649123,29.49561403508772,0.021929824561404132
ecosystem,1.5,emotional_register,42.14912280701754,36.666666666666664,5.482456140350877
ecosystem,1.5,vocab_choice,47.43421052631579,46.95175438596491,0.4824561403508767
ecosystem,1.5,social_dynamic,41.35964912280702,41.44736842105263,-0.08771929824560942
ecosystem,1.5,motivation,42.171052631578945,41.469298245614034,0.7017543859649109
ecosystem,1.5,worldview_alignment,35.10964912280702,33.1578947368421,1.951754385964918
ecosystem,2.0,emotional_register,49.4078947368421,25.81140350877193,23.59649122807017
ecosystem,2.0,vocab_choice,50.54824561403509,32.41228070175438,18.135964912280706
ecosystem,2.0,social_dynamic,48.00438596491228,31.030701754385966,16.973684210526315
ecosystem,2.0,motivation,50.0,35.43859649122807,14.561403508771932
ecosystem,2.0,worldview_alignment,43.421052631578945,26.885964912280702,16.535087719298243
ecosystem,2.5,emotional_register,59.078947368421055,12.171052631578947,46.90789473684211
ecosystem,2.5,vocab_choice,56.666666666666664,12.850877192982455,43.815789473684205
ecosystem,2.5,social_dynamic,55.526315789473685,15.0,40.526315789473685
ecosystem,2.5,motivation,58.99122807017544,18.31140350877193,40.67982456140351
ecosystem,2.5,worldview_alignment,52.55701754385965,12.083333333333334,40.473684210526315
editor,1.0,emotional_register,62.06140350877193,56.030701754385966,6.030701754385966
editor,1.0,vocab_choice,67.14912280701755,63.83771929824562,3.3114035087719316
editor,1.0,social_dynamic,60.85526315789474,55.08771929824562,5.767543859649123
editor,1.0,motivation,66.15350877192982,62.39035087719298,3.7631578947368425
editor,1.0,worldview_alignment,63.06140350877193,58.90350877192982,4.15789473684211
editor,1.5,emotional_register,65.72368421052632,57.93859649122807,7.785087719298247
editor,1.5,vocab_choice,67.21491228070175,63.61842105263158,3.596491228070171
editor,1.5,social_dynamic,63.64035087719298,56.53508771929825,7.105263157894733
editor,1.5,motivation,71.75438596491227,64.16666666666667,7.587719298245602
editor,1.5,worldview_alignment,68.15789473684211,60.67982456140351,7.478070175438603
editor,2.0,emotional_register,66.05263157894737,35.98684210526316,30.065789473684212
editor,2.0,vocab_choice,64.47368421052632,40.921052631578945,23.55263157894737
editor,2.0,social_dynamic,62.60964912280702,37.03947368421053,25.570175438596493
editor,2.0,motivation,71.8201754385965,49.69298245614035,22.127192982456144
editor,2.0,worldview_alignment,67.89473684210526,44.93421052631579,22.960526315789473
editor,2.5,emotional_register,60.48245614035088,13.070175438596491,47.41228070175438
editor,2.5,vocab_choice,57.06140350877193,13.881578947368421,43.17982456140351
editor,2.5,social_dynamic,56.973684210526315,13.771929824561404,43.20175438596491
editor,2.5,motivation,68.20175438596492,19.276315789473685,48.92543859649123
editor,2.5,worldview_alignment,63.75,15.087719298245615,48.66228070175438
egregore,1.0,emotional_register,14.232456140350877,12.412280701754385,1.8201754385964914
egregore,1.0,vocab_choice,21.42543859649123,21.05263157894737,0.3728070175438596
egregore,1.0,social_dynamic,19.473684210526315,19.013157894736842,0.46052631578947256
egregore,1.0,motivation,26.469298245614034,24.69298245614035,1.776315789473685
egregore,1.0,worldview_alignment,14.057017543859649,13.333333333333334,0.723684210526315
egregore,1.5,emotional_register,19.144736842105264,13.530701754385966,5.614035087719298
egregore,1.5,vocab_choice,24.29824561403509,22.039473684210527,2.2587719298245617
egregore,1.5,social_dynamic,23.04824561403509,21.82017543859649,1.2280701754385994
egregore,1.5,motivation,29.93421052631579,26.864035087719298,3.0701754385964932
egregore,1.5,worldview_alignment,18.596491228070175,14.824561403508772,3.7719298245614024
egregore,2.0,emotional_register,30.92105263157895,10.986842105263158,19.93421052631579
egregore,2.0,vocab_choice,33.20175438596491,17.105263157894736,16.096491228070175
egregore,2.0,social_dynamic,33.026315789473685,18.61842105263158,14.407894736842106
egregore,2.0,motivation,42.23684210526316,26.79824561403509,15.438596491228068
egregore,2.0,worldview_alignment,29.890350877192983,14.62719298245614,15.263157894736842
egregore,2.5,emotional_register,52.30263157894737,4.780701754385965,47.521929824561404
egregore,2.5,vocab_choice,51.6140350877193,7.478070175438597,44.135964912280706
egregore,2.5,social_dynamic,50.85526315789474,8.75,42.10526315789474
egregore,2.5,motivation,59.39912280701754,14.912280701754385,44.48684210526316
egregore,2.5,worldview_alignment,51.35964912280702,6.293859649122807,45.06578947368421
elder,1.0,emotional_register,42.41228070175438,44.56140350877193,-2.149122807017548
elder,1.0,vocab_choice,47.171052631578945,51.776315789473685,-4.60526315789474
elder,1.0,social_dynamic,41.05263157894737,43.75,-2.69736842105263
elder,1.0,motivation,52.36842105263158,57.324561403508774,-4.956140350877192
elder,1.0,worldview_alignment,45.56140350877193,50.078947368421055,-4.517543859649123
elder,1.5,emotional_register,46.95175438596491,50.04385964912281,-3.0921052631578974
elder,1.5,vocab_choice,51.73245614035088,55.46052631578947,-3.728070175438596
elder,1.5,social_dynamic,44.93421052631579,49.21052631578947,-4.276315789473685
elder,1.5,motivation,58.17982456140351,62.719298245614034,-4.539473684210527
elder,1.5,worldview_alignment,50.86842105263158,56.11842105263158,-5.25
elder,2.0,emotional_register,53.333333333333336,42.25877192982456,11.074561403508774
elder,2.0,vocab_choice,54.25438596491228,44.10087719298246,10.153508771929822
elder,2.0,social_dynamic,51.71052631578947,41.38157894736842,10.328947368421055
elder,2.0,motivation,64.3201754385965,59.62719298245614,4.692982456140356
elder,2.0,worldview_alignment,57.87719298245614,52.60964912280702,5.267543859649116
elder,2.5,emotional_register,60.28508771929825,18.903508771929825,41.381578947368425
elder,2.5,vocab_choice,59.01315789473684,16.513157894736842,42.5
elder,2.5,social_dynamic,58.50877192982456,18.026315789473685,40.48245614035088
elder,2.5,motivation,69.58333333333333,31.864035087719298,37.71929824561403
elder,2.5,worldview_alignment,64.33771929824562,26.18421052631579,38.15350877192982
eldritch,1.0,emotional_register,7.807017543859649,7.521929824561403,0.2850877192982457
eldritch,1.0,vocab_choice,12.258771929824562,13.421052631578947,-1.1622807017543852
eldritch,1.0,social_dynamic,13.859649122807017,15.0,-1.140350877192983
eldritch,1.0,motivation,17.105263157894736,17.30263157894737,-0.19736842105263364
eldritch,1.0,worldview_alignment,6.521929824561403,6.219298245614035,0.30263157894736814
eldritch,1.5,emotional_register,11.359649122807017,8.618421052631579,2.7412280701754383
eldritch,1.5,vocab_choice,15.241228070175438,14.210526315789474,1.030701754385964
eldritch,1.5,social_dynamic,16.864035087719298,16.666666666666668,0.19736842105263008
eldritch,1.5,motivation,21.44736842105263,20.67982456140351,0.7675438596491198
eldritch,1.5,worldview_alignment,8.881578947368421,7.368421052631579,1.5131578947368425
eldritch,2.0,emotional_register,21.513157894736842,7.192982456140351,14.320175438596491
eldritch,2.0,vocab_choice,23.837719298245613,11.75438596491228,12.083333333333332
eldritch,2.0,social_dynamic,25.285087719298247,14.057017543859649,11.228070175438598
eldritch,2.0,motivation,30.723684210526315,20.087719298245613,10.635964912280702
eldritch,2.0,worldview_alignment,18.026315789473685,7.017543859649122,11.008771929824562
eldritch,2.5,emotional_register,42.98245614035088,3.1798245614035086,39.80263157894737
eldritch,2.5,vocab_choice,44.51754385964912,6.565789473684211,37.95175438596491
eldritch,2.5,social_dynamic,43.90350877192982,6.776315789473684,37.12719298245614
eldritch,2.5,motivation,48.223684210526315,10.50438596491228,37.719298245614034
eldritch,2.5,worldview_alignment,39.18859649122807,2.8640350877192984,36.32456140350877
emissary,1.0,emotional_register,63.574561403508774,63.50877192982456,0.0657894736842124
emissary,1.0,vocab_choice,67.25877192982456,69.9780701754386,-2.7192982456140413
emissary,1.0,social_dynamic,61.578947368421055,61.8421052631579,-0.2631578947368425
emissary,1.0,motivation,69.27631578947368,68.58333333333333,0.6929824561403564
emissary,1.0,worldview_alignment,65.67105263157895,64.82456140350877,0.8464912280701782
emissary,1.5,emotional_register,65.21929824561404,65.13157894736842,0.08771929824561653
emissary,1.5,vocab_choice,65.08771929824562,68.33333333333333,-3.245614035087712
emissary,1.5,social_dynamic,61.75438596491228,64.71491228070175,-2.9605263157894726
emissary,1.5,motivation,71.20614035087719,72.01754385964912,-0.8114035087719316
emissary,1.5,worldview_alignment,66.8859649122807,68.6842105263158,-1.7982456140350962
emissary,2.0,emotional_register,66.64473684210526,48.61842105263158,18.026315789473678
emissary,2.0,vocab_choice,63.28947368421053,49.473684210526315,13.815789473684212
emissary,2.0,social_dynamic,62.719298245614034,48.1359649122807,14.583333333333336
emissary,2.0,motivation,73.1359649122807,62.10526315789474,11.030701754385959
emissary,2.0,worldview_alignment,68.55263157894737,56.99561403508772,11.55701754385965
emissary,2.5,emotional_register,62.916666666666664,21.030701754385966,41.8859649122807
emissary,2.5,vocab_choice,56.82017543859649,20.789473684210527,36.030701754385966
emissary,2.5,social_dynamic,58.81578947368421,20.986842105263158,37.828947368421055
emissary,2.5,motivation,70.17543859649123,33.07017543859649,37.10526315789474
emissary,2.5,worldview_alignment,65.30701754385964,28.42105263157895,36.8859649122807
empath,1.0,emotional_register,42.379912663755455,40.02183406113537,2.3580786026200826
empath,1.0,vocab_choice,58.66812227074236,58.799126637554586,-0.1310043668122276
empath,1.0,social_dynamic,51.92139737991266,50.17467248908297,1.7467248908296895
empath,1.0,motivation,52.40174672489083,52.07423580786026,0.32751091703056545
empath,1.0,worldview_alignment,47.86026200873363,47.07423580786026,0.7860262008733656
empath,1.5,emotional_register,49.148471615720524,44.62882096069869,4.5196506550218345
empath,1.5,vocab_choice,59.0174672489083,60.109170305676855,-1.0917030567685586
empath,1.5,social_dynamic,55.65502183406114,55.633187772925766,0.02183406113537245
empath,1.5,motivation,57.64192139737991,58.34061135371179,-0.6986899563318829
empath,1.5,worldview_alignment,53.11353711790393,53.24454148471616,-0.1310043668122276
empath,2.0,emotional_register,58.01310043668122,39.06113537117904,18.95196506550218
empath,2.0,vocab_choice,61.7467248908297,44.25764192139738,17.489082969432317
empath,2.0,social_dynamic,60.698689956331876,44.62882096069869,16.069868995633186
empath,2.0,motivation,64.17030567685589,55.13100436681223,9.039301310043662
empath,2.0,worldview_alignment,59.903930131004365,49.54148471615721,10.362445414847159
empath,2.5,emotional_register,65.4585152838428,18.056768558951966,47.401746724890835
empath,2.5,vocab_choice,63.777292576419214,17.685589519650655,46.09170305676856
empath,2.5,social_dynamic,64.95633187772926,20.0,44.956331877729255
empath,2.5,motivation,67.9475982532751,28.930131004366814,39.01746724890829
empath,2.5,worldview_alignment,63.75545851528384,23.733624454148472,40.021834061135365
engineer,1.0,emotional_register,67.30263157894737,64.27631578947368,3.026315789473685
engineer,1.0,vocab_choice,71.97368421052632,71.14035087719299,0.8333333333333286
engineer,1.0,social_dynamic,67.39035087719299,64.16666666666667,3.223684210526315
engineer,1.0,motivation,72.8859649122807,70.41666666666667,2.469298245614027
engineer,1.0,worldview_alignment,69.75877192982456,67.39035087719299,2.368421052631575
engineer,1.5,emotional_register,69.89035087719299,65.04385964912281,4.846491228070178
engineer,1.5,vocab_choice,72.19298245614036,69.86842105263158,2.324561403508781
engineer,1.5,social_dynamic,68.92543859649123,64.49561403508773,4.429824561403507
engineer,1.5,motivation,76.6140350877193,71.73245614035088,4.881578947368425
engineer,1.5,worldview_alignment,72.91666666666667,68.59649122807018,4.320175438596493
engineer,2.0,emotional_register,70.83333333333333,41.578947368421055,29.254385964912274
engineer,2.0,vocab_choice,72.53508771929825,45.48245614035088,27.05263157894737
engineer,2.0,social_dynamic,70.55701754385964,43.1578947368421,27.39912280701754
engineer,2.0,motivation,78.09210526315789,56.11842105263158,21.973684210526308
engineer,2.0,worldview_alignment,75.02631578947368,51.11842105263158,23.907894736842103
engineer,2.5,emotional_register,65.81140350877193,17.93859649122807,47.87280701754386
engineer,2.5,vocab_choice,65.32894736842105,19.25438596491228,46.074561403508774
engineer,2.5,social_dynamic,64.14473684210526,20.50438596491228,43.64035087719298
engineer,2.5,motivation,74.3201754385965,28.289473684210527,46.030701754385966
engineer,2.5,worldview_alignment,70.95614035087719,23.92543859649123,47.03070175438596
entrepreneur,1.0,emotional_register,61.8421052631579,58.771929824561404,3.0701754385964932
entrepreneur,1.0,vocab_choice,67.78508771929825,67.19298245614036,0.5921052631578902
entrepreneur,1.0,social_dynamic,61.64473684210526,59.53947368421053,2.1052631578947327
entrepreneur,1.0,motivation,67.79824561403508,65.39473684210526,2.403508771929822
entrepreneur,1.0,worldview_alignment,64.82456140350877,62.12719298245614,2.69736842105263
entrepreneur,1.5,emotional_register,66.49122807017544,60.0,6.491228070175438
entrepreneur,1.5,vocab_choice,69.9342105263158,67.71929824561404,2.2149122807017534
entrepreneur,1.5,social_dynamic,65.6798245614035,60.74561403508772,4.934210526315788
entrepreneur,1.5,motivation,73.61842105263158,68.09210526315789,5.526315789473685
entrepreneur,1.5,worldview_alignment,70.47368421052632,64.64912280701755,5.824561403508767
entrepreneur,2.0,emotional_register,70.43859649122807,41.030701754385966,29.407894736842103
entrepreneur,2.0,vocab_choice,70.26315789473684,47.34649122807018,22.916666666666657
entrepreneur,2.0,social_dynamic,68.39912280701755,41.95175438596491,26.447368421052637
entrepreneur,2.0,motivation,76.60087719298245,56.35964912280702,20.24122807017543
entrepreneur,2.0,worldview_alignment,73.63157894736842,51.578947368421055,22.05263157894737
entrepreneur,2.5,emotional_register,68.50877192982456,23.267543859649123,45.24122807017544
entrepreneur,2.5,vocab_choice,66.46929824561404,26.79824561403509,39.67105263157895
entrepreneur,2.5,social_dynamic,65.65789473684211,24.166666666666668,41.49122807017544
entrepreneur,2.5,motivation,75.19736842105263,37.521929824561404,37.675438596491226
entrepreneur,2.5,worldview_alignment,71.64473684210526,32.36842105263158,39.27631578947368
evaluator,1.0,emotional_register,65.96491228070175,67.34649122807018,-1.3815789473684248
evaluator,1.0,vocab_choice,70.0,74.3201754385965,-4.320175438596493
evaluator,1.0,social_dynamic,64.56140350877193,67.65350877192982,-3.0921052631578902
evaluator,1.0,motivation,73.44298245614036,73.54385964912281,-0.1008771929824519
evaluator,1.0,worldview_alignment,70.43859649122807,70.53947368421052,-0.1008771929824519
evaluator,1.5,emotional_register,62.01754385964912,68.02631578947368,-6.008771929824562
evaluator,1.5,vocab_choice,64.03508771929825,72.85087719298245,-8.815789473684205
evaluator,1.5,social_dynamic,60.30701754385965,68.02631578947368,-7.719298245614034
evaluator,1.5,motivation,71.2719298245614,74.91228070175438,-3.6403508771929864
evaluator,1.5,worldview_alignment,66.50438596491227,71.90789473684211,-5.403508771929836
evaluator,2.0,emotional_register,57.478070175438596,48.1359649122807,9.342105263157897
evaluator,2.0,vocab_choice,56.71052631578947,50.328947368421055,6.381578947368418
evaluator,2.0,social_dynamic,54.60526315789474,49.276315789473685,5.328947368421055
evaluator,2.0,motivation,66.9298245614035,62.87280701754386,4.057017543859644
evaluator,2.0,worldview_alignment,61.62280701754386,58.17982456140351,3.4429824561403564
evaluator,2.5,emotional_register,51.20614035087719,21.337719298245613,29.86842105263158
evaluator,2.5,vocab_choice,46.53508771929825,23.37719298245614,23.157894736842106
evaluator,2.5,social_dynamic,47.96052631578947,24.45175438596491,23.50877192982456
evaluator,2.5,motivation,62.63157894736842,32.80701754385965,29.824561403508767
evaluator,2.5,worldview_alignment,56.92982456140351,27.785087719298247,29.14473684210526
evangelist,1.0,emotional_register,24.407894736842106,25.767543859649123,-1.359649122807017
evangelist,1.0,vocab_choice,41.666666666666664,43.35526315789474,-1.6885964912280755
evangelist,1.0,social_dynamic,31.55701754385965,33.026315789473685,-1.4692982456140342
evangelist,1.0,motivation,30.526315789473685,30.635964912280702,-0.10964912280701711
evangelist,1.0,worldview_alignment,20.592105263157894,21.162280701754387,-0.5701754385964932
evangelist,1.5,emotional_register,28.00438596491228,28.00438596491228,0.0
evangelist,1.5,vocab_choice,41.469298245614034,43.55263157894737,-2.0833333333333357
evangelist,1.5,social_dynamic,33.68421052631579,34.69298245614035,-1.0087719298245617
evangelist,1.5,motivation,31.25,33.20175438596491,-1.951754385964911
evangelist,1.5,worldview_alignment,22.17105263157895,23.75,-1.5789473684210513
evangelist,2.0,emotional_register,31.75438596491228,20.416666666666668,11.337719298245613
evangelist,2.0,vocab_choice,42.25877192982456,34.03508771929825,8.223684210526315
evangelist,2.0,social_dynamic,35.98684210526316,28.596491228070175,7.390350877192983
evangelist,2.0,motivation,34.53947368421053,30.789473684210527,3.75
evangelist,2.0,worldview_alignment,24.736842105263158,20.657894736842106,4.078947368421051
evangelist,2.5,emotional_register,34.75877192982456,8.881578947368421,25.87719298245614
evangelist,2.5,vocab_choice,42.21491228070175,13.68421052631579,28.530701754385966
evangelist,2.5,social_dynamic,37.45614035087719,12.017543859649123,25.43859649122807
evangelist,2.5,motivation,39.18859649122807,14.013157894736842,25.175438596491226
evangelist,2.5,worldview_alignment,28.267543859649123,7.850877192982456,20.416666666666668
examiner,1.0,emotional_register,54.583333333333336,52.74122807017544,1.8421052631578974
examiner,1.0,vocab_choice,61.20614035087719,63.223684210526315,-2.0175438596491233
examiner,1.0,social_dynamic,52.89473684210526,54.29824561403509,-1.403508771929829
examiner,1.0,motivation,60.04385964912281,59.18859649122807,0.8552631578947398
examiner,1.0,worldview_alignment,55.71491228070175,54.166666666666664,1.548245614035089
examiner,1.5,emotional_register,53.64035087719298,54.86842105263158,-1.228070175438603
examiner,1.5,vocab_choice,59.45175438596491,62.45614035087719,-3.004385964912281
examiner,1.5,social_dynamic,53.24561403508772,56.29385964912281,-3.048245614035089
examiner,1.5,motivation,61.64473684210526,60.57017543859649,1.074561403508767
examiner,1.5,worldview_alignment,56.85964912280702,56.00877192982456,0.850877192982459
examiner,2.0,emotional_register,50.85526315789474,35.87719298245614,14.978070175438603
examiner,2.0,vocab_choice,52.828947368421055,41.14035087719298,11.688596491228076
examiner,2.0,social_dynamic,48.1578947368421,38.66228070175438,9.49561403508772
examiner,2.0,motivation,59.86842105263158,49.42982456140351,10.438596491228076
examiner,2.0,worldview_alignment,53.925438596491226,43.87280701754386,10.052631578947363
examiner,2.5,emotional_register,42.719298245614034,16.75438596491228,25.964912280701753
examiner,2.5,vocab_choice,42.41228070175438,19.05701754385965,23.355263157894733
examiner,2.5,social_dynamic,40.57017543859649,19.342105263157894,21.2280701754386
examiner,2.5,motivation,52.39035087719298,24.144736842105264,28.245614035087716
examiner,2.5,worldview_alignment,46.228070175438596,19.12280701754386,27.105263157894736
exile,1.0,emotional_register,22.982456140350877,20.416666666666668,2.565789473684209
exile,1.0,vocab_choice,36.40350877192982,35.98684210526316,0.4166666666666643
exile,1.0,social_dynamic,29.780701754385966,29.69298245614035,0.08771929824561653
exile,1.0,motivation,27.06140350877193,24.912280701754387,2.1491228070175445
exile,1.0,worldview_alignment,22.149122807017545,19.67105263157895,2.478070175438596
exile,1.5,emotional_register,26.666666666666668,23.20175438596491,3.464912280701757
exile,1.5,vocab_choice,38.66228070175438,38.574561403508774,0.08771929824560942
exile,1.5,social_dynamic,32.74122807017544,32.521929824561404,0.21929824561403422
exile,1.5,motivation,32.93859649122807,28.61842105263158,4.32017543859649
exile,1.5,worldview_alignment,27.45614035087719,23.837719298245613,3.6184210526315788
exile,2.0,emotional_register,34.18859649122807,17.587719298245613,16.600877192982455
exile,2.0,vocab_choice,41.973684210526315,28.135964912280702,13.837719298245613
exile,2.0,social_dynamic,38.39912280701754,25.54824561403509,12.850877192982452
exile,2.0,motivation,39.671052631578945,26.030701754385966,13.64035087719298
exile,2.0,worldview_alignment,33.81578947368421,19.912280701754387,13.903508771929825
exile,2.5,emotional_register,43.85964912280702,9.385964912280702,34.473684210526315
exile,2.5,vocab_choice,48.50877192982456,13.048245614035087,35.46052631578947
exile,2.5,social_dynamic,45.87719298245614,13.00438596491228,32.872807017543856
exile,2.5,motivation,48.94736842105263,15.614035087719298,33.33333333333333
exile,2.5,worldview_alignment,43.26754385964912,10.75,32.51754385964912
expatriate,1.0,emotional_register,58.333333333333336,52.23684210526316,6.096491228070178
expatriate,1.0,vocab_choice,65.89912280701755,62.36842105263158,3.530701754385966
expatriate,1.0,social_dynamic,59.80263157894737,53.79385964912281,6.008771929824562
expatriate,1.0,motivation,65.58333333333333,60.48245614035088,5.100877192982452
expatriate,1.0,worldview_alignment,61.35964912280702,55.56140350877193,5.798245614035089
expatriate,1.5,emotional_register,66.49122807017544,53.17982456140351,13.311403508771932
expatriate,1.5,vocab_choice,68.35526315789474,61.8859649122807,6.469298245614041
expatriate,1.5,social_dynamic,65.6798245614035,54.94736842105263,10.732456140350877
expatriate,1.5,motivation,73.85964912280701,64.0,9.859649122807014
expatriate,1.5,worldview_alignment,69.75877192982456,58.50877192982456,11.25
expatriate,2.0,emotional_register,69.12280701754386,37.03947368421053,32.083333333333336
expatriate,2.0,vocab_choice,67.60964912280701,42.41228070175438,25.19736842105263
expatriate,2.0,social_dynamic,68.33333333333333,38.66228070175438,29.671052631578945
expatriate,2.0,motivation,76.17543859649123,53.66228070175438,22.51315789473685
expatriate,2.0,worldview_alignment,72.36842105263158,47.93859649122807,24.429824561403507
expatriate,2.5,emotional_register,68.24561403508773,18.157894736842106,50.08771929824562
expatriate,2.5,vocab_choice,62.93859649122807,18.94736842105263,43.99122807017544
expatriate,2.5,social_dynamic,65.39473684210526,20.32894736842105,45.065789473684205
expatriate,2.5,motivation,74.80263157894737,32.39035087719298,42.41228070175439
expatriate,2.5,worldview_alignment,70.59210526315789,26.973684210526315,43.618421052631575
facilitator,1.0,emotional_register,72.98245614035088,69.60526315789474,3.377192982456137
facilitator,1.0,vocab_choice,76.20614035087719,74.73684210526316,1.469298245614027
facilitator,1.0,social_dynamic,71.2280701754386,68.50877192982456,2.7192982456140413
facilitator,1.0,motivation,76.35964912280701,75.15350877192982,1.2061403508771917
facilitator,1.0,worldview_alignment,74.9780701754386,73.20175438596492,1.776315789473685
facilitator,1.5,emotional_register,72.85087719298245,71.79824561403508,1.05263157894737
facilitator,1.5,vocab_choice,71.95175438596492,74.10087719298245,-2.149122807017534
facilitator,1.5,social_dynamic,70.48245614035088,71.8640350877193,-1.3815789473684248
facilitator,1.5,motivation,76.83333333333333,78.64035087719299,-1.8070175438596578
facilitator,1.5,worldview_alignment,74.5701754385965,76.53508771929825,-1.9649122807017534
facilitator,2.0,emotional_register,67.23684210526316,55.04385964912281,12.192982456140356
facilitator,2.0,vocab_choice,62.324561403508774,55.39473684210526,6.929824561403514
facilitator,2.0,social_dynamic,62.98245614035088,55.26315789473684,7.719298245614034
facilitator,2.0,motivation,72.32456140350877,68.0701754385965,4.254385964912274
facilitator,2.0,worldview_alignment,68.37719298245614,64.34210526315789,4.035087719298247
facilitator,2.5,emotional_register,59.86842105263158,24.56140350877193,35.30701754385965
facilitator,2.5,vocab_choice,52.521929824561404,23.157894736842106,29.364035087719298
facilitator,2.5,social_dynamic,55.37280701754386,24.144736842105264,31.2280701754386
facilitator,2.5,motivation,65.50438596491227,35.43859649122807,30.065789473684205
facilitator,2.5,worldview_alignment,61.50438596491228,30.74561403508772,30.75877192982456
familiar,1.0,emotional_register,46.51315789473684,39.780701754385966,6.732456140350877
familiar,1.0,vocab_choice,54.3859649122807,52.60964912280702,1.7763157894736779
familiar,1.0,social_dynamic,45.6359649122807,41.35964912280702,4.276315789473678
familiar,1.0,motivation,54.84649122807018,48.68421052631579,6.162280701754391
familiar,1.0,worldview_alignment,49.95614035087719,44.3640350877193,5.59210526315789
familiar,1.5,emotional_register,53.24561403508772,42.01754385964912,11.228070175438596
familiar,1.5,vocab_choice,60.74561403508772,53.44298245614035,7.30263157894737
familiar,1.5,social_dynamic,52.8859649122807,43.04824561403509,9.83771929824561
familiar,1.5,motivation,61.39035087719298,53.1578947368421,8.232456140350877
familiar,1.5,worldview_alignment,57.41228070175438,48.35526315789474,9.057017543859644
familiar,2.0,emotional_register,61.55701754385965,30.789473684210527,30.767543859649123
familiar,2.0,vocab_choice,64.40789473684211,40.39473684210526,24.01315789473685
familiar,2.0,social_dynamic,59.473684210526315,32.76315789473684,26.710526315789473
familiar,2.0,motivation,66.38157894736842,46.00877192982456,20.372807017543863
familiar,2.0,worldview_alignment,62.56140350877193,40.526315789473685,22.035087719298247
familiar,2.5,emotional_register,66.25,10.723684210526315,55.526315789473685
familiar,2.5,vocab_choice,65.6140350877193,13.991228070175438,51.62280701754386
familiar,2.5,social_dynamic,62.083333333333336,12.258771929824562,49.824561403508774
familiar,2.5,motivation,67.63157894736842,19.780701754385966,47.85087719298246
familiar,2.5,worldview_alignment,64.04824561403508,15.197368421052632,48.85087719298245
fixer,1.0,emotional_register,51.29385964912281,41.55701754385965,9.736842105263158
fixer,1.0,vocab_choice,55.43859649122807,51.51315789473684,3.925438596491226
fixer,1.0,social_dynamic,48.925438596491226,42.280701754385966,6.64473684210526
fixer,1.0,motivation,56.95175438596491,46.49122807017544,10.460526315789473
fixer,1.0,worldview_alignment,50.15350877192982,40.45175438596491,9.701754385964911
fixer,1.5,emotional_register,60.30701754385965,42.521929824561404,17.785087719298247
fixer,1.5,vocab_choice,60.6578947368421,51.40350877192982,9.25438596491228
fixer,1.5,social_dynamic,58.39912280701754,42.719298245614034,15.679824561403507
fixer,1.5,motivation,66.62280701754386,49.42982456140351,17.192982456140356
fixer,1.5,worldview_alignment,61.38157894736842,42.74122807017544,18.64035087719298
fixer,2.0,emotional_register,67.63157894736842,31.29385964912281,36.33771929824562
fixer,2.0,vocab_choice,64.21052631578948,37.58771929824562,26.622807017543863
fixer,2.0,social_dynamic,65.5701754385965,32.34649122807018,33.223684210526315
fixer,2.0,motivation,73.54385964912281,43.70614035087719,29.837719298245617
fixer,2.0,worldview_alignment,69.24122807017544,36.776315789473685,32.46491228070175
fixer,2.5,emotional_register,66.07456140350877,16.42543859649123,49.649122807017534
fixer,2.5,vocab_choice,63.50877192982456,20.767543859649123,42.74122807017544
fixer,2.5,social_dynamic,64.12280701754386,18.24561403508772,45.877192982456144
fixer,2.5,motivation,69.58333333333333,30.57017543859649,39.013157894736835
fixer,2.5,worldview_alignment,65.92105263157895,23.68421052631579,42.23684210526315
flaneur,1.0,emotional_register,31.030701754385966,27.43421052631579,3.5964912280701746
flaneur,1.0,vocab_choice,38.68421052631579,37.25877192982456,1.425438596491226
flaneur,1.0,social_dynamic,33.66228070175438,31.644736842105264,2.0175438596491198
flaneur,1.0,motivation,41.8421052631579,37.23684210526316,4.60526315789474
flaneur,1.0,worldview_alignment,31.666666666666668,27.30263157894737,4.364035087719298
flaneur,1.5,emotional_register,39.671052631578945,30.899122807017545,8.7719298245614
flaneur,1.5,vocab_choice,44.05701754385965,40.04385964912281,4.0131578947368425
flaneur,1.5,social_dynamic,40.0,34.4078947368421,5.592105263157897
flaneur,1.5,motivation,49.89035087719298,43.61842105263158,6.271929824561397
flaneur,1.5,worldview_alignment,41.16228070175438,32.58771929824562,8.574561403508767
flaneur,2.0,emotional_register,48.90350877192982,28.333333333333332,20.57017543859649
flaneur,2.0,vocab_choice,49.45175438596491,33.59649122807018,15.855263157894733
flaneur,2.0,social_dynamic,47.78508771929825,32.01754385964912,15.767543859649123
flaneur,2.0,motivation,57.87280701754386,45.57017543859649,12.30263157894737
flaneur,2.0,worldview_alignment,49.69298245614035,34.51754385964912,15.175438596491226
flaneur,2.5,emotional_register,60.6359649122807,11.973684210526315,48.66228070175438
flaneur,2.5,vocab_choice,57.63157894736842,12.93859649122807,44.69298245614035
flaneur,2.5,social_dynamic,59.671052631578945,14.583333333333334,45.08771929824561
flaneur,2.5,motivation,67.39035087719299,27.56578947368421,39.82456140350878
flaneur,2.5,worldview_alignment,62.21052631578947,18.50877192982456,43.70175438596491
fool,1.0,emotional_register,17.06140350877193,17.412280701754387,-0.35087719298245545
fool,1.0,vocab_choice,21.42543859649123,21.42543859649123,0.0
fool,1.0,social_dynamic,22.017543859649123,22.280701754385966,-0.2631578947368425
fool,1.0,motivation,33.66228070175438,36.92982456140351,-3.2675438596491233
fool,1.0,worldview_alignment,24.013157894736842,26.600877192982455,-2.587719298245613
fool,1.5,emotional_register,24.69298245614035,22.93859649122807,1.7543859649122808
fool,1.5,vocab_choice,26.710526315789473,24.978070175438596,1.7324561403508767
fool,1.5,social_dynamic,27.69736842105263,27.93859649122807,-0.24122807017543835
fool,1.5,motivation,42.01754385964912,43.026315789473685,-1.0087719298245617
fool,1.5,worldview_alignment,31.644736842105264,32.45614035087719,-0.811403508771928
fool,2.0,emotional_register,33.85964912280702,21.885964912280702,11.973684210526319
fool,2.0,vocab_choice,34.69298245614035,21.68859649122807,13.00438596491228
fool,2.0,social_dynamic,36.228070175438596,25.460526315789473,10.767543859649123
fool,2.0,motivation,52.19298245614035,46.29385964912281,5.899122807017541
fool,2.0,worldview_alignment,42.18421052631579,34.53947368421053,7.64473684210526
fool,2.5,emotional_register,45.219298245614034,18.662280701754387,26.557017543859647
fool,2.5,vocab_choice,43.85964912280702,14.649122807017545,29.210526315789476
fool,2.5,social_dynamic,46.8640350877193,20.06578947368421,26.798245614035093
fool,2.5,motivation,59.62719298245614,38.48684210526316,21.14035087719298
fool,2.5,worldview_alignment,51.28508771929825,26.403508771929825,24.88157894736842
forecaster,1.0,emotional_register,55.15350877192982,48.81578947368421,6.337719298245609
forecaster,1.0,vocab_choice,61.99561403508772,60.96491228070175,1.0307017543859658
forecaster,1.0,social_dynamic,55.723684210526315,51.8640350877193,3.8596491228070136
forecaster,1.0,motivation,64.69298245614036,58.35526315789474,6.3377192982456165
forecaster,1.0,worldview_alignment,59.10087719298246,52.89473684210526,6.206140350877199
forecaster,1.5,emotional_register,60.08771929824562,49.03508771929825,11.05263157894737
forecaster,1.5,vocab_choice,62.58771929824562,60.57017543859649,2.0175438596491233
forecaster,1.5,social_dynamic,58.59649122807018,52.85087719298246,5.745614035087719
forecaster,1.5,motivation,68.61842105263158,61.973684210526315,6.64473684210526
forecaster,1.5,worldview_alignment,62.5,55.84649122807018,6.653508771929822
forecaster,2.0,emotional_register,60.78947368421053,29.232456140350877,31.55701754385965
forecaster,2.0,vocab_choice,59.53947368421053,37.43421052631579,22.10526315789474
forecaster,2.0,social_dynamic,58.574561403508774,34.53947368421053,24.035087719298247
forecaster,2.0,motivation,69.29824561403508,47.98245614035088,21.315789473684205
forecaster,2.0,worldview_alignment,63.49122807017544,41.73245614035088,21.75877192982456
forecaster,2.5,emotional_register,61.14035087719298,11.491228070175438,49.64912280701754
forecaster,2.5,vocab_choice,56.71052631578947,14.517543859649123,42.19298245614035
forecaster,2.5,social_dynamic,58.04824561403509,14.320175438596491,43.728070175438596
forecaster,2.5,motivation,69.07894736842105,22.06140350877193,47.01754385964912
forecaster,2.5,worldview_alignment,63.28947368421053,16.710526315789473,46.578947368421055
futurist,1.0,emotional_register,65.96491228070175,61.62280701754386,4.34210526315789
futurist,1.0,vocab_choice,70.6359649122807,69.86842105263158,0.7675438596491233
futurist,1.0,social_dynamic,66.9298245614035,64.16666666666667,2.7631578947368354
futurist,1.0,motivation,72.10526315789474,68.83771929824562,3.2675438596491233
futurist,1.0,worldview_alignment,67.95175438596492,65.58333333333333,2.3684210526315894
futurist,1.5,emotional_register,67.96052631578948,61.776315789473685,6.184210526315795
futurist,1.5,vocab_choice,69.4298245614035,67.91666666666667,1.5131578947368354
futurist,1.5,social_dynamic,66.97368421052632,64.14473684210526,2.828947368421055
futurist,1.5,motivation,72.71929824561404,71.66666666666667,1.05263157894737
futurist,1.5,worldview_alignment,68.94736842105263,67.25438596491227,1.6929824561403564
futurist,2.0,emotional_register,67.25877192982456,39.473684210526315,27.785087719298247
futurist,2.0,vocab_choice,66.71052631578948,44.780701754385966,21.929824561403514
futurist,2.0,social_dynamic,65.83333333333333,44.05701754385965,21.776315789473678
futurist,2.0,motivation,72.71929824561404,57.96052631578947,14.758771929824569
futurist,2.0,worldview_alignment,69.1140350877193,52.828947368421055,16.285087719298247
futurist,2.5,emotional_register,63.88157894736842,13.530701754385966,50.35087719298245
futurist,2.5,vocab_choice,59.75877192982456,16.973684210526315,42.78508771929825
futurist,2.5,social_dynamic,60.723684210526315,17.54385964912281,43.17982456140351
futurist,2.5,motivation,67.76315789473684,26.25,41.513157894736835
futurist,2.5,worldview_alignment,62.82017543859649,21.842105263157894,40.9780701754386
gamer,1.0,emotional_register,31.18421052631579,26.535087719298247,4.6491228070175445
gamer,1.0,vocab_choice,36.29385964912281,32.78508771929825,3.5087719298245617
gamer,1.0,social_dynamic,31.710526315789473,27.478070175438596,4.232456140350877
gamer,1.0,motivation,40.328947368421055,35.54824561403509,4.780701754385966
gamer,1.0,worldview_alignment,34.671052631578945,30.37280701754386,4.2982456140350855
gamer,1.5,emotional_register,35.328947368421055,27.017543859649123,8.311403508771932
gamer,1.5,vocab_choice,38.70614035087719,33.44298245614035,5.2631578947368425
gamer,1.5,social_dynamic,35.723684210526315,28.99122807017544,6.732456140350877
gamer,1.5,motivation,43.68421052631579,37.96052631578947,5.723684210526315
gamer,1.5,worldview_alignment,38.223684210526315,32.80701754385965,5.416666666666664
gamer,2.0,emotional_register,44.824561403508774,16.842105263157894,27.98245614035088
gamer,2.0,vocab_choice,44.49561403508772,24.407894736842106,20.087719298245613
gamer,2.0,social_dynamic,42.96052631578947,21.25,21.710526315789473
gamer,2.0,motivation,52.828947368421055,36.05263157894737,16.776315789473685
gamer,2.0,worldview_alignment,47.34649122807018,30.723684210526315,16.622807017543863
gamer,2.5,emotional_register,51.73245614035088,9.210526315789474,42.521929824561404
gamer,2.5,vocab_choice,49.276315789473685,12.785087719298245,36.49122807017544
gamer,2.5,social_dynamic,49.21052631578947,11.206140350877194,38.00438596491228
gamer,2.5,motivation,58.81578947368421,22.653508771929825,36.16228070175438
gamer,2.5,worldview_alignment,53.1578947368421,16.469298245614034,36.68859649122807
generalist,1.0,emotional_register,69.80263157894737,68.59649122807018,1.2061403508771917
generalist,1.0,vocab_choice,76.33771929824562,74.3640350877193,1.973684210526315
generalist,1.0,social_dynamic,71.29385964912281,69.23245614035088,2.0614035087719316
generalist,1.0,motivation,80.15350877192982,78.28947368421052,1.8640350877193015
generalist,1.0,worldview_alignment,77.04824561403508,74.86842105263158,2.1798245614035068
generalist,1.5,emotional_register,73.04824561403508,67.85087719298245,5.19736842105263
generalist,1.5,vocab_choice,75.6798245614035,72.91666666666667,2.7631578947368354
generalist,1.5,social_dynamic,72.23684210526316,69.16666666666667,3.0701754385964932
generalist,1.5,motivation,82.63157894736842,78.59649122807018,4.035087719298247
generalist,1.5,worldview_alignment,79.15789473684211,75.53947368421052,3.6184210526315894
generalist,2.0,emotional_register,72.85087719298245,46.40350877192982,26.44736842105263
generalist,2.0,vocab_choice,74.62719298245614,50.175438596491226,24.45175438596491
generalist,2.0,social_dynamic,72.58771929824562,48.83771929824562,23.75
generalist,2.0,motivation,83.59649122807018,64.67105263157895,18.925438596491233
generalist,2.0,worldview_alignment,79.76315789473684,59.86842105263158,19.894736842105253
generalist,2.5,emotional_register,72.10526315789474,18.530701754385966,53.574561403508774
generalist,2.5,vocab_choice,71.38157894736842,19.05701754385965,52.324561403508774
generalist,2.5,social_dynamic,70.5701754385965,20.614035087719298,49.95614035087719
generalist,2.5,motivation,82.20614035087719,32.65350877192982,49.55263157894737
generalist,2.5,worldview_alignment,77.84210526315789,27.45614035087719,50.3859649122807
genie,1.0,emotional_register,18.837719298245613,18.44298245614035,0.3947368421052637
genie,1.0,vocab_choice,26.75438596491228,26.030701754385966,0.723684210526315
genie,1.0,social_dynamic,22.763157894736842,23.903508771929825,-1.140350877192983
genie,1.0,motivation,42.69736842105263,42.54385964912281,0.15350877192982182
genie,1.0,worldview_alignment,29.56140350877193,28.728070175438596,0.8333333333333357
genie,1.5,emotional_register,21.096491228070175,20.855263157894736,0.24122807017543835
genie,1.5,vocab_choice,28.157894736842106,28.75,-0.5921052631578938
genie,1.5,social_dynamic,24.714912280701753,26.62280701754386,-1.9078947368421062
genie,1.5,motivation,43.68421052631579,48.28947368421053,-4.60526315789474
genie,1.5,worldview_alignment,31.57894736842105,33.99122807017544,-2.412280701754387
genie,2.0,emotional_register,25.986842105263158,16.600877192982455,9.385964912280702
genie,2.0,vocab_choice,32.324561403508774,23.04824561403509,9.276315789473685
genie,2.0,social_dynamic,29.93421052631579,23.092105263157894,6.842105263157897
genie,2.0,motivation,49.671052631578945,45.78947368421053,3.8815789473684177
genie,2.0,worldview_alignment,36.05263157894737,31.030701754385966,5.021929824561404
genie,2.5,emotional_register,33.68421052631579,7.017543859649122,26.666666666666664
genie,2.5,vocab_choice,37.916666666666664,9.210526315789474,28.70614035087719
genie,2.5,social_dynamic,36.33771929824562,10.592105263157896,25.74561403508772
genie,2.5,motivation,55.6578947368421,29.013157894736842,26.64473684210526
genie,2.5,worldview_alignment,44.45175438596491,15.635964912280702,28.81578947368421
geographer,1.0,emotional_register,59.824561403508774,54.05701754385965,5.767543859649123
geographer,1.0,vocab_choice,61.35964912280702,59.49561403508772,1.8640350877193015
geographer,1.0,social_dynamic,58.75,56.20614035087719,2.5438596491228083
geographer,1.0,motivation,58.771929824561404,56.14035087719298,2.631578947368425
geographer,1.0,worldview_alignment,52.76315789473684,50.05701754385965,2.7061403508771917
geographer,1.5,emotional_register,61.05263157894737,53.421052631578945,7.631578947368425
geographer,1.5,vocab_choice,58.35526315789474,57.76315789473684,0.5921052631578974
geographer,1.5,social_dynamic,58.0921052631579,55.526315789473685,2.5657894736842124
geographer,1.5,motivation,60.96491228070175,58.026315789473685,2.9385964912280684
geographer,1.5,worldview_alignment,53.94736842105263,50.85526315789474,3.0921052631578902
geographer,2.0,emotional_register,61.62280701754386,32.74122807017544,28.881578947368425
geographer,2.0,vocab_choice,55.723684210526315,35.85526315789474,19.868421052631575
geographer,2.0,social_dynamic,58.31140350877193,35.921052631578945,22.390350877192986
geographer,2.0,motivation,62.85087719298246,48.1578947368421,14.692982456140356
geographer,2.0,worldview_alignment,55.671052631578945,39.53947368421053,16.131578947368418
geographer,2.5,emotional_register,61.79824561403509,11.513157894736842,50.28508771929825
geographer,2.5,vocab_choice,53.39912280701754,10.723684210526315,42.675438596491226
geographer,2.5,social_dynamic,58.026315789473685,13.223684210526315,44.80263157894737
geographer,2.5,motivation,64.9342105263158,20.06578947368421,44.86842105263159
geographer,2.5,worldview_alignment,57.87280701754386,14.364035087719298,43.50877192982456
ghost,1.0,emotional_register,17.80701754385965,17.06140350877193,0.7456140350877192
ghost,1.0,vocab_choice,29.276315789473685,29.32017543859649,-0.04385964912280471
ghost,1.0,social_dynamic,24.42982456140351,24.210526315789473,0.21929824561403777
ghost,1.0,motivation,27.763157894736842,27.69736842105263,0.0657894736842124
ghost,1.0,worldview_alignment,18.79385964912281,18.135964912280702,0.6578947368421062
ghost,1.5,emotional_register,23.00438596491228,19.649122807017545,3.3552631578947363
ghost,1.5,vocab_choice,31.885964912280702,31.096491228070175,0.7894736842105274
ghost,1.5,social_dynamic,28.486842105263158,27.80701754385965,0.6798245614035068
ghost,1.5,motivation,34.12280701754386,31.600877192982455,2.5219298245614077
ghost,1.5,worldview_alignment,23.92543859649123,21.644736842105264,2.280701754385966
ghost,2.0,emotional_register,32.96052631578947,16.907894736842106,16.052631578947366
ghost,2.0,vocab_choice,38.90350877192982,25.219298245614034,13.684210526315788
ghost,2.0,social_dynamic,36.38157894736842,24.25438596491228,12.127192982456137
ghost,2.0,motivation,42.521929824561404,32.675438596491226,9.846491228070178
ghost,2.0,worldview_alignment,33.35526315789474,22.390350877192983,10.964912280701757
ghost,2.5,emotional_register,51.95175438596491,7.105263157894737,44.84649122807017
ghost,2.5,vocab_choice,54.42982456140351,9.912280701754385,44.51754385964912
ghost,2.5,social_dynamic,53.771929824561404,10.526315789473685,43.24561403508772
ghost,2.5,motivation,58.916666666666664,18.68421052631579,40.23245614035088
ghost,2.5,worldview_alignment,52.23684210526316,10.635964912280702,41.60087719298245
golem,1.0,emotional_register,16.79824561403509,16.600877192982455,0.19736842105263364
golem,1.0,vocab_choice,25.54824561403509,26.228070175438596,-0.6798245614035068
golem,1.0,social_dynamic,19.583333333333332,18.728070175438596,0.8552631578947363
golem,1.0,motivation,23.81578947368421,23.55263157894737,0.2631578947368389
golem,1.0,worldview_alignment,16.68859649122807,15.679824561403509,1.0087719298245599
golem,1.5,emotional_register,19.035087719298247,17.67543859649123,1.359649122807017
golem,1.5,vocab_choice,27.25877192982456,27.982456140350877,-0.723684210526315
golem,1.5,social_dynamic,21.20614035087719,20.30701754385965,0.899122807017541
golem,1.5,motivation,26.535087719298247,24.95614035087719,1.5789473684210549
golem,1.5,worldview_alignment,19.56140350877193,16.907894736842106,2.6535087719298254
golem,2.0,emotional_register,23.464912280701753,13.925438596491228,9.539473684210526
golem,2.0,vocab_choice,32.58771929824562,22.5,10.087719298245617
golem,2.0,social_dynamic,24.583333333333332,17.30263157894737,7.280701754385962
golem,2.0,motivation,31.776315789473685,23.04824561403509,8.728070175438596
golem,2.0,worldview_alignment,23.903508771929825,15.37280701754386,8.530701754385966
golem,2.5,emotional_register,33.66228070175438,5.767543859649122,27.89473684210526
golem,2.5,vocab_choice,41.8859649122807,11.008771929824562,30.877192982456137
golem,2.5,social_dynamic,35.328947368421055,8.092105263157896,27.236842105263158
golem,2.5,motivation,42.30263157894737,11.907894736842104,30.394736842105267
golem,2.5,worldview_alignment,35.13157894736842,7.017543859649122,28.114035087719294
gossip,1.0,emotional_register,33.1359649122807,31.535087719298247,1.600877192982452
gossip,1.0,vocab_choice,37.45614035087719,36.68859649122807,0.7675438596491233
gossip,1.0,social_dynamic,33.1359649122807,31.644736842105264,1.4912280701754348
gossip,1.0,motivation,43.925438596491226,43.81578947368421,0.10964912280701355
gossip,1.0,worldview_alignment,39.473684210526315,39.12280701754386,0.3508771929824519
gossip,1.5,emotional_register,40.04385964912281,35.70175438596491,4.342105263157897
gossip,1.5,vocab_choice,44.42982456140351,40.76754385964912,3.6622807017543835
gossip,1.5,social_dynamic,39.3421052631579,37.06140350877193,2.280701754385966
gossip,1.5,motivation,52.675438596491226,51.49122807017544,1.1842105263157876
gossip,1.5,worldview_alignment,47.43421052631579,46.271929824561404,1.1622807017543835
gossip,2.0,emotional_register,53.07017543859649,31.20614035087719,21.8640350877193
gossip,2.0,vocab_choice,54.45175438596491,32.85087719298246,21.600877192982452
gossip,2.0,social_dynamic,52.58771929824562,32.719298245614034,19.868421052631582
gossip,2.0,motivation,64.29824561403508,52.96052631578947,11.33771929824561
gossip,2.0,worldview_alignment,59.03508771929825,47.828947368421055,11.206140350877192
gossip,2.5,emotional_register,61.00877192982456,16.907894736842106,44.10087719298245
gossip,2.5,vocab_choice,60.328947368421055,14.013157894736842,46.31578947368421
gossip,2.5,social_dynamic,59.978070175438596,17.67543859649123,42.30263157894737
gossip,2.5,motivation,70.43859649122807,35.46052631578947,34.978070175438596
gossip,2.5,worldview_alignment,66.14035087719299,28.859649122807017,37.28070175438597
grader,1.0,emotional_register,48.64035087719298,50.5921052631579,-1.951754385964918
grader,1.0,vocab_choice,56.64473684210526,61.49122807017544,-4.846491228070178
grader,1.0,social_dynamic,48.04824561403509,49.978070175438596,-1.9298245614035068
grader,1.0,motivation,52.39035087719298,51.40350877192982,0.9868421052631575
grader,1.0,worldview_alignment,48.728070175438596,48.37719298245614,0.350877192982459
grader,1.5,emotional_register,49.23245614035088,52.93859649122807,-3.7061403508771917
grader,1.5,vocab_choice,53.55263157894737,61.38157894736842,-7.828947368421048
grader,1.5,social_dynamic,46.75438596491228,52.21491228070175,-5.460526315789473
grader,1.5,motivation,52.36842105263158,55.54824561403509,-3.1798245614035068
grader,1.5,worldview_alignment,48.20175438596491,51.53508771929825,-3.3333333333333357
grader,2.0,emotional_register,46.40350877192982,40.94298245614035,5.460526315789473
grader,2.0,vocab_choice,47.65350877192982,45.06578947368421,2.5877192982456094
grader,2.0,social_dynamic,43.20175438596491,41.68859649122807,1.5131578947368425
grader,2.0,motivation,51.030701754385966,49.01315789473684,2.0175438596491233
grader,2.0,worldview_alignment,46.40350877192982,44.62719298245614,1.776315789473685
grader,2.5,emotional_register,42.083333333333336,18.61842105263158,23.464912280701757
grader,2.5,vocab_choice,39.84649122807018,18.92543859649123,20.92105263157895
grader,2.5,social_dynamic,38.68421052631579,20.263157894736842,18.421052631578945
grader,2.5,motivation,49.05701754385965,24.539473684210527,24.517543859649123
grader,2.5,worldview_alignment,43.728070175438596,20.482456140350877,23.24561403508772
graduate,1.0,emotional_register,62.30263157894737,56.11842105263158,6.184210526315788
graduate,1.0,vocab_choice,67.98245614035088,67.60964912280701,0.37280701754386314
graduate,1.0,social_dynamic,62.5,58.68421052631579,3.8157894736842124
graduate,1.0,motivation,70.10964912280701,63.79385964912281,6.315789473684205
graduate,1.0,worldview_alignment,68.00438596491227,61.8640350877193,6.140350877192972
graduate,1.5,emotional_register,67.45614035087719,58.99122807017544,8.464912280701753
graduate,1.5,vocab_choice,68.94736842105263,67.5219298245614,1.425438596491233
graduate,1.5,social_dynamic,66.60087719298245,59.66228070175438,6.938596491228068
graduate,1.5,motivation,75.39473684210526,68.85964912280701,6.535087719298247
graduate,1.5,worldview_alignment,73.08333333333333,66.41228070175438,6.671052631578945
graduate,2.0,emotional_register,70.81140350877193,42.85087719298246,27.960526315789473
graduate,2.0,vocab_choice,67.67543859649123,45.526315789473685,22.149122807017548
graduate,2.0,social_dynamic,67.71929824561404,43.59649122807018,24.122807017543863
graduate,2.0,motivation,77.36842105263158,58.26754385964912,19.100877192982452
graduate,2.0,worldview_alignment,73.84210526315789,54.53947368421053,19.302631578947363
graduate,2.5,emotional_register,68.8157894736842,19.210526315789473,49.60526315789473
graduate,2.5,vocab_choice,62.34649122807018,19.12280701754386,43.223684210526315
graduate,2.5,social_dynamic,66.11842105263158,20.06578947368421,46.05263157894737
graduate,2.5,motivation,74.91228070175438,32.324561403508774,42.58771929824561
graduate,2.5,worldview_alignment,71.35964912280701,28.135964912280702,43.223684210526315
grandparent,1.0,emotional_register,43.1140350877193,44.56140350877193,-1.44736842105263
grandparent,1.0,vocab_choice,48.26754385964912,51.776315789473685,-3.5087719298245617
grandparent,1.0,social_dynamic,41.33771929824562,42.719298245614034,-1.3815789473684177
grandparent,1.0,motivation,56.25,59.05701754385965,-2.8070175438596507
grandparent,1.0,worldview_alignment,49.50877192982456,51.82017543859649,-2.3114035087719316
grandparent,1.5,emotional_register,49.91228070175438,51.776315789473685,-1.8640350877193015
grandparent,1.5,vocab_choice,53.421052631578945,56.666666666666664,-3.245614035087719
grandparent,1.5,social_dynamic,47.10526315789474,49.166666666666664,-2.0614035087719245
grandparent,1.5,motivation,62.324561403508774,68.0701754385965,-5.745614035087719
grandparent,1.5,worldview_alignment,55.45175438596491,60.79385964912281,-5.342105263157897
grandparent,2.0,emotional_register,57.76315789473684,39.780701754385966,17.982456140350877
grandparent,2.0,vocab_choice,58.79385964912281,42.01754385964912,16.776315789473685
grandparent,2.0,social_dynamic,55.416666666666664,38.026315789473685,17.39035087719298
grandparent,2.0,motivation,69.16666666666667,60.833333333333336,8.333333333333336
grandparent,2.0,worldview_alignment,63.0921052631579,53.1359649122807,9.956140350877199
grandparent,2.5,emotional_register,62.74122807017544,21.00877192982456,41.73245614035088
grandparent,2.5,vocab_choice,60.96491228070175,17.82894736842105,43.1359649122807
grandparent,2.5,social_dynamic,60.021929824561404,19.736842105263158,40.28508771929825
grandparent,2.5,motivation,72.25877192982456,39.91228070175438,32.34649122807018
grandparent,2.5,worldview_alignment,66.84210526315789,32.719298245614034,34.122807017543856
guardian,1.0,emotional_register,45.70175438596491,41.271929824561404,4.429824561403507
guardian,1.0,vocab_choice,58.64035087719298,56.25,2.3903508771929793
guardian,1.0,social_dynamic,46.030701754385966,42.280701754385966,3.75
guardian,1.0,motivation,51.60087719298246,45.78947368421053,5.811403508771932
guardian,1.0,worldview_alignment,46.35964912280702,41.030701754385966,5.328947368421055
guardian,1.5,emotional_register,49.71491228070175,43.59649122807018,6.118421052631575
guardian,1.5,vocab_choice,59.3421052631579,56.44736842105263,2.8947368421052673
guardian,1.5,social_dynamic,49.21052631578947,44.73684210526316,4.473684210526315
guardian,1.5,motivation,55.780701754385966,49.95614035087719,5.824561403508774
guardian,1.5,worldview_alignment,50.973684210526315,43.64035087719298,7.333333333333336
guardian,2.0,emotional_register,54.078947368421055,31.07456140350877,23.004385964912284
guardian,2.0,vocab_choice,60.30701754385965,40.6140350877193,19.69298245614035
guardian,2.0,social_dynamic,52.35964912280702,32.30263157894737,20.05701754385965
guardian,2.0,motivation,61.25,39.93421052631579,21.315789473684212
guardian,2.0,worldview_alignment,55.583333333333336,34.276315789473685,21.30701754385965
guardian,2.5,emotional_register,58.333333333333336,12.412280701754385,45.92105263157895
guardian,2.5,vocab_choice,59.84649122807018,14.671052631578947,45.17543859649123
guardian,2.5,social_dynamic,56.49122807017544,12.653508771929825,43.83771929824562
guardian,2.5,motivation,65.17543859649123,17.982456140350877,47.192982456140356
guardian,2.5,worldview_alignment,60.37280701754386,13.289473684210526,47.083333333333336
guide,1.0,emotional_register,75.89912280701755,69.75877192982456,6.1403508771929864
guide,1.0,vocab_choice,78.53070175438596,76.11842105263158,2.4122807017543835
guide,1.0,social_dynamic,75.52631578947368,71.16228070175438,4.3640350877193015
guide,1.0,motivation,83.63157894736842,80.54824561403508,3.083333333333343
guide,1.0,worldview_alignment,80.52631578947368,77.33771929824562,3.1885964912280684
guide,1.5,emotional_register,78.02631578947368,70.72368421052632,7.30263157894737
guide,1.5,vocab_choice,76.46929824561404,74.34210526315789,2.127192982456151
guide,1.5,social_dynamic,76.21491228070175,72.33771929824562,3.877192982456137
guide,1.5,motivation,85.45175438596492,81.25877192982456,4.192982456140356
guide,1.5,worldview_alignment,81.53947368421052,77.60964912280701,3.9298245614035068
guide,2.0,emotional_register,73.8157894736842,49.23245614035088,24.58333333333333
guide,2.0,vocab_choice,68.1140350877193,51.228070175438596,16.885964912280706
guide,2.0,social_dynamic,70.45175438596492,51.51315789473684,18.938596491228076
guide,2.0,motivation,81.35964912280701,65.85526315789474,15.504385964912274
guide,2.0,worldview_alignment,76.94298245614036,60.53947368421053,16.40350877192983
guide,2.5,emotional_register,67.10526315789474,19.42982456140351,47.67543859649123
guide,2.5,vocab_choice,58.333333333333336,19.45175438596491,38.881578947368425
guide,2.5,social_dynamic,63.55263157894737,21.140350877192983,42.41228070175438
guide,2.5,motivation,75.30701754385964,32.74122807017544,42.565789473684205
guide,2.5,worldview_alignment,69.80263157894737,27.105263157894736,42.69736842105263
guru,1.0,emotional_register,40.5921052631579,44.824561403508774,-4.232456140350877
guru,1.0,vocab_choice,49.3859649122807,52.719298245614034,-3.3333333333333357
guru,1.0,social_dynamic,42.916666666666664,45.78947368421053,-2.872807017543863
guru,1.0,motivation,51.40350877192982,56.49122807017544,-5.0877192982456165
guru,1.0,worldview_alignment,40.6359649122807,46.44736842105263,-5.811403508771932
guru,1.5,emotional_register,43.83771929824562,50.54824561403509,-6.710526315789473
guru,1.5,vocab_choice,48.421052631578945,55.87719298245614,-7.456140350877192
guru,1.5,social_dynamic,44.078947368421055,52.78508771929825,-8.706140350877192
guru,1.5,motivation,54.80263157894737,63.31140350877193,-8.508771929824562
guru,1.5,worldview_alignment,45.01315789473684,54.07017543859649,-9.05701754385965
guru,2.0,emotional_register,48.1359649122807,42.93859649122807,5.19736842105263
guru,2.0,vocab_choice,47.34649122807018,44.45175438596491,2.8947368421052673
guru,2.0,social_dynamic,46.973684210526315,43.59649122807018,3.377192982456137
guru,2.0,motivation,58.34649122807018,61.074561403508774,-2.728070175438596
guru,2.0,worldview_alignment,48.57017543859649,51.38157894736842,-2.8114035087719245
guru,2.5,emotional_register,47.521929824561404,17.039473684210527,30.482456140350877
guru,2.5,vocab_choice,44.03508771929825,15.021929824561404,29.013157894736842
guru,2.5,social_dynamic,46.33771929824562,17.478070175438596,28.85964912280702
guru,2.5,motivation,56.73245614035088,31.666666666666668,25.06578947368421
guru,2.5,worldview_alignment,48.574561403508774,22.894736842105264,25.67982456140351
hacker,1.0,emotional_register,27.43421052631579,20.67982456140351,6.754385964912281
hacker,1.0,vocab_choice,34.824561403508774,30.30701754385965,4.517543859649123
hacker,1.0,social_dynamic,27.478070175438596,24.07894736842105,3.3991228070175445
hacker,1.0,motivation,36.030701754385966,30.153508771929825,5.87719298245614
hacker,1.0,worldview_alignment,28.223684210526315,22.36842105263158,5.855263157894736
hacker,1.5,emotional_register,36.68859649122807,23.24561403508772,13.44298245614035
hacker,1.5,vocab_choice,41.271929824561404,31.469298245614034,9.80263157894737
hacker,1.5,social_dynamic,36.14035087719298,25.70175438596491,10.438596491228068
hacker,1.5,motivation,46.64473684210526,33.24561403508772,13.399122807017541
hacker,1.5,worldview_alignment,37.87280701754386,25.482456140350877,12.390350877192986
hacker,2.0,emotional_register,47.12719298245614,13.947368421052632,33.17982456140351
hacker,2.0,vocab_choice,49.583333333333336,22.960526315789473,26.622807017543863
hacker,2.0,social_dynamic,46.666666666666664,17.982456140350877,28.684210526315788
hacker,2.0,motivation,56.29385964912281,27.214912280701753,29.078947368421055
hacker,2.0,worldview_alignment,49.473684210526315,19.86842105263158,29.605263157894736
hacker,2.5,emotional_register,58.24561403508772,7.5,50.74561403508772
hacker,2.5,vocab_choice,58.75,12.017543859649123,46.73245614035088
hacker,2.5,social_dynamic,56.82017543859649,9.407894736842104,47.41228070175439
hacker,2.5,motivation,65.72368421052632,17.69736842105263,48.026315789473685
hacker,2.5,worldview_alignment,59.76315789473684,11.732456140350877,48.030701754385966
healer,1.0,emotional_register,48.70614035087719,46.18421052631579,2.521929824561404
healer,1.0,vocab_choice,58.37719298245614,58.46491228070175,-0.08771929824561653
healer,1.0,social_dynamic,53.421052631578945,51.49122807017544,1.9298245614035068
healer,1.0,motivation,55.57017543859649,56.95175438596491,-1.3815789473684177
healer,1.0,worldview_alignment,51.71052631578947,51.98684210526316,-0.27631578947368496
healer,1.5,emotional_register,56.271929824561404,49.69298245614035,6.578947368421055
healer,1.5,vocab_choice,61.31578947368421,59.91228070175438,1.403508771929829
healer,1.5,social_dynamic,58.28947368421053,55.219298245614034,3.0701754385964932
healer,1.5,motivation,63.99122807017544,61.18421052631579,2.8070175438596507
healer,1.5,worldview_alignment,58.80701754385965,56.19736842105263,2.6096491228070207
healer,2.0,emotional_register,64.21052631578948,38.728070175438596,25.482456140350884
healer,2.0,vocab_choice,62.675438596491226,44.01315789473684,18.662280701754383
healer,2.0,social_dynamic,63.925438596491226,43.44298245614035,20.482456140350877
healer,2.0,motivation,70.54824561403508,55.57017543859649,14.978070175438589
healer,2.0,worldview_alignment,66.17543859649123,49.078947368421055,17.096491228070178
healer,2.5,emotional_register,67.82894736842105,15.833333333333334,51.99561403508772
healer,2.5,vocab_choice,62.93859649122807,15.964912280701755,46.973684210526315
healer,2.5,social_dynamic,66.09649122807018,17.214912280701753,48.881578947368425
healer,2.5,motivation,72.32456140350877,26.95175438596491,45.372807017543856
healer,2.5,worldview_alignment,67.80701754385964,21.55701754385965,46.24999999999999
hedonist,1.0,emotional_register,20.305676855895197,17.336244541484717,2.9694323144104793
hedonist,1.0,vocab_choice,31.83406113537118,29.67248908296943,2.1615720524017483
hedonist,1.0,social_dynamic,28.51528384279476,27.532751091703055,0.9825327510917035
hedonist,1.0,motivation,21.65938864628821,18.056768558951966,3.602620087336245
hedonist,1.0,worldview_alignment,16.637554585152838,13.406113537117903,3.2314410480349345
hedonist,1.5,emotional_register,29.82532751091703,18.38427947598253,11.4410480349345
hedonist,1.5,vocab_choice,38.951965065502186,30.982532751091703,7.969432314410483
hedonist,1.5,social_dynamic,38.51528384279476,29.388646288209607,9.126637554585152
hedonist,1.5,motivation,30.72052401746725,20.065502183406114,10.655021834061134
hedonist,1.5,worldview_alignment,25.676855895196507,14.956331877729257,10.72052401746725
hedonist,2.0,emotional_register,41.39737991266376,12.161572052401747,29.235807860262014
hedonist,2.0,vocab_choice,46.76855895196506,22.860262008733624,23.908296943231438
hedonist,2.0,social_dynamic,46.222707423580786,22.816593886462883,23.406113537117903
hedonist,2.0,motivation,42.86026200873363,16.812227074235807,26.04803493449782
hedonist,2.0,worldview_alignment,37.00873362445415,11.624454148471616,25.384279475982538
hedonist,2.5,emotional_register,48.34061135371179,7.467248908296943,40.87336244541485
hedonist,2.5,vocab_choice,52.07423580786026,12.947598253275109,39.12663755458515
hedonist,2.5,social_dynamic,50.28384279475983,14.039301310043669,36.24454148471616
hedonist,2.5,motivation,48.8646288209607,11.921397379912664,36.943231441048034
hedonist,2.5,worldview_alignment,43.777292576419214,7.510917030567685,36.26637554585153
hermit,1.0,emotional_register,19.407894736842106,20.964912280701753,-1.5570175438596472
hermit,1.0,vocab_choice,31.79824561403509,33.85964912280702,-2.0614035087719316
hermit,1.0,social_dynamic,22.74122807017544,22.54385964912281,0.19736842105263008
hermit,1.0,motivation,27.894736842105264,30.021929824561404,-2.1271929824561404
hermit,1.0,worldview_alignment,18.04824561403509,19.539473684210527,-1.4912280701754383
hermit,1.5,emotional_register,24.473684210526315,24.846491228070175,-0.3728070175438596
hermit,1.5,vocab_choice,33.90350877192982,36.8640350877193,-2.9605263157894797
hermit,1.5,social_dynamic,26.864035087719298,27.346491228070175,-0.4824561403508767
hermit,1.5,motivation,34.3859649122807,35.416666666666664,-1.0307017543859658
hermit,1.5,worldview_alignment,24.026315789473685,24.67105263157895,-0.6447368421052637
hermit,2.0,emotional_register,31.29385964912281,22.412280701754387,8.881578947368421
hermit,2.0,vocab_choice,36.99561403508772,30.855263157894736,6.140350877192983
hermit,2.0,social_dynamic,32.41228070175438,24.978070175438596,7.434210526315788
hermit,2.0,motivation,41.68859649122807,37.30263157894737,4.3859649122806985
hermit,2.0,worldview_alignment,31.57017543859649,26.337719298245613,5.232456140350877
hermit,2.5,emotional_register,39.3859649122807,10.767543859649123,28.618421052631575
hermit,2.5,vocab_choice,41.29385964912281,12.719298245614034,28.574561403508774
hermit,2.5,social_dynamic,40.04385964912281,12.56578947368421,27.478070175438596
hermit,2.5,motivation,49.824561403508774,24.29824561403509,25.526315789473685
hermit,2.5,worldview_alignment,40.90350877192982,15.43859649122807,25.464912280701753
historian,1.0,emotional_register,54.780701754385966,53.48684210526316,1.2938596491228083
historian,1.0,vocab_choice,56.79824561403509,59.25438596491228,-2.4561403508771917
historian,1.0,social_dynamic,53.0921052631579,53.17982456140351,-0.08771929824560942
historian,1.0,motivation,55.08771929824562,55.78947368421053,-0.7017543859649109
historian,1.0,worldview_alignment,50.05701754385965,50.416666666666664,-0.35964912280701355
historian,1.5,emotional_register,57.19298245614035,52.03947368421053,5.153508771929822
historian,1.5,vocab_choice,56.469298245614034,56.8640350877193,-0.39473684210526727
historian,1.5,social_dynamic,54.3421052631579,53.223684210526315,1.1184210526315823
historian,1.5,motivation,59.4078947368421,57.36842105263158,2.0394736842105203
historian,1.5,worldview_alignment,53.90350877192982,52.20614035087719,1.69736842105263
historian,2.0,emotional_register,59.276315789473685,31.18421052631579,28.092105263157894
historian,2.0,vocab_choice,55.19736842105263,36.68859649122807,18.50877192982456
historian,2.0,social_dynamic,54.45175438596491,34.91228070175438,19.539473684210527
historian,2.0,motivation,59.3421052631579,45.28508771929825,14.05701754385965
historian,2.0,worldview_alignment,53.925438596491226,38.90350877192982,15.021929824561404
historian,2.5,emotional_register,57.74122807017544,12.456140350877194,45.28508771929825
historian,2.5,vocab_choice,51.95175438596491,15.666666666666666,36.28508771929825
historian,2.5,social_dynamic,53.31140350877193,15.320175438596491,37.99122807017544
historian,2.5,motivation,61.8421052631579,23.092105263157894,38.75
historian,2.5,worldview_alignment,55.91228070175438,17.763157894736842,38.14912280701754
hive,1.0,emotional_register,29.12280701754386,26.92982456140351,2.1929824561403493
hive,1.0,vocab_choice,39.71491228070175,39.60526315789474,0.10964912280701355
hive,1.0,social_dynamic,27.82894736842105,27.083333333333332,0.7456140350877192
hive,1.0,motivation,30.43859649122807,28.530701754385966,1.9078947368421026
hive,1.0,worldview_alignment,22.82894736842105,21.842105263157894,0.9868421052631575
hive,1.5,emotional_register,34.25438596491228,28.20175438596491,6.05263157894737
hive,1.5,vocab_choice,40.37280701754386,40.39473684210526,-0.021929824561397027
hive,1.5,social_dynamic,31.05263157894737,29.210526315789473,1.8421052631578974
hive,1.5,motivation,35.021929824561404,30.855263157894736,4.166666666666668
hive,1.5,worldview_alignment,28.04824561403509,23.79385964912281,4.254385964912281
hive,2.0,emotional_register,40.87719298245614,22.960526315789473,17.916666666666664
hive,2.0,vocab_choice,43.1140350877193,31.337719298245613,11.776315789473689
hive,2.0,social_dynamic,35.85526315789474,24.912280701754387,10.942982456140353
hive,2.0,motivation,40.6359649122807,29.013157894736842,11.622807017543856
hive,2.0,worldview_alignment,33.85087719298246,22.25877192982456,11.592105263157897
hive,2.5,emotional_register,52.78508771929825,8.179824561403509,44.60526315789474
hive,2.5,vocab_choice,52.14912280701754,10.263157894736842,41.8859649122807
hive,2.5,social_dynamic,45.98684210526316,8.574561403508772,37.41228070175438
hive,2.5,motivation,50.6359649122807,11.776315789473685,38.859649122807014
hive,2.5,worldview_alignment,44.526315789473685,7.741228070175438,36.78508771929825
hoarder,1.0,emotional_register,22.346491228070175,17.87280701754386,4.473684210526315
hoarder,1.0,vocab_choice,32.41228070175438,29.407894736842106,3.0043859649122773
hoarder,1.0,social_dynamic,29.49561403508772,25.263157894736842,4.232456140350877
hoarder,1.0,motivation,20.153508771929825,15.548245614035087,4.605263157894738
hoarder,1.0,worldview_alignment,17.214912280701753,13.289473684210526,3.9254385964912277
hoarder,1.5,emotional_register,30.50438596491228,20.657894736842106,9.846491228070175
hoarder,1.5,vocab_choice,38.39912280701754,31.99561403508772,6.403508771929822
hoarder,1.5,social_dynamic,34.91228070175438,28.728070175438596,6.184210526315788
hoarder,1.5,motivation,27.916666666666668,18.114035087719298,9.80263157894737
hoarder,1.5,worldview_alignment,25.0,16.31578947368421,8.684210526315791
hoarder,2.0,emotional_register,40.6578947368421,15.767543859649123,24.89035087719298
hoarder,2.0,vocab_choice,46.55701754385965,23.837719298245613,22.719298245614038
hoarder,2.0,social_dynamic,45.08771929824562,21.99561403508772,23.092105263157897
hoarder,2.0,motivation,39.583333333333336,17.30263157894737,22.280701754385966
hoarder,2.0,worldview_alignment,36.43859649122807,13.925438596491228,22.513157894736842
hoarder,2.5,emotional_register,51.49122807017544,13.486842105263158,38.00438596491228
hoarder,2.5,vocab_choice,52.80701754385965,16.38157894736842,36.42543859649123
hoarder,2.5,social_dynamic,52.93859649122807,18.464912280701753,34.473684210526315
hoarder,2.5,motivation,51.05263157894737,17.36842105263158,33.684210526315795
hoarder,2.5,worldview_alignment,47.478070175438596,12.916666666666666,34.56140350877193
homunculus,1.0,emotional_register,32.80701754385965,26.00877192982456,6.798245614035089
homunculus,1.0,vocab_choice,48.48684210526316,45.35087719298246,3.1359649122806985
homunculus,1.0,social_dynamic,38.530701754385966,33.925438596491226,4.60526315789474
homunculus,1.0,motivation,41.92982456140351,35.85526315789474,6.074561403508767
homunculus,1.0,worldview_alignment,34.1359649122807,27.850877192982455,6.285087719298243
homunculus,1.5,emotional_register,42.280701754385966,28.728070175438596,13.55263157894737
homunculus,1.5,vocab_choice,51.55701754385965,47.21491228070175,4.342105263157897
homunculus,1.5,social_dynamic,44.824561403508774,38.026315789473685,6.798245614035089
homunculus,1.5,motivation,50.46052631578947,40.48245614035088,9.978070175438596
homunculus,1.5,worldview_alignment,42.30263157894737,32.23684210526316,10.065789473684212
homunculus,2.0,emotional_register,56.95175438596491,18.728070175438596,38.223684210526315
homunculus,2.0,vocab_choice,58.421052631578945,34.05701754385965,24.364035087719294
homunculus,2.0,social_dynamic,56.776315789473685,28.114035087719298,28.662280701754387
homunculus,2.0,motivation,65.19736842105263,35.04385964912281,30.153508771929822
homunculus,2.0,worldview_alignment,57.8859649122807,26.29385964912281,31.59210526315789
homunculus,2.5,emotional_register,74.18859649122807,8.596491228070175,65.59210526315789
homunculus,2.5,vocab_choice,72.09649122807018,14.912280701754385,57.184210526315795
homunculus,2.5,social_dynamic,72.5,13.508771929824562,58.99122807017544
homunculus,2.5,motivation,78.25438596491227,19.75877192982456,58.49561403508771
homunculus,2.5,worldview_alignment,74.03947368421052,13.442982456140351,60.59649122807017
hybrid,1.0,emotional_register,62.12719298245614,54.14473684210526,7.982456140350877
hybrid,1.0,vocab_choice,69.78070175438596,67.28070175438596,2.5
hybrid,1.0,social_dynamic,63.07017543859649,58.20175438596491,4.868421052631582
hybrid,1.0,motivation,72.63157894736842,65.41666666666667,7.214912280701753
hybrid,1.0,worldview_alignment,67.5,60.86842105263158,6.631578947368418
hybrid,1.5,emotional_register,68.24561403508773,55.0,13.245614035087726
hybrid,1.5,vocab_choice,70.92105263157895,66.2719298245614,4.649122807017548
hybrid,1.5,social_dynamic,67.2719298245614,58.17982456140351,9.09210526315789
hybrid,1.5,motivation,76.95175438596492,68.33333333333333,8.61842105263159
hybrid,1.5,worldview_alignment,72.8157894736842,63.026315789473685,9.78947368421052
hybrid,2.0,emotional_register,71.11842105263158,40.15350877192982,30.964912280701753
hybrid,2.0,vocab_choice,67.58771929824562,47.30263157894737,20.285087719298247
hybrid,2.0,social_dynamic,68.48684210526316,44.10087719298246,24.385964912280706
hybrid,2.0,motivation,78.46491228070175,57.03947368421053,21.425438596491226
hybrid,2.0,worldview_alignment,74.34649122807018,51.921052631578945,22.425438596491233
hybrid,2.5,emotional_register,71.20614035087719,16.842105263157894,54.3640350877193
hybrid,2.5,vocab_choice,63.55263157894737,20.43859649122807,43.1140350877193
hybrid,2.5,social_dynamic,68.1798245614035,20.021929824561404,48.1578947368421
hybrid,2.5,motivation,76.38157894736842,32.324561403508774,44.05701754385965
hybrid,2.5,worldview_alignment,71.84210526315789,26.907894736842106,44.93421052631578
idealist,1.0,emotional_register,52.675438596491226,54.03508771929825,-1.3596491228070207
idealist,1.0,vocab_choice,65.10964912280701,69.53947368421052,-4.429824561403507
idealist,1.0,social_dynamic,58.925438596491226,61.92982456140351,-3.004385964912281
idealist,1.0,motivation,54.95614035087719,60.0,-5.043859649122808
idealist,1.0,worldview_alignment,52.93859649122807,57.96052631578947,-5.021929824561404
idealist,1.5,emotional_register,56.973684210526315,57.98245614035088,-1.0087719298245617
idealist,1.5,vocab_choice,65.0,68.75,-3.75
idealist,1.5,social_dynamic,62.083333333333336,65.0219298245614,-2.9385964912280613
idealist,1.5,motivation,59.95614035087719,66.05263157894737,-6.096491228070178
idealist,1.5,worldview_alignment,57.578947368421055,62.916666666666664,-5.337719298245609
idealist,2.0,emotional_register,61.75438596491228,48.1359649122807,13.618421052631582
idealist,2.0,vocab_choice,63.64035087719298,51.776315789473685,11.864035087719294
idealist,2.0,social_dynamic,63.28947368421053,50.48245614035088,12.80701754385965
idealist,2.0,motivation,63.69298245614035,61.37280701754386,2.320175438596486
idealist,2.0,worldview_alignment,61.21491228070175,57.14912280701754,4.065789473684212
idealist,2.5,emotional_register,61.074561403508774,17.80701754385965,43.26754385964912
idealist,2.5,vocab_choice,59.91228070175438,16.776315789473685,43.1359649122807
idealist,2.5,social_dynamic,60.723684210526315,18.31140350877193,42.41228070175438
idealist,2.5,motivation,63.41228070175438,28.17982456140351,35.23245614035088
idealist,2.5,worldview_alignment,59.1359649122807,23.61842105263158,35.51754385964912
immigrant,1.0,emotional_register,43.28947368421053,44.3640350877193,-1.074561403508774
immigrant,1.0,vocab_choice,49.780701754385966,53.1578947368421,-3.377192982456137
immigrant,1.0,social_dynamic,43.88157894736842,46.228070175438596,-2.346491228070178
immigrant,1.0,motivation,47.41228070175438,50.10964912280702,-2.697368421052637
immigrant,1.0,worldview_alignment,43.81578947368421,46.219298245614034,-2.403508771929822
immigrant,1.5,emotional_register,46.38157894736842,48.88157894736842,-2.5
immigrant,1.5,vocab_choice,52.280701754385966,57.521929824561404,-5.241228070175438
immigrant,1.5,social_dynamic,48.1359649122807,50.0,-1.8640350877193015
immigrant,1.5,motivation,51.09649122807018,54.75877192982456,-3.6622807017543835
immigrant,1.5,worldview_alignment,47.41228070175438,51.030701754385966,-3.6184210526315823
immigrant,2.0,emotional_register,54.29824561403509,37.23684210526316,17.06140350877193
immigrant,2.0,vocab_choice,57.03947368421053,42.12719298245614,14.91228070175439
immigrant,2.0,social_dynamic,53.94736842105263,39.23245614035088,14.714912280701753
immigrant,2.0,motivation,59.1359649122807,49.45175438596491,9.684210526315788
immigrant,2.0,worldview_alignment,55.54824561403509,44.51754385964912,11.030701754385966
immigrant,2.5,emotional_register,56.9078947368421,21.42543859649123,35.48245614035088
immigrant,2.5,vocab_choice,58.50877192982456,20.67982456140351,37.828947368421055
immigrant,2.5,social_dynamic,56.58771929824562,21.29385964912281,35.29385964912281
immigrant,2.5,motivation,63.74122807017544,31.82017543859649,31.92105263157895
immigrant,2.5,worldview_alignment,59.5921052631579,27.67543859649123,31.916666666666668
improviser,1.0,emotional_register,46.425438596491226,43.79385964912281,2.6315789473684177
improviser,1.0,vocab_choice,53.1359649122807,51.40350877192982,1.7324561403508767
improviser,1.0,social_dynamic,48.48684210526316,44.73684210526316,3.75
improviser,1.0,motivation,53.83771929824562,51.49122807017544,2.346491228070178
improviser,1.0,worldview_alignment,49.32017543859649,46.5921052631579,2.728070175438596
improviser,1.5,emotional_register,56.44736842105263,49.14473684210526,7.30263157894737
improviser,1.5,vocab_choice,59.60526315789474,55.15350877192982,4.451754385964918
improviser,1.5,social_dynamic,57.25877192982456,50.46052631578947,6.798245614035089
improviser,1.5,motivation,64.9342105263158,58.55263157894737,6.381578947368425
improviser,1.5,worldview_alignment,60.6140350877193,53.223684210526315,7.3903508771929864
improviser,2.0,emotional_register,65.43859649122807,38.223684210526315,27.214912280701753
improviser,2.0,vocab_choice,66.53508771929825,42.41228070175438,24.122807017543863
improviser,2.0,social_dynamic,66.11842105263158,40.28508771929825,25.83333333333333
improviser,2.0,motivation,74.29824561403508,52.54385964912281,21.754385964912274
improviser,2.0,worldview_alignment,70.24122807017544,46.666666666666664,23.574561403508774
improviser,2.5,emotional_register,72.71929824561404,18.355263157894736,54.3640350877193
improviser,2.5,vocab_choice,69.9342105263158,16.62280701754386,53.31140350877193
improviser,2.5,social_dynamic,72.12719298245614,19.342105263157894,52.78508771929825
improviser,2.5,motivation,77.98245614035088,32.280701754385966,45.70175438596491
improviser,2.5,worldview_alignment,74.91228070175438,26.49122807017544,48.421052631578945
infant,1.0,emotional_register,1.381578947368421,2.039473684210526,-0.6578947368421051
infant,1.0,vocab_choice,1.2105263157894737,1.6228070175438596,-0.4122807017543859
infant,1.0,social_dynamic,1.6885964912280702,2.9166666666666665,-1.2280701754385963
infant,1.0,motivation,2.81140350877193,4.692982456140351,-1.8815789473684212
infant,1.0,worldview_alignment,1.030701754385965,1.6228070175438596,-0.5921052631578947
infant,1.5,emotional_register,2.675438596491228,4.144736842105263,-1.4692982456140347
infant,1.5,vocab_choice,2.1491228070175437,3.4210526315789473,-1.2719298245614037
infant,1.5,social_dynamic,3.508771929824561,5.899122807017544,-2.3903508771929824
infant,1.5,motivation,5.767543859649122,8.618421052631579,-2.8508771929824563
infant,1.5,worldview_alignment,2.236842105263158,4.298245614035087,-2.0614035087719293
infant,2.0,emotional_register,5.548245614035087,4.583333333333333,0.9649122807017543
infant,2.0,vocab_choice,4.605263157894737,3.793859649122807,0.8114035087719302
infant,2.0,social_dynamic,6.535087719298246,6.0964912280701755,0.4385964912280702
infant,2.0,motivation,9.780701754385966,10.855263157894736,-1.0745614035087705
infant,2.0,worldview_alignment,4.758771929824562,5.087719298245614,-0.3289473684210522
infant,2.5,emotional_register,9.078947368421053,8.157894736842104,0.9210526315789487
infant,2.5,vocab_choice,7.0,6.614035087719298,0.38596491228070207
infant,2.5,social_dynamic,9.359649122807017,8.618421052631579,0.7412280701754383
infant,2.5,motivation,12.846491228070175,13.223684210526315,-0.3771929824561404
infant,2.5,worldview_alignment,6.548245614035087,7.807017543859649,-1.2587719298245617
influencer,1.0,emotional_register,59.14473684210526,58.39912280701754,0.7456140350877192
influencer,1.0,vocab_choice,64.40789473684211,65.74561403508773,-1.3377192982456165
influencer,1.0,social_dynamic,58.530701754385966,58.0921052631579,0.43859649122806843
influencer,1.0,motivation,67.60964912280701,68.55263157894737,-0.9429824561403564
influencer,1.0,worldview_alignment,64.91228070175438,65.89912280701755,-0.9868421052631646
influencer,1.5,emotional_register,67.98245614035088,59.91228070175438,8.070175438596493
influencer,1.5,vocab_choice,69.80263157894737,64.64912280701755,5.153508771929822
influencer,1.5,social_dynamic,66.90789473684211,58.99122807017544,7.916666666666671
influencer,1.5,motivation,75.13157894736842,70.46052631578948,4.671052631578945
influencer,1.5,worldview_alignment,72.28070175438596,66.87719298245614,5.403508771929822
influencer,2.0,emotional_register,74.03508771929825,43.83771929824562,30.19736842105263
influencer,2.0,vocab_choice,71.71052631578948,47.675438596491226,24.035087719298254
influencer,2.0,social_dynamic,71.51315789473684,43.70614035087719,27.807017543859644
influencer,2.0,motivation,79.56140350877193,59.62719298245614,19.934210526315795
influencer,2.0,worldview_alignment,76.3859649122807,55.5921052631579,20.7938596491228
influencer,2.5,emotional_register,74.3859649122807,22.587719298245613,51.79824561403508
influencer,2.5,vocab_choice,69.84649122807018,22.12719298245614,47.71929824561404
influencer,2.5,social_dynamic,71.8201754385965,22.82894736842105,48.99122807017544
influencer,2.5,motivation,79.23245614035088,38.46491228070175,40.76754385964912
influencer,2.5,worldview_alignment,75.67105263157895,32.828947368421055,42.84210526315789
instructor,1.0,emotional_register,80.78070175438596,73.88157894736842,6.899122807017534
instructor,1.0,vocab_choice,80.62719298245614,79.80263157894737,0.8245614035087669
instructor,1.0,social_dynamic,79.62719298245614,74.60526315789474,5.021929824561397
instructor,1.0,motivation,86.40789473684211,82.16228070175438,4.245614035087726
instructor,1.0,worldview_alignment,83.69736842105263,79.61842105263158,4.078947368421055
instructor,1.5,emotional_register,81.37280701754386,72.43859649122807,8.934210526315795
instructor,1.5,vocab_choice,77.29385964912281,77.32894736842105,-0.03508771929824661
instructor,1.5,social_dynamic,78.60087719298245,73.3157894736842,5.285087719298247
instructor,1.5,motivation,86.14035087719299,81.33333333333333,4.807017543859658
instructor,1.5,worldview_alignment,82.49122807017544,78.34649122807018,4.14473684210526
instructor,2.0,emotional_register,76.77631578947368,48.1578947368421,28.618421052631582
instructor,2.0,vocab_choice,69.3859649122807,52.43421052631579,16.95175438596491
instructor,2.0,social_dynamic,73.59649122807018,48.64035087719298,24.9561403508772
instructor,2.0,motivation,82.74122807017544,66.3157894736842,16.425438596491233
instructor,2.0,worldview_alignment,78.91666666666667,61.469298245614034,17.447368421052637
instructor,2.5,emotional_register,67.63157894736842,24.605263157894736,43.026315789473685
instructor,2.5,vocab_choice,55.89912280701754,27.960526315789473,27.93859649122807
instructor,2.5,social_dynamic,63.1359649122807,26.05263157894737,37.08333333333333
instructor,2.5,motivation,74.25438596491227,40.81140350877193,33.44298245614034
instructor,2.5,worldview_alignment,69.75877192982456,35.35087719298246,34.4078947368421
interpreter,1.0,emotional_register,63.28947368421053,61.666666666666664,1.6228070175438631
interpreter,1.0,vocab_choice,67.32456140350877,66.97368421052632,0.3508771929824519
interpreter,1.0,social_dynamic,62.280701754385966,61.20614035087719,1.074561403508774
interpreter,1.0,motivation,68.26754385964912,67.91666666666667,0.3508771929824519
interpreter,1.0,worldview_alignment,64.90350877192982,64.21052631578948,0.6929824561403422
interpreter,1.5,emotional_register,64.75877192982456,60.87719298245614,3.881578947368425
interpreter,1.5,vocab_choice,66.62280701754386,66.2719298245614,0.3508771929824661
interpreter,1.5,social_dynamic,63.31140350877193,61.35964912280702,1.951754385964911
interpreter,1.5,motivation,70.13157894736842,67.25877192982456,2.872807017543863
interpreter,1.5,worldview_alignment,66.49122807017544,63.01754385964912,3.473684210526315
interpreter,2.0,emotional_register,67.60964912280701,43.1578947368421,24.45175438596491
interpreter,2.0,vocab_choice,64.4298245614035,45.35087719298246,19.078947368421048
interpreter,2.0,social_dynamic,64.91228070175438,42.58771929824562,22.324561403508767
interpreter,2.0,motivation,71.20614035087719,55.98684210526316,15.219298245614034
interpreter,2.0,worldview_alignment,67.85087719298245,51.09649122807018,16.754385964912274
interpreter,2.5,emotional_register,63.04824561403509,20.67982456140351,42.368421052631575
interpreter,2.5,vocab_choice,57.521929824561404,20.416666666666668,37.10526315789474
interpreter,2.5,social_dynamic,59.62719298245614,21.907894736842106,37.71929824561403
interpreter,2.5,motivation,69.80263157894737,32.78508771929825,37.01754385964912
interpreter,2.5,worldview_alignment,64.8157894736842,27.916666666666668,36.899122807017534
interviewer,1.0,emotional_register,64.9780701754386,61.64473684210526,3.333333333333343
interviewer,1.0,vocab_choice,71.9298245614035,70.78947368421052,1.1403508771929864
interviewer,1.0,social_dynamic,64.73684210526316,61.228070175438596,3.5087719298245688
interviewer,1.0,motivation,74.50877192982456,73.09210526315789,1.4166666666666714
interviewer,1.0,worldview_alignment,71.10964912280701,69.58333333333333,1.526315789473685
interviewer,1.5,emotional_register,67.36842105263158,62.5,4.868421052631575
interviewer,1.5,vocab_choice,71.29385964912281,69.56140350877193,1.7324561403508767
interviewer,1.5,social_dynamic,66.60087719298245,62.56578947368421,4.0350877192982395
interviewer,1.5,motivation,75.72368421052632,74.03508771929825,1.6885964912280684
interviewer,1.5,worldview_alignment,72.20614035087719,69.39912280701755,2.8070175438596436
interviewer,2.0,emotional_register,68.6842105263158,42.21491228070175,26.46929824561404
interviewer,2.0,vocab_choice,69.18859649122807,46.05263157894737,23.1359649122807
interviewer,2.0,social_dynamic,66.8640350877193,42.19298245614035,24.671052631578952
interviewer,2.0,motivation,75.9780701754386,58.68421052631579,17.293859649122815
interviewer,2.0,worldview_alignment,72.14035087719299,53.223684210526315,18.91666666666667
interviewer,2.5,emotional_register,60.48245614035088,19.29824561403509,41.18421052631579
interviewer,2.5,vocab_choice,59.53947368421053,20.19736842105263,39.3421052631579
interviewer,2.5,social_dynamic,58.969298245614034,20.74561403508772,38.223684210526315
interviewer,2.5,motivation,68.48684210526316,30.285087719298247,38.20175438596492
interviewer,2.5,worldview_alignment,63.98245614035088,24.978070175438596,39.00438596491228
jester,1.0,emotional_register,17.105263157894736,15.43859649122807,1.666666666666666
jester,1.0,vocab_choice,22.017543859649123,21.535087719298247,0.4824561403508767
jester,1.0,social_dynamic,21.162280701754387,21.666666666666668,-0.5043859649122808
jester,1.0,motivation,38.66228070175438,38.00438596491228,0.6578947368421026
jester,1.0,worldview_alignment,28.68421052631579,28.399122807017545,0.2850877192982466
jester,1.5,emotional_register,22.30263157894737,18.81578947368421,3.486842105263161
jester,1.5,vocab_choice,26.600877192982455,23.75,2.8508771929824555
jester,1.5,social_dynamic,26.271929824561404,24.166666666666668,2.1052631578947363
jester,1.5,motivation,46.14035087719298,43.530701754385966,2.6096491228070136
jester,1.5,worldview_alignment,35.19736842105263,32.43421052631579,2.7631578947368425
jester,2.0,emotional_register,32.14912280701754,18.464912280701753,13.684210526315788
jester,2.0,vocab_choice,34.03508771929825,22.19298245614035,11.842105263157897
jester,2.0,social_dynamic,34.3421052631579,23.486842105263158,10.85526315789474
jester,2.0,motivation,50.78947368421053,47.69736842105263,3.0921052631578974
jester,2.0,worldview_alignment,41.8859649122807,36.68859649122807,5.19736842105263
jester,2.5,emotional_register,41.578947368421055,6.907894736842105,34.67105263157895
jester,2.5,vocab_choice,41.49122807017544,7.2894736842105265,34.20175438596491
jester,2.5,social_dynamic,42.78508771929825,8.75,34.03508771929825
jester,2.5,motivation,56.79824561403509,27.74122807017544,29.05701754385965
jester,2.5,worldview_alignment,48.35526315789474,15.460526315789474,32.89473684210527
journalist,1.0,emotional_register,59.3640350877193,53.421052631578945,5.942982456140356
journalist,1.0,vocab_choice,66.07456140350877,64.75877192982456,1.3157894736842053
journalist,1.0,social_dynamic,59.333333333333336,55.04385964912281,4.289473684210527
journalist,1.0,motivation,66.2719298245614,60.37280701754386,5.899122807017534
journalist,1.0,worldview_alignment,62.76315789473684,56.78947368421053,5.973684210526315
journalist,1.5,emotional_register,66.77631578947368,52.03947368421053,14.736842105263158
journalist,1.5,vocab_choice,67.78508771929825,63.48684210526316,4.298245614035089
journalist,1.5,social_dynamic,63.925438596491226,54.05701754385965,9.868421052631575
journalist,1.5,motivation,72.67543859649123,61.16228070175438,11.51315789473685
journalist,1.5,worldview_alignment,68.36842105263158,57.93859649122807,10.429824561403507
journalist,2.0,emotional_register,65.54824561403508,31.68859649122807,33.859649122807014
journalist,2.0,vocab_choice,62.96052631578947,41.228070175438596,21.732456140350877
journalist,2.0,social_dynamic,62.01754385964912,34.18859649122807,27.828947368421055
journalist,2.0,motivation,71.71052631578948,48.1578947368421,23.552631578947377
journalist,2.0,worldview_alignment,67.29385964912281,43.24561403508772,24.04824561403509
journalist,2.5,emotional_register,63.48684210526316,15.767543859649123,47.719298245614034
journalist,2.5,vocab_choice,56.8421052631579,21.42543859649123,35.41666666666667
journalist,2.5,social_dynamic,59.32017543859649,17.916666666666668,41.40350877192982
journalist,2.5,motivation,69.4298245614035,27.982456140350877,41.44736842105263
journalist,2.5,worldview_alignment,64.45175438596492,23.333333333333332,41.11842105263159
judge,1.0,emotional_register,45.39473684210526,44.64912280701754,0.7456140350877192
judge,1.0,vocab_choice,53.61842105263158,56.31578947368421,-2.69736842105263
judge,1.0,social_dynamic,42.23684210526316,43.36842105263158,-1.1315789473684248
judge,1.0,motivation,49.60526315789474,48.32017543859649,1.2850877192982466
judge,1.0,worldview_alignment,44.10526315789474,42.521929824561404,1.5833333333333357
judge,1.5,emotional_register,46.99561403508772,45.0,1.9956140350877192
judge,1.5,vocab_choice,50.94298245614035,54.3859649122807,-3.4429824561403493
judge,1.5,social_dynamic,42.58771929824562,44.276315789473685,-1.6885964912280684
judge,1.5,motivation,51.271929824561404,51.33771929824562,-0.0657894736842124
judge,1.5,worldview_alignment,44.978070175438596,45.05701754385965,-0.07894736842105488
judge,2.0,emotional_register,48.31140350877193,29.780701754385966,18.530701754385966
judge,2.0,vocab_choice,47.54385964912281,36.40350877192982,11.140350877192986
judge,2.0,social_dynamic,42.23684210526316,30.06578947368421,12.171052631578949
judge,2.0,motivation,53.04824561403509,40.30701754385965,12.741228070175438
judge,2.0,worldview_alignment,46.8859649122807,33.99122807017544,12.89473684210526
judge,2.5,emotional_register,45.89912280701754,12.214912280701755,33.68421052631579
judge,2.5,vocab_choice,43.07017543859649,14.18859649122807,28.881578947368425
judge,2.5,social_dynamic,39.671052631578945,11.820175438596491,27.850877192982452
judge,2.5,motivation,51.75438596491228,18.61842105263158,33.1359649122807
judge,2.5,worldview_alignment,45.30701754385965,13.5,31.80701754385965
lawyer,1.0,emotional_register,39.54148471615721,33.8646288209607,5.6768558951965105
lawyer,1.0,vocab_choice,49.10480349344978,51.55021834061135,-2.4454148471615724
lawyer,1.0,social_dynamic,36.069868995633186,33.624454148471614,2.4454148471615724
lawyer,1.0,motivation,47.70742358078603,44.301310043668124,3.4061135371179034
lawyer,1.0,worldview_alignment,41.7467248908297,37.86026200873363,3.886462882096069
lawyer,1.5,emotional_register,45.0,33.51528384279476,11.484716157205241
lawyer,1.5,vocab_choice,48.930131004366814,49.65065502183406,-0.7205240174672483
lawyer,1.5,social_dynamic,38.68995633187773,34.672489082969435,4.0174672489082965
lawyer,1.5,motivation,51.048034934497814,44.93449781659389,6.113537117903924
lawyer,1.5,worldview_alignment,44.27947598253275,38.51528384279476,5.764192139737993
lawyer,2.0,emotional_register,47.96943231441048,18.100436681222707,29.868995633187776
lawyer,2.0,vocab_choice,47.751091703056765,30.72052401746725,17.030567685589517
lawyer,2.0,social_dynamic,40.76419213973799,20.91703056768559,19.847161572052403
lawyer,2.0,motivation,55.17467248908297,35.37117903930131,19.803493449781662
lawyer,2.0,worldview_alignment,47.532751091703055,29.868995633187772,17.663755458515283
lawyer,2.5,emotional_register,51.65938864628821,8.056768558951966,43.60262008733624
lawyer,2.5,vocab_choice,47.314410480349345,12.59825327510917,34.71615720524017
lawyer,2.5,social_dynamic,42.79475982532751,8.406113537117903,34.38864628820961
lawyer,2.5,motivation,58.10043668122271,16.353711790393014,41.7467248908297
lawyer,2.5,worldview_alignment,50.4061135371179,11.593886462882097,38.81222707423581
leviathan,1.0,emotional_register,19.25438596491228,19.29824561403509,-0.043859649122808264
leviathan,1.0,vocab_choice,31.99561403508772,31.68859649122807,0.30701754385965074
leviathan,1.0,social_dynamic,22.785087719298247,23.355263157894736,-0.5701754385964897
leviathan,1.0,motivation,26.05263157894737,26.31578947368421,-0.2631578947368389
leviathan,1.0,worldview_alignment,18.68421052631579,18.61842105263158,0.0657894736842124
leviathan,1.5,emotional_register,23.00438596491228,21.92982456140351,1.0745614035087705
leviathan,1.5,vocab_choice,36.16228070175438,33.04824561403509,3.1140350877192944
leviathan,1.5,social_dynamic,26.92982456140351,26.140350877192983,0.7894736842105274
leviathan,1.5,motivation,29.166666666666668,30.0,-0.8333333333333321
leviathan,1.5,worldview_alignment,22.19298245614035,21.31578947368421,0.8771929824561404
leviathan,2.0,emotional_register,32.171052631578945,19.342105263157894,12.828947368421051
leviathan,2.0,vocab_choice,42.93859649122807,29.473684210526315,13.464912280701753
leviathan,2.0,social_dynamic,32.828947368421055,22.56578947368421,10.263157894736846
leviathan,2.0,motivation,38.83771929824562,29.013157894736842,9.824561403508774
leviathan,2.0,worldview_alignment,30.789473684210527,21.140350877192983,9.649122807017545
leviathan,2.5,emotional_register,49.12280701754386,6.491228070175438,42.631578947368425
leviathan,2.5,vocab_choice,56.64473684210526,9.956140350877194,46.68859649122807
leviathan,2.5,social_dynamic,48.17982456140351,8.00438596491228,40.175438596491226
leviathan,2.5,motivation,54.3640350877193,12.521929824561404,41.8421052631579
leviathan,2.5,worldview_alignment,48.03947368421053,7.324561403508772,40.71491228070175
librarian,1.0,emotional_register,55.39473684210526,53.66228070175438,1.7324561403508767
librarian,1.0,vocab_choice,60.30701754385965,62.5,-2.1929824561403493
librarian,1.0,social_dynamic,54.84649122807018,54.10087719298246,0.7456140350877192
librarian,1.0,motivation,63.925438596491226,61.8421052631579,2.0833333333333286
librarian,1.0,worldview_alignment,59.03508771929825,57.25877192982456,1.776315789473685
librarian,1.5,emotional_register,58.85964912280702,54.95614035087719,3.903508771929829
librarian,1.5,vocab_choice,61.95175438596491,63.0921052631579,-1.1403508771929864
librarian,1.5,social_dynamic,57.69736842105263,57.03947368421053,0.6578947368421026
librarian,1.5,motivation,66.77631578947368,65.74561403508773,1.0307017543859587
librarian,1.5,worldview_alignment,61.71052631578947,60.84649122807018,0.8640350877192944
librarian,2.0,emotional_register,58.70614035087719,33.530701754385966,25.175438596491226
librarian,2.0,vocab_choice,58.64035087719298,41.20614035087719,17.434210526315788
librarian,2.0,social_dynamic,57.43421052631579,36.60087719298246,20.83333333333333
librarian,2.0,motivation,67.12719298245614,51.82017543859649,15.307017543859644
librarian,2.0,worldview_alignment,61.38157894736842,46.49122807017544,14.89035087719298
librarian,2.5,emotional_register,50.43859649122807,13.048245614035087,37.39035087719298
librarian,2.5,vocab_choice,48.99122807017544,15.592105263157896,33.39912280701754
librarian,2.5,social_dynamic,48.28947368421053,14.649122807017545,33.640350877192986
librarian,2.5,motivation,60.04385964912281,23.57456140350877,36.46929824561404
librarian,2.5,worldview_alignment,54.14473684210526,18.17982456140351,35.96491228070175
linguist,1.0,emotional_register,52.083333333333336,49.25438596491228,2.828947368421055
linguist,1.0,vocab_choice,56.16228070175438,56.469298245614034,-0.30701754385965074
linguist,1.0,social_dynamic,51.00877192982456,50.28508771929825,0.723684210526315
linguist,1.0,motivation,51.19736842105263,50.08771929824562,1.1096491228070136
linguist,1.0,worldview_alignment,46.18421052631579,45.76754385964912,0.4166666666666643
linguist,1.5,emotional_register,54.51754385964912,50.10964912280702,4.407894736842103
linguist,1.5,vocab_choice,54.49561403508772,55.26315789473684,-0.7675438596491233
linguist,1.5,social_dynamic,53.026315789473685,51.40350877192982,1.6228070175438631
linguist,1.5,motivation,51.776315789473685,51.20614035087719,0.5701754385964932
linguist,1.5,worldview_alignment,46.79824561403509,46.33771929824562,0.46052631578947256
linguist,2.0,emotional_register,56.14035087719298,30.94298245614035,25.19736842105263
linguist,2.0,vocab_choice,53.1359649122807,35.28508771929825,17.850877192982452
linguist,2.0,social_dynamic,53.00438596491228,34.10087719298246,18.903508771929822
linguist,2.0,motivation,53.61842105263158,43.31140350877193,10.30701754385965
linguist,2.0,worldview_alignment,48.26754385964912,37.41228070175438,10.85526315789474
linguist,2.5,emotional_register,56.51315789473684,11.842105263157896,44.671052631578945
linguist,2.5,vocab_choice,51.40350877192982,13.81578947368421,37.58771929824561
linguist,2.5,social_dynamic,52.39035087719298,14.56140350877193,37.82894736842105
linguist,2.5,motivation,56.18421052631579,21.20614035087719,34.978070175438596
linguist,2.5,worldview_alignment,50.04385964912281,16.140350877192983,33.90350877192982
loner,1.0,emotional_register,22.982456140350877,21.25,1.7324561403508767
loner,1.0,vocab_choice,34.84649122807018,33.00438596491228,1.8421052631578974
loner,1.0,social_dynamic,21.49122807017544,18.99122807017544,2.5
loner,1.0,motivation,28.92543859649123,27.56578947368421,1.3596491228070207
loner,1.0,worldview_alignment,23.04824561403509,21.11842105263158,1.9298245614035103
loner,1.5,emotional_register,27.45614035087719,23.99122807017544,3.4649122807017534
loner,1.5,vocab_choice,40.15350877192982,37.78508771929825,2.368421052631575
loner,1.5,social_dynamic,24.75877192982456,22.149122807017545,2.609649122807017
loner,1.5,motivation,34.3640350877193,30.153508771929825,4.210526315789476
loner,1.5,worldview_alignment,28.135964912280702,24.29824561403509,3.837719298245613
loner,2.0,emotional_register,33.75,19.100877192982455,14.649122807017545
loner,2.0,vocab_choice,44.473684210526315,30.394736842105264,14.078947368421051
loner,2.0,social_dynamic,30.74561403508772,19.780701754385966,10.964912280701753
loner,2.0,motivation,43.64035087719298,29.144736842105264,14.495614035087716
loner,2.0,worldview_alignment,37.04824561403509,23.289473684210527,13.758771929824562
loner,2.5,emotional_register,42.58771929824562,12.12719298245614,30.460526315789476
loner,2.5,vocab_choice,50.0,16.49122807017544,33.50877192982456
loner,2.5,social_dynamic,38.28947368421053,11.578947368421053,26.710526315789473
loner,2.5,motivation,52.324561403508774,22.609649122807017,29.714912280701757
loner,2.5,worldview_alignment,46.175438596491226,16.38157894736842,29.793859649122805
luddite,1.0,emotional_register,20.54824561403509,19.035087719298247,1.5131578947368425
luddite,1.0,vocab_choice,25.13157894736842,24.62719298245614,0.5043859649122808
luddite,1.0,social_dynamic,23.530701754385966,23.092105263157894,0.438596491228072
luddite,1.0,motivation,17.280701754385966,15.0,2.280701754385966
luddite,1.0,worldview_alignment,11.666666666666666,9.592105263157896,2.0745614035087705
luddite,1.5,emotional_register,27.017543859649123,21.359649122807017,5.657894736842106
luddite,1.5,vocab_choice,30.13157894736842,26.79824561403509,3.333333333333332
luddite,1.5,social_dynamic,29.210526315789473,25.67982456140351,3.5307017543859622
luddite,1.5,motivation,24.100877192982455,18.04824561403509,6.052631578947366
luddite,1.5,worldview_alignment,17.25877192982456,12.390350877192983,4.868421052631579
luddite,2.0,emotional_register,37.01754385964912,16.07456140350877,20.942982456140353
luddite,2.0,vocab_choice,37.76315789473684,23.157894736842106,14.605263157894736
luddite,2.0,social_dynamic,38.44298245614035,21.864035087719298,16.57894736842105
luddite,2.0,motivation,33.59649122807018,16.18421052631579,17.412280701754387
luddite,2.0,worldview_alignment,26.75438596491228,10.263157894736842,16.49122807017544
luddite,2.5,emotional_register,46.60087719298246,9.912280701754385,36.688596491228076
luddite,2.5,vocab_choice,45.48245614035088,12.807017543859649,32.675438596491226
luddite,2.5,social_dynamic,47.280701754385966,12.543859649122806,34.73684210526316
luddite,2.5,motivation,46.62280701754386,12.675438596491228,33.94736842105264
luddite,2.5,worldview_alignment,39.078947368421055,6.62280701754386,32.45614035087719
marketer,1.0,emotional_register,63.35526315789474,62.43421052631579,0.9210526315789522
marketer,1.0,vocab_choice,65.46052631578948,67.78508771929825,-2.324561403508767
marketer,1.0,social_dynamic,61.1140350877193,59.91228070175438,1.201754385964918
marketer,1.0,motivation,66.3640350877193,67.45614035087719,-1.0921052631578902
marketer,1.0,worldview_alignment,62.98684210526316,63.90350877192982,-0.9166666666666643
marketer,1.5,emotional_register,62.85087719298246,64.05701754385964,-1.2061403508771846
marketer,1.5,vocab_choice,63.94736842105263,65.98684210526316,-2.0394736842105345
marketer,1.5,social_dynamic,59.93421052631579,61.8640350877193,-1.9298245614035139
marketer,1.5,motivation,66.39473684210526,69.51754385964912,-3.122807017543863
marketer,1.5,worldview_alignment,62.828947368421055,65.86842105263158,-3.0394736842105203
marketer,2.0,emotional_register,64.25438596491227,43.20175438596491,21.052631578947363
marketer,2.0,vocab_choice,62.36842105263158,44.583333333333336,17.785087719298247
marketer,2.0,social_dynamic,60.54824561403509,41.469298245614034,19.078947368421055
marketer,2.0,motivation,67.82894736842105,55.70175438596491,12.127192982456144
marketer,2.0,worldview_alignment,64.53947368421052,50.81140350877193,13.728070175438589
marketer,2.5,emotional_register,57.45614035087719,16.228070175438596,41.228070175438596
marketer,2.5,vocab_choice,53.574561403508774,14.978070175438596,38.59649122807018
marketer,2.5,social_dynamic,52.76315789473684,15.964912280701755,36.79824561403509
marketer,2.5,motivation,62.56578947368421,25.833333333333332,36.73245614035088
marketer,2.5,worldview_alignment,58.31140350877193,21.513157894736842,36.79824561403509
martyr,1.0,emotional_register,23.355263157894736,24.210526315789473,-0.8552631578947363
martyr,1.0,vocab_choice,42.80701754385965,46.666666666666664,-3.8596491228070136
martyr,1.0,social_dynamic,30.06578947368421,32.76315789473684,-2.6973684210526336
martyr,1.0,motivation,23.771929824561404,25.614035087719298,-1.8421052631578938
martyr,1.0,worldview_alignment,20.592105263157894,22.79824561403509,-2.2061403508771953
martyr,1.5,emotional_register,28.31140350877193,28.464912280701753,-0.15350877192982182
martyr,1.5,vocab_choice,42.03947368421053,46.973684210526315,-4.934210526315788
martyr,1.5,social_dynamic,33.44298245614035,35.6359649122807,-2.1929824561403493
martyr,1.5,motivation,31.030701754385966,31.44736842105263,-0.4166666666666643
martyr,1.5,worldview_alignment,26.276315789473685,27.521929824561404,-1.2456140350877192
martyr,2.0,emotional_register,35.10964912280702,25.87719298245614,9.23245614035088
martyr,2.0,vocab_choice,42.478070175438596,37.521929824561404,4.956140350877192
martyr,2.0,social_dynamic,37.78508771929825,30.153508771929825,7.631578947368421
martyr,2.0,motivation,37.98245614035088,33.75,4.232456140350877
martyr,2.0,worldview_alignment,33.75,28.04824561403509,5.701754385964911
martyr,2.5,emotional_register,45.6578947368421,12.763157894736842,32.89473684210526
martyr,2.5,vocab_choice,46.53508771929825,17.63157894736842,28.903508771929825
martyr,2.5,social_dynamic,43.85964912280702,15.241228070175438,28.618421052631582
martyr,2.5,motivation,49.166666666666664,22.43421052631579,26.732456140350873
martyr,2.5,worldview_alignment,43.728070175438596,17.478070175438596,26.25
mathematician,1.0,emotional_register,54.3421052631579,51.8859649122807,2.456140350877199
mathematician,1.0,vocab_choice,59.01315789473684,58.07017543859649,0.9429824561403493
mathematician,1.0,social_dynamic,53.64035087719298,52.43421052631579,1.2061403508771917
mathematician,1.0,motivation,56.87719298245614,54.64912280701754,2.228070175438596
mathematician,1.0,worldview_alignment,52.35526315789474,49.94736842105263,2.4078947368421098
mathematician,1.5,emotional_register,58.35526315789474,52.96052631578947,5.394736842105267
mathematician,1.5,vocab_choice,61.92982456140351,59.21052631578947,2.719298245614034
mathematician,1.5,social_dynamic,57.89473684210526,53.83771929824562,4.057017543859644
mathematician,1.5,motivation,61.328947368421055,57.324561403508774,4.004385964912281
mathematician,1.5,worldview_alignment,56.6578947368421,51.89912280701754,4.758771929824562
mathematician,2.0,emotional_register,61.68859649122807,31.42543859649123,30.26315789473684
mathematician,2.0,vocab_choice,63.50877192982456,36.92982456140351,26.578947368421055
mathematician,2.0,social_dynamic,60.54824561403509,36.8640350877193,23.684210526315788
mathematician,2.0,motivation,66.14035087719299,46.469298245614034,19.671052631578952
mathematician,2.0,worldview_alignment,61.35964912280702,39.71491228070175,21.644736842105267
mathematician,2.5,emotional_register,60.89912280701754,15.153508771929825,45.74561403508771
mathematician,2.5,vocab_choice,60.48245614035088,20.789473684210527,39.69298245614035
mathematician,2.5,social_dynamic,58.728070175438596,20.54824561403509,38.17982456140351
mathematician,2.5,motivation,68.57456140350877,28.20175438596491,40.372807017543856
mathematician,2.5,worldview_alignment,63.24561403508772,22.32456140350877,40.921052631578945
maverick,1.0,emotional_register,29.32017543859649,21.162280701754387,8.157894736842103
maverick,1.0,vocab_choice,39.276315789473685,34.583333333333336,4.692982456140349
maverick,1.0,social_dynamic,31.79824561403509,25.964912280701753,5.833333333333336
maverick,1.0,motivation,42.324561403508774,33.88157894736842,8.442982456140356
maverick,1.0,worldview_alignment,33.64035087719298,25.614035087719298,8.026315789473681
maverick,1.5,emotional_register,41.18421052631579,22.5,18.684210526315788
maverick,1.5,vocab_choice,48.79385964912281,35.85526315789474,12.938596491228068
maverick,1.5,social_dynamic,41.55701754385965,26.885964912280702,14.671052631578949
maverick,1.5,motivation,55.08771929824562,36.95175438596491,18.135964912280706
maverick,1.5,worldview_alignment,46.92982456140351,28.399122807017545,18.530701754385962
maverick,2.0,emotional_register,56.40350877192982,14.824561403508772,41.57894736842105
maverick,2.0,vocab_choice,58.223684210526315,26.359649122807017,31.864035087719298
maverick,2.0,social_dynamic,55.6359649122807,20.592105263157894,35.04385964912281
maverick,2.0,motivation,66.3157894736842,32.324561403508774,33.99122807017543
maverick,2.0,worldview_alignment,59.84649122807018,24.45175438596491,35.39473684210527
maverick,2.5,emotional_register,66.71052631578948,8.223684210526315,58.486842105263165
maverick,2.5,vocab_choice,65.10964912280701,13.552631578947368,51.557017543859644
maverick,2.5,social_dynamic,64.56140350877193,11.18421052631579,53.377192982456144
maverick,2.5,motivation,71.77631578947368,21.31578947368421,50.46052631578948
maverick,2.5,worldview_alignment,67.25438596491227,14.342105263157896,52.912280701754376
mechanic,1.0,emotional_register,42.478070175438596,36.49122807017544,5.9868421052631575
mechanic,1.0,vocab_choice,41.44736842105263,38.026315789473685,3.421052631578945
mechanic,1.0,social_dynamic,38.223684210526315,33.20175438596491,5.021929824561404
mechanic,1.0,motivation,44.824561403508774,40.89912280701754,3.925438596491233
mechanic,1.0,worldview_alignment,39.21052631578947,35.06578947368421,4.14473684210526
mechanic,1.5,emotional_register,51.973684210526315,38.37719298245614,13.596491228070178
mechanic,1.5,vocab_choice,48.68421052631579,40.85526315789474,7.828947368421048
mechanic,1.5,social_dynamic,47.06140350877193,35.5921052631579,11.469298245614034
mechanic,1.5,motivation,55.723684210526315,45.54824561403509,10.175438596491226
mechanic,1.5,worldview_alignment,49.64912280701754,39.32017543859649,10.328947368421048
mechanic,2.0,emotional_register,62.12719298245614,22.390350877192983,39.73684210526315
mechanic,2.0,vocab_choice,57.80701754385965,26.38157894736842,31.42543859649123
mechanic,2.0,social_dynamic,58.30263157894737,22.478070175438596,35.824561403508774
mechanic,2.0,motivation,65.89912280701755,34.29824561403509,31.60087719298246
mechanic,2.0,worldview_alignment,60.73245614035088,28.771929824561404,31.960526315789473
mechanic,2.5,emotional_register,63.925438596491226,14.364035087719298,49.56140350877193
mechanic,2.5,vocab_choice,58.39912280701754,16.75438596491228,41.64473684210526
mechanic,2.5,social_dynamic,60.32017543859649,15.526315789473685,44.79385964912281
mechanic,2.5,motivation,66.63157894736842,28.42105263157895,38.21052631578948
mechanic,2.5,worldview_alignment,61.5921052631579,22.36842105263158,39.223684210526315
mediator,1.0,emotional_register,66.73245614035088,68.20175438596492,-1.4692982456140413
mediator,1.0,vocab_choice,73.22368421052632,74.9780701754386,-1.754385964912288
mediator,1.0,social_dynamic,67.4780701754386,69.16666666666667,-1.6885964912280684
mediator,1.0,motivation,73.37719298245614,76.25,-2.872807017543863
mediator,1.0,worldview_alignment,70.74561403508773,72.93859649122807,-2.192982456140342
mediator,1.5,emotional_register,69.4298245614035,69.95614035087719,-0.526315789473685
mediator,1.5,vocab_choice,73.1359649122807,73.31140350877193,-0.17543859649123306
mediator,1.5,social_dynamic,68.85964912280701,70.6140350877193,-1.754385964912288
mediator,1.5,motivation,75.47368421052632,78.25877192982456,-2.7850877192982466
mediator,1.5,worldview_alignment,72.32456140350877,74.87719298245614,-2.55263157894737
mediator,2.0,emotional_register,67.25877192982456,54.91228070175438,12.346491228070178
mediator,2.0,vocab_choice,67.08333333333333,54.18859649122807,12.89473684210526
mediator,2.0,social_dynamic,64.53947368421052,54.51754385964912,10.021929824561397
mediator,2.0,motivation,73.59649122807018,67.80701754385964,5.7894736842105345
mediator,2.0,worldview_alignment,69.79824561403508,63.1359649122807,6.6622807017543835
mediator,2.5,emotional_register,63.780701754385966,24.56140350877193,39.219298245614034
mediator,2.5,vocab_choice,60.30701754385965,21.31578947368421,38.99122807017544
mediator,2.5,social_dynamic,60.37280701754386,22.82894736842105,37.54385964912281
mediator,2.5,motivation,70.04385964912281,36.95175438596491,33.0921052631579
mediator,2.5,worldview_alignment,65.72368421052632,31.42543859649123,34.29824561403508
mentor,1.0,emotional_register,69.40789473684211,67.30263157894737,2.10526315789474
mentor,1.0,vocab_choice,75.81140350877193,74.95614035087719,0.8552631578947398
mentor,1.0,social_dynamic,70.6140350877193,68.88157894736842,1.7324561403508767
mentor,1.0,motivation,78.92543859649123,78.57456140350877,0.3508771929824661
mentor,1.0,worldview_alignment,74.96929824561404,74.48684210526316,0.4824561403508767
mentor,1.5,emotional_register,73.1359649122807,67.67543859649123,5.4605263157894655
mentor,1.5,vocab_choice,73.8157894736842,72.65350877192982,1.1622807017543835
mentor,1.5,social_dynamic,71.64473684210526,68.85964912280701,2.7850877192982466
mentor,1.5,motivation,80.4298245614035,78.96929824561404,1.4605263157894655
mentor,1.5,worldview_alignment,77.00438596491227,74.83771929824562,2.166666666666657
mentor,2.0,emotional_register,74.05701754385964,46.8859649122807,27.171052631578945
mentor,2.0,vocab_choice,69.29824561403508,49.078947368421055,20.219298245614027
mentor,2.0,social_dynamic,72.30263157894737,46.776315789473685,25.526315789473685
mentor,2.0,motivation,80.59210526315789,62.85087719298246,17.74122807017543
mentor,2.0,worldview_alignment,76.44298245614036,57.5,18.942982456140356
mentor,2.5,emotional_register,68.85964912280701,20.263157894736842,48.59649122807017
mentor,2.5,vocab_choice,61.469298245614034,20.04385964912281,41.425438596491226
mentor,2.5,social_dynamic,65.17543859649123,21.030701754385966,44.14473684210527
mentor,2.5,motivation,75.28508771929825,32.43421052631579,42.85087719298246
mentor,2.5,worldview_alignment,70.15789473684211,27.06140350877193,43.09649122807018
merchant,1.0,emotional_register,40.15350877192982,32.324561403508774,7.828947368421048
merchant,1.0,vocab_choice,43.79385964912281,41.25,2.5438596491228083
merchant,1.0,social_dynamic,36.11842105263158,29.583333333333332,6.53508771929825
merchant,1.0,motivation,43.0921052631579,34.29824561403509,8.793859649122808
merchant,1.0,worldview_alignment,38.07017543859649,29.07894736842105,8.991228070175442
merchant,1.5,emotional_register,45.6578947368421,35.24122807017544,10.416666666666664
merchant,1.5,vocab_choice,46.55701754385965,41.95175438596491,4.60526315789474
merchant,1.5,social_dynamic,40.5921052631579,32.21491228070175,8.377192982456144
merchant,1.5,motivation,47.63157894736842,38.223684210526315,9.407894736842103
merchant,1.5,worldview_alignment,42.56578947368421,33.00438596491228,9.561403508771932
merchant,2.0,emotional_register,55.19736842105263,21.907894736842106,33.28947368421052
merchant,2.0,vocab_choice,54.14473684210526,29.013157894736842,25.131578947368418
merchant,2.0,social_dynamic,49.583333333333336,21.337719298245613,28.245614035087723
merchant,2.0,motivation,58.35526315789474,28.903508771929825,29.451754385964914
merchant,2.0,worldview_alignment,53.25877192982456,23.728070175438596,29.530701754385966
merchant,2.5,emotional_register,62.87280701754386,10.74561403508772,52.127192982456144
merchant,2.5,vocab_choice,60.5921052631579,12.346491228070175,48.245614035087726
merchant,2.5,social_dynamic,60.30701754385965,9.824561403508772,50.48245614035088
merchant,2.5,motivation,68.09210526315789,14.890350877192983,53.201754385964904
merchant,2.5,worldview_alignment,63.6140350877193,10.855263157894736,52.75877192982456
minimalist,1.0,emotional_register,19.276315789473685,31.29385964912281,-12.017543859649123
minimalist,1.0,vocab_choice,23.24561403508772,37.74122807017544,-14.49561403508772
minimalist,1.0,social_dynamic,23.903508771929825,39.03508771929825,-15.131578947368421
minimalist,1.0,motivation,21.973684210526315,33.771929824561404,-11.798245614035089
minimalist,1.0,worldview_alignment,17.609649122807017,27.916666666666668,-10.30701754385965
minimalist,1.5,emotional_register,19.166666666666668,39.51754385964912,-20.350877192982455
minimalist,1.5,vocab_choice,22.916666666666668,46.33771929824562,-23.42105263157895
minimalist,1.5,social_dynamic,23.57456140350877,46.9078947368421,-23.333333333333332
minimalist,1.5,motivation,22.80701754385965,43.66228070175438,-20.855263157894733
minimalist,1.5,worldview_alignment,18.771929824561404,37.60964912280702,-18.837719298245617
minimalist,2.0,emotional_register,24.25438596491228,34.21052631578947,-9.956140350877192
minimalist,2.0,vocab_choice,27.43421052631579,39.10087719298246,-11.666666666666668
minimalist,2.0,social_dynamic,29.07894736842105,41.11842105263158,-12.039473684210531
minimalist,2.0,motivation,29.32017543859649,43.17982456140351,-13.859649122807017
minimalist,2.0,worldview_alignment,24.583333333333332,37.223684210526315,-12.640350877192983
minimalist,2.5,emotional_register,25.57017543859649,9.890350877192983,15.679824561403507
minimalist,2.5,vocab_choice,26.907894736842106,10.307017543859649,16.60087719298246
minimalist,2.5,social_dynamic,28.50877192982456,11.951754385964913,16.55701754385965
minimalist,2.5,motivation,30.087719298245613,16.29385964912281,13.793859649122805
minimalist,2.5,worldview_alignment,25.81140350877193,12.87280701754386,12.938596491228072
moderator,1.0,emotional_register,63.88157894736842,70.24122807017544,-6.359649122807021
moderator,1.0,vocab_choice,67.17105263157895,73.02631578947368,-5.85526315789474
moderator,1.0,social_dynamic,60.328947368421055,66.51315789473684,-6.1842105263157805
moderator,1.0,motivation,70.32894736842105,75.41666666666667,-5.0877192982456165
moderator,1.0,worldview_alignment,66.8640350877193,72.24122807017544,-5.377192982456137
moderator,1.5,emotional_register,59.93421052631579,70.94298245614036,-11.008771929824569
moderator,1.5,vocab_choice,59.25438596491228,72.21491228070175,-12.960526315789473
moderator,1.5,social_dynamic,54.89035087719298,66.98684210526316,-12.096491228070185
moderator,1.5,motivation,67.54385964912281,75.78947368421052,-8.245614035087712
moderator,1.5,worldview_alignment,62.54385964912281,72.30263157894737,-9.758771929824562
moderator,2.0,emotional_register,51.030701754385966,57.39035087719298,-6.3596491228070136
moderator,2.0,vocab_choice,46.99561403508772,54.69298245614035,-7.69736842105263
moderator,2.0,social_dynamic,45.48245614035088,53.66228070175438,-8.179824561403507
moderator,2.0,motivation,60.70175438596491,66.51315789473684,-5.8114035087719245
moderator,2.0,worldview_alignment,55.39473684210526,61.833333333333336,-6.4385964912280755
moderator,2.5,emotional_register,41.776315789473685,29.12280701754386,12.653508771929825
moderator,2.5,vocab_choice,36.62280701754386,26.82017543859649,9.802631578947373
moderator,2.5,social_dynamic,37.675438596491226,28.44298245614035,9.232456140350877
moderator,2.5,motivation,52.39035087719298,41.18421052631579,11.206140350877192
moderator,2.5,worldview_alignment,46.16228070175438,36.09649122807018,10.065789473684205
musician,1.0,emotional_register,42.96052631578947,38.17982456140351,4.780701754385966
musician,1.0,vocab_choice,49.276315789473685,48.333333333333336,0.9429824561403493
musician,1.0,social_dynamic,44.25438596491228,42.85087719298246,1.4035087719298218
musician,1.0,motivation,48.1578947368421,46.074561403508774,2.0833333333333286
musician,1.0,worldview_alignment,43.66228070175438,42.5,1.1622807017543835
musician,1.5,emotional_register,50.0,41.49122807017544,8.508771929824562
musician,1.5,vocab_choice,53.79385964912281,50.723684210526315,3.0701754385964932
musician,1.5,social_dynamic,51.31578947368421,45.921052631578945,5.394736842105267
musician,1.5,motivation,54.93421052631579,51.44736842105263,3.4868421052631575
musician,1.5,worldview_alignment,51.030701754385966,47.21491228070175,3.8157894736842124
musician,2.0,emotional_register,58.88157894736842,29.649122807017545,29.232456140350873
musician,2.0,vocab_choice,58.1359649122807,36.074561403508774,22.061403508771924
musician,2.0,social_dynamic,58.771929824561404,34.29824561403509,24.473684210526315
musician,2.0,motivation,63.31140350877193,45.43859649122807,17.872807017543863
musician,2.0,worldview_alignment,59.01315789473684,41.030701754385966,17.982456140350877
musician,2.5,emotional_register,65.24122807017544,12.192982456140351,53.04824561403509
musician,2.5,vocab_choice,59.671052631578945,14.078947368421053,45.59210526315789
musician,2.5,social_dynamic,62.925438596491226,14.671052631578947,48.25438596491228
musician,2.5,motivation,68.04824561403508,25.526315789473685,42.5219298245614
musician,2.5,worldview_alignment,64.17105263157895,20.32894736842105,43.84210526315789
mycorrhizal,1.0,emotional_register,32.45614035087719,28.04824561403509,4.407894736842103
mycorrhizal,1.0,vocab_choice,41.14035087719298,38.333333333333336,2.8070175438596436
mycorrhizal,1.0,social_dynamic,34.64912280701754,32.45614035087719,2.1929824561403493
mycorrhizal,1.0,motivation,39.73684210526316,37.78508771929825,1.951754385964911
mycorrhizal,1.0,worldview_alignment,30.021929824561404,27.785087719298247,2.2368421052631575
mycorrhizal,1.5,emotional_register,41.074561403508774,31.403508771929825,9.671052631578949
mycorrhizal,1.5,vocab_choice,44.3859649122807,39.078947368421055,5.307017543859644
mycorrhizal,1.5,social_dynamic,40.416666666666664,35.89912280701754,4.517543859649123
mycorrhizal,1.5,motivation,47.34649122807018,41.776315789473685,5.570175438596493
mycorrhizal,1.5,worldview_alignment,37.56578947368421,31.973684210526315,5.592105263157897
mycorrhizal,2.0,emotional_register,55.219298245614034,24.80263157894737,30.416666666666664
mycorrhizal,2.0,vocab_choice,53.478070175438596,31.00877192982456,22.469298245614034
mycorrhizal,2.0,social_dynamic,53.35526315789474,29.95614035087719,23.399122807017548
mycorrhizal,2.0,motivation,58.68421052631579,41.53508771929825,17.14912280701754
mycorrhizal,2.0,worldview_alignment,52.03947368421053,31.57894736842105,20.460526315789476
mycorrhizal,2.5,emotional_register,71.55701754385964,10.394736842105264,61.16228070175438
mycorrhizal,2.5,vocab_choice,67.76315789473684,12.390350877192983,55.37280701754385
mycorrhizal,2.5,social_dynamic,67.5,13.508771929824562,53.99122807017544
mycorrhizal,2.5,motivation,71.99561403508773,22.88157894736842,49.1140350877193
mycorrhizal,2.5,worldview_alignment,68.23684210526316,15.912280701754385,52.32456140350878
mystic,1.0,emotional_register,21.49122807017544,25.986842105263158,-4.495614035087719
mystic,1.0,vocab_choice,27.850877192982455,31.600877192982455,-3.75
mystic,1.0,social_dynamic,27.56578947368421,32.80701754385965,-5.241228070175442
mystic,1.0,motivation,34.91228070175438,41.29385964912281,-6.381578947368425
mystic,1.0,worldview_alignment,21.271929824561404,27.609649122807017,-6.337719298245613
mystic,1.5,emotional_register,25.592105263157894,30.394736842105264,-4.80263157894737
mystic,1.5,vocab_choice,30.13157894736842,35.04385964912281,-4.912280701754387
mystic,1.5,social_dynamic,31.513157894736842,37.76315789473684,-6.25
mystic,1.5,motivation,38.31140350877193,47.719298245614034,-9.407894736842103
mystic,1.5,worldview_alignment,26.44736842105263,33.50877192982456,-7.061403508771932
mystic,2.0,emotional_register,34.583333333333336,27.039473684210527,7.543859649122808
mystic,2.0,vocab_choice,36.55701754385965,28.92543859649123,7.631578947368421
mystic,2.0,social_dynamic,39.42982456140351,32.69736842105263,6.732456140350877
mystic,2.0,motivation,45.57017543859649,46.95175438596491,-1.3815789473684177
mystic,2.0,worldview_alignment,34.29824561403509,33.1140350877193,1.1842105263157876
mystic,2.5,emotional_register,50.5921052631579,8.399122807017545,42.192982456140356
mystic,2.5,vocab_choice,50.09649122807018,7.973684210526316,42.12280701754386
mystic,2.5,social_dynamic,52.87280701754386,10.197368421052632,42.67543859649123
mystic,2.5,motivation,57.11842105263158,17.982456140350877,39.135964912280706
mystic,2.5,worldview_alignment,49.50877192982456,10.570175438596491,38.93859649122807
narcissist,1.0,emotional_register,12.280701754385966,10.241228070175438,2.0394736842105274
narcissist,1.0,vocab_choice,27.346491228070175,26.29385964912281,1.0526315789473664
narcissist,1.0,social_dynamic,12.785087719298245,11.206140350877194,1.5789473684210513
narcissist,1.0,motivation,11.666666666666666,9.276315789473685,2.390350877192981
narcissist,1.0,worldview_alignment,9.320175438596491,7.2368421052631575,2.083333333333334
narcissist,1.5,emotional_register,16.140350877192983,11.75438596491228,4.385964912280702
narcissist,1.5,vocab_choice,29.736842105263158,30.0,-0.2631578947368425
narcissist,1.5,social_dynamic,15.74561403508772,12.43421052631579,3.31140350877193
narcissist,1.5,motivation,13.925438596491228,10.219298245614034,3.7061403508771935
narcissist,1.5,worldview_alignment,11.447368421052632,8.530701754385966,2.916666666666666
narcissist,2.0,emotional_register,23.464912280701753,12.916666666666666,10.548245614035087
narcissist,2.0,vocab_choice,37.43421052631579,28.79385964912281,8.64035087719298
narcissist,2.0,social_dynamic,21.62280701754386,13.333333333333334,8.289473684210526
narcissist,2.0,motivation,22.083333333333332,12.697368421052632,9.3859649122807
narcissist,2.0,worldview_alignment,18.24561403508772,10.0,8.24561403508772
narcissist,2.5,emotional_register,34.84649122807018,8.618421052631579,26.2280701754386
narcissist,2.5,vocab_choice,45.35087719298246,19.69298245614035,25.65789473684211
narcissist,2.5,social_dynamic,30.94298245614035,9.758771929824562,21.184210526315788
narcissist,2.5,motivation,32.06140350877193,12.149122807017545,19.912280701754387
narcissist,2.5,worldview_alignment,28.20175438596491,8.947368421052632,19.25438596491228
narrator,1.0,emotional_register,61.09649122807018,69.07894736842105,-7.982456140350877
narrator,1.0,vocab_choice,65.32894736842105,70.43859649122807,-5.1096491228070136
narrator,1.0,social_dynamic,59.780701754385966,65.76754385964912,-5.9868421052631575
narrator,1.0,motivation,74.16666666666667,79.16666666666667,-5.0
narrator,1.0,worldview_alignment,68.1798245614035,73.76315789473684,-5.583333333333329
narrator,1.5,emotional_register,61.40350877192982,71.33771929824562,-9.934210526315795
narrator,1.5,vocab_choice,65.26315789473684,68.83771929824562,-3.574561403508781
narrator,1.5,social_dynamic,59.23245614035088,67.58771929824562,-8.35526315789474
narrator,1.5,motivation,74.23245614035088,81.2280701754386,-6.995614035087726
narrator,1.5,worldview_alignment,68.26754385964912,76.40350877192982,-8.135964912280699
narrator,2.0,emotional_register,60.87719298245614,58.37719298245614,2.5
narrator,2.0,vocab_choice,62.25877192982456,50.78947368421053,11.469298245614034
narrator,2.0,social_dynamic,57.87280701754386,54.80263157894737,3.0701754385964932
narrator,2.0,motivation,74.29824561403508,73.31140350877193,0.9868421052631504
narrator,2.0,worldview_alignment,68.24561403508773,66.73245614035088,1.5131578947368496
narrator,2.5,emotional_register,59.10087719298246,14.49561403508772,44.60526315789474
narrator,2.5,vocab_choice,57.675438596491226,9.828947368421053,47.84649122807017
narrator,2.5,social_dynamic,55.51754385964912,13.552631578947368,41.96491228070175
narrator,2.5,motivation,71.97368421052632,26.00877192982456,45.96491228070175
narrator,2.5,worldview_alignment,65.74561403508773,20.144736842105264,45.600877192982466
naturalist,1.0,emotional_register,44.671052631578945,40.04385964912281,4.627192982456137
naturalist,1.0,vocab_choice,50.46052631578947,50.85526315789474,-0.39473684210526727
naturalist,1.0,social_dynamic,47.45614035087719,46.51315789473684,0.9429824561403493
naturalist,1.0,motivation,44.03508771929825,43.17982456140351,0.8552631578947398
naturalist,1.0,worldview_alignment,37.78508771929825,37.39035087719298,0.39473684210526727
naturalist,1.5,emotional_register,46.973684210526315,39.73684210526316,7.2368421052631575
naturalist,1.5,vocab_choice,48.68421052631579,50.54824561403509,-1.8640350877193015
naturalist,1.5,social_dynamic,48.66228070175438,45.74561403508772,2.9166666666666643
naturalist,1.5,motivation,46.26315789473684,45.13157894736842,1.1315789473684248
naturalist,1.5,worldview_alignment,39.328947368421055,37.63157894736842,1.6973684210526372
naturalist,2.0,emotional_register,50.6140350877193,22.894736842105264,27.719298245614038
naturalist,2.0,vocab_choice,47.89473684210526,30.94298245614035,16.95175438596491
naturalist,2.0,social_dynamic,49.80263157894737,30.54824561403509,19.25438596491228
naturalist,2.0,motivation,49.84649122807018,36.53508771929825,13.311403508771932
naturalist,2.0,worldview_alignment,42.36842105263158,27.982456140350877,14.385964912280706
naturalist,2.5,emotional_register,51.14035087719298,8.442982456140351,42.69736842105263
naturalist,2.5,vocab_choice,44.95614035087719,11.18421052631579,33.771929824561404
naturalist,2.5,social_dynamic,48.81578947368421,12.12719298245614,36.68859649122807
naturalist,2.5,motivation,49.3640350877193,16.864035087719298,32.5
naturalist,2.5,worldview_alignment,42.23684210526316,11.732456140350877,30.50438596491228
navigator,1.0,emotional_register,59.3859649122807,56.71052631578947,2.675438596491226
navigator,1.0,vocab_choice,64.64912280701755,63.66228070175438,0.9868421052631646
navigator,1.0,social_dynamic,57.93859649122807,55.0,2.9385964912280684
navigator,1.0,motivation,65.76754385964912,62.34649122807018,3.421052631578945
navigator,1.0,worldview_alignment,61.35087719298246,58.00438596491228,3.346491228070178
navigator,1.5,emotional_register,62.56578947368421,57.56578947368421,5.0
navigator,1.5,vocab_choice,64.9780701754386,62.87280701754386,2.10526315789474
navigator,1.5,social_dynamic,59.73684210526316,56.38157894736842,3.35526315789474
navigator,1.5,motivation,68.66228070175438,64.40789473684211,4.254385964912274
navigator,1.5,worldview_alignment,64.25877192982456,59.24561403508772,5.0131578947368425
navigator,2.0,emotional_register,64.21052631578948,38.90350877192982,25.307017543859658
navigator,2.0,vocab_choice,63.26754385964912,42.675438596491226,20.592105263157897
navigator,2.0,social_dynamic,61.219298245614034,39.25438596491228,21.964912280701753
navigator,2.0,motivation,71.57894736842105,51.62280701754386,19.95614035087719
navigator,2.0,worldview_alignment,66.91666666666667,46.14035087719298,20.776315789473692
navigator,2.5,emotional_register,64.3640350877193,15.197368421052632,49.16666666666667
navigator,2.5,vocab_choice,60.416666666666664,15.175438596491228,45.24122807017544
navigator,2.5,social_dynamic,62.45614035087719,15.328947368421053,47.12719298245614
navigator,2.5,motivation,72.25877192982456,25.04385964912281,47.21491228070175
navigator,2.5,worldview_alignment,67.54385964912281,19.49561403508772,48.04824561403509
negotiator,1.0,emotional_register,68.92543859649123,66.11842105263158,2.807017543859658
negotiator,1.0,vocab_choice,72.5,73.0701754385965,-0.5701754385964932
negotiator,1.0,social_dynamic,65.76754385964912,64.42105263157895,1.3464912280701782
negotiator,1.0,motivation,74.64912280701755,75.17543859649123,-0.526315789473685
negotiator,1.0,worldview_alignment,71.35087719298245,71.47368421052632,-0.12280701754386314
negotiator,1.5,emotional_register,69.4298245614035,67.85087719298245,1.5789473684210549
negotiator,1.5,vocab_choice,70.6140350877193,72.85087719298245,-2.2368421052631504
negotiator,1.5,social_dynamic,66.2280701754386,65.91228070175438,0.3157894736842195
negotiator,1.5,motivation,76.90789473684211,77.41228070175438,-0.5043859649122737
negotiator,1.5,worldview_alignment,72.5657894736842,73.28508771929825,-0.7192982456140413
negotiator,2.0,emotional_register,68.7280701754386,48.20175438596491,20.526315789473692
negotiator,2.0,vocab_choice,66.2280701754386,50.416666666666664,15.811403508771939
negotiator,2.0,social_dynamic,63.88157894736842,47.14912280701754,16.732456140350877
negotiator,2.0,motivation,74.12280701754386,64.51754385964912,9.60526315789474
negotiator,2.0,worldview_alignment,70.19736842105263,59.53947368421053,10.657894736842103
negotiator,2.5,emotional_register,63.0921052631579,20.13157894736842,42.96052631578948
negotiator,2.5,vocab_choice,58.39912280701754,19.75877192982456,38.64035087719298
negotiator,2.5,social_dynamic,59.18859649122807,19.32017543859649,39.868421052631575
negotiator,2.5,motivation,70.72368421052632,33.48684210526316,37.23684210526316
negotiator,2.5,worldview_alignment,66.26315789473684,27.960526315789473,38.30263157894736
networker,1.0,emotional_register,60.78947368421053,53.1140350877193,7.675438596491226
networker,1.0,vocab_choice,67.21491228070175,64.27631578947368,2.9385964912280684
networker,1.0,social_dynamic,59.73684210526316,52.69736842105263,7.039473684210527
networker,1.0,motivation,66.77631578947368,60.921052631578945,5.85526315789474
networker,1.0,worldview_alignment,64.23245614035088,58.48684210526316,5.745614035087719
networker,1.5,emotional_register,66.09649122807018,55.78947368421053,10.30701754385965
networker,1.5,vocab_choice,68.59649122807018,64.75877192982456,3.8377192982456165
networker,1.5,social_dynamic,64.45175438596492,57.01754385964912,7.434210526315795
networker,1.5,motivation,70.89912280701755,66.51315789473684,4.385964912280713
networker,1.5,worldview_alignment,67.67543859649123,63.21491228070175,4.46052631578948
networker,2.0,emotional_register,71.49122807017544,42.34649122807018,29.14473684210526
networker,2.0,vocab_choice,68.8157894736842,47.06140350877193,21.754385964912274
networker,2.0,social_dynamic,69.82456140350877,42.280701754385966,27.5438596491228
networker,2.0,motivation,75.59210526315789,58.68421052631579,16.907894736842103
networker,2.0,worldview_alignment,72.0219298245614,54.583333333333336,17.43859649122806
networker,2.5,emotional_register,67.5,16.842105263157894,50.65789473684211
networker,2.5,vocab_choice,64.29824561403508,18.267543859649123,46.03070175438596
networker,2.5,social_dynamic,64.64912280701755,17.346491228070175,47.30263157894737
networker,2.5,motivation,71.11842105263158,30.723684210526315,40.39473684210526
networker,2.5,worldview_alignment,66.79824561403508,26.337719298245613,40.460526315789465
newlywed,1.0,emotional_register,44.3640350877193,41.51315789473684,2.850877192982459
newlywed,1.0,vocab_choice,53.1578947368421,53.75,-0.5921052631578974
newlywed,1.0,social_dynamic,43.75,42.23684210526316,1.5131578947368425
newlywed,1.0,motivation,50.43859649122807,50.175438596491226,0.2631578947368425
newlywed,1.0,worldview_alignment,46.82017543859649,46.228070175438596,0.5921052631578974
newlywed,1.5,emotional_register,50.5921052631579,45.70175438596491,4.8903508771929864
newlywed,1.5,vocab_choice,55.46052631578947,56.75438596491228,-1.2938596491228083
newlywed,1.5,social_dynamic,48.99122807017544,45.6578947368421,3.3333333333333357
newlywed,1.5,motivation,56.271929824561404,55.37280701754386,0.899122807017541
newlywed,1.5,worldview_alignment,52.478070175438596,51.11842105263158,1.3596491228070136
newlywed,2.0,emotional_register,56.92982456140351,34.42982456140351,22.5
newlywed,2.0,vocab_choice,59.4078947368421,40.39473684210526,19.013157894736842
newlywed,2.0,social_dynamic,53.56578947368421,35.19736842105263,18.368421052631582
newlywed,2.0,motivation,62.61842105263158,48.31140350877193,14.30701754385965
newlywed,2.0,worldview_alignment,58.30263157894737,43.66228070175438,14.640350877192986
newlywed,2.5,emotional_register,60.219298245614034,17.45614035087719,42.76315789473684
newlywed,2.5,vocab_choice,57.280701754385966,18.31140350877193,38.969298245614034
newlywed,2.5,social_dynamic,55.219298245614034,17.587719298245613,37.631578947368425
newlywed,2.5,motivation,64.9342105263158,31.18421052631579,33.75
newlywed,2.5,worldview_alignment,60.06578947368421,26.31578947368421,33.75
nomad,1.0,emotional_register,32.23684210526316,30.635964912280702,1.6008771929824555
nomad,1.0,vocab_choice,40.6578947368421,38.728070175438596,1.9298245614035068
nomad,1.0,social_dynamic,35.10964912280702,33.48684210526316,1.6228070175438631
nomad,1.0,motivation,40.43859649122807,38.83771929824562,1.600877192982452
nomad,1.0,worldview_alignment,32.78508771929825,30.614035087719298,2.1710526315789487
nomad,1.5,emotional_register,38.24561403508772,31.973684210526315,6.271929824561404
nomad,1.5,vocab_choice,43.20175438596491,41.425438596491226,1.776315789473685
nomad,1.5,social_dynamic,38.88157894736842,35.13157894736842,3.75
nomad,1.5,motivation,46.8859649122807,43.50877192982456,3.377192982456137
nomad,1.5,worldview_alignment,38.75,34.276315789473685,4.473684210526315
nomad,2.0,emotional_register,44.780701754385966,22.56578947368421,22.214912280701757
nomad,2.0,vocab_choice,47.521929824561404,30.13157894736842,17.390350877192983
nomad,2.0,social_dynamic,44.4078947368421,27.45614035087719,16.95175438596491
nomad,2.0,motivation,55.175438596491226,37.10526315789474,18.070175438596486
nomad,2.0,worldview_alignment,47.06140350877193,28.55263157894737,18.50877192982456
nomad,2.5,emotional_register,51.60087719298246,12.916666666666666,38.684210526315795
nomad,2.5,vocab_choice,51.31578947368421,15.24561403508772,36.07017543859649
nomad,2.5,social_dynamic,50.921052631578945,15.263157894736842,35.6578947368421
nomad,2.5,motivation,61.9078947368421,27.236842105263158,34.671052631578945
nomad,2.5,worldview_alignment,54.969298245614034,19.100877192982455,35.868421052631575
novelist,1.0,emotional_register,47.23684210526316,45.57017543859649,1.6666666666666643
novelist,1.0,vocab_choice,55.526315789473685,58.20175438596491,-2.675438596491226
novelist,1.0,social_dynamic,49.53947368421053,50.06578947368421,-0.526315789473685
novelist,1.0,motivation,54.89473684210526,55.526315789473685,-0.6315789473684248
novelist,1.0,worldview_alignment,49.09649122807018,50.078947368421055,-0.9824561403508767
novelist,1.5,emotional_register,53.574561403508774,50.416666666666664,3.1578947368421098
novelist,1.5,vocab_choice,58.90350877192982,58.59649122807018,0.30701754385964364
novelist,1.5,social_dynamic,55.219298245614034,53.26754385964912,1.951754385964911
novelist,1.5,motivation,61.00877192982456,61.228070175438596,-0.21929824561403422
novelist,1.5,worldview_alignment,55.48684210526316,55.15350877192982,0.3333333333333357
novelist,2.0,emotional_register,60.87719298245614,31.92982456140351,28.947368421052627
novelist,2.0,vocab_choice,60.30701754385965,37.478070175438596,22.828947368421055
novelist,2.0,social_dynamic,59.60526315789474,36.49122807017544,23.1140350877193
novelist,2.0,motivation,67.45614035087719,50.723684210526315,16.732456140350877
novelist,2.0,worldview_alignment,61.921052631578945,44.3859649122807,17.535087719298247
novelist,2.5,emotional_register,64.62719298245614,17.87280701754386,46.754385964912274
novelist,2.5,vocab_choice,60.39473684210526,17.785087719298247,42.609649122807014
novelist,2.5,social_dynamic,62.89473684210526,20.219298245614034,42.675438596491226
novelist,2.5,motivation,70.26315789473684,34.978070175438596,35.28508771929824
novelist,2.5,worldview_alignment,64.53947368421052,28.333333333333332,36.20614035087719
nutritionist,1.0,emotional_register,52.23684210526316,53.81578947368421,-1.5789473684210549
nutritionist,1.0,vocab_choice,62.93859649122807,64.29824561403508,-1.3596491228070136
nutritionist,1.0,social_dynamic,52.19298245614035,54.824561403508774,-2.631578947368425
nutritionist,1.0,motivation,52.25877192982456,54.53947368421053,-2.280701754385966
nutritionist,1.0,worldview_alignment,49.89473684210526,52.78508771929825,-2.8903508771929864
nutritionist,1.5,emotional_register,52.56578947368421,54.45175438596491,-1.8859649122806985
nutritionist,1.5,vocab_choice,61.578947368421055,62.87280701754386,-1.2938596491228083
nutritionist,1.5,social_dynamic,53.64035087719298,55.26315789473684,-1.6228070175438631
nutritionist,1.5,motivation,52.69736842105263,58.24561403508772,-5.548245614035089
nutritionist,1.5,worldview_alignment,50.70175438596491,55.4078947368421,-4.706140350877192
nutritionist,2.0,emotional_register,51.73245614035088,34.01315789473684,17.719298245614034
nutritionist,2.0,vocab_choice,58.66228070175438,40.175438596491226,18.486842105263158
nutritionist,2.0,social_dynamic,50.28508771929825,35.723684210526315,14.561403508771932
nutritionist,2.0,motivation,51.64473684210526,44.53947368421053,7.105263157894733
nutritionist,2.0,worldview_alignment,48.34649122807018,41.074561403508774,7.271929824561404
nutritionist,2.5,emotional_register,45.43859649122807,14.166666666666666,31.271929824561404
nutritionist,2.5,vocab_choice,51.16228070175438,14.583333333333334,36.57894736842105
nutritionist,2.5,social_dynamic,43.28947368421053,15.219298245614034,28.070175438596493
nutritionist,2.5,motivation,45.96491228070175,22.56578947368421,23.399122807017545
nutritionist,2.5,worldview_alignment,42.828947368421055,18.99122807017544,23.837719298245617
observer,1.0,emotional_register,51.51315789473684,42.01754385964912,9.49561403508772
observer,1.0,vocab_choice,60.15350877192982,57.45614035087719,2.69736842105263
observer,1.0,social_dynamic,51.71052631578947,45.19736842105263,6.5131578947368425
observer,1.0,motivation,60.723684210526315,51.75438596491228,8.969298245614034
observer,1.0,worldview_alignment,54.583333333333336,45.021929824561404,9.561403508771932
observer,1.5,emotional_register,58.79385964912281,42.74122807017544,16.05263157894737
observer,1.5,vocab_choice,61.14035087719298,56.25,4.890350877192979
observer,1.5,social_dynamic,58.39912280701754,46.55701754385965,11.84210526315789
observer,1.5,motivation,69.27631578947368,55.46052631578947,13.815789473684212
observer,1.5,worldview_alignment,63.04824561403509,48.1140350877193,14.934210526315788
observer,2.0,emotional_register,61.75438596491228,26.030701754385966,35.723684210526315
observer,2.0,vocab_choice,58.771929824561404,36.973684210526315,21.79824561403509
observer,2.0,social_dynamic,59.671052631578945,31.842105263157894,27.82894736842105
observer,2.0,motivation,72.28070175438596,45.021929824561404,27.258771929824555
observer,2.0,worldview_alignment,66.9780701754386,37.01754385964912,29.96052631578948
observer,2.5,emotional_register,64.03508771929825,11.008771929824562,53.026315789473685
observer,2.5,vocab_choice,57.54385964912281,13.793859649122806,43.75
observer,2.5,social_dynamic,62.58771929824562,13.530701754385966,49.05701754385965
observer,2.5,motivation,73.04824561403508,22.80701754385965,50.24122807017543
observer,2.5,worldview_alignment,68.59649122807018,16.92982456140351,51.66666666666667
optimist,1.0,emotional_register,46.1353711790393,49.585152838427945,-3.4497816593886412
optimist,1.0,vocab_choice,64.5414847161572,66.63755458515284,-2.0960698689956416
optimist,1.0,social_dynamic,56.572052401746724,60.93886462882096,-4.366812227074234
optimist,1.0,motivation,57.94759825327511,63.10043668122271,-5.1528384279476
optimist,1.0,worldview_alignment,52.07423580786026,57.5764192139738,-5.502183406113538
optimist,1.5,emotional_register,51.572052401746724,51.11353711790393,0.45851528384279305
optimist,1.5,vocab_choice,64.82532751091703,66.5065502183406,-1.6812227074235722
optimist,1.5,social_dynamic,59.71615720524017,61.4410480349345,-1.7248908296943242
optimist,1.5,motivation,63.51528384279476,66.2882096069869,-2.772925764192138
optimist,1.5,worldview_alignment,56.83406113537118,60.30567685589519,-3.4716157205240137
optimist,2.0,emotional_register,56.65938864628821,44.38864628820961,12.2707423580786
optimist,2.0,vocab_choice,62.7292576419214,50.43668122270742,12.29257641921398
optimist,2.0,social_dynamic,60.72052401746725,50.17467248908297,10.545851528384276
optimist,2.0,motivation,65.9825327510917,64.27947598253274,1.7030567685589517
optimist,2.0,worldview_alignment,60.43668122270742,57.06550218340611,3.3711790393013104
optimist,2.5,emotional_register,56.48471615720524,19.30131004366812,37.18340611353712
optimist,2.5,vocab_choice,58.66812227074236,17.729257641921397,40.938864628820966
optimist,2.5,social_dynamic,59.43231441048035,20.436681222707424,38.995633187772924
optimist,2.5,motivation,65.87336244541484,33.44978165938865,32.42358078602619
optimist,2.5,worldview_alignment,59.890829694323145,27.685589519650655,32.20524017467249
oracle,1.0,emotional_register,22.763157894736842,22.916666666666668,-0.15350877192982537
oracle,1.0,vocab_choice,31.535087719298247,33.04824561403509,-1.5131578947368425
oracle,1.0,social_dynamic,26.842105263157894,27.587719298245613,-0.7456140350877192
oracle,1.0,motivation,36.14035087719298,37.280701754385966,-1.1403508771929864
oracle,1.0,worldview_alignment,22.083333333333332,23.31140350877193,-1.2280701754385994
oracle,1.5,emotional_register,27.63157894736842,25.67982456140351,1.951754385964911
oracle,1.5,vocab_choice,34.978070175438596,35.78947368421053,-0.8114035087719316
oracle,1.5,social_dynamic,31.55701754385965,31.07456140350877,0.48245614035088025
oracle,1.5,motivation,41.33771929824562,42.30263157894737,-0.9649122807017534
oracle,1.5,worldview_alignment,27.06140350877193,26.644736842105264,0.41666666666666785
oracle,2.0,emotional_register,35.76754385964912,23.837719298245613,11.92982456140351
oracle,2.0,vocab_choice,39.276315789473685,30.13157894736842,9.144736842105264
oracle,2.0,social_dynamic,37.85087719298246,29.276315789473685,8.574561403508774
oracle,2.0,motivation,48.20175438596491,41.16228070175438,7.039473684210527
oracle,2.0,worldview_alignment,36.15350877192982,27.19298245614035,8.960526315789473
oracle,2.5,emotional_register,48.1359649122807,8.135964912280702,40.0
oracle,2.5,vocab_choice,47.54385964912281,8.925438596491228,38.61842105263158
oracle,2.5,social_dynamic,47.89473684210526,10.06578947368421,37.82894736842105
oracle,2.5,motivation,57.39035087719298,17.719298245614034,39.671052631578945
oracle,2.5,worldview_alignment,47.48245614035088,9.736842105263158,37.74561403508772
organizer,1.0,emotional_register,65.96491228070175,63.31140350877193,2.653508771929822
organizer,1.0,vocab_choice,69.89035087719299,70.48245614035088,-0.5921052631578902
organizer,1.0,social_dynamic,62.79385964912281,61.271929824561404,1.5219298245614041
organizer,1.0,motivation,69.48684210526316,66.95175438596492,2.5350877192982466
organizer,1.0,worldview_alignment,66.3859649122807,63.99122807017544,2.39473684210526
organizer,1.5,emotional_register,64.25438596491227,65.04385964912281,-0.7894736842105345
organizer,1.5,vocab_choice,64.69298245614036,68.7280701754386,-4.035087719298247
organizer,1.5,social_dynamic,61.44736842105263,62.34649122807018,-0.8991228070175481
organizer,1.5,motivation,69.21052631578948,70.04385964912281,-0.8333333333333286
organizer,1.5,worldview_alignment,65.17543859649123,66.16228070175438,-0.9868421052631504
organizer,2.0,emotional_register,64.18859649122807,44.14473684210526,20.04385964912281
organizer,2.0,vocab_choice,60.35087719298246,46.00877192982456,14.342105263157897
organizer,2.0,social_dynamic,58.55263157894737,42.87280701754386,15.679824561403507
organizer,2.0,motivation,69.60526315789474,56.030701754385966,13.574561403508774
organizer,2.0,worldview_alignment,65.15789473684211,51.776315789473685,13.381578947368425
organizer,2.5,emotional_register,54.32017543859649,17.36842105263158,36.95175438596492
organizer,2.5,vocab_choice,48.55263157894737,16.79824561403509,31.75438596491228
organizer,2.5,social_dynamic,51.18421052631579,17.36842105263158,33.815789473684205
organizer,2.5,motivation,61.425438596491226,25.54824561403509,35.87719298245614
organizer,2.5,worldview_alignment,55.96491228070175,21.469298245614034,34.49561403508772
orphan,1.0,emotional_register,33.48684210526316,31.42543859649123,2.061403508771928
orphan,1.0,vocab_choice,43.00438596491228,42.21491228070175,0.7894736842105274
orphan,1.0,social_dynamic,35.328947368421055,33.66228070175438,1.6666666666666714
orphan,1.0,motivation,37.45614035087719,36.51315789473684,0.9429824561403493
orphan,1.0,worldview_alignment,33.75,31.776315789473685,1.973684210526315
orphan,1.5,emotional_register,40.67982456140351,35.70175438596491,4.978070175438596
orphan,1.5,vocab_choice,48.421052631578945,45.89912280701754,2.521929824561404
orphan,1.5,social_dynamic,41.68859649122807,38.026315789473685,3.6622807017543835
orphan,1.5,motivation,46.95175438596491,41.00877192982456,5.942982456140349
orphan,1.5,worldview_alignment,43.07017543859649,36.31578947368421,6.754385964912281
orphan,2.0,emotional_register,51.11842105263158,26.732456140350877,24.385964912280706
orphan,2.0,vocab_choice,55.833333333333336,34.60526315789474,21.228070175438596
orphan,2.0,social_dynamic,51.99561403508772,29.473684210526315,22.521929824561404
orphan,2.0,motivation,58.574561403508774,36.60087719298246,21.973684210526315
orphan,2.0,worldview_alignment,54.36842105263158,31.82017543859649,22.548245614035093
orphan,2.5,emotional_register,58.35526315789474,14.539473684210526,43.81578947368421
orphan,2.5,vocab_choice,58.333333333333336,17.149122807017545,41.184210526315795
orphan,2.5,social_dynamic,58.46491228070175,16.05263157894737,42.41228070175438
orphan,2.5,motivation,65.08771929824562,24.18859649122807,40.89912280701755
orphan,2.5,worldview_alignment,61.271929824561404,19.736842105263158,41.53508771929825
pacifist,1.0,emotional_register,49.276315789473685,50.6578947368421,-1.3815789473684177
pacifist,1.0,vocab_choice,61.73245614035088,64.89035087719299,-3.1578947368421098
pacifist,1.0,social_dynamic,55.96491228070175,58.26754385964912,-2.30263157894737
pacifist,1.0,motivation,54.55263157894737,59.780701754385966,-5.228070175438596
pacifist,1.0,worldview_alignment,50.06578947368421,54.978070175438596,-4.9122807017543835
pacifist,1.5,emotional_register,52.5,57.65350877192982,-5.153508771929822
pacifist,1.5,vocab_choice,61.55701754385965,67.23684210526316,-5.679824561403514
pacifist,1.5,social_dynamic,57.916666666666664,63.46491228070175,-5.548245614035089
pacifist,1.5,motivation,59.60964912280702,67.91666666666667,-8.30701754385965
pacifist,1.5,worldview_alignment,54.473684210526315,63.74122807017544,-9.267543859649123
pacifist,2.0,emotional_register,55.87719298245614,51.92982456140351,3.94736842105263
pacifist,2.0,vocab_choice,59.824561403508774,54.4078947368421,5.416666666666671
pacifist,2.0,social_dynamic,59.60526315789474,54.078947368421055,5.526315789473685
pacifist,2.0,motivation,61.60087719298246,67.21491228070175,-5.614035087719294
pacifist,2.0,worldview_alignment,56.8421052631579,61.96491228070175,-5.122807017543856
pacifist,2.5,emotional_register,57.34649122807018,23.88157894736842,33.46491228070175
pacifist,2.5,vocab_choice,57.45614035087719,22.785087719298247,34.671052631578945
pacifist,2.5,social_dynamic,58.925438596491226,24.12280701754386,34.80263157894737
pacifist,2.5,motivation,62.280701754385966,38.64035087719298,23.640350877192986
pacifist,2.5,worldview_alignment,58.06140350877193,33.99122807017544,24.070175438596493
paramedic,1.0,emotional_register,44.73684210526316,39.780701754385966,4.956140350877192
paramedic,1.0,vocab_choice,48.61842105263158,48.969298245614034,-0.3508771929824519
paramedic,1.0,social_dynamic,42.80701754385965,40.08771929824562,2.719298245614034
paramedic,1.0,motivation,46.29385964912281,43.66228070175438,2.631578947368425
paramedic,1.0,worldview_alignment,42.03947368421053,39.60526315789474,2.4342105263157876
paramedic,1.5,emotional_register,51.11842105263158,42.12719298245614,8.991228070175445
paramedic,1.5,vocab_choice,51.82017543859649,50.89912280701754,0.9210526315789522
paramedic,1.5,social_dynamic,48.1359649122807,42.43421052631579,5.701754385964911
paramedic,1.5,motivation,52.43421052631579,46.9078947368421,5.526315789473685
paramedic,1.5,worldview_alignment,47.89473684210526,42.675438596491226,5.219298245614034
paramedic,2.0,emotional_register,57.56578947368421,27.25877192982456,30.30701754385965
paramedic,2.0,vocab_choice,53.79385964912281,35.723684210526315,18.070175438596493
paramedic,2.0,social_dynamic,53.68421052631579,29.56140350877193,24.122807017543856
paramedic,2.0,motivation,59.18859649122807,38.46491228070175,20.723684210526315
paramedic,2.0,worldview_alignment,54.3421052631579,33.37719298245614,20.96491228070176
paramedic,2.5,emotional_register,56.51315789473684,13.947368421052632,42.56578947368421
paramedic,2.5,vocab_choice,50.54824561403509,16.096491228070175,34.45175438596492
paramedic,2.5,social_dynamic,51.95175438596491,14.758771929824562,37.19298245614035
paramedic,2.5,motivation,58.28947368421053,22.236842105263158,36.05263157894737
paramedic,2.5,worldview_alignment,54.01315789473684,17.5,36.51315789473684
parasite,1.0,emotional_register,18.07017543859649,14.035087719298245,4.035087719298245
parasite,1.0,vocab_choice,28.31140350877193,26.68859649122807,1.6228070175438631
parasite,1.0,social_dynamic,20.789473684210527,18.640350877192983,2.1491228070175445
parasite,1.0,motivation,16.271929824561404,13.37719298245614,2.8947368421052637
parasite,1.0,worldview_alignment,12.280701754385966,10.197368421052632,2.083333333333334
parasite,1.5,emotional_register,22.149122807017545,14.56140350877193,7.587719298245615
parasite,1.5,vocab_choice,31.38157894736842,28.464912280701753,2.916666666666668
parasite,1.5,social_dynamic,22.850877192982455,19.736842105263158,3.114035087719298
parasite,1.5,motivation,19.649122807017545,14.429824561403509,5.219298245614036
parasite,1.5,worldview_alignment,15.942982456140351,10.99561403508772,4.947368421052632
parasite,2.0,emotional_register,35.37280701754386,8.596491228070175,26.77631578947369
parasite,2.0,vocab_choice,40.219298245614034,20.54824561403509,19.671052631578945
parasite,2.0,social_dynamic,34.21052631578947,14.714912280701755,19.49561403508772
parasite,2.0,motivation,33.1140350877193,11.842105263157896,21.271929824561404
parasite,2.0,worldview_alignment,27.63157894736842,8.486842105263158,19.144736842105264
parasite,2.5,emotional_register,51.18421052631579,5.6798245614035086,45.50438596491228
parasite,2.5,vocab_choice,53.026315789473685,14.144736842105264,38.881578947368425
parasite,2.5,social_dynamic,47.280701754385966,9.385964912280702,37.89473684210526
parasite,2.5,motivation,48.35526315789474,9.18859649122807,39.16666666666667
parasite,2.5,worldview_alignment,43.86842105263158,5.605263157894737,38.26315789473684
parent,1.0,emotional_register,41.05263157894737,39.3421052631579,1.7105263157894726
parent,1.0,vocab_choice,46.55701754385965,48.39912280701754,-1.8421052631578902
parent,1.0,social_dynamic,37.03947368421053,34.32017543859649,2.719298245614034
parent,1.0,motivation,46.29385964912281,45.76754385964912,0.526315789473685
parent,1.0,worldview_alignment,40.6359649122807,39.780701754385966,0.8552631578947327
parent,1.5,emotional_register,48.04824561403509,41.53508771929825,6.5131578947368425
parent,1.5,vocab_choice,52.43421052631579,50.26315789473684,2.171052631578945
parent,1.5,social_dynamic,44.80263157894737,37.34649122807018,7.456140350877192
parent,1.5,motivation,55.10964912280702,50.67982456140351,4.429824561403514
parent,1.5,worldview_alignment,49.978070175438596,44.29824561403509,5.679824561403507
parent,2.0,emotional_register,55.6140350877193,31.271929824561404,24.342105263157897
parent,2.0,vocab_choice,55.526315789473685,36.60087719298246,18.925438596491226
parent,2.0,social_dynamic,50.10964912280702,28.859649122807017,21.250000000000004
parent,2.0,motivation,61.05263157894737,44.69298245614035,16.35964912280702
parent,2.0,worldview_alignment,55.219298245614034,39.12280701754386,16.09649122807017
parent,2.5,emotional_register,58.530701754385966,18.223684210526315,40.30701754385965
parent,2.5,vocab_choice,55.6578947368421,18.399122807017545,37.25877192982456
parent,2.5,social_dynamic,51.29385964912281,16.49122807017544,34.80263157894737
parent,2.5,motivation,62.45614035087719,31.75438596491228,30.70175438596491
parent,2.5,worldview_alignment,56.29385964912281,25.43859649122807,30.85526315789474
patient,1.0,emotional_register,44.32017543859649,44.89035087719298,-0.5701754385964861
patient,1.0,vocab_choice,55.70175438596491,56.9078947368421,-1.2061403508771917
patient,1.0,social_dynamic,46.030701754385966,45.67982456140351,0.350877192982459
patient,1.0,motivation,52.675438596491226,52.63157894736842,0.043859649122808264
patient,1.0,worldview_alignment,48.40350877192982,48.05263157894737,0.3508771929824519
patient,1.5,emotional_register,48.94736842105263,49.166666666666664,-0.21929824561403422
patient,1.5,vocab_choice,57.10526315789474,59.276315789473685,-2.171052631578945
patient,1.5,social_dynamic,50.04385964912281,50.5921052631579,-0.5482456140350891
patient,1.5,motivation,58.73245614035088,59.3859649122807,-0.6535087719298218
patient,1.5,worldview_alignment,53.86842105263158,54.574561403508774,-0.7061403508771917
patient,2.0,emotional_register,54.276315789473685,37.58771929824562,16.68859649122807
patient,2.0,vocab_choice,57.521929824561404,39.60526315789474,17.916666666666664
patient,2.0,social_dynamic,54.25438596491228,37.521929824561404,16.732456140350877
patient,2.0,motivation,63.81578947368421,53.68421052631579,10.131578947368425
patient,2.0,worldview_alignment,58.728070175438596,48.39912280701754,10.328947368421055
patient,2.5,emotional_register,54.32017543859649,20.70175438596491,33.61842105263158
patient,2.5,vocab_choice,53.75,19.385964912280702,34.3640350877193
patient,2.5,social_dynamic,53.68421052631579,20.0,33.68421052631579
patient,2.5,motivation,65.41666666666667,35.76754385964912,29.649122807017548
patient,2.5,worldview_alignment,59.39912280701754,29.95614035087719,29.44298245614035
peacekeeper,1.0,emotional_register,56.11842105263158,55.81140350877193,0.30701754385965074
peacekeeper,1.0,vocab_choice,64.29824561403508,65.50438596491227,-1.2061403508771917
peacekeeper,1.0,social_dynamic,56.00877192982456,56.973684210526315,-0.9649122807017534
peacekeeper,1.0,motivation,64.58333333333333,66.79824561403508,-2.2149122807017534
peacekeeper,1.0,worldview_alignment,59.36842105263158,61.11842105263158,-1.75
peacekeeper,1.5,emotional_register,59.42982456140351,59.473684210526315,-0.043859649122808264
peacekeeper,1.5,vocab_choice,63.20175438596491,66.8640350877193,-3.6622807017543906
peacekeeper,1.5,social_dynamic,58.44298245614035,60.35087719298246,-1.9078947368421098
peacekeeper,1.5,motivation,68.33333333333333,70.74561403508773,-2.4122807017543977
peacekeeper,1.5,worldview_alignment,63.083333333333336,65.6359649122807,-2.552631578947363
peacekeeper,2.0,emotional_register,60.48245614035088,47.675438596491226,12.80701754385965
peacekeeper,2.0,vocab_choice,60.74561403508772,49.93421052631579,10.811403508771932
peacekeeper,2.0,social_dynamic,58.574561403508774,47.58771929824562,10.986842105263158
peacekeeper,2.0,motivation,68.64035087719299,64.01315789473684,4.627192982456151
peacekeeper,2.0,worldview_alignment,63.55263157894737,57.89473684210526,5.65789473684211
peacekeeper,2.5,emotional_register,62.478070175438596,21.99561403508772,40.48245614035088
peacekeeper,2.5,vocab_choice,58.50877192982456,19.583333333333332,38.92543859649123
peacekeeper,2.5,social_dynamic,60.04385964912281,21.337719298245613,38.70614035087719
peacekeeper,2.5,motivation,69.03508771929825,34.05701754385965,34.978070175438596
peacekeeper,2.5,worldview_alignment,64.69298245614036,28.157894736842106,36.53508771929825
perfectionist,1.0,emotional_register,49.62719298245614,48.1578947368421,1.4692982456140342
perfectionist,1.0,vocab_choice,60.175438596491226,63.17982456140351,-3.004385964912281
perfectionist,1.0,social_dynamic,52.60964912280702,51.35964912280702,1.25
perfectionist,1.0,motivation,51.9078947368421,48.1578947368421,3.75
perfectionist,1.0,worldview_alignment,49.078947368421055,45.39473684210526,3.6842105263157947
perfectionist,1.5,emotional_register,55.28508771929825,49.01315789473684,6.271929824561404
perfectionist,1.5,vocab_choice,62.41228070175438,62.21491228070175,0.19736842105263008
perfectionist,1.5,social_dynamic,56.40350877192982,52.89473684210526,3.5087719298245617
perfectionist,1.5,motivation,58.771929824561404,52.719298245614034,6.05263157894737
perfectionist,1.5,worldview_alignment,55.06578947368421,49.03508771929825,6.030701754385966
perfectionist,2.0,emotional_register,58.17982456140351,33.88157894736842,24.29824561403509
perfectionist,2.0,vocab_choice,61.8859649122807,42.36842105263158,19.517543859649116
perfectionist,2.0,social_dynamic,57.36842105263158,37.36842105263158,20.0
perfectionist,2.0,motivation,62.324561403508774,44.166666666666664,18.15789473684211
perfectionist,2.0,worldview_alignment,58.37719298245614,39.62719298245614,18.75
perfectionist,2.5,emotional_register,59.583333333333336,12.697368421052632,46.885964912280706
perfectionist,2.5,vocab_choice,59.56140350877193,15.109649122807017,44.45175438596492
perfectionist,2.5,social_dynamic,58.17982456140351,14.364035087719298,43.815789473684205
perfectionist,2.5,motivation,64.58333333333333,20.021929824561404,44.561403508771924
perfectionist,2.5,worldview_alignment,59.84649122807018,15.833333333333334,44.01315789473684
pharmacist,1.0,emotional_register,58.37719298245614,55.6359649122807,2.7412280701754383
pharmacist,1.0,vocab_choice,61.29385964912281,63.90350877192982,-2.6096491228070136
pharmacist,1.0,social_dynamic,56.030701754385966,55.14473684210526,0.8859649122807056
pharmacist,1.0,motivation,57.89473684210526,57.41228070175438,0.4824561403508767
pharmacist,1.0,worldview_alignment,55.12280701754386,54.771929824561404,0.350877192982459
pharmacist,1.5,emotional_register,58.333333333333336,59.23245614035088,-0.899122807017541
pharmacist,1.5,vocab_choice,58.00438596491228,64.80263157894737,-6.798245614035089
pharmacist,1.5,social_dynamic,55.04385964912281,58.07017543859649,-3.026315789473685
pharmacist,1.5,motivation,59.86842105263158,62.34649122807018,-2.478070175438596
pharmacist,1.5,worldview_alignment,56.35087719298246,59.75877192982456,-3.4078947368421026
pharmacist,2.0,emotional_register,57.083333333333336,37.43421052631579,19.649122807017548
pharmacist,2.0,vocab_choice,52.60964912280702,42.083333333333336,10.526315789473685
pharmacist,2.0,social_dynamic,51.82017543859649,39.05701754385965,12.763157894736842
pharmacist,2.0,motivation,59.48684210526316,48.333333333333336,11.153508771929822
pharmacist,2.0,worldview_alignment,54.526315789473685,44.46491228070175,10.061403508771932
pharmacist,2.5,emotional_register,48.24561403508772,15.350877192982455,32.89473684210526
pharmacist,2.5,vocab_choice,42.19298245614035,16.359649122807017,25.833333333333332
pharmacist,2.5,social_dynamic,43.50877192982456,15.899122807017545,27.609649122807017
pharmacist,2.5,motivation,53.66228070175438,23.57456140350877,30.087719298245613
pharmacist,2.5,worldview_alignment,47.85087719298246,19.62719298245614,28.22368421052632
philosopher,1.0,emotional_register,49.45414847161572,52.07423580786026,-2.620087336244545
philosopher,1.0,vocab_choice,57.48908296943232,61.09170305676856,-3.6026200873362413
philosopher,1.0,social_dynamic,52.13973799126637,55.58951965065502,-3.4497816593886483
philosopher,1.0,motivation,57.35807860262009,62.22707423580786,-4.868995633187772
philosopher,1.0,worldview_alignment,49.92576419213974,54.7292576419214,-4.803493449781662
philosopher,1.5,emotional_register,52.48908296943232,51.09170305676856,1.3973799126637587
philosopher,1.5,vocab_choice,58.14410480349345,59.03930131004367,-0.8951965065502208
philosopher,1.5,social_dynamic,53.66812227074236,55.1528384279476,-1.4847161572052414
philosopher,1.5,motivation,61.0174672489083,64.34497816593887,-3.3275109170305726
philosopher,1.5,worldview_alignment,52.751091703056765,56.048034934497814,-3.2969432314410483
philosopher,2.0,emotional_register,53.624454148471614,33.5589519650655,20.06550218340611
philosopher,2.0,vocab_choice,57.33624454148472,40.17467248908297,17.161572052401745
philosopher,2.0,social_dynamic,54.06113537117904,38.53711790393013,15.52401746724891
philosopher,2.0,motivation,62.22707423580786,53.995633187772924,8.231441048034938
philosopher,2.0,worldview_alignment,54.71615720524017,45.043668122270745,9.672489082969427
philosopher,2.5,emotional_register,54.75982532751092,16.09170305676856,38.66812227074236
philosopher,2.5,vocab_choice,55.21834061135371,20.0,35.21834061135371
philosopher,2.5,social_dynamic,53.97379912663755,20.021834061135372,33.95196506550218
philosopher,2.5,motivation,64.06113537117903,30.76419213973799,33.29694323144105
philosopher,2.5,worldview_alignment,55.624454148471614,24.170305676855897,31.454148471615717
photographer,1.0,emotional_register,46.82017543859649,46.25,0.5701754385964932
photographer,1.0,vocab_choice,53.26754385964912,55.0,-1.7324561403508767
photographer,1.0,social_dynamic,48.66228070175438,49.45175438596491,-0.7894736842105274
photographer,1.0,motivation,52.280701754385966,53.771929824561404,-1.4912280701754383
photographer,1.0,worldview_alignment,47.93859649122807,49.3859649122807,-1.44736842105263
photographer,1.5,emotional_register,54.23245614035088,48.728070175438596,5.504385964912281
photographer,1.5,vocab_choice,55.85526315789474,55.85526315789474,0.0
photographer,1.5,social_dynamic,54.166666666666664,50.70175438596491,3.4649122807017534
photographer,1.5,motivation,60.15350877192982,57.74122807017544,2.4122807017543835
photographer,1.5,worldview_alignment,55.70175438596491,52.93859649122807,2.7631578947368425
photographer,2.0,emotional_register,57.65350877192982,34.824561403508774,22.828947368421048
photographer,2.0,vocab_choice,53.68421052631579,39.53947368421053,14.14473684210526
photographer,2.0,social_dynamic,55.6140350877193,37.74122807017544,17.872807017543863
photographer,2.0,motivation,63.26754385964912,51.776315789473685,11.491228070175438
photographer,2.0,worldview_alignment,58.31140350877193,45.78947368421053,12.521929824561404
photographer,2.5,emotional_register,56.030701754385966,15.021929824561404,41.00877192982456
photographer,2.5,vocab_choice,50.04385964912281,13.991228070175438,36.05263157894737
photographer,2.5,social_dynamic,53.50877192982456,16.162280701754387,37.34649122807018
photographer,2.5,motivation,62.60964912280702,28.859649122807017,33.75
photographer,2.5,worldview_alignment,57.10526315789474,23.289473684210527,33.81578947368421
physicist,1.0,emotional_register,60.175438596491226,54.42982456140351,5.745614035087719
physicist,1.0,vocab_choice,64.58333333333333,60.833333333333336,3.749999999999993
physicist,1.0,social_dynamic,58.59649122807018,53.55263157894737,5.043859649122808
physicist,1.0,motivation,60.98684210526316,55.26315789473684,5.723684210526315
physicist,1.0,worldview_alignment,56.28508771929825,50.96491228070175,5.320175438596493
physicist,1.5,emotional_register,62.65350877192982,52.03947368421053,10.614035087719294
physicist,1.5,vocab_choice,64.21052631578948,57.87280701754386,6.3377192982456165
physicist,1.5,social_dynamic,59.078947368421055,51.973684210526315,7.10526315789474
physicist,1.5,motivation,63.574561403508774,56.68859649122807,6.885964912280706
physicist,1.5,worldview_alignment,58.64035087719298,51.06578947368421,7.574561403508767
physicist,2.0,emotional_register,64.10087719298245,31.00877192982456,33.09210526315789
physicist,2.0,vocab_choice,63.39912280701754,36.79824561403509,26.600877192982452
physicist,2.0,social_dynamic,61.030701754385966,33.85964912280702,27.171052631578945
physicist,2.0,motivation,66.05263157894737,43.026315789473685,23.026315789473685
physicist,2.0,worldview_alignment,60.76754385964912,36.92982456140351,23.837719298245617
physicist,2.5,emotional_register,62.80701754385965,12.763157894736842,50.04385964912281
physicist,2.5,vocab_choice,59.42982456140351,13.157894736842104,46.271929824561404
physicist,2.5,social_dynamic,59.69298245614035,14.517543859649123,45.175438596491226
physicist,2.5,motivation,67.03947368421052,21.732456140350877,45.307017543859644
physicist,2.5,worldview_alignment,61.030701754385966,16.710526315789473,44.32017543859649
pilgrim,1.0,emotional_register,24.605263157894736,28.267543859649123,-3.662280701754387
pilgrim,1.0,vocab_choice,32.43421052631579,39.276315789473685,-6.842105263157897
pilgrim,1.0,social_dynamic,28.464912280701753,33.1578947368421,-4.692982456140349
pilgrim,1.0,motivation,29.978070175438596,36.16228070175438,-6.184210526315788
pilgrim,1.0,worldview_alignment,22.36842105263158,27.982456140350877,-5.614035087719298
pilgrim,1.5,emotional_register,26.885964912280702,33.421052631578945,-6.535087719298243
pilgrim,1.5,vocab_choice,33.026315789473685,42.89473684210526,-9.868421052631575
pilgrim,1.5,social_dynamic,30.087719298245613,39.078947368421055,-8.991228070175442
pilgrim,1.5,motivation,33.83771929824562,43.1578947368421,-9.320175438596486
pilgrim,1.5,worldview_alignment,24.93421052631579,34.21052631578947,-9.276315789473681
pilgrim,2.0,emotional_register,30.460526315789473,27.236842105263158,3.223684210526315
pilgrim,2.0,vocab_choice,33.99122807017544,33.530701754385966,0.46052631578947256
pilgrim,2.0,social_dynamic,33.99122807017544,31.337719298245613,2.6535087719298254
pilgrim,2.0,motivation,38.333333333333336,41.68859649122807,-3.3552631578947327
pilgrim,2.0,worldview_alignment,29.29824561403509,31.99561403508772,-2.69736842105263
pilgrim,2.5,emotional_register,36.31578947368421,12.894736842105264,23.42105263157895
pilgrim,2.5,vocab_choice,35.6359649122807,14.429824561403509,21.20614035087719
pilgrim,2.5,social_dynamic,37.34649122807018,15.021929824561404,22.324561403508774
pilgrim,2.5,motivation,43.55263157894737,24.05701754385965,19.49561403508772
pilgrim,2.5,worldview_alignment,35.4078947368421,17.36842105263158,18.039473684210524
pilot,1.0,emotional_register,38.223684210526315,32.58771929824562,5.6359649122806985
pilot,1.0,vocab_choice,43.99122807017544,42.5,1.4912280701754383
pilot,1.0,social_dynamic,36.40350877192982,33.00438596491228,3.399122807017541
pilot,1.0,motivation,46.20614035087719,43.55263157894737,2.653508771929822
pilot,1.0,worldview_alignment,38.59649122807018,35.67982456140351,2.9166666666666714
pilot,1.5,emotional_register,41.49122807017544,32.25877192982456,9.232456140350877
pilot,1.5,vocab_choice,46.074561403508774,44.166666666666664,1.9078947368421098
pilot,1.5,social_dynamic,39.03508771929825,33.79385964912281,5.241228070175438
pilot,1.5,motivation,50.723684210526315,45.94298245614035,4.780701754385966
pilot,1.5,worldview_alignment,43.07017543859649,37.58771929824562,5.482456140350877
pilot,2.0,emotional_register,48.24561403508772,20.614035087719298,27.63157894736842
pilot,2.0,vocab_choice,50.021929824561404,30.54824561403509,19.473684210526315
pilot,2.0,social_dynamic,45.15350877192982,24.232456140350877,20.921052631578945
pilot,2.0,motivation,57.36842105263158,38.64035087719298,18.728070175438603
pilot,2.0,worldview_alignment,49.29824561403509,30.899122807017545,18.399122807017545
pilot,2.5,emotional_register,51.578947368421055,9.298245614035087,42.280701754385966
pilot,2.5,vocab_choice,51.14035087719298,14.276315789473685,36.864035087719294
pilot,2.5,social_dynamic,47.916666666666664,10.570175438596491,37.34649122807017
pilot,2.5,motivation,61.11842105263158,20.723684210526315,40.39473684210527
pilot,2.5,worldview_alignment,54.078947368421055,14.714912280701755,39.3640350877193
pirate,1.0,emotional_register,7.521929824561403,6.5131578947368425,1.0087719298245608
pirate,1.0,vocab_choice,5.635964912280702,4.978070175438597,0.6578947368421053
pirate,1.0,social_dynamic,8.68421052631579,7.850877192982456,0.833333333333333
pirate,1.0,motivation,31.11842105263158,28.859649122807017,2.2587719298245617
pirate,1.0,worldview_alignment,15.394736842105264,12.850877192982455,2.5438596491228083
pirate,1.5,emotional_register,11.359649122807017,7.214912280701754,4.144736842105263
pirate,1.5,vocab_choice,7.0701754385964914,5.109649122807017,1.9605263157894743
pirate,1.5,social_dynamic,11.469298245614034,9.232456140350877,2.2368421052631575
pirate,1.5,motivation,38.223684210526315,33.70614035087719,4.517543859649123
pirate,1.5,worldview_alignment,21.54824561403509,17.67543859649123,3.8728070175438596
pirate,2.0,emotional_register,17.653508771929825,6.798245614035087,10.855263157894738
pirate,2.0,vocab_choice,10.986842105263158,4.850877192982456,6.135964912280701
pirate,2.0,social_dynamic,17.478070175438596,8.092105263157896,9.3859649122807
pirate,2.0,motivation,42.74122807017544,36.99561403508772,5.745614035087719
pirate,2.0,worldview_alignment,26.030701754385966,18.640350877192983,7.390350877192983
pirate,2.5,emotional_register,27.5,3.2017543859649122,24.29824561403509
pirate,2.5,vocab_choice,18.50877192982456,2.574561403508772,15.93421052631579
pirate,2.5,social_dynamic,24.364035087719298,4.114035087719298,20.25
pirate,2.5,motivation,46.18421052631579,27.67543859649123,18.508771929824558
pirate,2.5,worldview_alignment,32.12719298245614,11.359649122807017,20.76754385964912
planner,1.0,emotional_register,70.32894736842105,68.00438596491227,2.324561403508781
planner,1.0,vocab_choice,73.88157894736842,73.44298245614036,0.43859649122806843
planner,1.0,social_dynamic,68.85964912280701,66.35964912280701,2.5
planner,1.0,motivation,75.19736842105263,74.12280701754386,1.074561403508767
planner,1.0,worldview_alignment,73.00438596491227,71.29385964912281,1.7105263157894655
planner,1.5,emotional_register,71.66666666666667,67.58771929824562,4.078947368421055
planner,1.5,vocab_choice,72.12719298245614,72.00877192982456,0.11842105263157521
planner,1.5,social_dynamic,69.27631578947368,66.66666666666667,2.6096491228070136
planner,1.5,motivation,76.21929824561404,74.18859649122807,2.030701754385973
planner,1.5,worldview_alignment,73.25438596491227,71.86842105263158,1.3859649122806985
planner,2.0,emotional_register,71.57894736842105,45.54824561403509,26.030701754385966
planner,2.0,vocab_choice,68.90350877192982,46.35964912280702,22.5438596491228
planner,2.0,social_dynamic,68.04824561403508,45.6578947368421,22.39035087719298
planner,2.0,motivation,76.51315789473684,58.70614035087719,17.807017543859644
planner,2.0,worldview_alignment,73.61842105263158,53.79385964912281,19.824561403508767
planner,2.5,emotional_register,66.09649122807018,17.149122807017545,48.94736842105263
planner,2.5,vocab_choice,61.8859649122807,16.732456140350877,45.15350877192982
planner,2.5,social_dynamic,61.469298245614034,18.55263157894737,42.916666666666664
planner,2.5,motivation,71.00877192982456,26.776315789473685,44.23245614035088
planner,2.5,worldview_alignment,67.65350877192982,22.17105263157895,45.48245614035088
playwright,1.0,emotional_register,48.1359649122807,43.28947368421053,4.846491228070171
playwright,1.0,vocab_choice,54.10087719298246,54.05701754385965,0.043859649122808264
playwright,1.0,social_dynamic,49.89035087719298,46.05263157894737,3.8377192982456094
playwright,1.0,motivation,54.4078947368421,51.16228070175438,3.245614035087719
playwright,1.0,worldview_alignment,48.75,46.16228070175438,2.5877192982456165
playwright,1.5,emotional_register,55.81140350877193,44.473684210526315,11.337719298245617
playwright,1.5,vocab_choice,58.530701754385966,53.55263157894737,4.978070175438596
playwright,1.5,social_dynamic,55.6140350877193,48.333333333333336,7.280701754385966
playwright,1.5,motivation,62.19298245614035,54.89035087719298,7.30263157894737
playwright,1.5,worldview_alignment,56.60087719298246,49.12280701754386,7.478070175438596
playwright,2.0,emotional_register,66.25,29.232456140350877,37.01754385964912
playwright,2.0,vocab_choice,63.80701754385965,36.68859649122807,27.118421052631582
playwright,2.0,social_dynamic,64.10087719298245,33.35526315789474,30.745614035087712
playwright,2.0,motivation,71.09649122807018,45.39473684210526,25.701754385964918
playwright,2.0,worldview_alignment,66.45614035087719,38.89473684210526,27.56140350877193
playwright,2.5,emotional_register,73.26754385964912,14.210526315789474,59.05701754385965
playwright,2.5,vocab_choice,68.57456140350877,15.153508771929825,53.421052631578945
playwright,2.5,social_dynamic,69.84649122807018,16.57894736842105,53.26754385964912
playwright,2.5,motivation,73.50877192982456,25.92105263157895,47.58771929824562
playwright,2.5,worldview_alignment,70.25877192982456,19.95614035087719,50.30263157894737
podcaster,1.0,emotional_register,62.74122807017544,59.3859649122807,3.35526315789474
podcaster,1.0,vocab_choice,69.9342105263158,67.21491228070175,2.7192982456140413
podcaster,1.0,social_dynamic,64.23245614035088,59.93421052631579,4.298245614035089
podcaster,1.0,motivation,73.1140350877193,70.0,3.1140350877193015
podcaster,1.0,worldview_alignment,70.19736842105263,66.55701754385964,3.6403508771929864
podcaster,1.5,emotional_register,67.98245614035088,60.24122807017544,7.741228070175438
podcaster,1.5,vocab_choice,70.85526315789474,67.21491228070175,3.6403508771929864
podcaster,1.5,social_dynamic,67.4780701754386,61.425438596491226,6.052631578947377
podcaster,1.5,motivation,76.96491228070175,72.87280701754386,4.09210526315789
podcaster,1.5,worldview_alignment,73.3859649122807,69.30263157894737,4.083333333333329
podcaster,2.0,emotional_register,73.99122807017544,42.10526315789474,31.8859649122807
podcaster,2.0,vocab_choice,73.35526315789474,44.86842105263158,28.486842105263158
podcaster,2.0,social_dynamic,73.28947368421052,43.0921052631579,30.197368421052623
podcaster,2.0,motivation,80.05701754385964,61.79824561403509,18.258771929824555
podcaster,2.0,worldview_alignment,77.0,56.99561403508772,20.00438596491228
podcaster,2.5,emotional_register,74.58333333333333,20.285087719298247,54.29824561403508
podcaster,2.5,vocab_choice,70.65789473684211,19.210526315789473,51.44736842105264
podcaster,2.5,social_dynamic,73.03947368421052,20.416666666666668,52.62280701754385
podcaster,2.5,motivation,79.75877192982456,36.776315789473685,42.98245614035088
podcaster,2.5,worldview_alignment,75.8201754385965,31.140350877192983,44.67982456140351
poet,1.0,emotional_register,23.88157894736842,29.69298245614035,-5.811403508771928
poet,1.0,vocab_choice,35.13157894736842,41.75438596491228,-6.622807017543863
poet,1.0,social_dynamic,33.88157894736842,41.51315789473684,-7.631578947368425
poet,1.0,motivation,39.71491228070175,47.60964912280702,-7.894736842105267
poet,1.0,worldview_alignment,30.57017543859649,38.771929824561404,-8.201754385964914
poet,1.5,emotional_register,28.92543859649123,37.34649122807018,-8.421052631578949
poet,1.5,vocab_choice,37.324561403508774,46.49122807017544,-9.166666666666664
poet,1.5,social_dynamic,37.478070175438596,47.80701754385965,-10.328947368421055
poet,1.5,motivation,44.03508771929825,56.33771929824562,-12.30263157894737
poet,1.5,worldview_alignment,35.48245614035088,47.96052631578947,-12.478070175438596
poet,2.0,emotional_register,37.171052631578945,41.75438596491228,-4.583333333333336
poet,2.0,vocab_choice,41.18421052631579,44.3859649122807,-3.201754385964911
poet,2.0,social_dynamic,42.80701754385965,48.17982456140351,-5.372807017543856
poet,2.0,motivation,53.1359649122807,59.32017543859649,-6.184210526315795
poet,2.0,worldview_alignment,44.223684210526315,51.07017543859649,-6.846491228070178
poet,2.5,emotional_register,47.43421052631579,9.276315789473685,38.1578947368421
poet,2.5,vocab_choice,46.82017543859649,7.894736842105263,38.92543859649123
poet,2.5,social_dynamic,50.08771929824562,11.578947368421053,38.50877192982456
poet,2.5,motivation,59.18859649122807,14.736842105263158,44.45175438596491
poet,2.5,worldview_alignment,51.39473684210526,10.074561403508772,41.320175438596486
polymath,1.0,emotional_register,76.20614035087719,73.6842105263158,2.521929824561397
polymath,1.0,vocab_choice,77.12719298245614,76.95175438596492,0.17543859649121885
polymath,1.0,social_dynamic,75.08771929824562,73.85964912280701,1.228070175438603
polymath,1.0,motivation,81.96929824561404,80.19736842105263,1.7719298245614112
polymath,1.0,worldview_alignment,78.91228070175438,77.17543859649123,1.7368421052631504
polymath,1.5,emotional_register,77.67543859649123,72.45614035087719,5.219298245614041
polymath,1.5,vocab_choice,76.3157894736842,74.64912280701755,1.6666666666666572
polymath,1.5,social_dynamic,76.14035087719299,72.03070175438596,4.109649122807028
polymath,1.5,motivation,83.57456140350877,80.65789473684211,2.916666666666657
polymath,1.5,worldview_alignment,80.29385964912281,77.04824561403508,3.2456140350877263
polymath,2.0,emotional_register,75.0219298245614,50.35087719298246,24.671052631578938
polymath,2.0,vocab_choice,71.33771929824562,49.95614035087719,21.381578947368425
polymath,2.0,social_dynamic,73.31140350877193,51.44736842105263,21.8640350877193
polymath,2.0,motivation,81.20614035087719,66.51315789473684,14.692982456140356
polymath,2.0,worldview_alignment,77.25,61.11842105263158,16.131578947368418
polymath,2.5,emotional_register,71.51315789473684,19.12280701754386,52.39035087719297
polymath,2.5,vocab_choice,65.28508771929825,16.513157894736842,48.771929824561404
polymath,2.5,social_dynamic,67.98245614035088,19.82456140350877,48.15789473684211
polymath,2.5,motivation,78.10526315789474,30.614035087719298,47.49122807017544
polymath,2.5,worldview_alignment,73.30263157894737,25.482456140350877,47.82017543859649
pragmatist,1.0,emotional_register,55.6768558951965,54.366812227074234,1.310043668122269
pragmatist,1.0,vocab_choice,63.624454148471614,63.18777292576419,0.4366812227074206
pragmatist,1.0,social_dynamic,57.79475982532751,56.069868995633186,1.7248908296943242
pragmatist,1.0,motivation,59.43231441048035,57.07423580786026,2.3580786026200897
pragmatist,1.0,worldview_alignment,56.048034934497814,52.314410480349345,3.733624454148469
pragmatist,1.5,emotional_register,61.83406113537118,57.92576419213974,3.9082969432314414
pragmatist,1.5,vocab_choice,66.09170305676857,62.64192139737991,3.4497816593886554
pragmatist,1.5,social_dynamic,62.92576419213974,59.1703056768559,3.7554585152838413
pragmatist,1.5,motivation,68.4061135371179,60.9825327510917,7.4235807860262
pragmatist,1.5,worldview_alignment,64.63318777292577,56.004366812227076,8.62882096069869
pragmatist,2.0,emotional_register,63.8646288209607,46.004366812227076,17.86026200873362
pragmatist,2.0,vocab_choice,65.37117903930131,49.27947598253275,16.09170305676856
pragmatist,2.0,social_dynamic,63.23144104803494,46.09170305676856,17.13973799126638
pragmatist,2.0,motivation,73.44978165938865,54.60698689956332,18.84279475982533
pragmatist,2.0,worldview_alignment,68.73362445414847,48.799126637554586,19.934497816593883
pragmatist,2.5,emotional_register,63.66812227074236,20.0,43.66812227074236
pragmatist,2.5,vocab_choice,63.23144104803494,20.69868995633188,42.53275109170306
pragmatist,2.5,social_dynamic,64.12663755458516,21.200873362445414,42.925764192139745
pragmatist,2.5,motivation,73.62445414847161,30.41484716157205,43.20960698689956
pragmatist,2.5,worldview_alignment,69.49781659388647,24.62008733624454,44.87772925764193
predator,1.0,emotional_register,11.25,9.605263157894736,1.6447368421052637
predator,1.0,vocab_choice,18.81578947368421,17.785087719298247,1.0307017543859622
predator,1.0,social_dynamic,13.728070175438596,13.048245614035087,0.6798245614035086
predator,1.0,motivation,15.131578947368421,13.267543859649123,1.864035087719298
predator,1.0,worldview_alignment,9.596491228070175,8.464912280701755,1.1315789473684195
predator,1.5,emotional_register,16.644736842105264,10.307017543859649,6.337719298245615
predator,1.5,vocab_choice,24.035087719298247,18.355263157894736,5.67982456140351
predator,1.5,social_dynamic,18.07017543859649,13.289473684210526,4.780701754385964
predator,1.5,motivation,22.478070175438596,15.416666666666666,7.06140350877193
predator,1.5,worldview_alignment,14.736842105263158,9.144736842105264,5.592105263157894
predator,2.0,emotional_register,27.280701754385966,5.9868421052631575,21.29385964912281
predator,2.0,vocab_choice,32.69736842105263,15.43859649122807,17.25877192982456
predator,2.0,social_dynamic,26.776315789473685,9.780701754385966,16.99561403508772
predator,2.0,motivation,33.1140350877193,12.719298245614034,20.394736842105267
predator,2.0,worldview_alignment,25.50438596491228,7.105263157894737,18.399122807017545
predator,2.5,emotional_register,48.61842105263158,3.0701754385964914,45.54824561403509
predator,2.5,vocab_choice,51.99561403508772,9.978070175438596,42.01754385964912
predator,2.5,social_dynamic,45.10964912280702,5.614035087719298,39.495614035087726
predator,2.5,motivation,50.10964912280702,7.728070175438597,42.381578947368425
predator,2.5,worldview_alignment,44.14473684210526,3.4078947368421053,40.73684210526316
presenter,1.0,emotional_register,69.73684210526316,59.53947368421053,10.197368421052637
presenter,1.0,vocab_choice,75.54824561403508,70.87719298245614,4.671052631578945
presenter,1.0,social_dynamic,69.71491228070175,61.60087719298246,8.114035087719294
presenter,1.0,motivation,79.51754385964912,74.18859649122807,5.328947368421055
presenter,1.0,worldview_alignment,75.9342105263158,70.74561403508773,5.188596491228068
presenter,1.5,emotional_register,75.59210526315789,58.1578947368421,17.434210526315788
presenter,1.5,vocab_choice,76.1842105263158,68.83771929824562,7.346491228070178
presenter,1.5,social_dynamic,74.72368421052632,59.84649122807018,14.877192982456137
presenter,1.5,motivation,82.49122807017544,73.8157894736842,8.675438596491233
presenter,1.5,worldview_alignment,79.41666666666667,70.26315789473684,9.153508771929836
presenter,2.0,emotional_register,77.45614035087719,38.026315789473685,39.42982456140351
presenter,2.0,vocab_choice,74.78070175438596,45.6140350877193,29.166666666666657
presenter,2.0,social_dynamic,76.09649122807018,39.71491228070175,36.381578947368425
presenter,2.0,motivation,82.84210526315789,58.925438596491226,23.916666666666664
presenter,2.0,worldview_alignment,79.12719298245614,53.90350877192982,25.223684210526315
presenter,2.5,emotional_register,75.54824561403508,15.43859649122807,60.109649122807014
presenter,2.5,vocab_choice,69.3201754385965,17.0,52.32017543859649
presenter,2.5,social_dynamic,72.06140350877193,16.86842105263158,55.192982456140356
presenter,2.5,motivation,78.50877192982456,28.70614035087719,49.80263157894737
presenter,2.5,worldview_alignment,74.34210526315789,23.55263157894737,50.78947368421052
prey,1.0,emotional_register,18.969298245614034,14.583333333333334,4.3859649122807
prey,1.0,vocab_choice,31.162280701754387,26.99561403508772,4.166666666666668
prey,1.0,social_dynamic,23.399122807017545,20.723684210526315,2.6754385964912295
prey,1.0,motivation,18.728070175438596,14.978070175438596,3.75
prey,1.0,worldview_alignment,15.789473684210526,12.43421052631579,3.3552631578947363
prey,1.5,emotional_register,28.04824561403509,15.350877192982455,12.697368421052634
prey,1.5,vocab_choice,38.68421052631579,30.635964912280702,8.048245614035086
prey,1.5,social_dynamic,32.10526315789474,22.719298245614034,9.385964912280706
prey,1.5,motivation,28.50877192982456,17.083333333333332,11.42543859649123
prey,1.5,worldview_alignment,24.81578947368421,13.925438596491228,10.890350877192981
prey,2.0,emotional_register,47.280701754385966,13.201754385964913,34.078947368421055
prey,2.0,vocab_choice,52.01754385964912,26.403508771929825,25.614035087719298
prey,2.0,social_dynamic,47.34649122807018,19.342105263157894,28.004385964912284
prey,2.0,motivation,45.85526315789474,17.478070175438596,28.377192982456144
prey,2.0,worldview_alignment,43.24561403508772,13.662280701754385,29.583333333333336
prey,2.5,emotional_register,61.25,8.464912280701755,52.78508771929825
prey,2.5,vocab_choice,63.0921052631579,15.592105263157896,47.5
prey,2.5,social_dynamic,57.03947368421053,12.587719298245615,44.45175438596491
prey,2.5,motivation,57.06140350877193,15.087719298245615,41.973684210526315
prey,2.5,worldview_alignment,54.29385964912281,10.592105263157896,43.70175438596491
prisoner,1.0,emotional_register,17.32456140350877,15.592105263157896,1.732456140350875
prisoner,1.0,vocab_choice,22.214912280701753,21.271929824561404,0.9429824561403493
prisoner,1.0,social_dynamic,18.157894736842106,16.68859649122807,1.4692982456140378
prisoner,1.0,motivation,24.100877192982455,22.653508771929825,1.44736842105263
prisoner,1.0,worldview_alignment,17.105263157894736,14.978070175438596,2.1271929824561404
prisoner,1.5,emotional_register,24.62719298245614,17.478070175438596,7.1491228070175445
prisoner,1.5,vocab_choice,28.267543859649123,23.57456140350877,4.692982456140353
prisoner,1.5,social_dynamic,24.890350877192983,18.75,6.140350877192983
prisoner,1.5,motivation,32.10526315789474,25.54824561403509,6.557017543859651
prisoner,1.5,worldview_alignment,23.859649122807017,17.30263157894737,6.557017543859647
prisoner,2.0,emotional_register,33.48684210526316,13.026315789473685,20.460526315789473
prisoner,2.0,vocab_choice,36.33771929824562,18.68421052631579,17.653508771929825
prisoner,2.0,social_dynamic,33.39912280701754,13.618421052631579,19.780701754385962
prisoner,2.0,motivation,41.95175438596491,21.95175438596491,20.0
prisoner,2.0,worldview_alignment,33.48684210526316,14.758771929824562,18.728070175438596
prisoner,2.5,emotional_register,42.58771929824562,7.587719298245614,35.0
prisoner,2.5,vocab_choice,44.01315789473684,9.912280701754385,34.10087719298246
prisoner,2.5,social_dynamic,42.54385964912281,7.894736842105263,34.64912280701755
prisoner,2.5,motivation,51.49122807017544,15.460526315789474,36.030701754385966
prisoner,2.5,worldview_alignment,43.31140350877193,8.903508771929825,34.40789473684211
procrastinator,1.0,emotional_register,18.355263157894736,19.385964912280702,-1.0307017543859658
procrastinator,1.0,vocab_choice,26.07456140350877,27.36842105263158,-1.2938596491228083
procrastinator,1.0,social_dynamic,23.99122807017544,25.964912280701753,-1.973684210526315
procrastinator,1.0,motivation,17.87280701754386,18.81578947368421,-0.9429824561403493
procrastinator,1.0,worldview_alignment,15.701754385964913,17.214912280701753,-1.5131578947368407
procrastinator,1.5,emotional_register,24.29824561403509,22.82894736842105,1.4692982456140378
procrastinator,1.5,vocab_choice,34.05701754385965,31.337719298245613,2.7192982456140378
procrastinator,1.5,social_dynamic,29.95614035087719,28.771929824561404,1.1842105263157876
procrastinator,1.5,motivation,24.539473684210527,23.79385964912281,0.7456140350877192
procrastinator,1.5,worldview_alignment,22.82894736842105,22.149122807017545,0.6798245614035068
procrastinator,2.0,emotional_register,32.521929824561404,20.17543859649123,12.346491228070175
procrastinator,2.0,vocab_choice,40.70175438596491,24.80263157894737,15.899122807017541
procrastinator,2.0,social_dynamic,36.469298245614034,25.855263157894736,10.614035087719298
procrastinator,2.0,motivation,33.85964912280702,27.74122807017544,6.118421052631582
procrastinator,2.0,worldview_alignment,31.030701754385966,23.61842105263158,7.412280701754387
procrastinator,2.5,emotional_register,42.828947368421055,21.776315789473685,21.05263157894737
procrastinator,2.5,vocab_choice,48.99122807017544,20.614035087719298,28.37719298245614
procrastinator,2.5,social_dynamic,44.86842105263158,24.07894736842105,20.78947368421053
procrastinator,2.5,motivation,43.04824561403509,31.07456140350877,11.973684210526319
procrastinator,2.5,worldview_alignment,40.219298245614034,25.92105263157895,14.298245614035086
prodigy,1.0,emotional_register,59.276315789473685,48.55263157894737,10.723684210526315
prodigy,1.0,vocab_choice,65.32894736842105,62.25877192982456,3.0701754385964932
prodigy,1.0,social_dynamic,58.07017543859649,48.79385964912281,9.276315789473685
prodigy,1.0,motivation,64.80263157894737,55.37280701754386,9.429824561403507
prodigy,1.0,worldview_alignment,61.29385964912281,51.921052631578945,9.372807017543863
prodigy,1.5,emotional_register,64.3859649122807,50.87719298245614,13.508771929824562
prodigy,1.5,vocab_choice,66.33771929824562,63.04824561403509,3.2894736842105274
prodigy,1.5,social_dynamic,61.9078947368421,51.05263157894737,10.855263157894733
prodigy,1.5,motivation,70.21929824561404,60.5921052631579,9.627192982456144
prodigy,1.5,worldview_alignment,66.81140350877193,56.469298245614034,10.342105263157897
prodigy,2.0,emotional_register,66.55701754385964,31.337719298245613,35.21929824561403
prodigy,2.0,vocab_choice,64.29824561403508,40.98684210526316,23.311403508771924
prodigy,2.0,social_dynamic,63.925438596491226,34.56140350877193,29.364035087719294
prodigy,2.0,motivation,73.22368421052632,45.50438596491228,27.719298245614034
prodigy,2.0,worldview_alignment,69.23245614035088,40.6359649122807,28.596491228070178
prodigy,2.5,emotional_register,61.29385964912281,11.885964912280702,49.40789473684211
prodigy,2.5,vocab_choice,57.45614035087719,15.50438596491228,41.95175438596491
prodigy,2.5,social_dynamic,57.60964912280702,13.333333333333334,44.276315789473685
prodigy,2.5,motivation,67.19298245614036,20.289473684210527,46.90350877192983
prodigy,2.5,worldview_alignment,62.78508771929825,16.49122807017544,46.29385964912281
producer,1.0,emotional_register,65.21929824561404,60.74561403508772,4.473684210526322
producer,1.0,vocab_choice,68.7719298245614,67.82894736842105,0.9429824561403422
producer,1.0,social_dynamic,62.916666666666664,59.53947368421053,3.377192982456137
producer,1.0,motivation,71.62280701754386,67.89473684210526,3.728070175438603
producer,1.0,worldview_alignment,67.8201754385965,64.51754385964912,3.30263157894737
producer,1.5,emotional_register,67.74122807017544,61.71052631578947,6.030701754385966
producer,1.5,vocab_choice,67.89473684210526,66.95175438596492,0.9429824561403422
producer,1.5,social_dynamic,63.50877192982456,60.28508771929825,3.223684210526315
producer,1.5,motivation,73.28070175438596,71.00877192982456,2.271929824561397
producer,1.5,worldview_alignment,69.75877192982456,67.43859649122807,2.3201754385964932
producer,2.0,emotional_register,68.44298245614036,45.5921052631579,22.85087719298246
producer,2.0,vocab_choice,63.925438596491226,47.324561403508774,16.600877192982452
producer,2.0,social_dynamic,63.70614035087719,44.14473684210526,19.56140350877193
producer,2.0,motivation,74.95614035087719,59.64912280701754,15.30701754385965
producer,2.0,worldview_alignment,70.91228070175438,55.08771929824562,15.824561403508767
producer,2.5,emotional_register,62.828947368421055,16.140350877192983,46.68859649122807
producer,2.5,vocab_choice,55.921052631578945,15.942982456140351,39.978070175438596
producer,2.5,social_dynamic,57.63157894736842,16.600877192982455,41.03070175438596
producer,2.5,motivation,70.43859649122807,26.38157894736842,44.057017543859644
producer,2.5,worldview_alignment,65.19736842105263,21.907894736842106,43.28947368421052
programmer,1.0,emotional_register,68.04824561403508,67.30263157894737,0.7456140350877121
programmer,1.0,vocab_choice,71.71052631578948,71.78947368421052,-0.07894736842104066
programmer,1.0,social_dynamic,67.60964912280701,66.20614035087719,1.4035087719298218
programmer,1.0,motivation,73.0701754385965,72.21491228070175,0.8552631578947398
programmer,1.0,worldview_alignment,70.39473684210526,68.82894736842105,1.5657894736842053
programmer,1.5,emotional_register,69.27631578947368,67.93859649122807,1.3377192982456165
programmer,1.5,vocab_choice,71.00877192982456,70.98684210526316,0.021929824561397027
programmer,1.5,social_dynamic,67.93859649122807,65.76754385964912,2.171052631578945
programmer,1.5,motivation,73.83771929824562,73.1140350877193,0.723684210526315
programmer,1.5,worldview_alignment,71.29385964912281,69.70175438596492,1.5921052631578902
programmer,2.0,emotional_register,65.10964912280701,46.14035087719298,18.969298245614034
programmer,2.0,vocab_choice,66.44736842105263,46.60087719298246,19.84649122807017
programmer,2.0,social_dynamic,64.62719298245614,45.46052631578947,19.166666666666664
programmer,2.0,motivation,73.09210526315789,59.75877192982456,13.333333333333329
programmer,2.0,worldview_alignment,69.56140350877193,55.13157894736842,14.429824561403514
programmer,2.5,emotional_register,56.228070175438596,19.25438596491228,36.973684210526315
programmer,2.5,vocab_choice,55.67982456140351,18.776315789473685,36.90350877192982
programmer,2.5,social_dynamic,54.978070175438596,20.79385964912281,34.18421052631579
programmer,2.5,motivation,65.92105263157895,31.04385964912281,34.87719298245614
programmer,2.5,worldview_alignment,61.40350877192982,26.42982456140351,34.973684210526315
proofreader,1.0,emotional_register,54.780701754385966,54.276315789473685,0.5043859649122808
proofreader,1.0,vocab_choice,59.276315789473685,60.28508771929825,-1.0087719298245617
proofreader,1.0,social_dynamic,51.75438596491228,52.030701754385966,-0.27631578947368496
proofreader,1.0,motivation,57.25,56.30263157894737,0.9473684210526301
proofreader,1.0,worldview_alignment,53.84649122807018,52.78508771929825,1.0614035087719316
proofreader,1.5,emotional_register,53.39912280701754,56.25,-2.850877192982459
proofreader,1.5,vocab_choice,55.43859649122807,60.19736842105263,-4.758771929824562
proofreader,1.5,social_dynamic,50.10964912280702,53.421052631578945,-3.3114035087719245
proofreader,1.5,motivation,57.5,61.18421052631579,-3.6842105263157876
proofreader,1.5,worldview_alignment,53.24561403508772,56.51315789473684,-3.2675438596491233
proofreader,2.0,emotional_register,51.425438596491226,35.06578947368421,16.359649122807014
proofreader,2.0,vocab_choice,49.671052631578945,38.07017543859649,11.600877192982452
proofreader,2.0,social_dynamic,46.71052631578947,34.978070175438596,11.732456140350877
proofreader,2.0,motivation,57.03947368421053,45.5921052631579,11.44736842105263
proofreader,2.0,worldview_alignment,52.03947368421053,41.175438596491226,10.864035087719301
proofreader,2.5,emotional_register,44.3640350877193,8.706140350877194,35.65789473684211
proofreader,2.5,vocab_choice,39.62719298245614,8.640350877192983,30.986842105263154
proofreader,2.5,social_dynamic,40.50438596491228,9.539473684210526,30.964912280701753
proofreader,2.5,motivation,52.171052631578945,14.232456140350877,37.93859649122807
proofreader,2.5,worldview_alignment,46.64473684210526,10.81140350877193,35.83333333333333
prophet,1.0,emotional_register,28.837719298245613,26.62280701754386,2.2149122807017534
prophet,1.0,vocab_choice,39.21052631578947,40.26315789473684,-1.05263157894737
prophet,1.0,social_dynamic,32.23684210526316,30.94298245614035,1.2938596491228083
prophet,1.0,motivation,36.99561403508772,35.328947368421055,1.6666666666666643
prophet,1.0,worldview_alignment,27.25877192982456,25.87719298245614,1.3815789473684212
prophet,1.5,emotional_register,35.08771929824562,30.986842105263158,4.100877192982459
prophet,1.5,vocab_choice,43.421052631578945,42.280701754385966,1.1403508771929793
prophet,1.5,social_dynamic,37.80701754385965,35.0,2.8070175438596507
prophet,1.5,motivation,44.10087719298246,41.38157894736842,2.7192982456140413
prophet,1.5,worldview_alignment,34.4078947368421,31.38157894736842,3.0263157894736814
prophet,2.0,emotional_register,51.8640350877193,25.394736842105264,26.469298245614038
prophet,2.0,vocab_choice,53.28947368421053,33.421052631578945,19.868421052631582
prophet,2.0,social_dynamic,50.96491228070175,30.70175438596491,20.263157894736842
prophet,2.0,motivation,59.05701754385965,39.23245614035088,19.824561403508774
prophet,2.0,worldview_alignment,51.42982456140351,28.75,22.679824561403507
prophet,2.5,emotional_register,68.04824561403508,10.087719298245615,57.960526315789465
prophet,2.5,vocab_choice,65.92105263157895,11.864035087719298,54.057017543859644
prophet,2.5,social_dynamic,65.24122807017544,11.929824561403509,53.31140350877193
prophet,2.5,motivation,70.10964912280701,18.355263157894736,51.754385964912274
prophet,2.5,worldview_alignment,66.00877192982456,11.578947368421053,54.42982456140351
provincial,1.0,emotional_register,33.85964912280702,32.21491228070175,1.6447368421052673
provincial,1.0,vocab_choice,32.54385964912281,32.63157894736842,-0.08771929824560942
provincial,1.0,social_dynamic,31.907894736842106,30.526315789473685,1.3815789473684212
provincial,1.0,motivation,44.69298245614035,44.42982456140351,0.2631578947368425
provincial,1.0,worldview_alignment,36.074561403508774,35.81140350877193,0.2631578947368425
provincial,1.5,emotional_register,42.23684210526316,36.578947368421055,5.657894736842103
provincial,1.5,vocab_choice,39.51754385964912,36.33771929824562,3.1798245614035068
provincial,1.5,social_dynamic,39.93421052631579,34.078947368421055,5.855263157894733
provincial,1.5,motivation,54.73684210526316,51.030701754385966,3.7061403508771917
provincial,1.5,worldview_alignment,46.51315789473684,41.92982456140351,4.583333333333336
provincial,2.0,emotional_register,53.50877192982456,31.25,22.25877192982456
provincial,2.0,vocab_choice,49.75877192982456,30.70175438596491,19.05701754385965
provincial,2.0,social_dynamic,50.70175438596491,30.460526315789473,20.24122807017544
provincial,2.0,motivation,64.40789473684211,50.5921052631579,13.815789473684212
provincial,2.0,worldview_alignment,56.73245614035088,41.05263157894737,15.679824561403507
provincial,2.5,emotional_register,63.88157894736842,15.50438596491228,48.37719298245614
provincial,2.5,vocab_choice,59.583333333333336,15.43859649122807,44.14473684210527
provincial,2.5,social_dynamic,61.44736842105263,16.20614035087719,45.24122807017544
provincial,2.5,motivation,72.91666666666667,33.00438596491228,39.91228070175439
provincial,2.5,worldview_alignment,67.09649122807018,26.403508771929825,40.692982456140356
provocateur,1.0,emotional_register,17.43421052631579,13.289473684210526,4.1447368421052655
provocateur,1.0,vocab_choice,32.39035087719298,30.32894736842105,2.061403508771928
provocateur,1.0,social_dynamic,22.5,18.92543859649123,3.5745614035087705
provocateur,1.0,motivation,24.69298245614035,21.030701754385966,3.6622807017543835
provocateur,1.0,worldview_alignment,17.982456140350877,14.539473684210526,3.442982456140351
provocateur,1.5,emotional_register,25.32894736842105,15.263157894736842,10.065789473684209
provocateur,1.5,vocab_choice,38.1359649122807,32.30263157894737,5.833333333333329
provocateur,1.5,social_dynamic,29.42982456140351,21.79824561403509,7.631578947368421
provocateur,1.5,motivation,34.3421052631579,24.32017543859649,10.021929824561408
provocateur,1.5,worldview_alignment,26.75438596491228,17.236842105263158,9.517543859649123
provocateur,2.0,emotional_register,37.21491228070175,13.771929824561404,23.44298245614035
provocateur,2.0,vocab_choice,46.9078947368421,25.394736842105264,21.51315789473684
provocateur,2.0,social_dynamic,38.39912280701754,18.20175438596491,20.19736842105263
provocateur,2.0,motivation,44.25438596491228,27.45614035087719,16.79824561403509
provocateur,2.0,worldview_alignment,36.76754385964912,19.55263157894737,17.214912280701753
provocateur,2.5,emotional_register,51.9078947368421,8.289473684210526,43.618421052631575
provocateur,2.5,vocab_choice,56.030701754385966,12.346491228070175,43.684210526315795
provocateur,2.5,social_dynamic,49.95614035087719,9.890350877192983,40.065789473684205
provocateur,2.5,motivation,55.6578947368421,18.662280701754387,36.99561403508771
provocateur,2.5,worldview_alignment,49.46491228070175,12.390350877192983,37.07456140350877
psychologist,1.0,emotional_register,62.45614035087719,60.57017543859649,1.8859649122806985
psychologist,1.0,vocab_choice,70.3201754385965,70.98684210526316,-0.6666666666666714
psychologist,1.0,social_dynamic,65.05263157894737,63.1359649122807,1.9166666666666714
psychologist,1.0,motivation,68.26754385964912,68.64035087719299,-0.37280701754386314
psychologist,1.0,worldview_alignment,65.92105263157895,66.37280701754386,-0.451754385964918
psychologist,1.5,emotional_register,65.37280701754386,60.416666666666664,4.956140350877199
psychologist,1.5,vocab_choice,68.15789473684211,68.8157894736842,-0.6578947368420955
psychologist,1.5,social_dynamic,64.91228070175438,64.05701754385964,0.8552631578947398
psychologist,1.5,motivation,69.85964912280701,70.74561403508773,-0.8859649122807127
psychologist,1.5,worldview_alignment,67.01754385964912,68.16228070175438,-1.1447368421052602
psychologist,2.0,emotional_register,67.67543859649123,40.6359649122807,27.039473684210535
psychologist,2.0,vocab_choice,67.4342105263158,45.48245614035088,21.951754385964918
psychologist,2.0,social_dynamic,66.38157894736842,42.19298245614035,24.188596491228076
psychologist,2.0,motivation,70.72368421052632,57.03947368421053,13.684210526315788
psychologist,2.0,worldview_alignment,68.29824561403508,52.324561403508774,15.973684210526308
psychologist,2.5,emotional_register,66.75438596491227,16.31578947368421,50.43859649122807
psychologist,2.5,vocab_choice,63.07017543859649,18.70614035087719,44.3640350877193
psychologist,2.5,social_dynamic,64.9780701754386,17.93859649122807,47.039473684210535
psychologist,2.5,motivation,70.52631578947368,28.355263157894736,42.171052631578945
psychologist,2.5,worldview_alignment,67.28070175438596,23.79385964912281,43.48684210526315
publisher,1.0,emotional_register,62.36842105263158,55.04385964912281,7.324561403508774
publisher,1.0,vocab_choice,65.98684210526316,62.80701754385965,3.179824561403514
publisher,1.0,social_dynamic,60.13157894736842,54.73684210526316,5.39473684210526
publisher,1.0,motivation,68.44298245614036,63.20175438596491,5.2412280701754455
publisher,1.0,worldview_alignment,64.3640350877193,59.223684210526315,5.1403508771929864
publisher,1.5,emotional_register,65.6140350877193,53.530701754385966,12.083333333333336
publisher,1.5,vocab_choice,65.26315789473684,60.921052631578945,4.34210526315789
publisher,1.5,social_dynamic,62.43421052631579,53.70614035087719,8.728070175438596
publisher,1.5,motivation,70.70175438596492,62.45614035087719,8.245614035087726
publisher,1.5,worldview_alignment,66.83771929824562,58.50877192982456,8.328947368421055
publisher,2.0,emotional_register,66.60087719298245,36.20614035087719,30.39473684210526
publisher,2.0,vocab_choice,62.96052631578947,41.11842105263158,21.84210526315789
publisher,2.0,social_dynamic,61.776315789473685,37.01754385964912,24.75877192982456
publisher,2.0,motivation,70.94298245614036,51.09649122807018,19.846491228070178
publisher,2.0,worldview_alignment,66.6798245614035,45.78947368421053,20.89035087719298
publisher,2.5,emotional_register,65.85526315789474,12.719298245614034,53.135964912280706
publisher,2.5,vocab_choice,59.86842105263158,13.68421052631579,46.184210526315795
publisher,2.5,social_dynamic,61.030701754385966,13.24561403508772,47.78508771929825
publisher,2.5,motivation,69.51754385964912,21.359649122807017,48.15789473684211
publisher,2.5,worldview_alignment,65.52631578947368,16.82017543859649,48.70614035087719
purist,1.0,emotional_register,38.88157894736842,41.074561403508774,-2.1929824561403564
purist,1.0,vocab_choice,52.36842105263158,56.33771929824562,-3.969298245614034
purist,1.0,social_dynamic,42.87280701754386,44.80263157894737,-1.9298245614035068
purist,1.0,motivation,41.09649122807018,42.34649122807018,-1.25
purist,1.0,worldview_alignment,35.15350877192982,36.78947368421053,-1.6359649122807056
purist,1.5,emotional_register,42.60964912280702,46.55701754385965,-3.94736842105263
purist,1.5,vocab_choice,51.35964912280702,58.026315789473685,-6.666666666666664
purist,1.5,social_dynamic,43.1359649122807,49.780701754385966,-6.644736842105267
purist,1.5,motivation,45.89912280701754,48.90350877192982,-3.004385964912281
purist,1.5,worldview_alignment,39.42982456140351,43.23684210526316,-3.8070175438596507
purist,2.0,emotional_register,46.75438596491228,37.87280701754386,8.881578947368418
purist,2.0,vocab_choice,49.84649122807018,43.925438596491226,5.921052631578952
purist,2.0,social_dynamic,45.28508771929825,40.13157894736842,5.153508771929829
purist,2.0,motivation,49.14473684210526,47.85087719298246,1.2938596491228012
purist,2.0,worldview_alignment,42.5,41.00877192982456,1.4912280701754383
purist,2.5,emotional_register,49.18859649122807,17.785087719298247,31.403508771929822
purist,2.5,vocab_choice,47.19298245614035,20.74561403508772,26.44736842105263
purist,2.5,social_dynamic,46.11842105263158,19.75877192982456,26.35964912280702
purist,2.5,motivation,54.05701754385965,28.00438596491228,26.05263157894737
purist,2.5,worldview_alignment,47.41228070175438,23.728070175438596,23.684210526315788
realist,1.0,emotional_register,58.530701754385966,58.20175438596491,0.3289473684210549
realist,1.0,vocab_choice,66.11842105263158,66.38157894736842,-0.2631578947368496
realist,1.0,social_dynamic,61.71052631578947,60.5921052631579,1.1184210526315752
realist,1.0,motivation,66.33771929824562,62.89473684210526,3.4429824561403564
realist,1.0,worldview_alignment,62.5,59.14473684210526,3.35526315789474
realist,1.5,emotional_register,62.58771929824562,60.526315789473685,2.0614035087719316
realist,1.5,vocab_choice,67.08333333333333,66.51315789473684,0.5701754385964932
realist,1.5,social_dynamic,64.60526315789474,61.44736842105263,3.1578947368421098
realist,1.5,motivation,71.90789473684211,65.71491228070175,6.192982456140356
realist,1.5,worldview_alignment,68.66228070175438,60.89912280701754,7.7631578947368425
realist,2.0,emotional_register,61.25,47.78508771929825,13.464912280701753
realist,2.0,vocab_choice,63.39912280701754,49.91228070175438,13.486842105263158
realist,2.0,social_dynamic,63.24561403508772,48.0921052631579,15.153508771929822
realist,2.0,motivation,73.8157894736842,58.1140350877193,15.701754385964904
realist,2.0,worldview_alignment,70.05701754385964,52.95175438596491,17.105263157894733
realist,2.5,emotional_register,60.6140350877193,20.87719298245614,39.736842105263165
realist,2.5,vocab_choice,58.925438596491226,19.364035087719298,39.56140350877193
realist,2.5,social_dynamic,60.76754385964912,21.403508771929825,39.3640350877193
realist,2.5,motivation,72.08333333333333,32.60964912280702,39.47368421052631
realist,2.5,worldview_alignment,68.88157894736842,26.600877192982455,42.28070175438597
rebel,1.0,emotional_register,18.092105263157894,16.359649122807017,1.7324561403508767
rebel,1.0,vocab_choice,32.10526315789474,31.513157894736842,0.5921052631578974
rebel,1.0,social_dynamic,22.236842105263158,21.644736842105264,0.5921052631578938
rebel,1.0,motivation,23.157894736842106,21.776315789473685,1.3815789473684212
rebel,1.0,worldview_alignment,16.95175438596491,15.921052631578947,1.030701754385964
rebel,1.5,emotional_register,23.88157894736842,18.355263157894736,5.526315789473685
rebel,1.5,vocab_choice,35.021929824561404,33.66228070175438,1.3596491228070207
rebel,1.5,social_dynamic,27.478070175438596,24.473684210526315,3.004385964912281
rebel,1.5,motivation,30.285087719298247,26.403508771929825,3.8815789473684212
rebel,1.5,worldview_alignment,23.157894736842106,19.62719298245614,3.530701754385966
rebel,2.0,emotional_register,33.728070175438596,16.55701754385965,17.171052631578945
rebel,2.0,vocab_choice,42.719298245614034,28.07017543859649,14.649122807017545
rebel,2.0,social_dynamic,34.978070175438596,21.842105263157894,13.135964912280702
rebel,2.0,motivation,41.00877192982456,28.114035087719298,12.894736842105264
rebel,2.0,worldview_alignment,34.026315789473685,21.535087719298247,12.491228070175438
rebel,2.5,emotional_register,42.54385964912281,9.49561403508772,33.04824561403509
rebel,2.5,vocab_choice,48.50877192982456,13.881578947368421,34.62719298245614
rebel,2.5,social_dynamic,42.521929824561404,12.083333333333334,30.43859649122807
rebel,2.5,motivation,48.90350877192982,20.855263157894736,28.048245614035086
rebel,2.5,worldview_alignment,41.82017543859649,15.570175438596491,26.25
recruiter,1.0,emotional_register,60.96491228070175,58.00438596491228,2.9605263157894726
recruiter,1.0,vocab_choice,66.66666666666667,66.64473684210526,0.021929824561411237
recruiter,1.0,social_dynamic,59.10087719298246,56.30701754385965,2.7938596491228083
recruiter,1.0,motivation,66.38157894736842,64.29824561403508,2.083333333333343
recruiter,1.0,worldview_alignment,64.14473684210526,62.70614035087719,1.4385964912280684
recruiter,1.5,emotional_register,63.46491228070175,58.17982456140351,5.285087719298247
recruiter,1.5,vocab_choice,68.20175438596492,65.41666666666667,2.7850877192982466
recruiter,1.5,social_dynamic,61.60087719298246,57.74122807017544,3.8596491228070207
recruiter,1.5,motivation,67.21491228070175,67.16228070175438,0.05263157894736992
recruiter,1.5,worldview_alignment,64.67105263157895,63.69736842105263,0.973684210526315
recruiter,2.0,emotional_register,66.00877192982456,40.0,26.00877192982456
recruiter,2.0,vocab_choice,64.3640350877193,44.166666666666664,20.197368421052637
recruiter,2.0,social_dynamic,62.478070175438596,39.671052631578945,22.80701754385965
recruiter,2.0,motivation,69.45175438596492,54.42982456140351,15.021929824561411
recruiter,2.0,worldview_alignment,66.2719298245614,50.15350877192982,16.118421052631575
recruiter,2.5,emotional_register,62.74122807017544,16.228070175438596,46.51315789473684
recruiter,2.5,vocab_choice,59.671052631578945,16.68859649122807,42.98245614035088
recruiter,2.5,social_dynamic,59.21052631578947,16.55701754385965,42.65350877192982
recruiter,2.5,motivation,66.95175438596492,26.710526315789473,40.241228070175445
recruiter,2.5,worldview_alignment,62.9078947368421,22.280701754385966,40.62719298245614
refugee,1.0,emotional_register,32.324561403508774,33.07017543859649,-0.7456140350877192
refugee,1.0,vocab_choice,39.62719298245614,41.62280701754386,-1.9956140350877263
refugee,1.0,social_dynamic,34.45175438596491,35.723684210526315,-1.2719298245614041
refugee,1.0,motivation,36.18421052631579,35.723684210526315,0.46052631578947256
refugee,1.0,worldview_alignment,32.578947368421055,32.280701754385966,0.2982456140350891
refugee,1.5,emotional_register,38.59649122807018,37.01754385964912,1.5789473684210549
refugee,1.5,vocab_choice,43.81578947368421,46.82017543859649,-3.004385964912281
refugee,1.5,social_dynamic,39.978070175438596,39.671052631578945,0.30701754385965074
refugee,1.5,motivation,43.1140350877193,42.87280701754386,0.24122807017543835
refugee,1.5,worldview_alignment,38.3421052631579,39.05701754385965,-0.7149122807017534
refugee,2.0,emotional_register,45.35087719298246,27.587719298245613,17.763157894736846
refugee,2.0,vocab_choice,47.69736842105263,35.5921052631579,12.105263157894733
refugee,2.0,social_dynamic,45.81140350877193,31.271929824561404,14.539473684210527
refugee,2.0,motivation,50.49561403508772,38.66228070175438,11.833333333333336
refugee,2.0,worldview_alignment,45.78947368421053,33.574561403508774,12.214912280701753
refugee,2.5,emotional_register,51.9078947368421,15.43859649122807,36.469298245614034
refugee,2.5,vocab_choice,51.11842105263158,17.56578947368421,33.55263157894737
refugee,2.5,social_dynamic,51.16228070175438,16.666666666666668,34.49561403508771
refugee,2.5,motivation,58.17982456140351,24.05701754385965,34.122807017543856
refugee,2.5,worldview_alignment,53.39912280701754,19.385964912280702,34.013157894736835
reporter,1.0,emotional_register,46.8640350877193,32.23684210526316,14.627192982456144
reporter,1.0,vocab_choice,54.95614035087719,45.35087719298246,9.605263157894733
reporter,1.0,social_dynamic,49.93421052631579,37.06140350877193,12.872807017543856
reporter,1.0,motivation,61.53508771929825,47.828947368421055,13.706140350877192
reporter,1.0,worldview_alignment,56.94298245614035,43.574561403508774,13.368421052631575
reporter,1.5,emotional_register,59.71491228070175,32.324561403508774,27.39035087719298
reporter,1.5,vocab_choice,61.05263157894737,47.12719298245614,13.925438596491233
reporter,1.5,social_dynamic,59.12280701754386,38.55263157894737,20.570175438596493
reporter,1.5,motivation,70.80263157894737,51.05263157894737,19.75
reporter,1.5,worldview_alignment,65.79824561403508,45.81140350877193,19.98684210526315
reporter,2.0,emotional_register,70.17543859649123,19.210526315789473,50.96491228070176
reporter,2.0,vocab_choice,66.8640350877193,30.657894736842106,36.20614035087719
reporter,2.0,social_dynamic,67.20614035087719,25.50438596491228,41.70175438596491
reporter,2.0,motivation,76.78508771929825,41.51315789473684,35.271929824561404
reporter,2.0,worldview_alignment,72.27631578947368,35.96491228070175,36.31140350877193
reporter,2.5,emotional_register,69.3859649122807,8.508771929824562,60.87719298245614
reporter,2.5,vocab_choice,63.48684210526316,12.763157894736842,50.723684210526315
reporter,2.5,social_dynamic,65.08771929824562,10.592105263157896,54.49561403508772
reporter,2.5,motivation,73.02631578947368,21.29385964912281,51.73245614035088
reporter,2.5,worldview_alignment,68.69736842105263,16.732456140350877,51.96491228070175
researcher,1.0,emotional_register,71.75438596491227,66.68859649122807,5.065789473684205
researcher,1.0,vocab_choice,76.03070175438596,73.6842105263158,2.346491228070164
researcher,1.0,social_dynamic,71.2719298245614,66.3157894736842,4.956140350877192
researcher,1.0,motivation,78.42105263157895,73.15789473684211,5.263157894736835
researcher,1.0,worldview_alignment,75.72368421052632,70.32894736842105,5.39473684210526
researcher,1.5,emotional_register,72.85087719298245,65.37280701754386,7.478070175438589
researcher,1.5,vocab_choice,74.89035087719299,70.92105263157895,3.9692982456140413
researcher,1.5,social_dynamic,72.36842105263158,66.00877192982456,6.3596491228070136
researcher,1.5,motivation,79.57456140350877,72.58771929824562,6.98684210526315
researcher,1.5,worldview_alignment,77.03070175438596,69.42105263157895,7.6096491228070136
researcher,2.0,emotional_register,71.53508771929825,41.53508771929825,30.0
researcher,2.0,vocab_choice,71.75438596491227,45.24122807017544,26.513157894736835
researcher,2.0,social_dynamic,70.32894736842105,43.99122807017544,26.337719298245617
researcher,2.0,motivation,79.69298245614036,56.55701754385965,23.135964912280706
researcher,2.0,worldview_alignment,76.29385964912281,51.68859649122807,24.60526315789474
researcher,2.5,emotional_register,65.6798245614035,14.517543859649123,51.16228070175438
researcher,2.5,vocab_choice,63.421052631578945,15.921052631578947,47.5
researcher,2.5,social_dynamic,62.93859649122807,17.67543859649123,45.263157894736835
researcher,2.5,motivation,74.45175438596492,23.223684210526315,51.2280701754386
researcher,2.5,worldview_alignment,69.82456140350877,19.32017543859649,50.504385964912274
retiree,1.0,emotional_register,39.23245614035088,37.171052631578945,2.0614035087719316
retiree,1.0,vocab_choice,43.94736842105263,43.223684210526315,0.723684210526315
retiree,1.0,social_dynamic,38.83771929824562,36.44736842105263,2.3903508771929864
retiree,1.0,motivation,46.38157894736842,46.49122807017544,-0.10964912280702066
retiree,1.0,worldview_alignment,41.62280701754386,41.6578947368421,-0.035087719298239506
retiree,1.5,emotional_register,47.43421052631579,42.171052631578945,5.2631578947368425
retiree,1.5,vocab_choice,51.09649122807018,47.521929824561404,3.574561403508774
retiree,1.5,social_dynamic,45.98684210526316,40.74561403508772,5.241228070175438
retiree,1.5,motivation,55.39473684210526,52.56578947368421,2.8289473684210478
retiree,1.5,worldview_alignment,50.723684210526315,46.75438596491228,3.969298245614034
retiree,2.0,emotional_register,52.76315789473684,32.171052631578945,20.592105263157897
retiree,2.0,vocab_choice,53.61842105263158,35.74561403508772,17.872807017543863
retiree,2.0,social_dynamic,52.23684210526316,32.083333333333336,20.153508771929822
retiree,2.0,motivation,62.39035087719298,47.828947368421055,14.561403508771924
retiree,2.0,worldview_alignment,57.56578947368421,42.03947368421053,15.526315789473685
retiree,2.5,emotional_register,59.93421052631579,17.17105263157895,42.763157894736835
retiree,2.5,vocab_choice,58.64035087719298,17.017543859649123,41.622807017543856
retiree,2.5,social_dynamic,58.55263157894737,16.535087719298247,42.01754385964912
retiree,2.5,motivation,69.16666666666667,31.469298245614034,37.69736842105264
retiree,2.5,worldview_alignment,64.4298245614035,25.767543859649123,38.66228070175438
revenant,1.0,emotional_register,3.9035087719298245,4.671052631578948,-0.7675438596491233
revenant,1.0,vocab_choice,14.802631578947368,14.978070175438596,-0.17543859649122773
revenant,1.0,social_dynamic,8.37719298245614,9.56140350877193,-1.1842105263157894
revenant,1.0,motivation,5.087719298245614,5.328947368421052,-0.24122807017543835
revenant,1.0,worldview_alignment,3.026315789473684,3.026315789473684,0.0
revenant,1.5,emotional_register,6.206140350877193,5.197368421052632,1.0087719298245608
revenant,1.5,vocab_choice,16.44736842105263,15.548245614035087,0.8991228070175428
revenant,1.5,social_dynamic,10.81140350877193,10.021929824561404,0.7894736842105257
revenant,1.5,motivation,7.587719298245614,6.184210526315789,1.4035087719298245
revenant,1.5,worldview_alignment,4.978070175438597,4.048245614035087,0.9298245614035094
revenant,2.0,emotional_register,8.706140350877194,4.5394736842105265,4.166666666666667
revenant,2.0,vocab_choice,18.70614035087719,14.013157894736842,4.692982456140349
revenant,2.0,social_dynamic,13.793859649122806,8.969298245614034,4.824561403508772
revenant,2.0,motivation,10.87719298245614,6.315789473684211,4.56140350877193
revenant,2.0,worldview_alignment,7.12719298245614,3.574561403508772,3.5526315789473686
revenant,2.5,emotional_register,18.771929824561404,1.5789473684210527,17.192982456140353
revenant,2.5,vocab_choice,29.714912280701753,7.412280701754386,22.302631578947366
revenant,2.5,social_dynamic,23.135964912280702,4.12280701754386,19.013157894736842
revenant,2.5,motivation,19.714912280701753,2.6973684210526314,17.017543859649123
revenant,2.5,worldview_alignment,15.855263157894736,1.337719298245614,14.517543859649122
reviewer,1.0,emotional_register,74.80263157894737,72.12719298245614,2.675438596491233
reviewer,1.0,vocab_choice,76.07456140350877,74.89035087719299,1.1842105263157805
reviewer,1.0,social_dynamic,72.22368421052632,69.07894736842105,3.14473684210526
reviewer,1.0,motivation,81.10964912280701,78.88157894736842,2.2280701754385888
reviewer,1.0,worldview_alignment,77.53947368421052,74.99122807017544,2.548245614035082
reviewer,1.5,emotional_register,73.88157894736842,70.70175438596492,3.1798245614035068
reviewer,1.5,vocab_choice,73.31140350877193,71.8201754385965,1.4912280701754383
reviewer,1.5,social_dynamic,70.46052631578948,68.35526315789474,2.10526315789474
reviewer,1.5,motivation,81.39473684210526,77.89473684210526,3.5
reviewer,1.5,worldview_alignment,77.20175438596492,73.7280701754386,3.473684210526315
reviewer,2.0,emotional_register,70.04385964912281,48.925438596491226,21.118421052631582
reviewer,2.0,vocab_choice,66.73245614035088,47.60964912280702,19.122807017543856
reviewer,2.0,social_dynamic,65.92105263157895,47.719298245614034,18.20175438596491
reviewer,2.0,motivation,77.01754385964912,61.8859649122807,15.131578947368425
reviewer,2.0,worldview_alignment,73.33333333333333,57.030701754385966,16.302631578947363
reviewer,2.5,emotional_register,63.925438596491226,20.635964912280702,43.28947368421052
reviewer,2.5,vocab_choice,57.521929824561404,19.07894736842105,38.442982456140356
reviewer,2.5,social_dynamic,58.925438596491226,21.62280701754386,37.30263157894737
reviewer,2.5,motivation,72.06140350877193,30.43859649122807,41.62280701754386
reviewer,2.5,worldview_alignment,67.48245614035088,25.350877192982455,42.131578947368425
revolutionary,1.0,emotional_register,28.530701754385966,26.732456140350877,1.798245614035089
revolutionary,1.0,vocab_choice,44.3859649122807,46.20614035087719,-1.8201754385964932
revolutionary,1.0,social_dynamic,32.083333333333336,32.23684210526316,-0.15350877192982182
revolutionary,1.0,motivation,27.56578947368421,27.69736842105263,-0.13157894736842124
revolutionary,1.0,worldview_alignment,23.640350877192983,24.69298245614035,-1.0526315789473664
revolutionary,1.5,emotional_register,36.228070175438596,31.20614035087719,5.021929824561404
revolutionary,1.5,vocab_choice,45.98684210526316,48.530701754385966,-2.5438596491228083
revolutionary,1.5,social_dynamic,37.675438596491226,36.55701754385965,1.1184210526315752
revolutionary,1.5,motivation,35.94298245614035,35.43859649122807,0.5043859649122808
revolutionary,1.5,worldview_alignment,31.92982456140351,31.030701754385966,0.8991228070175445
revolutionary,2.0,emotional_register,43.99122807017544,27.609649122807017,16.38157894736842
revolutionary,2.0,vocab_choice,48.1140350877193,40.57017543859649,7.543859649122808
revolutionary,2.0,social_dynamic,43.1578947368421,32.54385964912281,10.614035087719294
revolutionary,2.0,motivation,44.69298245614035,39.93421052631579,4.758771929824562
revolutionary,2.0,worldview_alignment,40.12280701754386,35.57017543859649,4.55263157894737
revolutionary,2.5,emotional_register,53.44298245614035,10.921052631578947,42.521929824561404
revolutionary,2.5,vocab_choice,54.01315789473684,15.723684210526315,38.28947368421053
revolutionary,2.5,social_dynamic,51.8640350877193,12.5,39.3640350877193
revolutionary,2.5,motivation,54.771929824561404,23.04824561403509,31.723684210526315
revolutionary,2.5,worldview_alignment,49.94298245614035,20.13157894736842,29.811403508771928
robot,1.0,emotional_register,62.25877192982456,57.56578947368421,4.692982456140349
robot,1.0,vocab_choice,69.25438596491227,69.14473684210526,0.10964912280701355
robot,1.0,social_dynamic,62.324561403508774,58.94736842105263,3.377192982456144
robot,1.0,motivation,70.0,67.93859649122807,2.0614035087719316
robot,1.0,worldview_alignment,64.5657894736842,62.34649122807018,2.219298245614027
robot,1.5,emotional_register,64.25438596491227,57.280701754385966,6.973684210526308
robot,1.5,vocab_choice,65.6359649122807,69.78070175438596,-4.14473684210526
robot,1.5,social_dynamic,62.171052631578945,60.54824561403509,1.622807017543856
robot,1.5,motivation,71.00877192982456,68.7719298245614,2.2368421052631646
robot,1.5,worldview_alignment,65.21052631578948,63.223684210526315,1.9868421052631646
robot,2.0,emotional_register,62.171052631578945,42.01754385964912,20.153508771929822
robot,2.0,vocab_choice,60.08771929824562,49.64912280701754,10.438596491228076
robot,2.0,social_dynamic,59.219298245614034,44.978070175438596,14.241228070175438
robot,2.0,motivation,67.95175438596492,59.671052631578945,8.280701754385973
robot,2.0,worldview_alignment,61.49122807017544,52.92982456140351,8.561403508771932
robot,2.5,emotional_register,52.03947368421053,22.390350877192983,29.649122807017545
robot,2.5,vocab_choice,48.99122807017544,29.605263157894736,19.385964912280702
robot,2.5,social_dynamic,50.26315789473684,27.609649122807017,22.653508771929825
robot,2.5,motivation,57.65350877192982,35.723684210526315,21.929824561403507
robot,2.5,worldview_alignment,51.06578947368421,29.890350877192983,21.17543859649123
rogue,1.0,emotional_register,19.93421052631579,13.640350877192983,6.293859649122808
rogue,1.0,vocab_choice,23.114035087719298,18.99122807017544,4.12280701754386
rogue,1.0,social_dynamic,17.916666666666668,13.68421052631579,4.2324561403508785
rogue,1.0,motivation,26.00877192982456,19.846491228070175,6.162280701754387
rogue,1.0,worldview_alignment,19.144736842105264,13.728070175438596,5.416666666666668
rogue,1.5,emotional_register,29.342105263157894,16.271929824561404,13.07017543859649
rogue,1.5,vocab_choice,31.44736842105263,21.096491228070175,10.350877192982455
rogue,1.5,social_dynamic,25.592105263157894,15.043859649122806,10.548245614035087
rogue,1.5,motivation,37.06140350877193,23.596491228070175,13.464912280701757
rogue,1.5,worldview_alignment,29.144736842105264,16.87719298245614,12.267543859649123
rogue,2.0,emotional_register,48.223684210526315,11.381578947368421,36.84210526315789
rogue,2.0,vocab_choice,48.31140350877193,17.43421052631579,30.87719298245614
rogue,2.0,social_dynamic,43.50877192982456,11.710526315789474,31.79824561403509
rogue,2.0,motivation,55.96491228070175,21.11842105263158,34.84649122807018
rogue,2.0,worldview_alignment,48.76315789473684,14.583333333333334,34.17982456140351
rogue,2.5,emotional_register,62.89473684210526,6.162280701754386,56.73245614035088
rogue,2.5,vocab_choice,63.0921052631579,9.714912280701755,53.377192982456144
rogue,2.5,social_dynamic,59.86842105263158,6.798245614035087,53.07017543859649
rogue,2.5,motivation,68.50877192982456,12.93859649122807,55.57017543859649
rogue,2.5,worldview_alignment,64.00438596491227,7.741228070175438,56.263157894736835
romantic,1.0,emotional_register,23.209606986899562,27.5764192139738,-4.366812227074238
romantic,1.0,vocab_choice,47.70742358078603,48.66812227074236,-0.960698689956331
romantic,1.0,social_dynamic,40.786026200873366,45.08733624454148,-4.301310043668117
romantic,1.0,motivation,33.53711790393013,39.06113537117904,-5.52401746724891
romantic,1.0,worldview_alignment,28.29694323144105,33.44978165938865,-5.1528384279476
romantic,1.5,emotional_register,25.81140350877193,33.04824561403509,-7.2368421052631575
romantic,1.5,vocab_choice,46.578947368421055,50.85526315789474,-4.276315789473685
romantic,1.5,social_dynamic,42.478070175438596,50.416666666666664,-7.938596491228068
romantic,1.5,motivation,37.34649122807018,45.6359649122807,-8.28947368421052
romantic,1.5,worldview_alignment,31.030701754385966,39.49561403508772,-8.464912280701753
romantic,2.0,emotional_register,30.592105263157894,28.88157894736842,1.7105263157894726
romantic,2.0,vocab_choice,45.921052631578945,37.58771929824562,8.333333333333329
romantic,2.0,social_dynamic,43.99122807017544,41.31578947368421,2.675438596491226
romantic,2.0,motivation,41.00877192982456,46.40350877192982,-5.39473684210526
romantic,2.0,worldview_alignment,34.60526315789474,39.71491228070175,-5.1096491228070136
romantic,2.5,emotional_register,35.0,16.31578947368421,18.68421052631579
romantic,2.5,vocab_choice,44.780701754385966,18.399122807017545,26.38157894736842
romantic,2.5,social_dynamic,44.71491228070175,23.092105263157894,21.62280701754386
romantic,2.5,motivation,44.12280701754386,33.79385964912281,10.328947368421055
romantic,2.5,worldview_alignment,37.66228070175438,26.42543859649123,11.236842105263154
saboteur,1.0,emotional_register,18.223684210526315,15.109649122807017,3.114035087719298
saboteur,1.0,vocab_choice,31.096491228070175,27.785087719298247,3.311403508771928
saboteur,1.0,social_dynamic,19.978070175438596,17.214912280701753,2.7631578947368425
saboteur,1.0,motivation,16.95175438596491,13.026315789473685,3.925438596491226
saboteur,1.0,worldview_alignment,13.574561403508772,10.100877192982455,3.473684210526317
saboteur,1.5,emotional_register,23.88157894736842,14.210526315789474,9.671052631578947
saboteur,1.5,vocab_choice,34.32017543859649,28.55263157894737,5.767543859649123
saboteur,1.5,social_dynamic,23.42105263157895,18.07017543859649,5.350877192982459
saboteur,1.5,motivation,23.50877192982456,14.539473684210526,8.969298245614036
saboteur,1.5,worldview_alignment,18.88157894736842,11.557017543859649,7.324561403508772
saboteur,2.0,emotional_register,31.25,9.057017543859649,22.19298245614035
saboteur,2.0,vocab_choice,38.94736842105263,20.723684210526315,18.223684210526315
saboteur,2.0,social_dynamic,30.394736842105264,13.333333333333334,17.06140350877193
saboteur,2.0,motivation,33.35526315789474,12.06140350877193,21.29385964912281
saboteur,2.0,worldview_alignment,28.157894736842106,8.859649122807017,19.29824561403509
saboteur,2.5,emotional_register,42.23684210526316,4.56140350877193,37.675438596491226
saboteur,2.5,vocab_choice,48.61842105263158,11.600877192982455,37.01754385964912
saboteur,2.5,social_dynamic,41.33771929824562,6.469298245614035,34.86842105263158
saboteur,2.5,motivation,46.51315789473684,7.192982456140351,39.32017543859649
saboteur,2.5,worldview_alignment,41.05263157894737,4.692982456140351,36.35964912280702
sage,1.0,emotional_register,47.675438596491226,51.35964912280702,-3.6842105263157947
sage,1.0,vocab_choice,55.6359649122807,60.89912280701754,-5.2631578947368425
sage,1.0,social_dynamic,50.175438596491226,53.81578947368421,-3.6403508771929864
sage,1.0,motivation,61.776315789473685,66.66666666666667,-4.8903508771929864
sage,1.0,worldview_alignment,52.76315789473684,57.526315789473685,-4.7631578947368425
sage,1.5,emotional_register,49.42982456140351,54.89035087719298,-5.460526315789473
sage,1.5,vocab_choice,55.13157894736842,60.30701754385965,-5.175438596491233
sage,1.5,social_dynamic,49.71491228070175,56.75438596491228,-7.039473684210527
sage,1.5,motivation,63.75,69.9342105263158,-6.184210526315795
sage,1.5,worldview_alignment,54.583333333333336,61.44736842105263,-6.864035087719294
sage,2.0,emotional_register,50.15350877192982,41.53508771929825,8.618421052631575
sage,2.0,vocab_choice,51.469298245614034,43.55263157894737,7.916666666666664
sage,2.0,social_dynamic,49.51754385964912,43.81578947368421,5.701754385964911
sage,2.0,motivation,64.21052631578948,61.92982456140351,2.280701754385973
sage,2.0,worldview_alignment,55.26315789473684,53.07017543859649,2.1929824561403493
sage,2.5,emotional_register,48.64035087719298,14.473684210526315,34.166666666666664
sage,2.5,vocab_choice,46.11842105263158,12.785087719298245,33.333333333333336
sage,2.5,social_dynamic,46.05263157894737,14.714912280701755,31.337719298245617
sage,2.5,motivation,61.666666666666664,27.56578947368421,34.10087719298245
sage,2.5,worldview_alignment,53.280701754385966,20.219298245614034,33.06140350877193
scheduler,1.0,emotional_register,61.578947368421055,61.20614035087719,0.37280701754386314
scheduler,1.0,vocab_choice,64.05701754385964,66.44736842105263,-2.3903508771929864
scheduler,1.0,social_dynamic,58.90350877192982,59.73684210526316,-0.8333333333333357
scheduler,1.0,motivation,64.24561403508773,64.24122807017544,0.004385964912287932
scheduler,1.0,worldview_alignment,61.21052631578947,61.8640350877193,-0.6535087719298289
scheduler,1.5,emotional_register,62.80701754385965,66.14035087719299,-3.3333333333333357
scheduler,1.5,vocab_choice,61.55701754385965,69.23245614035088,-7.675438596491226
scheduler,1.5,social_dynamic,59.14473684210526,63.90350877192982,-4.758771929824562
scheduler,1.5,motivation,66.46052631578948,70.0219298245614,-3.5614035087719174
scheduler,1.5,worldview_alignment,62.69736842105263,66.95175438596492,-4.254385964912288
scheduler,2.0,emotional_register,59.32017543859649,48.421052631578945,10.899122807017548
scheduler,2.0,vocab_choice,55.28508771929825,49.05701754385965,6.228070175438596
scheduler,2.0,social_dynamic,55.723684210526315,46.68859649122807,9.035087719298247
scheduler,2.0,motivation,63.64035087719298,58.68421052631579,4.956140350877192
scheduler,2.0,worldview_alignment,59.276315789473685,53.94736842105263,5.328947368421055
scheduler,2.5,emotional_register,49.3859649122807,16.140350877192983,33.24561403508771
scheduler,2.5,vocab_choice,43.55263157894737,15.986842105263158,27.565789473684212
scheduler,2.5,social_dynamic,45.6140350877193,17.25877192982456,28.35526315789474
scheduler,2.5,motivation,57.5,25.87719298245614,31.62280701754386
scheduler,2.5,worldview_alignment,52.5,21.38157894736842,31.11842105263158
scholar,1.0,emotional_register,70.43859649122807,67.65350877192982,2.7850877192982466
scholar,1.0,vocab_choice,75.17543859649123,76.38157894736842,-1.2061403508771917
scholar,1.0,social_dynamic,70.43859649122807,69.58333333333333,0.8552631578947398
scholar,1.0,motivation,77.5657894736842,77.06140350877193,0.5043859649122737
scholar,1.0,worldview_alignment,74.39473684210526,73.79385964912281,0.6008771929824519
scholar,1.5,emotional_register,74.07894736842105,65.6140350877193,8.464912280701753
scholar,1.5,vocab_choice,75.0657894736842,72.25877192982456,2.8070175438596436
scholar,1.5,social_dynamic,72.96052631578948,67.82894736842105,5.131578947368425
scholar,1.5,motivation,81.09649122807018,76.8640350877193,4.232456140350877
scholar,1.5,worldview_alignment,77.60087719298245,73.41228070175438,4.188596491228068
scholar,2.0,emotional_register,71.49122807017544,42.54385964912281,28.94736842105263
scholar,2.0,vocab_choice,70.10964912280701,47.93859649122807,22.171052631578945
scholar,2.0,social_dynamic,69.49561403508773,45.74561403508772,23.750000000000007
scholar,2.0,motivation,79.55263157894737,62.324561403508774,17.228070175438596
scholar,2.0,worldview_alignment,75.08771929824562,57.324561403508774,17.763157894736842
scholar,2.5,emotional_register,69.47368421052632,14.144736842105264,55.328947368421055
scholar,2.5,vocab_choice,65.74561403508773,16.45614035087719,49.289473684210535
scholar,2.5,social_dynamic,67.39035087719299,16.907894736842106,50.48245614035088
scholar,2.5,motivation,79.27631578947368,25.614035087719298,53.66228070175438
scholar,2.5,worldview_alignment,74.84649122807018,21.263157894736842,53.583333333333336
scientist,1.0,emotional_register,68.4934497816594,67.81659388646288,0.6768558951965105
scientist,1.0,vocab_choice,72.20524017467248,73.90829694323143,-1.7030567685589517
scientist,1.0,social_dynamic,68.16593886462883,68.31877729257641,-0.15283842794758584
scientist,1.0,motivation,74.19213973799127,73.85589519650655,0.3362445414847173
scientist,1.0,worldview_alignment,71.51965065502183,70.86026200873363,0.6593886462882068
scientist,1.5,emotional_register,69.38864628820961,66.70305676855895,2.6855895196506623
scientist,1.5,vocab_choice,71.39737991266375,72.48908296943232,-1.0917030567685657
scientist,1.5,social_dynamic,67.31441048034935,67.5764192139738,-0.262008733624441
scientist,1.5,motivation,75.34934497816595,74.41048034934498,0.9388646288209657
scientist,1.5,worldview_alignment,71.83406113537117,70.79912663755458,1.034934497816593
scientist,2.0,emotional_register,67.25877192982456,44.03508771929825,23.223684210526315
scientist,2.0,vocab_choice,67.45614035087719,48.48684210526316,18.969298245614034
scientist,2.0,social_dynamic,64.84649122807018,46.11842105263158,18.728070175438596
scientist,2.0,motivation,74.47368421052632,59.56140350877193,14.912280701754383
scientist,2.0,worldview_alignment,70.41666666666667,55.15350877192982,15.26315789473685
scientist,2.5,emotional_register,60.633187772925766,15.262008733624453,45.37117903930131
scientist,2.5,vocab_choice,57.94759825327511,17.4235807860262,40.52401746724891
scientist,2.5,social_dynamic,57.79475982532751,17.37991266375546,40.414847161572055
scientist,2.5,motivation,69.45414847161572,25.633187772925766,43.82096069868996
scientist,2.5,worldview_alignment,64.25764192139738,21.1353711790393,43.12227074235808
scout,1.0,emotional_register,41.8859649122807,34.69298245614035,7.192982456140349
scout,1.0,vocab_choice,48.20175438596491,43.771929824561404,4.429824561403507
scout,1.0,social_dynamic,40.54824561403509,35.24122807017544,5.307017543859651
scout,1.0,motivation,48.50877192982456,42.23684210526316,6.271929824561404
scout,1.0,worldview_alignment,41.666666666666664,35.26315789473684,6.403508771929822
scout,1.5,emotional_register,49.86842105263158,34.69298245614035,15.175438596491233
scout,1.5,vocab_choice,52.06140350877193,46.40350877192982,5.65789473684211
scout,1.5,social_dynamic,47.12719298245614,36.16228070175438,10.964912280701753
scout,1.5,motivation,56.44736842105263,45.28508771929825,11.162280701754383
scout,1.5,worldview_alignment,49.29824561403509,38.20175438596491,11.096491228070178
scout,2.0,emotional_register,58.85964912280702,22.30263157894737,36.55701754385965
scout,2.0,vocab_choice,57.916666666666664,32.324561403508774,25.59210526315789
scout,2.0,social_dynamic,55.39473684210526,25.50438596491228,29.89035087719298
scout,2.0,motivation,65.76754385964912,37.58771929824562,28.179824561403507
scout,2.0,worldview_alignment,60.24561403508772,30.24122807017544,30.00438596491228
scout,2.5,emotional_register,65.96491228070175,12.675438596491228,53.28947368421053
scout,2.5,vocab_choice,62.1359649122807,19.07894736842105,43.057017543859644
scout,2.5,social_dynamic,62.31578947368421,15.679824561403509,46.635964912280706
scout,2.5,motivation,69.82456140350877,27.763157894736842,42.061403508771924
scout,2.5,worldview_alignment,64.64912280701755,20.416666666666668,44.23245614035088
screener,1.0,emotional_register,53.1359649122807,53.37719298245614,-0.24122807017543835
screener,1.0,vocab_choice,59.10087719298246,62.80701754385965,-3.7061403508771917
screener,1.0,social_dynamic,50.81140350877193,52.23684210526316,-1.425438596491226
screener,1.0,motivation,59.86842105263158,59.75877192982456,0.10964912280702066
screener,1.0,worldview_alignment,55.526315789473685,56.20614035087719,-0.6798245614035068
screener,1.5,emotional_register,54.42982456140351,57.01754385964912,-2.5877192982456165
screener,1.5,vocab_choice,56.71052631578947,64.91228070175438,-8.201754385964911
screener,1.5,social_dynamic,50.78947368421053,55.74561403508772,-4.956140350877192
screener,1.5,motivation,60.74561403508772,63.24561403508772,-2.5
screener,1.5,worldview_alignment,56.40350877192982,58.969298245614034,-2.5657894736842124
screener,2.0,emotional_register,52.96052631578947,40.26315789473684,12.69736842105263
screener,2.0,vocab_choice,52.36842105263158,45.50438596491228,6.8640350877193015
screener,2.0,social_dynamic,48.969298245614034,41.33771929824562,7.631578947368418
screener,2.0,motivation,61.33771929824562,53.61842105263158,7.719298245614034
screener,2.0,worldview_alignment,55.6140350877193,48.728070175438596,6.885964912280706
screener,2.5,emotional_register,50.28508771929825,16.403508771929825,33.881578947368425
screener,2.5,vocab_choice,45.6578947368421,16.535087719298247,29.122807017543856
screener,2.5,social_dynamic,46.16228070175438,16.82017543859649,29.342105263157894
screener,2.5,motivation,59.18859649122807,24.45175438596491,34.73684210526316
screener,2.5,worldview_alignment,53.223684210526315,19.890350877192983,33.33333333333333
secretary,1.0,emotional_register,61.53508771929825,61.25,0.2850877192982466
secretary,1.0,vocab_choice,65.08771929824562,67.76315789473684,-2.675438596491219
secretary,1.0,social_dynamic,58.1140350877193,58.70614035087719,-0.5921052631578902
secretary,1.0,motivation,68.4780701754386,66.99561403508773,1.4824561403508767
secretary,1.0,worldview_alignment,64.84649122807018,63.78508771929825,1.0614035087719316
secretary,1.5,emotional_register,59.29824561403509,64.3859649122807,-5.087719298245609
secretary,1.5,vocab_choice,59.01315789473684,68.35526315789474,-9.342105263157897
secretary,1.5,social_dynamic,55.24122807017544,61.55701754385965,-6.315789473684212
secretary,1.5,motivation,67.87280701754386,71.00877192982456,-3.1359649122806985
secretary,1.5,worldview_alignment,63.56578947368421,67.68859649122807,-4.122807017543856
secretary,2.0,emotional_register,51.8421052631579,47.5,4.342105263157897
secretary,2.0,vocab_choice,48.574561403508774,49.05701754385965,-0.4824561403508767
secretary,2.0,social_dynamic,46.8859649122807,45.416666666666664,1.4692982456140342
secretary,2.0,motivation,63.28947368421053,60.28508771929825,3.004385964912281
secretary,2.0,worldview_alignment,57.280701754385966,56.271929824561404,1.0087719298245617
secretary,2.5,emotional_register,40.70175438596491,15.350877192982455,25.350877192982455
secretary,2.5,vocab_choice,36.53508771929825,15.087719298245615,21.44736842105263
secretary,2.5,social_dynamic,36.05263157894737,15.328947368421053,20.723684210526315
secretary,2.5,motivation,51.074561403508774,23.94736842105263,27.127192982456144
secretary,2.5,worldview_alignment,45.06578947368421,19.780701754385966,25.285087719298247
shaman,1.0,emotional_register,23.464912280701753,21.57894736842105,1.885964912280702
shaman,1.0,vocab_choice,26.68859649122807,27.478070175438596,-0.7894736842105274
shaman,1.0,social_dynamic,26.18421052631579,26.57894736842105,-0.39473684210526017
shaman,1.0,motivation,32.80701754385965,33.969298245614034,-1.1622807017543835
shaman,1.0,worldview_alignment,20.24122807017544,19.978070175438596,0.2631578947368425
shaman,1.5,emotional_register,29.86842105263158,26.25,3.6184210526315788
shaman,1.5,vocab_choice,30.67982456140351,31.82017543859649,-1.1403508771929793
shaman,1.5,social_dynamic,31.337719298245613,31.030701754385966,0.3070175438596472
shaman,1.5,motivation,39.3859649122807,39.01315789473684,0.37280701754385603
shaman,1.5,worldview_alignment,27.07456140350877,24.407894736842106,2.6666666666666643
shaman,2.0,emotional_register,40.98684210526316,18.092105263157894,22.894736842105264
shaman,2.0,vocab_choice,38.00438596491228,23.81578947368421,14.188596491228072
shaman,2.0,social_dynamic,40.6140350877193,23.640350877192983,16.97368421052632
shaman,2.0,motivation,49.4078947368421,36.030701754385966,13.377192982456137
shaman,2.0,worldview_alignment,37.9078947368421,22.25877192982456,15.649122807017541
shaman,2.5,emotional_register,60.24122807017544,8.947368421052632,51.29385964912281
shaman,2.5,vocab_choice,55.57017543859649,9.714912280701755,45.85526315789474
shaman,2.5,social_dynamic,57.85087719298246,11.162280701754385,46.688596491228076
shaman,2.5,motivation,64.21052631578948,20.285087719298247,43.92543859649123
shaman,2.5,worldview_alignment,56.96052631578947,10.679824561403509,46.280701754385966
shapeshifter,1.0,emotional_register,41.38157894736842,33.04824561403509,8.333333333333329
shapeshifter,1.0,vocab_choice,49.49561403508772,46.14035087719298,3.35526315789474
shapeshifter,1.0,social_dynamic,42.98245614035088,40.28508771929825,2.69736842105263
shapeshifter,1.0,motivation,47.76315789473684,43.79385964912281,3.969298245614034
shapeshifter,1.0,worldview_alignment,40.10964912280702,36.09649122807018,4.0131578947368425
shapeshifter,1.5,emotional_register,46.14035087719298,36.82017543859649,9.320175438596486
shapeshifter,1.5,vocab_choice,53.50877192982456,47.56578947368421,5.942982456140349
shapeshifter,1.5,social_dynamic,47.60964912280702,41.469298245614034,6.1403508771929864
shapeshifter,1.5,motivation,53.24561403508772,47.12719298245614,6.118421052631582
shapeshifter,1.5,worldview_alignment,46.6578947368421,38.99122807017544,7.666666666666664
shapeshifter,2.0,emotional_register,57.76315789473684,25.50438596491228,32.25877192982456
shapeshifter,2.0,vocab_choice,59.671052631578945,34.32017543859649,25.350877192982452
shapeshifter,2.0,social_dynamic,58.24561403508772,32.01754385964912,26.228070175438596
shapeshifter,2.0,motivation,64.21052631578948,41.973684210526315,22.236842105263165
shapeshifter,2.0,worldview_alignment,58.73245614035088,32.74122807017544,25.99122807017544
shapeshifter,2.5,emotional_register,71.05263157894737,12.543859649122806,58.50877192982456
shapeshifter,2.5,vocab_choice,69.47368421052632,14.057017543859649,55.416666666666664
shapeshifter,2.5,social_dynamic,69.53947368421052,16.18421052631579,53.355263157894726
shapeshifter,2.5,motivation,73.96929824561404,26.05263157894737,47.91666666666667
shapeshifter,2.5,worldview_alignment,70.5657894736842,18.07017543859649,52.49561403508771
simulacrum,1.0,emotional_register,52.10526315789474,46.53508771929825,5.570175438596493
simulacrum,1.0,vocab_choice,66.68859649122807,63.026315789473685,3.6622807017543835
simulacrum,1.0,social_dynamic,57.44736842105263,50.70175438596491,6.745614035087719
simulacrum,1.0,motivation,62.69736842105263,56.666666666666664,6.030701754385966
simulacrum,1.0,worldview_alignment,56.76315789473684,50.021929824561404,6.741228070175438
simulacrum,1.5,emotional_register,58.99122807017544,50.85526315789474,8.135964912280699
simulacrum,1.5,vocab_choice,68.85964912280701,62.89473684210526,5.964912280701753
simulacrum,1.5,social_dynamic,60.921052631578945,54.3859649122807,6.535087719298247
simulacrum,1.5,motivation,67.55701754385964,62.36842105263158,5.188596491228061
simulacrum,1.5,worldview_alignment,62.19298245614035,55.824561403508774,6.368421052631575
simulacrum,2.0,emotional_register,69.23245614035088,31.140350877192983,38.09210526315789
simulacrum,2.0,vocab_choice,72.28070175438596,38.70614035087719,33.57456140350877
simulacrum,2.0,social_dynamic,68.59649122807018,36.51315789473684,32.083333333333336
simulacrum,2.0,motivation,75.17543859649123,50.833333333333336,24.342105263157897
simulacrum,2.0,worldview_alignment,70.88157894736842,44.05701754385965,26.824561403508774
simulacrum,2.5,emotional_register,78.7280701754386,12.93859649122807,65.78947368421053
simulacrum,2.5,vocab_choice,77.71052631578948,14.451754385964913,63.25877192982457
simulacrum,2.5,social_dynamic,76.33771929824562,16.11842105263158,60.21929824561404
simulacrum,2.5,motivation,80.57894736842105,26.973684210526315,53.60526315789474
simulacrum,2.5,worldview_alignment,78.0701754385965,21.710526315789473,56.35964912280702
skeptic,1.0,emotional_register,38.75,36.425438596491226,2.324561403508774
skeptic,1.0,vocab_choice,55.219298245614034,58.07017543859649,-2.850877192982459
skeptic,1.0,social_dynamic,43.1140350877193,42.171052631578945,0.9429824561403564
skeptic,1.0,motivation,43.20175438596491,39.978070175438596,3.223684210526315
skeptic,1.0,worldview_alignment,38.99122807017544,36.18421052631579,2.8070175438596507
skeptic,1.5,emotional_register,43.925438596491226,37.14912280701754,6.776315789473685
skeptic,1.5,vocab_choice,55.81140350877193,58.31140350877193,-2.5
skeptic,1.5,social_dynamic,46.99561403508772,44.078947368421055,2.9166666666666643
skeptic,1.5,motivation,47.39035087719298,41.44736842105263,5.942982456140349
skeptic,1.5,worldview_alignment,43.26754385964912,36.82017543859649,6.44736842105263
skeptic,2.0,emotional_register,47.56578947368421,26.732456140350877,20.833333333333336
skeptic,2.0,vocab_choice,56.29385964912281,41.53508771929825,14.758771929824562
skeptic,2.0,social_dynamic,49.25438596491228,31.710526315789473,17.54385964912281
skeptic,2.0,motivation,53.46491228070175,36.40350877192982,17.06140350877193
skeptic,2.0,worldview_alignment,48.64035087719298,31.38157894736842,17.258771929824558
skeptic,2.5,emotional_register,50.96491228070175,15.482456140350877,35.48245614035088
skeptic,2.5,vocab_choice,55.76754385964912,21.644736842105264,34.12280701754386
skeptic,2.5,social_dynamic,51.62280701754386,18.135964912280702,33.486842105263165
skeptic,2.5,motivation,59.1359649122807,25.81140350877193,33.32456140350877
skeptic,2.5,worldview_alignment,54.526315789473685,20.30701754385965,34.219298245614034
smuggler,1.0,emotional_register,22.36842105263158,15.833333333333334,6.535087719298245
smuggler,1.0,vocab_choice,24.86842105263158,20.32894736842105,4.539473684210527
smuggler,1.0,social_dynamic,20.614035087719298,15.942982456140351,4.671052631578947
smuggler,1.0,motivation,29.29824561403509,22.25877192982456,7.039473684210527
smuggler,1.0,worldview_alignment,21.25,15.614035087719298,5.635964912280702
smuggler,1.5,emotional_register,31.666666666666668,15.50438596491228,16.162280701754387
smuggler,1.5,vocab_choice,33.04824561403509,20.04385964912281,13.00438596491228
smuggler,1.5,social_dynamic,29.05701754385965,16.271929824561404,12.785087719298247
smuggler,1.5,motivation,39.4078947368421,23.728070175438596,15.679824561403507
smuggler,1.5,worldview_alignment,31.973684210526315,16.92982456140351,15.043859649122805
smuggler,2.0,emotional_register,50.13157894736842,12.149122807017545,37.98245614035088
smuggler,2.0,vocab_choice,50.6578947368421,16.776315789473685,33.88157894736842
smuggler,2.0,social_dynamic,48.1578947368421,13.903508771929825,34.254385964912274
smuggler,2.0,motivation,59.10087719298246,23.07017543859649,36.03070175438597
smuggler,2.0,worldview_alignment,52.82017543859649,16.140350877192983,36.67982456140351
smuggler,2.5,emotional_register,62.69736842105263,6.907894736842105,55.78947368421053
smuggler,2.5,vocab_choice,62.828947368421055,10.0,52.828947368421055
smuggler,2.5,social_dynamic,61.00877192982456,7.9605263157894735,53.04824561403509
smuggler,2.5,motivation,68.20175438596492,16.403508771929825,51.798245614035096
smuggler,2.5,worldview_alignment,64.47368421052632,9.62719298245614,54.84649122807018
sociologist,1.0,emotional_register,65.59210526315789,65.24122807017544,0.3508771929824519
sociologist,1.0,vocab_choice,70.04385964912281,72.74122807017544,-2.69736842105263
sociologist,1.0,social_dynamic,64.83333333333333,65.54824561403508,-0.7149122807017534
sociologist,1.0,motivation,69.04824561403508,70.76754385964912,-1.7192982456140413
sociologist,1.0,worldview_alignment,64.70175438596492,67.0,-2.298245614035082
sociologist,1.5,emotional_register,67.93859649122807,64.64912280701755,3.2894736842105203
sociologist,1.5,vocab_choice,67.96052631578948,70.28508771929825,-2.324561403508767
sociologist,1.5,social_dynamic,66.00877192982456,65.37280701754386,0.6359649122806985
sociologist,1.5,motivation,71.07456140350877,71.99561403508773,-0.9210526315789593
sociologist,1.5,worldview_alignment,67.09649122807018,67.87280701754386,-0.776315789473685
sociologist,2.0,emotional_register,67.67543859649123,42.916666666666664,24.75877192982457
sociologist,2.0,vocab_choice,64.78070175438596,45.30701754385965,19.473684210526308
sociologist,2.0,social_dynamic,65.04385964912281,43.771929824561404,21.271929824561404
sociologist,2.0,motivation,71.64473684210526,58.35526315789474,13.28947368421052
sociologist,2.0,worldview_alignment,67.19298245614036,52.30263157894737,14.890350877192986
sociologist,2.5,emotional_register,64.21052631578948,13.552631578947368,50.65789473684211
sociologist,2.5,vocab_choice,58.28947368421053,14.649122807017545,43.640350877192986
sociologist,2.5,social_dynamic,59.978070175438596,15.263157894736842,44.71491228070175
sociologist,2.5,motivation,68.35526315789474,23.75,44.60526315789474
sociologist,2.5,worldview_alignment,62.719298245614034,19.86842105263158,42.85087719298245
soldier,1.0,emotional_register,28.859649122807017,23.17982456140351,5.679824561403507
soldier,1.0,vocab_choice,32.916666666666664,30.0,2.9166666666666643
soldier,1.0,social_dynamic,24.583333333333332,20.04385964912281,4.539473684210524
soldier,1.0,motivation,41.18421052631579,37.19298245614035,3.9912280701754383
soldier,1.0,worldview_alignment,31.79824561403509,27.346491228070175,4.4517543859649145
soldier,1.5,emotional_register,37.74122807017544,23.99122807017544,13.75
soldier,1.5,vocab_choice,38.17982456140351,32.083333333333336,6.096491228070171
soldier,1.5,social_dynamic,31.55701754385965,21.42543859649123,10.131578947368421
soldier,1.5,motivation,49.45175438596491,39.05701754385965,10.39473684210526
soldier,1.5,worldview_alignment,40.416666666666664,30.19736842105263,10.219298245614034
soldier,2.0,emotional_register,51.95175438596491,16.95175438596491,35.0
soldier,2.0,vocab_choice,48.90350877192982,25.350877192982455,23.552631578947366
soldier,2.0,social_dynamic,44.75877192982456,15.74561403508772,29.013157894736842
soldier,2.0,motivation,61.68859649122807,32.828947368421055,28.859649122807014
soldier,2.0,worldview_alignment,53.969298245614034,24.021929824561404,29.94736842105263
soldier,2.5,emotional_register,56.29385964912281,7.6535087719298245,48.640350877192986
soldier,2.5,vocab_choice,51.9078947368421,11.864035087719298,40.04385964912281
soldier,2.5,social_dynamic,49.89035087719298,7.105263157894737,42.78508771929824
soldier,2.5,motivation,64.01315789473684,18.20175438596491,45.811403508771924
soldier,2.5,worldview_alignment,57.35964912280702,11.600877192982455,45.75877192982456
sommelier,1.0,emotional_register,44.95614035087719,40.43859649122807,4.517543859649123
sommelier,1.0,vocab_choice,47.56578947368421,46.666666666666664,0.8991228070175481
sommelier,1.0,social_dynamic,44.276315789473685,40.35087719298246,3.925438596491226
sommelier,1.0,motivation,46.6359649122807,44.29824561403509,2.3377192982456094
sommelier,1.0,worldview_alignment,41.06140350877193,39.49561403508772,1.5657894736842124
sommelier,1.5,emotional_register,46.55701754385965,41.578947368421055,4.978070175438596
sommelier,1.5,vocab_choice,46.11842105263158,47.06140350877193,-0.9429824561403493
sommelier,1.5,social_dynamic,44.25438596491228,42.478070175438596,1.776315789473685
sommelier,1.5,motivation,47.89473684210526,47.56578947368421,0.32894736842104777
sommelier,1.5,worldview_alignment,42.666666666666664,41.98684210526316,0.6798245614035068
sommelier,2.0,emotional_register,49.89035087719298,25.57017543859649,24.32017543859649
sommelier,2.0,vocab_choice,45.37280701754386,30.789473684210527,14.583333333333336
sommelier,2.0,social_dynamic,46.73245614035088,27.521929824561404,19.210526315789473
sommelier,2.0,motivation,52.25,40.96491228070175,11.285087719298247
sommelier,2.0,worldview_alignment,46.12719298245614,34.49561403508772,11.631578947368418
sommelier,2.5,emotional_register,50.74561403508772,12.236842105263158,38.50877192982456
sommelier,2.5,vocab_choice,43.333333333333336,11.929824561403509,31.40350877192983
sommelier,2.5,social_dynamic,46.60087719298246,12.587719298245615,34.01315789473684
sommelier,2.5,motivation,51.030701754385966,23.771929824561404,27.25877192982456
sommelier,2.5,worldview_alignment,44.96052631578947,17.74122807017544,27.219298245614034
specialist,1.0,emotional_register,71.57894736842105,71.53508771929825,0.043859649122808264
specialist,1.0,vocab_choice,74.53947368421052,77.87280701754386,-3.333333333333343
specialist,1.0,social_dynamic,70.0,70.94298245614036,-0.9429824561403564
specialist,1.0,motivation,78.20175438596492,78.64035087719299,-0.43859649122806843
specialist,1.0,worldview_alignment,75.01754385964912,75.41666666666667,-0.3991228070175481
specialist,1.5,emotional_register,71.95175438596492,73.28947368421052,-1.3377192982456023
specialist,1.5,vocab_choice,72.96052631578948,76.1842105263158,-3.223684210526315
specialist,1.5,social_dynamic,69.23245614035088,72.12719298245614,-2.89473684210526
specialist,1.5,motivation,79.19298245614036,79.42105263157895,-0.22807017543858876
specialist,1.5,worldview_alignment,75.89473684210526,76.4298245614035,-0.5350877192982466
specialist,2.0,emotional_register,67.5219298245614,48.39912280701754,19.122807017543856
specialist,2.0,vocab_choice,66.62280701754386,50.0,16.622807017543863
specialist,2.0,social_dynamic,64.62719298245614,48.35526315789474,16.271929824561397
specialist,2.0,motivation,77.03947368421052,63.90350877192982,13.135964912280699
specialist,2.0,worldview_alignment,72.4342105263158,59.23245614035088,13.201754385964918
specialist,2.5,emotional_register,59.276315789473685,15.263157894736842,44.01315789473684
specialist,2.5,vocab_choice,56.09649122807018,14.714912280701755,41.381578947368425
specialist,2.5,social_dynamic,56.55701754385965,16.600877192982455,39.95614035087719
specialist,2.5,motivation,69.89035087719299,24.649122807017545,45.24122807017544
specialist,2.5,worldview_alignment,64.84649122807018,19.92105263157895,44.92543859649123
spirit,1.0,emotional_register,22.54385964912281,20.964912280701753,1.5789473684210549
spirit,1.0,vocab_choice,31.55701754385965,30.24122807017544,1.3157894736842124
spirit,1.0,social_dynamic,26.20614035087719,24.276315789473685,1.9298245614035068
spirit,1.0,motivation,36.074561403508774,34.60526315789474,1.4692982456140342
spirit,1.0,worldview_alignment,24.539473684210527,23.17982456140351,1.359649122807017
spirit,1.5,emotional_register,29.517543859649123,25.899122807017545,3.6184210526315788
spirit,1.5,vocab_choice,36.20614035087719,34.771929824561404,1.4342105263157876
spirit,1.5,social_dynamic,31.11842105263158,29.649122807017545,1.4692982456140342
spirit,1.5,motivation,42.03947368421053,39.73684210526316,2.30263157894737
spirit,1.5,worldview_alignment,30.657894736842106,28.44298245614035,2.214912280701757
spirit,2.0,emotional_register,40.921052631578945,22.653508771929825,18.26754385964912
spirit,2.0,vocab_choice,43.969298245614034,29.364035087719298,14.605263157894736
spirit,2.0,social_dynamic,42.03947368421053,26.79824561403509,15.241228070175438
spirit,2.0,motivation,51.75438596491228,40.85526315789474,10.899122807017541
spirit,2.0,worldview_alignment,42.00877192982456,28.79385964912281,13.214912280701753
spirit,2.5,emotional_register,60.5921052631579,9.144736842105264,51.44736842105263
spirit,2.5,vocab_choice,60.276315789473685,10.175438596491228,50.10087719298246
spirit,2.5,social_dynamic,58.969298245614034,10.526315789473685,48.44298245614035
spirit,2.5,motivation,66.2719298245614,20.219298245614034,46.05263157894736
spirit,2.5,worldview_alignment,60.219298245614034,12.359649122807017,47.859649122807014
spy,1.0,emotional_register,25.153508771929825,18.903508771929825,6.25
spy,1.0,vocab_choice,33.574561403508774,31.25,2.324561403508774
spy,1.0,social_dynamic,24.276315789473685,20.54824561403509,3.728070175438596
spy,1.0,motivation,30.06578947368421,24.714912280701753,5.3508771929824555
spy,1.0,worldview_alignment,23.223684210526315,18.837719298245613,4.385964912280702
spy,1.5,emotional_register,30.482456140350877,19.56140350877193,10.921052631578945
spy,1.5,vocab_choice,37.34649122807018,32.5,4.846491228070178
spy,1.5,social_dynamic,28.486842105263158,22.17105263157895,6.315789473684209
spy,1.5,motivation,36.578947368421055,26.95175438596491,9.627192982456144
spy,1.5,worldview_alignment,28.50877192982456,19.93421052631579,8.57456140350877
spy,2.0,emotional_register,42.43421052631579,12.763157894736842,29.671052631578945
spy,2.0,vocab_choice,45.89912280701754,23.640350877192983,22.258771929824558
spy,2.0,social_dynamic,39.32017543859649,16.29385964912281,23.026315789473685
spy,2.0,motivation,49.4078947368421,23.223684210526315,26.184210526315788
spy,2.0,worldview_alignment,41.31578947368421,16.44736842105263,24.868421052631582
spy,2.5,emotional_register,54.473684210526315,6.68859649122807,47.78508771929825
spy,2.5,vocab_choice,54.978070175438596,12.785087719298245,42.19298245614035
spy,2.5,social_dynamic,51.469298245614034,8.048245614035087,43.421052631578945
spy,2.5,motivation,60.921052631578945,12.609649122807017,48.31140350877193
spy,2.5,worldview_alignment,54.44298245614035,7.456140350877193,46.98684210526316
statistician,1.0,emotional_register,57.21491228070175,57.74122807017544,-0.526315789473685
statistician,1.0,vocab_choice,61.68859649122807,64.10087719298245,-2.4122807017543835
statistician,1.0,social_dynamic,55.74561403508772,57.93859649122807,-2.1929824561403493
statistician,1.0,motivation,58.574561403508774,59.10087719298246,-0.526315789473685
statistician,1.0,worldview_alignment,55.3421052631579,56.030701754385966,-0.6885964912280684
statistician,1.5,emotional_register,56.73245614035088,60.219298245614034,-3.4868421052631575
statistician,1.5,vocab_choice,59.671052631578945,63.66228070175438,-3.9912280701754383
statistician,1.5,social_dynamic,56.20614035087719,59.671052631578945,-3.4649122807017534
statistician,1.5,motivation,59.71491228070175,61.973684210526315,-2.2587719298245617
statistician,1.5,worldview_alignment,55.43859649122807,58.44736842105263,-3.0087719298245617
statistician,2.0,emotional_register,55.021929824561404,39.824561403508774,15.19736842105263
statistician,2.0,vocab_choice,55.175438596491226,41.228070175438596,13.94736842105263
statistician,2.0,social_dynamic,53.75,41.05263157894737,12.69736842105263
statistician,2.0,motivation,59.671052631578945,51.35964912280702,8.311403508771924
statistician,2.0,worldview_alignment,55.95614035087719,46.99561403508772,8.960526315789473
statistician,2.5,emotional_register,51.578947368421055,15.50438596491228,36.074561403508774
statistician,2.5,vocab_choice,49.51754385964912,14.93421052631579,34.583333333333336
statistician,2.5,social_dynamic,50.54824561403509,17.280701754385966,33.26754385964912
statistician,2.5,motivation,59.69298245614035,23.68421052631579,36.00877192982456
statistician,2.5,worldview_alignment,55.0,19.29824561403509,35.70175438596491
stoic,1.0,emotional_register,21.513157894736842,22.69736842105263,-1.1842105263157876
stoic,1.0,vocab_choice,49.62719298245614,51.469298245614034,-1.8421052631578974
stoic,1.0,social_dynamic,37.69736842105263,38.75,-1.05263157894737
stoic,1.0,motivation,37.98245614035088,37.65350877192982,0.3289473684210549
stoic,1.0,worldview_alignment,27.403508771929825,27.587719298245613,-0.1842105263157876
stoic,1.5,emotional_register,25.13157894736842,27.609649122807017,-2.478070175438596
stoic,1.5,vocab_choice,51.79824561403509,51.776315789473685,0.021929824561404132
stoic,1.5,social_dynamic,40.87719298245614,40.6359649122807,0.24122807017543835
stoic,1.5,motivation,42.324561403508774,44.3421052631579,-2.0175438596491233
stoic,1.5,worldview_alignment,31.973684210526315,33.223684210526315,-1.25
stoic,2.0,emotional_register,32.675438596491226,21.710526315789473,10.964912280701753
stoic,2.0,vocab_choice,53.85964912280702,40.81140350877193,13.048245614035089
stoic,2.0,social_dynamic,46.16228070175438,32.93859649122807,13.223684210526315
stoic,2.0,motivation,49.3421052631579,42.89473684210526,6.447368421052637
stoic,2.0,worldview_alignment,40.10087719298246,30.219298245614034,9.881578947368425
stoic,2.5,emotional_register,37.280701754385966,10.789473684210526,26.49122807017544
stoic,2.5,vocab_choice,51.49122807017544,16.99561403508772,34.49561403508772
stoic,2.5,social_dynamic,47.675438596491226,15.614035087719298,32.06140350877193
stoic,2.5,motivation,54.42982456140351,24.780701754385966,29.64912280701754
stoic,2.5,worldview_alignment,45.57017543859649,16.31578947368421,29.254385964912284
strategist,1.0,emotional_register,69.53947368421052,67.67543859649123,1.8640350877192873
strategist,1.0,vocab_choice,72.69736842105263,73.02631578947368,-0.3289473684210549
strategist,1.0,social_dynamic,67.21491228070175,65.37280701754386,1.8421052631578902
strategist,1.0,motivation,73.60087719298245,72.03947368421052,1.5614035087719316
strategist,1.0,worldview_alignment,70.52631578947368,68.29824561403508,2.228070175438603
strategist,1.5,emotional_register,69.80263157894737,67.80701754385964,1.9956140350877263
strategist,1.5,vocab_choice,69.9780701754386,70.6359649122807,-0.6578947368420955
strategist,1.5,social_dynamic,66.90789473684211,65.28508771929825,1.6228070175438631
strategist,1.5,motivation,74.80263157894737,73.22368421052632,1.5789473684210549
strategist,1.5,worldview_alignment,70.78070175438596,69.26754385964912,1.5131578947368354
strategist,2.0,emotional_register,67.65350877192982,44.078947368421055,23.574561403508767
strategist,2.0,vocab_choice,66.00877192982456,45.30701754385965,20.70175438596491
strategist,2.0,social_dynamic,64.40789473684211,43.07017543859649,21.337719298245617
strategist,2.0,motivation,73.1359649122807,57.69736842105263,15.438596491228068
strategist,2.0,worldview_alignment,69.75,52.12719298245614,17.622807017543863
strategist,2.5,emotional_register,58.83771929824562,17.45614035087719,41.381578947368425
strategist,2.5,vocab_choice,54.60526315789474,17.982456140350877,36.62280701754386
strategist,2.5,social_dynamic,54.93421052631579,18.464912280701753,36.469298245614034
strategist,2.5,motivation,66.38157894736842,27.5,38.881578947368425
strategist,2.5,worldview_alignment,61.469298245614034,22.19298245614035,39.276315789473685
student,1.0,emotional_register,58.88157894736842,56.75438596491228,2.127192982456137
student,1.0,vocab_choice,64.16666666666667,63.64035087719298,0.5263157894736921
student,1.0,social_dynamic,57.78508771929825,55.24122807017544,2.5438596491228083
student,1.0,motivation,66.84210526315789,65.39473684210526,1.44736842105263
student,1.0,worldview_alignment,64.05701754385964,62.65350877192982,1.4035087719298218
student,1.5,emotional_register,63.333333333333336,59.73684210526316,3.596491228070178
student,1.5,vocab_choice,65.70175438596492,65.98684210526316,-0.2850877192982466
student,1.5,social_dynamic,62.89473684210526,59.166666666666664,3.728070175438596
student,1.5,motivation,71.57894736842105,70.6140350877193,0.9649122807017534
student,1.5,worldview_alignment,68.79385964912281,67.39035087719299,1.4035087719298218
student,2.0,emotional_register,67.06140350877193,42.171052631578945,24.890350877192986
student,2.0,vocab_choice,66.9298245614035,45.98684210526316,20.94298245614035
student,2.0,social_dynamic,65.6798245614035,42.76315789473684,22.916666666666664
student,2.0,motivation,75.4298245614035,60.76754385964912,14.662280701754383
student,2.0,worldview_alignment,71.81140350877193,56.75438596491228,15.05701754385965
student,2.5,emotional_register,67.5219298245614,18.969298245614034,48.55263157894736
student,2.5,vocab_choice,64.45175438596492,19.45175438596491,45.00000000000001
student,2.5,social_dynamic,66.14035087719299,20.219298245614034,45.92105263157895
student,2.5,motivation,74.89035087719299,33.24561403508772,41.64473684210527
student,2.5,worldview_alignment,70.96491228070175,28.68421052631579,42.28070175438596
summarizer,1.0,emotional_register,68.42105263157895,70.72368421052632,-2.30263157894737
summarizer,1.0,vocab_choice,71.33771929824562,72.10526315789474,-0.7675438596491233
summarizer,1.0,social_dynamic,67.17105263157895,68.66228070175438,-1.4912280701754383
summarizer,1.0,motivation,76.38157894736842,76.40350877192982,-0.021929824561397027
summarizer,1.0,worldview_alignment,73.88157894736842,74.18859649122807,-0.30701754385964364
summarizer,1.5,emotional_register,69.67105263157895,71.29385964912281,-1.6228070175438631
summarizer,1.5,vocab_choice,70.96491228070175,72.23684210526316,-1.2719298245614112
summarizer,1.5,social_dynamic,68.46491228070175,69.80263157894737,-1.3377192982456165
summarizer,1.5,motivation,78.88157894736842,77.5657894736842,1.3157894736842195
summarizer,1.5,worldview_alignment,75.83333333333333,74.73684210526316,1.096491228070164
summarizer,2.0,emotional_register,64.86842105263158,51.8859649122807,12.982456140350877
summarizer,2.0,vocab_choice,64.3640350877193,50.6140350877193,13.75
summarizer,2.0,social_dynamic,63.75,51.38157894736842,12.368421052631582
summarizer,2.0,motivation,76.44736842105263,65.0,11.44736842105263
summarizer,2.0,worldview_alignment,73.33333333333333,60.921052631578945,12.412280701754383
summarizer,2.5,emotional_register,58.75,17.19298245614035,41.55701754385965
summarizer,2.5,vocab_choice,55.921052631578945,15.899122807017545,40.0219298245614
summarizer,2.5,social_dynamic,58.35526315789474,18.55263157894737,39.80263157894737
summarizer,2.5,motivation,71.09649122807018,26.030701754385966,45.06578947368421
summarizer,2.5,worldview_alignment,67.80701754385964,21.600877192982455,46.20614035087719
supervisor,1.0,emotional_register,69.18859649122807,68.15789473684211,1.0307017543859587
supervisor,1.0,vocab_choice,70.48245614035088,73.22368421052632,-2.7412280701754383
supervisor,1.0,social_dynamic,63.90350877192982,64.80263157894737,-0.8991228070175481
supervisor,1.0,motivation,72.91666666666667,73.59649122807018,-0.6798245614035068
supervisor,1.0,worldview_alignment,69.35526315789474,71.05263157894737,-1.69736842105263
supervisor,1.5,emotional_register,65.72368421052632,70.78947368421052,-5.065789473684205
supervisor,1.5,vocab_choice,63.26754385964912,74.18859649122807,-10.921052631578945
supervisor,1.5,social_dynamic,59.166666666666664,65.67105263157895,-6.504385964912281
supervisor,1.5,motivation,70.85526315789474,76.42543859649123,-5.570175438596493
supervisor,1.5,worldview_alignment,66.89912280701755,72.99122807017544,-6.09210526315789
supervisor,2.0,emotional_register,59.01315789473684,50.78947368421053,8.223684210526315
supervisor,2.0,vocab_choice,51.973684210526315,50.24122807017544,1.7324561403508767
supervisor,2.0,social_dynamic,51.271929824561404,47.58771929824562,3.6842105263157876
supervisor,2.0,motivation,64.71491228070175,63.421052631578945,1.2938596491228083
supervisor,2.0,worldview_alignment,59.45175438596491,58.75,0.7017543859649109
supervisor,2.5,emotional_register,47.63157894736842,17.67543859649123,29.956140350877188
supervisor,2.5,vocab_choice,40.0,16.776315789473685,23.223684210526315
supervisor,2.5,social_dynamic,39.84649122807018,16.95175438596491,22.894736842105267
supervisor,2.5,motivation,52.34649122807018,26.49122807017544,25.85526315789474
supervisor,2.5,worldview_alignment,46.79824561403509,22.20175438596491,24.596491228070178
surfer,1.0,emotional_register,16.95175438596491,15.833333333333334,1.118421052631577
surfer,1.0,vocab_choice,17.80701754385965,16.973684210526315,0.8333333333333357
surfer,1.0,social_dynamic,20.285087719298247,19.649122807017545,0.6359649122807021
surfer,1.0,motivation,38.75,36.8640350877193,1.8859649122806985
surfer,1.0,worldview_alignment,27.67543859649123,26.75438596491228,0.9210526315789487
surfer,1.5,emotional_register,22.960526315789473,17.236842105263158,5.723684210526315
surfer,1.5,vocab_choice,21.885964912280702,18.355263157894736,3.530701754385966
surfer,1.5,social_dynamic,25.394736842105264,22.30263157894737,3.092105263157894
surfer,1.5,motivation,47.083333333333336,42.719298245614034,4.3640350877193015
surfer,1.5,worldview_alignment,33.88157894736842,31.030701754385966,2.850877192982452
surfer,2.0,emotional_register,30.964912280701753,13.333333333333334,17.631578947368418
surfer,2.0,vocab_choice,28.68421052631579,14.846491228070175,13.837719298245617
surfer,2.0,social_dynamic,32.521929824561404,17.982456140350877,14.539473684210527
surfer,2.0,motivation,51.9078947368421,45.6140350877193,6.293859649122801
surfer,2.0,worldview_alignment,41.35964912280702,33.04824561403509,8.311403508771932
surfer,2.5,emotional_register,36.75438596491228,7.390350877192983,29.364035087719298
surfer,2.5,vocab_choice,33.37719298245614,8.026315789473685,25.350877192982452
surfer,2.5,social_dynamic,37.10526315789474,9.49561403508772,27.60964912280702
surfer,2.5,motivation,51.31578947368421,32.41228070175438,18.90350877192983
surfer,2.5,worldview_alignment,42.60964912280702,20.32894736842105,22.28070175438597
survivor,1.0,emotional_register,35.39473684210526,34.03508771929825,1.3596491228070136
survivor,1.0,vocab_choice,48.24561403508772,47.89473684210526,0.350877192982459
survivor,1.0,social_dynamic,38.70614035087719,37.828947368421055,0.8771929824561369
survivor,1.0,motivation,38.55263157894737,38.1578947368421,0.39473684210526727
survivor,1.0,worldview_alignment,34.05701754385965,33.83771929824562,0.21929824561403422
survivor,1.5,emotional_register,39.14473684210526,37.60964912280702,1.5350877192982395
survivor,1.5,vocab_choice,49.64912280701754,50.74561403508772,-1.0964912280701782
survivor,1.5,social_dynamic,41.35964912280702,41.973684210526315,-0.6140350877192944
survivor,1.5,motivation,42.43421052631579,43.39912280701754,-0.9649122807017534
survivor,1.5,worldview_alignment,37.98245614035088,38.20175438596491,-0.21929824561403422
survivor,2.0,emotional_register,46.973684210526315,31.271929824561404,15.701754385964911
survivor,2.0,vocab_choice,53.771929824561404,38.421052631578945,15.350877192982459
survivor,2.0,social_dynamic,48.17982456140351,32.675438596491226,15.50438596491228
survivor,2.0,motivation,52.521929824561404,38.59649122807018,13.925438596491226
survivor,2.0,worldview_alignment,48.1359649122807,33.55263157894737,14.583333333333329
survivor,2.5,emotional_register,53.574561403508774,13.048245614035087,40.526315789473685
survivor,2.5,vocab_choice,56.64473684210526,14.62719298245614,42.01754385964912
survivor,2.5,social_dynamic,53.026315789473685,13.903508771929825,39.12280701754386
survivor,2.5,motivation,59.73684210526316,21.535087719298247,38.20175438596491
survivor,2.5,worldview_alignment,54.91228070175438,16.82017543859649,38.09210526315789
swarm,1.0,emotional_register,49.42982456140351,44.4078947368421,5.021929824561404
swarm,1.0,vocab_choice,56.79824561403509,54.71491228070175,2.0833333333333357
swarm,1.0,social_dynamic,47.58771929824562,42.63157894736842,4.956140350877199
swarm,1.0,motivation,54.64912280701754,52.171052631578945,2.478070175438596
swarm,1.0,worldview_alignment,48.34649122807018,43.925438596491226,4.421052631578952
swarm,1.5,emotional_register,58.70614035087719,48.530701754385966,10.175438596491226
swarm,1.5,vocab_choice,60.87719298245614,56.666666666666664,4.210526315789473
swarm,1.5,social_dynamic,55.6359649122807,48.28947368421053,7.346491228070171
swarm,1.5,motivation,65.43859649122807,59.078947368421055,6.3596491228070136
swarm,1.5,worldview_alignment,58.68421052631579,50.67982456140351,8.00438596491228
swarm,2.0,emotional_register,69.25438596491227,38.70614035087719,30.548245614035082
swarm,2.0,vocab_choice,65.76754385964912,44.62719298245614,21.140350877192986
swarm,2.0,social_dynamic,64.14473684210526,40.6578947368421,23.486842105263158
swarm,2.0,motivation,71.33771929824562,54.32017543859649,17.017543859649123
swarm,2.0,worldview_alignment,66.29824561403508,45.6578947368421,20.64035087719298
swarm,2.5,emotional_register,75.24122807017544,13.092105263157896,62.14912280701754
swarm,2.5,vocab_choice,69.95614035087719,13.399122807017545,56.557017543859644
swarm,2.5,social_dynamic,69.53947368421052,13.75,55.78947368421052
swarm,2.5,motivation,76.84210526315789,23.50877192982456,53.33333333333333
swarm,2.5,worldview_alignment,72.6798245614035,18.092105263157894,54.58771929824562
symbiont,1.0,emotional_register,43.46491228070175,36.71052631578947,6.754385964912281
symbiont,1.0,vocab_choice,55.46052631578947,50.54824561403509,4.9122807017543835
symbiont,1.0,social_dynamic,45.46052631578947,39.71491228070175,5.745614035087719
symbiont,1.0,motivation,48.24561403508772,42.19298245614035,6.05263157894737
symbiont,1.0,worldview_alignment,42.78508771929825,36.25,6.535087719298247
symbiont,1.5,emotional_register,52.916666666666664,37.719298245614034,15.19736842105263
symbiont,1.5,vocab_choice,60.021929824561404,51.49122807017544,8.530701754385966
symbiont,1.5,social_dynamic,52.43421052631579,42.43421052631579,10.0
symbiont,1.5,motivation,58.1359649122807,45.98684210526316,12.149122807017541
symbiont,1.5,worldview_alignment,52.219298245614034,39.12280701754386,13.096491228070171
symbiont,2.0,emotional_register,65.89912280701755,30.767543859649123,35.131578947368425
symbiont,2.0,vocab_choice,65.6798245614035,40.74561403508772,24.934210526315788
symbiont,2.0,social_dynamic,62.43421052631579,35.416666666666664,27.017543859649123
symbiont,2.0,motivation,70.81140350877193,42.85087719298246,27.960526315789473
symbiont,2.0,worldview_alignment,65.28947368421052,36.00877192982456,29.28070175438596
symbiont,2.5,emotional_register,78.48684210526316,12.87280701754386,65.6140350877193
symbiont,2.5,vocab_choice,74.8157894736842,16.13157894736842,58.68421052631578
symbiont,2.5,social_dynamic,74.34210526315789,15.679824561403509,58.66228070175438
symbiont,2.5,motivation,79.64912280701755,23.135964912280702,56.51315789473685
symbiont,2.5,worldview_alignment,76.83333333333333,17.039473684210527,59.7938596491228
synthesizer,1.0,emotional_register,53.44298245614035,46.95175438596491,6.491228070175438
synthesizer,1.0,vocab_choice,61.40350877192982,57.85087719298246,3.552631578947363
synthesizer,1.0,social_dynamic,56.00877192982456,51.776315789473685,4.232456140350877
synthesizer,1.0,motivation,59.29824561403509,53.28947368421053,6.008771929824562
synthesizer,1.0,worldview_alignment,53.43421052631579,46.79824561403509,6.6359649122806985
synthesizer,1.5,emotional_register,58.70614035087719,46.33771929824562,12.368421052631575
synthesizer,1.5,vocab_choice,63.64035087719298,55.48245614035088,8.157894736842103
synthesizer,1.5,social_dynamic,60.13157894736842,50.70175438596491,9.429824561403507
synthesizer,1.5,motivation,64.3640350877193,55.67982456140351,8.684210526315795
synthesizer,1.5,worldview_alignment,58.44736842105263,48.35526315789474,10.09210526315789
synthesizer,2.0,emotional_register,64.91228070175438,31.57894736842105,33.33333333333333
synthesizer,2.0,vocab_choice,64.75877192982456,37.98245614035088,26.776315789473685
synthesizer,2.0,social_dynamic,64.69298245614036,37.30263157894737,27.390350877192986
synthesizer,2.0,motivation,72.5657894736842,46.51315789473684,26.052631578947363
synthesizer,2.0,worldview_alignment,66.11842105263158,38.46491228070175,27.653508771929822
synthesizer,2.5,emotional_register,68.0701754385965,12.280701754385966,55.78947368421053
synthesizer,2.5,vocab_choice,66.16228070175438,13.31140350877193,52.85087719298245
synthesizer,2.5,social_dynamic,66.73245614035088,14.714912280701755,52.01754385964912
synthesizer,2.5,motivation,73.57456140350877,21.07456140350877,52.5
synthesizer,2.5,worldview_alignment,68.46052631578948,15.285087719298245,53.17543859649123
teacher,1.0,emotional_register,59.10087719298246,56.20614035087719,2.8947368421052673
teacher,1.0,vocab_choice,66.11842105263158,68.1359649122807,-2.0175438596491233
teacher,1.0,social_dynamic,57.58771929824562,56.228070175438596,1.3596491228070207
teacher,1.0,motivation,71.68859649122807,70.83333333333333,0.8552631578947398
teacher,1.0,worldview_alignment,67.32456140350877,66.44736842105263,0.8771929824561369
teacher,1.5,emotional_register,65.17543859649123,57.916666666666664,7.258771929824569
teacher,1.5,vocab_choice,67.17105263157895,67.32456140350877,-0.15350877192982182
teacher,1.5,social_dynamic,62.06140350877193,59.01315789473684,3.048245614035089
teacher,1.5,motivation,75.65789473684211,72.78508771929825,2.872807017543863
teacher,1.5,worldview_alignment,70.86842105263158,68.2280701754386,2.6403508771929722
teacher,2.0,emotional_register,65.6140350877193,37.719298245614034,27.894736842105267
teacher,2.0,vocab_choice,64.07894736842105,45.723684210526315,18.35526315789474
teacher,2.0,social_dynamic,61.666666666666664,38.88157894736842,22.785087719298247
teacher,2.0,motivation,75.17543859649123,58.223684210526315,16.951754385964918
teacher,2.0,worldview_alignment,70.19736842105263,52.76315789473684,17.434210526315788
teacher,2.5,emotional_register,58.66228070175438,17.17105263157895,41.49122807017544
teacher,2.5,vocab_choice,54.62719298245614,21.030701754385966,33.59649122807017
teacher,2.5,social_dynamic,53.574561403508774,17.653508771929825,35.921052631578945
teacher,2.5,motivation,67.5219298245614,31.973684210526315,35.54824561403508
teacher,2.5,worldview_alignment,62.12719298245614,26.38157894736842,35.74561403508771
technologist,1.0,emotional_register,68.90350877192982,67.5,1.4035087719298218
technologist,1.0,vocab_choice,73.33333333333333,72.36842105263158,0.9649122807017534
technologist,1.0,social_dynamic,68.42105263157895,67.23684210526316,1.1842105263157805
technologist,1.0,motivation,74.05701754385964,72.76315789473684,1.2938596491228083
technologist,1.0,worldview_alignment,70.96929824561404,69.7280701754386,1.2412280701754383
technologist,1.5,emotional_register,71.73245614035088,70.0219298245614,1.7105263157894797
technologist,1.5,vocab_choice,74.64912280701755,72.25877192982456,2.3903508771929864
technologist,1.5,social_dynamic,70.83333333333333,68.85964912280701,1.973684210526315
technologist,1.5,motivation,76.77631578947368,76.28508771929825,0.49122807017543835
technologist,1.5,worldview_alignment,73.57456140350877,72.50438596491227,1.0701754385964932
technologist,2.0,emotional_register,71.11842105263158,46.68859649122807,24.429824561403507
technologist,2.0,vocab_choice,72.78508771929825,47.34649122807018,25.43859649122807
technologist,2.0,social_dynamic,70.10964912280701,47.34649122807018,22.763157894736835
technologist,2.0,motivation,78.08333333333333,60.81140350877193,17.271929824561397
technologist,2.0,worldview_alignment,74.41666666666667,55.723684210526315,18.692982456140356
technologist,2.5,emotional_register,69.01315789473684,16.359649122807017,52.65350877192982
technologist,2.5,vocab_choice,68.61842105263158,16.228070175438596,52.39035087719298
technologist,2.5,social_dynamic,67.19298245614036,17.763157894736842,49.429824561403514
technologist,2.5,motivation,75.52631578947368,26.49122807017544,49.03508771929825
technologist,2.5,worldview_alignment,71.35087719298245,21.75438596491228,49.59649122807017
teenager,1.0,emotional_register,26.162280701754387,27.039473684210527,-0.8771929824561404
teenager,1.0,vocab_choice,26.95175438596491,28.50877192982456,-1.5570175438596507
teenager,1.0,social_dynamic,25.767543859649123,25.833333333333332,-0.06578947368420884
teenager,1.0,motivation,36.469298245614034,39.32017543859649,-2.850877192982459
teenager,1.0,worldview_alignment,31.44736842105263,34.45175438596491,-3.004385964912281
teenager,1.5,emotional_register,34.824561403508774,32.34649122807018,2.478070175438596
teenager,1.5,vocab_choice,37.19298245614035,34.824561403508774,2.368421052631575
teenager,1.5,social_dynamic,34.53947368421053,30.767543859649123,3.771929824561404
teenager,1.5,motivation,47.06140350877193,45.328947368421055,1.7324561403508767
teenager,1.5,worldview_alignment,42.39035087719298,39.4078947368421,2.9824561403508767
teenager,2.0,emotional_register,48.94736842105263,30.285087719298247,18.662280701754383
teenager,2.0,vocab_choice,51.09649122807018,28.55263157894737,22.54385964912281
teenager,2.0,social_dynamic,48.771929824561404,29.780701754385966,18.99122807017544
teenager,2.0,motivation,60.28508771929825,50.10964912280702,10.175438596491226
teenager,2.0,worldview_alignment,55.526315789473685,44.3421052631579,11.184210526315788
teenager,2.5,emotional_register,58.333333333333336,24.407894736842106,33.92543859649123
teenager,2.5,vocab_choice,60.175438596491226,20.285087719298247,39.89035087719298
teenager,2.5,social_dynamic,58.28947368421053,23.37719298245614,34.91228070175438
teenager,2.5,motivation,68.53070175438596,43.1578947368421,25.372807017543856
teenager,2.5,worldview_alignment,64.29824561403508,35.81140350877193,28.48684210526315
theorist,1.0,emotional_register,69.3640350877193,68.96929824561404,0.39473684210526017
theorist,1.0,vocab_choice,72.82894736842105,74.56140350877193,-1.7324561403508767
theorist,1.0,social_dynamic,68.04824561403508,68.20175438596492,-0.15350877192983603
theorist,1.0,motivation,75.86842105263158,76.44736842105263,-0.5789473684210549
theorist,1.0,worldview_alignment,71.87719298245614,72.42105263157895,-0.5438596491228083
theorist,1.5,emotional_register,71.79824561403508,67.78508771929825,4.013157894736835
theorist,1.5,vocab_choice,72.76315789473684,71.40350877192982,1.3596491228070136
theorist,1.5,social_dynamic,69.3201754385965,67.5657894736842,1.754385964912288
theorist,1.5,motivation,77.79824561403508,77.85087719298245,-0.05263157894736992
theorist,1.5,worldview_alignment,74.26754385964912,72.95175438596492,1.3157894736842053
theorist,2.0,emotional_register,71.2280701754386,40.96491228070175,30.26315789473685
theorist,2.0,vocab_choice,72.85087719298245,45.24122807017544,27.609649122807014
theorist,2.0,social_dynamic,69.84649122807018,43.50877192982456,26.337719298245617
theorist,2.0,motivation,79.23245614035088,58.969298245614034,20.263157894736842
theorist,2.0,worldview_alignment,74.85964912280701,53.35526315789474,21.504385964912274
theorist,2.5,emotional_register,69.95614035087719,13.026315789473685,56.92982456140351
theorist,2.5,vocab_choice,69.45175438596492,15.416666666666666,54.035087719298254
theorist,2.5,social_dynamic,67.99561403508773,16.38157894736842,51.6140350877193
theorist,2.5,motivation,77.78508771929825,23.88157894736842,53.90350877192982
theorist,2.5,worldview_alignment,73.27631578947368,18.79385964912281,54.48245614035088
therapist,1.0,emotional_register,63.728070175438596,65.59210526315789,-1.8640350877192944
therapist,1.0,vocab_choice,69.56140350877193,72.45614035087719,-2.89473684210526
therapist,1.0,social_dynamic,64.56140350877193,66.55701754385964,-1.995614035087712
therapist,1.0,motivation,69.07894736842105,73.08333333333333,-4.004385964912274
therapist,1.0,worldview_alignment,67.03070175438596,71.05701754385964,-4.026315789473685
therapist,1.5,emotional_register,68.79385964912281,68.00438596491227,0.7894736842105345
therapist,1.5,vocab_choice,70.0219298245614,72.30263157894737,-2.280701754385973
therapist,1.5,social_dynamic,67.21491228070175,69.95614035087719,-2.7412280701754383
therapist,1.5,motivation,73.1798245614035,76.64473684210526,-3.4649122807017534
therapist,1.5,worldview_alignment,70.73684210526316,73.65350877192982,-2.916666666666657
therapist,2.0,emotional_register,70.17543859649123,53.1578947368421,17.01754385964913
therapist,2.0,vocab_choice,66.14035087719299,52.23684210526316,13.903508771929829
therapist,2.0,social_dynamic,67.08333333333333,53.1140350877193,13.969298245614027
therapist,2.0,motivation,74.4298245614035,65.35087719298245,9.078947368421055
therapist,2.0,worldview_alignment,70.58333333333333,61.29385964912281,9.28947368421052
therapist,2.5,emotional_register,68.1359649122807,25.70175438596491,42.43421052631579
therapist,2.5,vocab_choice,61.51315789473684,22.19298245614035,39.32017543859649
therapist,2.5,social_dynamic,63.85964912280702,24.736842105263158,39.12280701754386
therapist,2.5,motivation,71.3157894736842,36.95175438596491,34.364035087719294
therapist,2.5,worldview_alignment,68.33333333333333,31.62280701754386,36.710526315789465
toddler,1.0,emotional_register,3.1359649122807016,5.4605263157894735,-2.324561403508772
toddler,1.0,vocab_choice,1.9078947368421053,3.5526315789473686,-1.6447368421052633
toddler,1.0,social_dynamic,3.8157894736842106,6.5131578947368425,-2.697368421052632
toddler,1.0,motivation,5.767543859649122,10.37280701754386,-4.605263157894737
toddler,1.0,worldview_alignment,2.741228070175439,5.592105263157895,-2.850877192982456
toddler,1.5,emotional_register,5.4605263157894735,10.833333333333334,-5.3728070175438605
toddler,1.5,vocab_choice,3.6140350877192984,7.434210526315789,-3.820175438596491
toddler,1.5,social_dynamic,7.149122807017544,12.578947368421053,-5.429824561403509
toddler,1.5,motivation,9.517543859649123,17.0,-7.482456140350877
toddler,1.5,worldview_alignment,5.285087719298246,11.035087719298245,-5.749999999999999
toddler,2.0,emotional_register,9.692982456140351,11.25,-1.557017543859649
toddler,2.0,vocab_choice,5.8464912280701755,7.587719298245614,-1.7412280701754383
toddler,2.0,social_dynamic,11.381578947368421,12.105263157894736,-0.723684210526315
toddler,2.0,motivation,13.969298245614034,20.021929824561404,-6.05263157894737
toddler,2.0,worldview_alignment,8.412280701754385,13.333333333333334,-4.921052631578949
toddler,2.5,emotional_register,14.364035087719298,12.302631578947368,2.06140350877193
toddler,2.5,vocab_choice,8.140350877192983,8.859649122807017,-0.7192982456140342
toddler,2.5,social_dynamic,15.0,12.850877192982455,2.1491228070175445
toddler,2.5,motivation,16.842105263157894,19.29824561403509,-2.4561403508771953
toddler,2.5,worldview_alignment,10.657894736842104,13.464912280701755,-2.8070175438596507
traditionalist,1.0,emotional_register,35.833333333333336,38.88157894736842,-3.048245614035082
traditionalist,1.0,vocab_choice,44.32017543859649,49.166666666666664,-4.846491228070171
traditionalist,1.0,social_dynamic,36.64473684210526,41.666666666666664,-5.021929824561404
traditionalist,1.0,motivation,36.71052631578947,39.21052631578947,-2.5
traditionalist,1.0,worldview_alignment,28.92543859649123,31.49122807017544,-2.565789473684209
traditionalist,1.5,emotional_register,39.75877192982456,41.95175438596491,-2.1929824561403493
traditionalist,1.5,vocab_choice,44.671052631578945,50.37280701754386,-5.701754385964918
traditionalist,1.5,social_dynamic,40.416666666666664,44.780701754385966,-4.3640350877193015
traditionalist,1.5,motivation,41.82017543859649,44.23245614035088,-2.4122807017543835
traditionalist,1.5,worldview_alignment,33.530701754385966,36.030701754385966,-2.5
traditionalist,2.0,emotional_register,43.48684210526316,38.771929824561404,4.714912280701753
traditionalist,2.0,vocab_choice,44.473684210526315,41.8421052631579,2.6315789473684177
traditionalist,2.0,social_dynamic,42.93859649122807,39.45175438596491,3.4868421052631575
traditionalist,2.0,motivation,46.95175438596491,45.85526315789474,1.096491228070171
traditionalist,2.0,worldview_alignment,38.39912280701754,36.8421052631579,1.5570175438596436
traditionalist,2.5,emotional_register,50.6359649122807,16.600877192982455,34.03508771929825
traditionalist,2.5,vocab_choice,46.8421052631579,18.07017543859649,28.771929824561408
traditionalist,2.5,social_dynamic,47.74122807017544,17.587719298245613,30.153508771929825
traditionalist,2.5,motivation,54.89035087719298,25.482456140350877,29.407894736842103
traditionalist,2.5,worldview_alignment,47.171052631578945,19.385964912280702,27.785087719298243
trainer,1.0,emotional_register,53.969298245614034,43.70614035087719,10.263157894736842
trainer,1.0,vocab_choice,63.1359649122807,57.76315789473684,5.372807017543856
trainer,1.0,social_dynamic,56.79824561403509,47.98245614035088,8.815789473684212
trainer,1.0,motivation,66.3157894736842,58.59649122807018,7.719298245614027
trainer,1.0,worldview_alignment,63.26754385964912,55.13157894736842,8.135964912280706
trainer,1.5,emotional_register,60.67982456140351,44.56140350877193,16.118421052631575
trainer,1.5,vocab_choice,65.37280701754386,58.07017543859649,7.30263157894737
trainer,1.5,social_dynamic,61.64473684210526,49.71491228070175,11.929824561403507
trainer,1.5,motivation,72.71929824561404,61.425438596491226,11.293859649122815
trainer,1.5,worldview_alignment,69.40789473684211,58.35526315789474,11.05263157894737
trainer,2.0,emotional_register,66.07456140350877,25.614035087719298,40.460526315789465
trainer,2.0,vocab_choice,65.85526315789474,37.03947368421053,28.815789473684212
trainer,2.0,social_dynamic,64.96929824561404,32.521929824561404,32.44736842105264
trainer,2.0,motivation,75.24122807017544,46.8859649122807,28.35526315789474
trainer,2.0,worldview_alignment,71.5657894736842,41.95175438596491,29.614035087719294
trainer,2.5,emotional_register,70.89912280701755,11.491228070175438,59.40789473684211
trainer,2.5,vocab_choice,65.28508771929825,16.68859649122807,48.59649122807018
trainer,2.5,social_dynamic,67.74122807017544,14.583333333333334,53.1578947368421
trainer,2.5,motivation,76.8640350877193,24.100877192982455,52.76315789473685
trainer,2.5,worldview_alignment,73.31140350877193,19.32017543859649,53.99122807017544
translator,1.0,emotional_register,65.13157894736842,63.1359649122807,1.9956140350877263
translator,1.0,vocab_choice,67.34649122807018,69.78070175438596,-2.4342105263157805
translator,1.0,social_dynamic,65.0219298245614,63.39912280701754,1.622807017543856
translator,1.0,motivation,71.66666666666667,70.10964912280701,1.5570175438596578
translator,1.0,worldview_alignment,68.57456140350877,67.06140350877193,1.5131578947368354
translator,1.5,emotional_register,68.20175438596492,62.45614035087719,5.745614035087726
translator,1.5,vocab_choice,67.60964912280701,67.5,0.10964912280701355
translator,1.5,social_dynamic,66.8640350877193,63.530701754385966,3.3333333333333357
translator,1.5,motivation,74.22368421052632,71.8201754385965,2.403508771929822
translator,1.5,worldview_alignment,71.10964912280701,68.26754385964912,2.8421052631578902
translator,2.0,emotional_register,66.53508771929825,45.723684210526315,20.81140350877193
translator,2.0,vocab_choice,61.8421052631579,46.425438596491226,15.416666666666671
translator,2.0,social_dynamic,63.61842105263158,46.18421052631579,17.434210526315795
translator,2.0,motivation,72.46929824561404,60.89912280701754,11.5701754385965
translator,2.0,worldview_alignment,68.58333333333333,56.33771929824562,12.245614035087712
translator,2.5,emotional_register,59.4078947368421,17.56578947368421,41.84210526315789
translator,2.5,vocab_choice,54.583333333333336,17.785087719298247,36.79824561403509
translator,2.5,social_dynamic,58.07017543859649,19.12280701754386,38.94736842105263
translator,2.5,motivation,66.53508771929825,31.44736842105263,35.08771929824562
translator,2.5,worldview_alignment,62.44736842105263,26.75438596491228,35.69298245614035
tree,1.0,emotional_register,22.083333333333332,18.026315789473685,4.057017543859647
tree,1.0,vocab_choice,27.653508771929825,25.087719298245613,2.5657894736842124
tree,1.0,social_dynamic,23.157894736842106,20.06578947368421,3.0921052631578974
tree,1.0,motivation,29.583333333333332,27.105263157894736,2.478070175438596
tree,1.0,worldview_alignment,20.460526315789473,18.55263157894737,1.9078947368421026
tree,1.5,emotional_register,28.662280701754387,22.017543859649123,6.644736842105264
tree,1.5,vocab_choice,32.45614035087719,29.25438596491228,3.201754385964911
tree,1.5,social_dynamic,29.013157894736842,24.605263157894736,4.407894736842106
tree,1.5,motivation,36.49122807017544,33.00438596491228,3.4868421052631575
tree,1.5,worldview_alignment,27.82894736842105,23.267543859649123,4.561403508771928
tree,2.0,emotional_register,41.73245614035088,16.140350877192983,25.592105263157894
tree,2.0,vocab_choice,42.69736842105263,22.67543859649123,20.0219298245614
tree,2.0,social_dynamic,39.86842105263158,20.635964912280702,19.23245614035088
tree,2.0,motivation,48.99122807017544,33.0921052631579,15.899122807017541
tree,2.0,worldview_alignment,39.921052631578945,22.56578947368421,17.355263157894736
tree,2.5,emotional_register,57.89473684210526,8.179824561403509,49.71491228070175
tree,2.5,vocab_choice,56.68859649122807,10.37719298245614,46.31140350877193
tree,2.5,social_dynamic,55.5921052631579,10.605263157894736,44.986842105263165
tree,2.5,motivation,62.58771929824562,21.07456140350877,41.51315789473685
tree,2.5,worldview_alignment,56.74561403508772,13.342105263157896,43.40350877192982
trickster,1.0,emotional_register,17.083333333333332,14.385964912280702,2.69736842105263
trickster,1.0,vocab_choice,25.855263157894736,23.68421052631579,2.171052631578945
trickster,1.0,social_dynamic,20.833333333333332,19.407894736842106,1.425438596491226
trickster,1.0,motivation,31.776315789473685,29.473684210526315,2.30263157894737
trickster,1.0,worldview_alignment,22.25877192982456,19.473684210526315,2.7850877192982466
trickster,1.5,emotional_register,26.79824561403509,16.907894736842106,9.890350877192983
trickster,1.5,vocab_choice,33.1140350877193,25.70175438596491,7.412280701754391
trickster,1.5,social_dynamic,28.24561403508772,21.55701754385965,6.688596491228068
trickster,1.5,motivation,41.228070175438596,31.140350877192983,10.087719298245613
trickster,1.5,worldview_alignment,31.469298245614034,22.06140350877193,9.407894736842103
trickster,2.0,emotional_register,42.23684210526316,15.175438596491228,27.06140350877193
trickster,2.0,vocab_choice,47.19298245614035,22.105263157894736,25.087719298245613
trickster,2.0,social_dynamic,41.51315789473684,19.80263157894737,21.710526315789473
trickster,2.0,motivation,53.07017543859649,34.01315789473684,19.05701754385965
trickster,2.0,worldview_alignment,45.328947368421055,22.56578947368421,22.763157894736846
trickster,2.5,emotional_register,61.25,8.442982456140351,52.80701754385965
trickster,2.5,vocab_choice,62.01754385964912,9.736842105263158,52.280701754385966
trickster,2.5,social_dynamic,59.51754385964912,9.692982456140351,49.824561403508774
trickster,2.5,motivation,66.8859649122807,21.07456140350877,45.81140350877193
trickster,2.5,worldview_alignment,62.30701754385965,10.679824561403509,51.627192982456144
tulpa,1.0,emotional_register,45.54824561403509,42.21491228070175,3.3333333333333357
tulpa,1.0,vocab_choice,55.50438596491228,56.16228070175438,-0.6578947368421026
tulpa,1.0,social_dynamic,46.44736842105263,44.824561403508774,1.622807017543856
tulpa,1.0,motivation,54.56140350877193,52.87280701754386,1.6885964912280684
tulpa,1.0,worldview_alignment,49.978070175438596,46.99561403508772,2.9824561403508767
tulpa,1.5,emotional_register,51.53508771929825,45.0,6.535087719298247
tulpa,1.5,vocab_choice,59.53947368421053,55.57017543859649,3.969298245614034
tulpa,1.5,social_dynamic,52.87280701754386,46.35964912280702,6.5131578947368425
tulpa,1.5,motivation,60.50438596491228,57.083333333333336,3.421052631578945
tulpa,1.5,worldview_alignment,55.19736842105263,51.00877192982456,4.188596491228068
tulpa,2.0,emotional_register,57.56578947368421,33.28947368421053,24.276315789473685
tulpa,2.0,vocab_choice,63.35526315789474,40.0,23.35526315789474
tulpa,2.0,social_dynamic,58.20175438596491,36.8640350877193,21.33771929824561
tulpa,2.0,motivation,65.39473684210526,50.328947368421055,15.065789473684205
tulpa,2.0,worldview_alignment,60.76754385964912,44.4078947368421,16.35964912280702
tulpa,2.5,emotional_register,62.93859649122807,15.635964912280702,47.30263157894737
tulpa,2.5,vocab_choice,64.89035087719299,18.859649122807017,46.03070175438597
tulpa,2.5,social_dynamic,62.78508771929825,18.333333333333332,44.45175438596492
tulpa,2.5,motivation,70.5701754385965,30.30701754385965,40.26315789473684
tulpa,2.5,worldview_alignment,66.00877192982456,24.62719298245614,41.381578947368425
tutor,1.0,emotional_register,70.72368421052632,69.3201754385965,1.4035087719298218
tutor,1.0,vocab_choice,74.75877192982456,76.11842105263158,-1.3596491228070136
tutor,1.0,social_dynamic,71.60087719298245,70.60087719298245,1.0
tutor,1.0,motivation,77.03947368421052,76.70175438596492,0.3377192982456023
tutor,1.0,worldview_alignment,75.76754385964912,74.29824561403508,1.4692982456140413
tutor,1.5,emotional_register,74.34210526315789,68.44298245614036,5.899122807017534
tutor,1.5,vocab_choice,75.30701754385964,73.7280701754386,1.5789473684210407
tutor,1.5,social_dynamic,73.06140350877193,70.6798245614035,2.381578947368425
tutor,1.5,motivation,80.21929824561404,77.76315789473684,2.456140350877206
tutor,1.5,worldview_alignment,77.74122807017544,74.21491228070175,3.526315789473685
tutor,2.0,emotional_register,74.10087719298245,45.219298245614034,28.881578947368418
tutor,2.0,vocab_choice,70.65789473684211,49.86842105263158,20.789473684210527
tutor,2.0,social_dynamic,71.97368421052632,47.719298245614034,24.25438596491228
tutor,2.0,motivation,80.08771929824562,61.73245614035088,18.35526315789474
tutor,2.0,worldview_alignment,76.97368421052632,57.14912280701754,19.824561403508774
tutor,2.5,emotional_register,68.09210526315789,19.539473684210527,48.55263157894736
tutor,2.5,vocab_choice,62.54385964912281,20.482456140350877,42.06140350877193
tutor,2.5,social_dynamic,65.6798245614035,21.49122807017544,44.18859649122807
tutor,2.5,motivation,74.60526315789474,31.75438596491228,42.85087719298246
tutor,2.5,worldview_alignment,70.87719298245614,26.644736842105264,44.23245614035088
validator,1.0,emotional_register,56.35964912280702,57.56578947368421,-1.2061403508771917
validator,1.0,vocab_choice,62.478070175438596,65.37280701754386,-2.8947368421052673
validator,1.0,social_dynamic,54.89035087719298,56.478070175438596,-1.5877192982456165
validator,1.0,motivation,61.00877192982456,60.18859649122807,0.8201754385964932
validator,1.0,worldview_alignment,57.074561403508774,56.73245614035088,0.34210526315789735
validator,1.5,emotional_register,57.45614035087719,58.50877192982456,-1.05263157894737
validator,1.5,vocab_choice,59.71491228070175,65.13157894736842,-5.416666666666671
validator,1.5,social_dynamic,55.24122807017544,56.73245614035088,-1.4912280701754383
validator,1.5,motivation,62.675438596491226,62.719298245614034,-0.043859649122808264
validator,1.5,worldview_alignment,58.93859649122807,58.81578947368421,0.12280701754385603
validator,2.0,emotional_register,55.6578947368421,40.81140350877193,14.846491228070171
validator,2.0,vocab_choice,55.67982456140351,43.66228070175438,12.017543859649123
validator,2.0,social_dynamic,52.87280701754386,41.228070175438596,11.644736842105267
validator,2.0,motivation,63.50877192982456,51.030701754385966,12.478070175438596
validator,2.0,worldview_alignment,58.45614035087719,47.03947368421053,11.416666666666664
validator,2.5,emotional_register,49.25438596491228,15.833333333333334,33.421052631578945
validator,2.5,vocab_choice,44.62719298245614,16.05263157894737,28.574561403508767
validator,2.5,social_dynamic,46.425438596491226,17.039473684210527,29.3859649122807
validator,2.5,motivation,58.17982456140351,21.95175438596491,36.228070175438596
validator,2.5,worldview_alignment,52.478070175438596,17.653508771929825,34.82456140350877
vampire,1.0,emotional_register,10.592105263157896,11.140350877192983,-0.5482456140350873
vampire,1.0,vocab_choice,16.973684210526315,16.842105263157894,0.13157894736842124
vampire,1.0,social_dynamic,15.548245614035087,15.833333333333334,-0.2850877192982466
vampire,1.0,motivation,21.95175438596491,23.17982456140351,-1.2280701754385994
vampire,1.0,worldview_alignment,11.293859649122806,12.719298245614034,-1.4254385964912277
vampire,1.5,emotional_register,12.236842105263158,12.785087719298245,-0.5482456140350873
vampire,1.5,vocab_choice,17.609649122807017,18.55263157894737,-0.9429824561403528
vampire,1.5,social_dynamic,16.228070175438596,17.850877192982455,-1.6228070175438596
vampire,1.5,motivation,24.013157894736842,26.31578947368421,-2.3026315789473664
vampire,1.5,worldview_alignment,13.114035087719298,14.276315789473685,-1.162280701754387
vampire,2.0,emotional_register,14.539473684210526,9.692982456140351,4.846491228070175
vampire,2.0,vocab_choice,17.82894736842105,14.93421052631579,2.894736842105262
vampire,2.0,social_dynamic,18.31140350877193,14.100877192982455,4.210526315789476
vampire,2.0,motivation,28.24561403508772,25.92105263157895,2.3245614035087705
vampire,2.0,worldview_alignment,15.81140350877193,13.885964912280702,1.9254385964912277
vampire,2.5,emotional_register,16.666666666666668,4.4298245614035086,12.23684210526316
vampire,2.5,vocab_choice,19.62719298245614,7.6535087719298245,11.973684210526315
vampire,2.5,social_dynamic,19.890350877192983,6.62280701754386,13.267543859649123
vampire,2.5,motivation,30.767543859649123,16.49122807017544,14.276315789473685
vampire,2.5,worldview_alignment,18.267543859649123,6.557017543859649,11.710526315789474
vegan,1.0,emotional_register,49.32017543859649,46.11842105263158,3.201754385964911
vegan,1.0,vocab_choice,58.61842105263158,56.73245614035088,1.8859649122807056
vegan,1.0,social_dynamic,52.93859649122807,50.74561403508772,2.1929824561403493
vegan,1.0,motivation,41.16228070175438,39.69298245614035,1.4692982456140342
vegan,1.0,worldview_alignment,37.30263157894737,35.74561403508772,1.5570175438596507
vegan,1.5,emotional_register,56.18421052631579,48.1140350877193,8.070175438596486
vegan,1.5,vocab_choice,59.824561403508774,58.24561403508772,1.5789473684210549
vegan,1.5,social_dynamic,57.85087719298246,53.223684210526315,4.627192982456144
vegan,1.5,motivation,47.78508771929825,42.719298245614034,5.065789473684212
vegan,1.5,worldview_alignment,43.39035087719298,38.48684210526316,4.903508771929822
vegan,2.0,emotional_register,56.49122807017544,34.62719298245614,21.8640350877193
vegan,2.0,vocab_choice,56.20614035087719,40.89912280701754,15.30701754385965
vegan,2.0,social_dynamic,55.10964912280702,38.728070175438596,16.381578947368425
vegan,2.0,motivation,47.65350877192982,34.84649122807018,12.807017543859644
vegan,2.0,worldview_alignment,43.421052631578945,28.355263157894736,15.065789473684209
vegan,2.5,emotional_register,53.07017543859649,16.842105263157894,36.2280701754386
vegan,2.5,vocab_choice,50.175438596491226,18.07017543859649,32.10526315789474
vegan,2.5,social_dynamic,50.26315789473684,19.07894736842105,31.18421052631579
vegan,2.5,motivation,44.05701754385965,19.517543859649123,24.539473684210527
vegan,2.5,worldview_alignment,39.69298245614035,15.06578947368421,24.627192982456137
veteran,1.0,emotional_register,39.93421052631579,37.43421052631579,2.5
veteran,1.0,vocab_choice,47.36842105263158,46.469298245614034,0.8991228070175481
veteran,1.0,social_dynamic,39.10087719298246,36.469298245614034,2.631578947368425
veteran,1.0,motivation,45.98684210526316,44.51754385964912,1.4692982456140342
veteran,1.0,worldview_alignment,40.74561403508772,39.05701754385965,1.6885964912280684
veteran,1.5,emotional_register,49.60526315789474,39.078947368421055,10.526315789473685
veteran,1.5,vocab_choice,53.61842105263158,48.48684210526316,5.131578947368425
veteran,1.5,social_dynamic,47.45614035087719,39.29824561403509,8.157894736842103
veteran,1.5,motivation,56.73245614035088,47.76315789473684,8.969298245614034
veteran,1.5,worldview_alignment,51.29385964912281,42.19298245614035,9.100877192982459
veteran,2.0,emotional_register,57.478070175438596,26.11842105263158,31.359649122807017
veteran,2.0,vocab_choice,59.14473684210526,34.95614035087719,24.18859649122807
veteran,2.0,social_dynamic,55.328947368421055,27.45614035087719,27.872807017543863
veteran,2.0,motivation,64.78070175438596,38.68421052631579,26.09649122807017
veteran,2.0,worldview_alignment,60.50438596491228,33.31140350877193,27.19298245614035
veteran,2.5,emotional_register,63.04824561403509,11.25,51.79824561403509
veteran,2.5,vocab_choice,61.8421052631579,14.758771929824562,47.083333333333336
veteran,2.5,social_dynamic,60.53947368421053,11.885964912280702,48.65350877192982
veteran,2.5,motivation,70.37280701754386,21.535087719298247,48.83771929824562
veteran,2.5,worldview_alignment,66.1842105263158,16.710526315789473,49.47368421052632
veterinarian,1.0,emotional_register,44.14473684210526,40.43859649122807,3.7061403508771917
veterinarian,1.0,vocab_choice,52.39035087719298,51.776315789473685,0.6140350877192944
veterinarian,1.0,social_dynamic,45.06578947368421,42.23684210526316,2.828947368421055
veterinarian,1.0,motivation,41.53508771929825,39.71491228070175,1.8201754385964932
veterinarian,1.0,worldview_alignment,39.71491228070175,37.96052631578947,1.7543859649122808
veterinarian,1.5,emotional_register,46.20614035087719,41.31578947368421,4.890350877192979
veterinarian,1.5,vocab_choice,50.6578947368421,53.83771929824562,-3.179824561403514
veterinarian,1.5,social_dynamic,45.35087719298246,45.06578947368421,0.2850877192982466
veterinarian,1.5,motivation,42.675438596491226,42.45614035087719,0.21929824561403422
veterinarian,1.5,worldview_alignment,40.328947368421055,40.26315789473684,0.0657894736842124
veterinarian,2.0,emotional_register,48.026315789473685,26.359649122807017,21.666666666666668
veterinarian,2.0,vocab_choice,47.478070175438596,35.81140350877193,11.666666666666664
veterinarian,2.0,social_dynamic,44.73684210526316,29.407894736842106,15.328947368421051
veterinarian,2.0,motivation,43.85964912280702,32.76315789473684,11.096491228070178
veterinarian,2.0,worldview_alignment,40.46052631578947,30.43859649122807,10.021929824561404
veterinarian,2.5,emotional_register,50.6578947368421,11.68859649122807,38.969298245614034
veterinarian,2.5,vocab_choice,44.86842105263158,14.706140350877194,30.16228070175439
veterinarian,2.5,social_dynamic,44.10087719298246,13.56140350877193,30.539473684210527
veterinarian,2.5,motivation,46.75438596491228,18.57456140350877,28.17982456140351
veterinarian,2.5,worldview_alignment,42.324561403508774,15.526315789473685,26.79824561403509
vigilante,1.0,emotional_register,23.157894736842106,18.114035087719298,5.043859649122808
vigilante,1.0,vocab_choice,35.87719298245614,35.13157894736842,0.7456140350877192
vigilante,1.0,social_dynamic,24.82456140350877,22.478070175438596,2.3464912280701746
vigilante,1.0,motivation,22.083333333333332,17.43421052631579,4.649122807017541
vigilante,1.0,worldview_alignment,18.88157894736842,15.109649122807017,3.771929824561404
vigilante,1.5,emotional_register,30.087719298245613,19.56140350877193,10.526315789473681
vigilante,1.5,vocab_choice,39.62719298245614,37.10526315789474,2.521929824561397
vigilante,1.5,social_dynamic,30.43859649122807,23.969298245614034,6.469298245614034
vigilante,1.5,motivation,29.29824561403509,19.69298245614035,9.60526315789474
vigilante,1.5,worldview_alignment,25.92105263157895,16.842105263157894,9.078947368421055
vigilante,2.0,emotional_register,40.921052631578945,13.596491228070175,27.32456140350877
vigilante,2.0,vocab_choice,47.43421052631579,28.464912280701753,18.969298245614034
vigilante,2.0,social_dynamic,40.10964912280702,18.486842105263158,21.622807017543863
vigilante,2.0,motivation,41.666666666666664,16.337719298245613,25.32894736842105
vigilante,2.0,worldview_alignment,37.62280701754386,13.56578947368421,24.05701754385965
vigilante,2.5,emotional_register,50.04385964912281,6.578947368421052,43.46491228070175
vigilante,2.5,vocab_choice,51.51315789473684,13.662280701754385,37.85087719298246
vigilante,2.5,social_dynamic,47.5,9.451754385964913,38.04824561403509
vigilante,2.5,motivation,50.85526315789474,9.342105263157896,41.51315789473684
vigilante,2.5,worldview_alignment,46.666666666666664,6.951754385964913,39.71491228070175
virtuoso,1.0,emotional_register,45.219298245614034,43.48684210526316,1.7324561403508767
virtuoso,1.0,vocab_choice,57.41228070175438,58.1140350877193,-0.701754385964918
virtuoso,1.0,social_dynamic,49.473684210526315,48.50877192982456,0.9649122807017534
virtuoso,1.0,motivation,51.44736842105263,52.60964912280702,-1.1622807017543906
virtuoso,1.0,worldview_alignment,47.030701754385966,48.25877192982456,-1.2280701754385959
virtuoso,1.5,emotional_register,49.583333333333336,45.06578947368421,4.517543859649123
virtuoso,1.5,vocab_choice,57.23684210526316,56.73245614035088,0.5043859649122808
virtuoso,1.5,social_dynamic,51.64473684210526,49.84649122807018,1.798245614035082
virtuoso,1.5,motivation,57.60964912280702,56.469298245614034,1.1403508771929864
virtuoso,1.5,worldview_alignment,52.82017543859649,51.60087719298246,1.2192982456140342
virtuoso,2.0,emotional_register,55.0,30.30701754385965,24.69298245614035
virtuoso,2.0,vocab_choice,57.58771929824562,40.26315789473684,17.324561403508774
virtuoso,2.0,social_dynamic,55.24122807017544,36.62280701754386,18.618421052631575
virtuoso,2.0,motivation,62.675438596491226,47.76315789473684,14.912280701754383
virtuoso,2.0,worldview_alignment,57.43421052631579,41.833333333333336,15.600877192982452
virtuoso,2.5,emotional_register,56.55701754385965,10.548245614035087,46.00877192982456
virtuoso,2.5,vocab_choice,54.10087719298246,12.653508771929825,41.44736842105263
virtuoso,2.5,social_dynamic,54.583333333333336,12.93859649122807,41.64473684210527
virtuoso,2.5,motivation,63.1140350877193,21.00877192982456,42.10526315789474
virtuoso,2.5,worldview_alignment,58.06140350877193,16.29385964912281,41.76754385964912
virus,1.0,emotional_register,10.307017543859649,7.982456140350878,2.3245614035087714
virus,1.0,vocab_choice,20.30701754385965,18.837719298245613,1.4692982456140378
virus,1.0,social_dynamic,12.368421052631579,11.337719298245615,1.030701754385964
virus,1.0,motivation,9.035087719298245,8.68421052631579,0.35087719298245545
virus,1.0,worldview_alignment,5.758771929824562,5.328947368421052,0.42982456140350944
virus,1.5,emotional_register,13.662280701754385,9.407894736842104,4.254385964912281
virus,1.5,vocab_choice,21.469298245614034,20.32894736842105,1.140350877192983
virus,1.5,social_dynamic,14.583333333333334,12.192982456140351,2.390350877192983
virus,1.5,motivation,12.017543859649123,10.06578947368421,1.9517543859649127
virus,1.5,worldview_alignment,7.828947368421052,6.359649122807017,1.469298245614035
virus,2.0,emotional_register,22.719298245614034,6.162280701754386,16.557017543859647
virus,2.0,vocab_choice,28.267543859649123,16.55701754385965,11.710526315789473
virus,2.0,social_dynamic,21.75438596491228,10.833333333333334,10.921052631578947
virus,2.0,motivation,20.789473684210527,8.026315789473685,12.763157894736842
virus,2.0,worldview_alignment,15.307017543859649,4.254385964912281,11.052631578947368
virus,2.5,emotional_register,40.15350877192982,3.2017543859649122,36.95175438596491
virus,2.5,vocab_choice,42.74122807017544,10.263157894736842,32.478070175438596
virus,2.5,social_dynamic,35.24122807017544,6.5131578947368425,28.728070175438596
virus,2.5,motivation,35.89912280701754,4.934210526315789,30.964912280701753
virus,2.5,worldview_alignment,30.837719298245613,2.039473684210526,28.798245614035086
visionary,1.0,emotional_register,62.60964912280702,61.425438596491226,1.1842105263157947
visionary,1.0,vocab_choice,68.57456140350877,69.78070175438596,-1.2061403508771917
visionary,1.0,social_dynamic,62.530701754385966,63.66228070175438,-1.1315789473684177
visionary,1.0,motivation,68.55701754385964,68.35526315789474,0.2017543859649038
visionary,1.0,worldview_alignment,63.42982456140351,64.09210526315789,-0.6622807017543835
visionary,1.5,emotional_register,65.0219298245614,63.07017543859649,1.9517543859649038
visionary,1.5,vocab_choice,67.34649122807018,69.03508771929825,-1.6885964912280684
visionary,1.5,social_dynamic,65.10964912280701,64.40789473684211,0.7017543859649038
visionary,1.5,motivation,71.38157894736842,72.01754385964912,-0.6359649122806985
visionary,1.5,worldview_alignment,66.92105263157895,66.89035087719299,0.03070175438595868
visionary,2.0,emotional_register,67.58771929824562,46.29385964912281,21.29385964912281
visionary,2.0,vocab_choice,65.28508771929825,48.574561403508774,16.710526315789473
visionary,2.0,social_dynamic,65.26315789473684,47.5,17.763157894736835
visionary,2.0,motivation,73.15789473684211,61.8640350877193,11.293859649122808
visionary,2.0,worldview_alignment,68.12719298245614,55.98684210526316,12.14035087719298
visionary,2.5,emotional_register,67.87280701754386,15.548245614035087,52.324561403508774
visionary,2.5,vocab_choice,61.95175438596491,15.548245614035087,46.40350877192982
visionary,2.5,social_dynamic,63.44298245614035,16.62280701754386,46.82017543859649
visionary,2.5,motivation,72.17105263157895,26.644736842105264,45.526315789473685
visionary,2.5,worldview_alignment,67.18859649122807,21.710526315789473,45.478070175438596
void,1.0,emotional_register,15.153508771929825,15.307017543859649,-0.1535087719298236
void,1.0,vocab_choice,23.969298245614034,24.780701754385966,-0.8114035087719316
void,1.0,social_dynamic,20.482456140350877,21.162280701754387,-0.6798245614035103
void,1.0,motivation,23.88157894736842,24.342105263157894,-0.46052631578947256
void,1.0,worldview_alignment,12.280701754385966,12.543859649122806,-0.2631578947368407
void,1.5,emotional_register,18.092105263157894,17.039473684210527,1.0526315789473664
void,1.5,vocab_choice,26.31578947368421,25.87719298245614,0.43859649122806843
void,1.5,social_dynamic,23.24561403508772,23.68421052631579,-0.438596491228072
void,1.5,motivation,27.19298245614035,28.79385964912281,-1.600877192982459
void,1.5,worldview_alignment,15.131578947368421,14.956140350877194,0.17543859649122773
void,2.0,emotional_register,27.017543859649123,12.587719298245615,14.429824561403509
void,2.0,vocab_choice,32.41228070175438,19.780701754385966,12.631578947368418
void,2.0,social_dynamic,30.263157894736842,19.978070175438596,10.285087719298247
void,2.0,motivation,36.68859649122807,28.44298245614035,8.24561403508772
void,2.0,worldview_alignment,23.50877192982456,13.37719298245614,10.131578947368421
void,2.5,emotional_register,45.70175438596491,7.12719298245614,38.57456140350877
void,2.5,vocab_choice,47.675438596491226,9.12280701754386,38.55263157894737
void,2.5,social_dynamic,46.95175438596491,10.350877192982455,36.60087719298245
void,2.5,motivation,51.40350877192982,18.44298245614035,32.96052631578947
void,2.5,worldview_alignment,41.86842105263158,8.675438596491228,33.192982456140356
wanderer,1.0,emotional_register,35.723684210526315,38.88157894736842,-3.1578947368421026
wanderer,1.0,vocab_choice,47.324561403508774,50.96491228070175,-3.6403508771929793
wanderer,1.0,social_dynamic,39.49561403508772,42.30263157894737,-2.8070175438596507
wanderer,1.0,motivation,43.44298245614035,46.82017543859649,-3.377192982456144
wanderer,1.0,worldview_alignment,38.31140350877193,41.33771929824562,-3.026315789473685
wanderer,1.5,emotional_register,42.280701754385966,42.56578947368421,-0.2850877192982466
wanderer,1.5,vocab_choice,51.55701754385965,53.530701754385966,-1.973684210526315
wanderer,1.5,social_dynamic,45.57017543859649,45.39473684210526,0.17543859649123306
wanderer,1.5,motivation,50.78947368421053,53.17982456140351,-2.3903508771929793
wanderer,1.5,worldview_alignment,44.73684210526316,46.75438596491228,-2.0175438596491233
wanderer,2.0,emotional_register,47.01754385964912,36.95175438596491,10.065789473684212
wanderer,2.0,vocab_choice,53.79385964912281,42.56578947368421,11.228070175438596
wanderer,2.0,social_dynamic,48.99122807017544,39.671052631578945,9.320175438596493
wanderer,2.0,motivation,56.71052631578947,51.425438596491226,5.285087719298247
wanderer,2.0,worldview_alignment,50.18859649122807,44.978070175438596,5.210526315789473
wanderer,2.5,emotional_register,54.01315789473684,15.701754385964913,38.31140350877193
wanderer,2.5,vocab_choice,56.271929824561404,14.539473684210526,41.73245614035088
wanderer,2.5,social_dynamic,54.4078947368421,17.105263157894736,37.30263157894737
wanderer,2.5,motivation,63.55263157894737,30.67982456140351,32.87280701754386
wanderer,2.5,worldview_alignment,57.78508771929825,24.05701754385965,33.728070175438596
warrior,1.0,emotional_register,17.280701754385966,17.960526315789473,-0.6798245614035068
warrior,1.0,vocab_choice,27.87280701754386,29.210526315789473,-1.337719298245613
warrior,1.0,social_dynamic,21.00877192982456,22.17105263157895,-1.162280701754387
warrior,1.0,motivation,25.57017543859649,26.403508771929825,-0.8333333333333357
warrior,1.0,worldview_alignment,18.333333333333332,19.364035087719298,-1.0307017543859658
warrior,1.5,emotional_register,21.864035087719298,19.605263157894736,2.2587719298245617
warrior,1.5,vocab_choice,29.539473684210527,31.25,-1.7105263157894726
warrior,1.5,social_dynamic,23.94736842105263,24.736842105263158,-0.7894736842105274
warrior,1.5,motivation,30.06578947368421,29.583333333333332,0.4824561403508767
warrior,1.5,worldview_alignment,22.25877192982456,22.19298245614035,0.0657894736842124
warrior,2.0,emotional_register,28.31140350877193,17.412280701754387,10.899122807017545
warrior,2.0,vocab_choice,34.03508771929825,27.894736842105264,6.140350877192983
warrior,2.0,social_dynamic,28.92543859649123,22.06140350877193,6.864035087719298
warrior,2.0,motivation,38.0921052631579,29.013157894736842,9.078947368421055
warrior,2.0,worldview_alignment,29.62719298245614,20.92105263157895,8.706140350877192
warrior,2.5,emotional_register,39.21052631578947,6.776315789473684,32.43421052631579
warrior,2.5,vocab_choice,41.18421052631579,11.842105263157896,29.34210526315789
warrior,2.5,social_dynamic,37.89473684210526,8.464912280701755,29.429824561403507
warrior,2.5,motivation,49.078947368421055,13.486842105263158,35.5921052631579
warrior,2.5,worldview_alignment,41.578947368421055,8.355263157894736,33.223684210526315
whale,1.0,emotional_register,23.68421052631579,23.859649122807017,-0.17543859649122595
whale,1.0,vocab_choice,30.986842105263158,32.521929824561404,-1.5350877192982466
whale,1.0,social_dynamic,25.0,26.31578947368421,-1.3157894736842088
whale,1.0,motivation,36.25,39.32017543859649,-3.0701754385964932
whale,1.0,worldview_alignment,24.80263157894737,25.87719298245614,-1.0745614035087705
whale,1.5,emotional_register,29.385964912280702,26.469298245614034,2.916666666666668
whale,1.5,vocab_choice,35.6140350877193,34.23245614035088,1.3815789473684248
whale,1.5,social_dynamic,29.32017543859649,28.771929824561404,0.5482456140350855
whale,1.5,motivation,40.81140350877193,43.574561403508774,-2.7631578947368425
whale,1.5,worldview_alignment,29.210526315789473,29.649122807017545,-0.438596491228072
whale,2.0,emotional_register,44.32017543859649,18.157894736842106,26.162280701754387
whale,2.0,vocab_choice,44.86842105263158,25.57017543859649,19.298245614035093
whale,2.0,social_dynamic,43.17982456140351,23.267543859649123,19.912280701754383
whale,2.0,motivation,53.88157894736842,40.175438596491226,13.706140350877192
whale,2.0,worldview_alignment,44.3421052631579,26.140350877192983,18.201754385964914
whale,2.5,emotional_register,61.60087719298246,7.434210526315789,54.16666666666667
whale,2.5,vocab_choice,59.60526315789474,9.56140350877193,50.04385964912281
whale,2.5,social_dynamic,57.98245614035088,8.706140350877194,49.276315789473685
whale,2.5,motivation,65.6359649122807,21.92982456140351,43.70614035087719
whale,2.5,worldview_alignment,58.83771929824562,12.192982456140351,46.64473684210527
widow,1.0,emotional_register,32.21491228070175,32.06140350877193,0.15350877192982182
widow,1.0,vocab_choice,45.39473684210526,48.925438596491226,-3.530701754385966
widow,1.0,social_dynamic,37.916666666666664,38.83771929824562,-0.9210526315789522
widow,1.0,motivation,37.25877192982456,37.63157894736842,-0.37280701754385603
widow,1.0,worldview_alignment,33.43421052631579,33.85964912280702,-0.42543859649123306
widow,1.5,emotional_register,40.67982456140351,37.39035087719298,3.2894736842105274
widow,1.5,vocab_choice,50.526315789473685,50.833333333333336,-0.30701754385965074
widow,1.5,social_dynamic,44.56140350877193,42.478070175438596,2.0833333333333357
widow,1.5,motivation,46.55701754385965,43.94736842105263,2.6096491228070207
widow,1.5,worldview_alignment,42.12719298245614,39.89035087719298,2.2368421052631575
widow,2.0,emotional_register,51.00877192982456,31.644736842105264,19.364035087719298
widow,2.0,vocab_choice,56.35964912280702,36.68859649122807,19.671052631578952
widow,2.0,social_dynamic,54.29824561403509,34.21052631578947,20.087719298245617
widow,2.0,motivation,57.85087719298246,42.916666666666664,14.934210526315795
widow,2.0,worldview_alignment,53.276315789473685,37.78508771929825,15.491228070175438
widow,2.5,emotional_register,60.0,16.42543859649123,43.57456140350877
widow,2.5,vocab_choice,59.276315789473685,15.87719298245614,43.39912280701755
widow,2.5,social_dynamic,60.15350877192982,16.62280701754386,43.53070175438596
widow,2.5,motivation,65.48245614035088,26.57894736842105,38.90350877192982
widow,2.5,worldview_alignment,61.23245614035088,21.535087719298247,39.69736842105263
wind,1.0,emotional_register,19.08296943231441,19.12663755458515,-0.04366812227074135
wind,1.0,vocab_choice,28.799126637554586,27.4235807860262,1.3755458515283863
wind,1.0,social_dynamic,24.978165938864628,26.943231441048034,-1.965065502183407
wind,1.0,motivation,33.624454148471614,33.930131004366814,-0.3056768558952001
wind,1.0,worldview_alignment,21.65938864628821,22.4235807860262,-0.7641921397379896
wind,1.5,emotional_register,26.768558951965066,22.663755458515283,4.104803493449783
wind,1.5,vocab_choice,32.86026200873363,31.222707423580786,1.6375545851528415
wind,1.5,social_dynamic,32.18340611353712,29.45414847161572,2.7292576419213965
wind,1.5,motivation,39.54148471615721,38.2532751091703,1.2882096069869036
wind,1.5,worldview_alignment,27.94759825327511,25.72052401746725,2.227074235807862
wind,2.0,emotional_register,37.92576419213974,21.266375545851528,16.65938864628821
wind,2.0,vocab_choice,41.81222707423581,27.94759825327511,13.864628820960696
wind,2.0,social_dynamic,41.81222707423581,29.41048034934498,12.401746724890828
wind,2.0,motivation,51.419213973799124,40.93886462882096,10.480349344978166
wind,2.0,worldview_alignment,40.633187772925766,28.689956331877728,11.943231441048038
wind,2.5,emotional_register,59.301310043668124,8.755458515283843,50.54585152838428
wind,2.5,vocab_choice,59.1703056768559,9.475982532751091,49.69432314410481
wind,2.5,social_dynamic,59.737991266375545,12.161572052401747,47.5764192139738
wind,2.5,motivation,65.52401746724891,18.973799126637555,46.55021834061135
wind,2.5,worldview_alignment,59.40174672489083,11.004366812227074,48.39737991266375
witch,1.0,emotional_register,15.921052631578947,14.12280701754386,1.7982456140350873
witch,1.0,vocab_choice,20.460526315789473,19.035087719298247,1.425438596491226
witch,1.0,social_dynamic,19.539473684210527,19.035087719298247,0.5043859649122808
witch,1.0,motivation,27.785087719298247,26.666666666666668,1.1184210526315788
witch,1.0,worldview_alignment,16.337719298245613,15.921052631578947,0.4166666666666661
witch,1.5,emotional_register,19.18859649122807,15.701754385964913,3.4868421052631557
witch,1.5,vocab_choice,21.44736842105263,20.57017543859649,0.8771929824561404
witch,1.5,social_dynamic,21.359649122807017,20.855263157894736,0.5043859649122808
witch,1.5,motivation,31.42543859649123,29.69298245614035,1.7324561403508802
witch,1.5,worldview_alignment,20.153508771929825,17.25877192982456,2.8947368421052637
witch,2.0,emotional_register,26.732456140350877,11.732456140350877,15.0
witch,2.0,vocab_choice,26.44736842105263,15.964912280701755,10.482456140350875
witch,2.0,social_dynamic,28.20175438596491,16.95175438596491,11.25
witch,2.0,motivation,39.42982456140351,28.771929824561404,10.657894736842103
witch,2.0,worldview_alignment,27.17105263157895,16.49122807017544,10.67982456140351
witch,2.5,emotional_register,39.780701754385966,4.298245614035087,35.48245614035088
witch,2.5,vocab_choice,36.425438596491226,6.074561403508772,30.350877192982452
witch,2.5,social_dynamic,38.99122807017544,6.951754385964913,32.03947368421053
witch,2.5,motivation,50.04385964912281,14.583333333333334,35.46052631578947
witch,2.5,worldview_alignment,39.91228070175438,5.956140350877193,33.95614035087719
witness,1.0,emotional_register,45.35087719298246,35.19736842105263,10.153508771929829
witness,1.0,vocab_choice,57.41228070175438,53.37719298245614,4.035087719298247
witness,1.0,social_dynamic,47.12719298245614,39.32017543859649,7.807017543859644
witness,1.0,motivation,52.01754385964912,41.68859649122807,10.328947368421055
witness,1.0,worldview_alignment,47.93859649122807,38.39912280701754,9.539473684210527
witness,1.5,emotional_register,50.98684210526316,37.324561403508774,13.662280701754383
witness,1.5,vocab_choice,59.89035087719298,54.23245614035088,5.657894736842103
witness,1.5,social_dynamic,51.20614035087719,42.10526315789474,9.100877192982452
witness,1.5,motivation,58.83771929824562,45.85526315789474,12.982456140350877
witness,1.5,worldview_alignment,54.14912280701754,41.38157894736842,12.767543859649123
witness,2.0,emotional_register,56.40350877192982,27.54385964912281,28.859649122807014
witness,2.0,vocab_choice,59.64912280701754,39.56140350877193,20.08771929824561
witness,2.0,social_dynamic,55.78947368421053,31.513157894736842,24.276315789473685
witness,2.0,motivation,64.53947368421052,40.526315789473685,24.013157894736835
witness,2.0,worldview_alignment,59.671052631578945,35.416666666666664,24.25438596491228
witness,2.5,emotional_register,61.973684210526315,9.671052631578947,52.30263157894737
witness,2.5,vocab_choice,60.89912280701754,15.175438596491228,45.723684210526315
witness,2.5,social_dynamic,59.53947368421053,12.017543859649123,47.521929824561404
witness,2.5,motivation,68.7719298245614,19.364035087719298,49.407894736842096
witness,2.5,worldview_alignment,64.00438596491227,15.043859649122806,48.960526315789465
workaholic,1.0,emotional_register,45.08771929824562,40.70175438596491,4.385964912280706
workaholic,1.0,vocab_choice,58.94736842105263,58.530701754385966,0.4166666666666643
workaholic,1.0,social_dynamic,47.40350877192982,43.70614035087719,3.69736842105263
workaholic,1.0,motivation,47.20175438596491,41.973684210526315,5.228070175438596
workaholic,1.0,worldview_alignment,44.91228070175438,40.6578947368421,4.254385964912281
workaholic,1.5,emotional_register,50.219298245614034,44.166666666666664,6.05263157894737
workaholic,1.5,vocab_choice,60.74561403508772,59.01315789473684,1.7324561403508767
workaholic,1.5,social_dynamic,50.94298245614035,47.171052631578945,3.771929824561404
workaholic,1.5,motivation,53.0921052631579,46.8859649122807,6.206140350877199
workaholic,1.5,worldview_alignment,50.723684210526315,44.86842105263158,5.855263157894733
workaholic,2.0,emotional_register,56.31578947368421,31.140350877192983,25.17543859649123
workaholic,2.0,vocab_choice,63.61842105263158,41.99561403508772,21.622807017543863
workaholic,2.0,social_dynamic,55.70175438596491,33.88157894736842,21.820175438596493
workaholic,2.0,motivation,60.71491228070175,41.33771929824562,19.377192982456137
workaholic,2.0,worldview_alignment,57.28947368421053,38.223684210526315,19.065789473684212
workaholic,2.5,emotional_register,60.81140350877193,13.837719298245615,46.973684210526315
workaholic,2.5,vocab_choice,62.56578947368421,19.407894736842106,43.15789473684211
workaholic,2.5,social_dynamic,59.3640350877193,16.29385964912281,43.07017543859649
workaholic,2.5,motivation,66.84210526315789,24.605263157894736,42.23684210526315
workaholic,2.5,worldview_alignment,63.530701754385966,20.526315789473685,43.00438596491228
wraith,1.0,emotional_register,11.18421052631579,10.701754385964913,0.4824561403508767
wraith,1.0,vocab_choice,21.62280701754386,21.403508771929825,0.21929824561403422
wraith,1.0,social_dynamic,17.346491228070175,17.19298245614035,0.15350877192982537
wraith,1.0,motivation,22.280701754385966,22.236842105263158,0.043859649122808264
wraith,1.0,worldview_alignment,12.302631578947368,11.644736842105264,0.6578947368421044
wraith,1.5,emotional_register,14.25438596491228,11.75438596491228,2.5
wraith,1.5,vocab_choice,23.640350877192983,22.390350877192983,1.25
wraith,1.5,social_dynamic,19.846491228070175,18.57456140350877,1.2719298245614041
wraith,1.5,motivation,25.614035087719298,23.92543859649123,1.6885964912280684
wraith,1.5,worldview_alignment,15.679824561403509,12.982456140350877,2.697368421052632
wraith,2.0,emotional_register,20.37280701754386,10.986842105263158,9.385964912280702
wraith,2.0,vocab_choice,27.67543859649123,19.912280701754387,7.7631578947368425
wraith,2.0,social_dynamic,25.43859649122807,17.30263157894737,8.135964912280699
wraith,2.0,motivation,32.93859649122807,24.93421052631579,8.004385964912277
wraith,2.0,worldview_alignment,21.666666666666668,13.81578947368421,7.850877192982457
wraith,2.5,emotional_register,32.828947368421055,4.166666666666667,28.662280701754387
wraith,2.5,vocab_choice,37.60964912280702,8.135964912280702,29.47368421052632
wraith,2.5,social_dynamic,34.91228070175438,6.885964912280702,28.02631578947368
wraith,2.5,motivation,43.55263157894737,11.513157894736842,32.03947368421053
wraith,2.5,worldview_alignment,33.728070175438596,5.0,28.728070175438596
writer,1.0,emotional_register,44.473684210526315,38.35526315789474,6.118421052631575
writer,1.0,vocab_choice,57.34649122807018,53.31140350877193,4.035087719298247
writer,1.0,social_dynamic,49.84649122807018,46.8640350877193,2.9824561403508767
writer,1.0,motivation,54.42982456140351,48.94736842105263,5.482456140350877
writer,1.0,worldview_alignment,48.85964912280702,44.03508771929825,4.824561403508774
writer,1.5,emotional_register,48.46491228070175,36.973684210526315,11.491228070175438
writer,1.5,vocab_choice,58.17982456140351,52.171052631578945,6.008771929824562
writer,1.5,social_dynamic,53.55263157894737,46.14035087719298,7.412280701754391
writer,1.5,motivation,58.99122807017544,50.26315789473684,8.728070175438596
writer,1.5,worldview_alignment,53.80701754385965,44.4078947368421,9.399122807017548
writer,2.0,emotional_register,55.46052631578947,23.859649122807017,31.600877192982455
writer,2.0,vocab_choice,60.50438596491228,34.276315789473685,26.228070175438596
writer,2.0,social_dynamic,58.44298245614035,32.719298245614034,25.723684210526315
writer,2.0,motivation,64.3640350877193,41.09649122807018,23.267543859649123
writer,2.0,worldview_alignment,59.90350877192982,34.51754385964912,25.3859649122807
writer,2.5,emotional_register,63.83771929824562,10.241228070175438,53.59649122807018
writer,2.5,vocab_choice,63.969298245614034,13.00438596491228,50.96491228070175
writer,2.5,social_dynamic,64.07894736842105,15.109649122807017,48.96929824561404
writer,2.5,motivation,71.71052631578948,20.92105263157895,50.789473684210535
writer,2.5,worldview_alignment,66.98684210526316,15.416666666666666,51.5701754385965
zealot,1.0,emotional_register,18.31140350877193,15.81140350877193,2.5000000000000018
zealot,1.0,vocab_choice,36.05263157894737,37.58771929824562,-1.5350877192982466
zealot,1.0,social_dynamic,27.19298245614035,25.32894736842105,1.864035087719298
zealot,1.0,motivation,20.285087719298247,18.530701754385966,1.7543859649122808
zealot,1.0,worldview_alignment,16.18421052631579,14.824561403508772,1.3596491228070189
zealot,1.5,emotional_register,25.153508771929825,18.70614035087719,6.447368421052634
zealot,1.5,vocab_choice,38.64035087719298,39.71491228070175,-1.074561403508774
zealot,1.5,social_dynamic,31.68859649122807,28.333333333333332,3.3552631578947363
zealot,1.5,motivation,27.82894736842105,22.80701754385965,5.021929824561401
zealot,1.5,worldview_alignment,22.894736842105264,18.24561403508772,4.6491228070175445
zealot,2.0,emotional_register,33.90350877192982,17.06140350877193,16.84210526315789
zealot,2.0,vocab_choice,43.46491228070175,34.73684210526316,8.728070175438596
zealot,2.0,social_dynamic,38.026315789473685,25.74561403508772,12.280701754385966
zealot,2.0,motivation,36.14035087719298,23.399122807017545,12.741228070175435
zealot,2.0,worldview_alignment,31.00877192982456,19.144736842105264,11.864035087719298
zealot,2.5,emotional_register,46.20614035087719,6.666666666666667,39.53947368421053
zealot,2.5,vocab_choice,50.35087719298246,15.285087719298245,35.06578947368421
zealot,2.5,social_dynamic,46.425438596491226,10.328947368421053,36.09649122807017
zealot,2.5,motivation,48.333333333333336,11.710526315789474,36.62280701754386
zealot,2.5,worldview_alignment,42.45614035087719,8.026315789473685,34.42982456140351
zeitgeist,1.0,emotional_register,64.60526315789474,60.54824561403509,4.057017543859651
zeitgeist,1.0,vocab_choice,67.76315789473684,68.0701754385965,-0.30701754385965785
zeitgeist,1.0,social_dynamic,63.90350877192982,61.60087719298246,2.302631578947363
zeitgeist,1.0,motivation,74.62719298245614,72.91666666666667,1.7105263157894655
zeitgeist,1.0,worldview_alignment,68.80701754385964,66.99122807017544,1.8157894736842053
zeitgeist,1.5,emotional_register,66.95175438596492,61.18421052631579,5.76754385964913
zeitgeist,1.5,vocab_choice,67.03947368421052,65.92105263157895,1.1184210526315752
zeitgeist,1.5,social_dynamic,64.78070175438596,62.083333333333336,2.697368421052623
zeitgeist,1.5,motivation,76.46929824561404,74.60526315789474,1.8640350877193015
zeitgeist,1.5,worldview_alignment,70.48684210526316,68.09210526315789,2.3947368421052744
zeitgeist,2.0,emotional_register,69.80263157894737,46.578947368421055,23.223684210526315
zeitgeist,2.0,vocab_choice,65.46052631578948,48.17982456140351,17.280701754385973
zeitgeist,2.0,social_dynamic,66.66666666666667,47.36842105263158,19.29824561403509
zeitgeist,2.0,motivation,77.82894736842105,66.09649122807018,11.732456140350877
zeitgeist,2.0,worldview_alignment,72.40350877192982,59.31140350877193,13.09210526315789
zeitgeist,2.5,emotional_register,67.12719298245614,17.017543859649123,50.109649122807014
zeitgeist,2.5,vocab_choice,60.39473684210526,15.394736842105264,45.0
zeitgeist,2.5,social_dynamic,62.5,17.93859649122807,44.56140350877193
zeitgeist,2.5,motivation,73.66228070175438,31.07456140350877,42.58771929824562
zeitgeist,2.5,worldview_alignment,68.79385964912281,24.86842105263158,43.92543859649123
